식품명,총개수,유효개수,제거개수,대표행 필터통과
__GLOBAL__,14584,12083,2501,
커피_아메리카노 아이스(ICED),16,4,12,TRUE
커피_아메리카노 핫(HOT),16,4,12,TRUE
에이드_레몬 에이드,12,0,12,FALSE
에이드_자몽 에이드,14,3,11,TRUE
에이드_청포도 에이드,10,1,9,FALSE
샌드위치_크로크무슈,12,4,8,TRUE
커피_카푸치노 핫(HOT),12,4,8,FALSE
커피_카페모카 아이스(ICED),18,11,7,FALSE
과ㆍ채주스_딸기 주스,10,3,7,FALSE
라떼_고구마 라떼 핫(HOT),10,3,7,FALSE
자몽차_자몽티 아이스(ICED),8,1,7,TRUE
자몽차_자몽티 핫(HOT),8,1,7,FALSE
레몬차_레몬티 아이스(ICED),7,0,7,FALSE
레몬차_레몬티 핫(HOT),7,0,7,FALSE
무말랭이무침,7,0,7,FALSE
아이스티_복숭아 아이스티,7,0,7,FALSE
허브차_캐모마일 핫(HOT),7,0,7,FALSE
커피_카페 라떼 핫(HOT),18,12,6,TRUE
커피_카페모카 핫(HOT),16,10,6,FALSE
피자_불고기 피자 (L),13,7,6,FALSE
커피_바닐라 라떼 핫(HOT),12,6,6,FALSE
피자_고구마 피자 (L),11,5,6,FALSE
스무디_블루베리 요거트 스무디,9,3,6,TRUE
상추 겉절이,8,2,6,FALSE
배추 겉절이,7,1,6,FALSE
가자미구이,6,0,6,FALSE
갈치구이_기름,6,0,6,FALSE
감자국,6,0,6,FALSE
곰탕,6,0,6,FALSE
김말이튀김,6,0,6,FALSE
깻잎찜,6,0,6,FALSE
달걀국,6,0,6,FALSE
무국_소고기,6,0,6,FALSE
미역줄기볶음,6,0,6,FALSE
볶음밥_새우,6,0,6,FALSE
소시지볶음,6,0,6,FALSE
순대국,6,0,6,FALSE
에이드_블루레몬 에이드,6,0,6,FALSE
연근조림,6,0,6,FALSE
오징어볶음,6,0,6,FALSE
추어탕,6,0,6,FALSE
커피_에스프레소,6,0,6,FALSE
파무침,6,0,6,FALSE
함박스테이크,6,0,6,FALSE
허브차_캐모마일 아이스(ICED),6,0,6,FALSE
허브차_페퍼민트 아이스(ICED),6,0,6,FALSE
홍차_얼그레이 핫(HOT),6,0,6,FALSE
라떼_고구마 라떼 아이스(ICED),11,6,5,TRUE
피자_야채 피자 (L),8,3,5,TRUE
스무디_딸기 요거트 스무디,7,2,5,FALSE
청포묵 무침,7,2,5,FALSE
깻잎나물,6,1,5,FALSE
두부부침,6,1,5,FALSE
부대찌개,6,1,5,FALSE
스크램블드에그,6,1,5,FALSE
자장면,6,1,5,FALSE
홍차_얼그레이 아이스(ICED),6,1,5,FALSE
가자미조림,5,0,5,FALSE
가지전,5,0,5,FALSE
갈비탕,5,0,5,FALSE
감자볶음,5,0,5,FALSE
감자탕,5,0,5,FALSE
감자튀김,5,0,5,FALSE
건새우볶음,5,0,5,FALSE
기장밥,5,0,5,FALSE
김치국_콩나물,5,0,5,FALSE
김치볶음,5,0,5,FALSE
김치볶음_참치,5,0,5,FALSE
김치찌개,5,0,5,FALSE
김치찌개_참치,5,0,5,FALSE
낙지볶음,5,0,5,FALSE
노각무침,5,0,5,FALSE
달래무침,5,0,5,FALSE
닭구이,5,0,5,FALSE
닭죽,5,0,5,FALSE
닭튀김,5,0,5,FALSE
닭튀김_양념,5,0,5,FALSE
동태국,5,0,5,FALSE
동태찌개,5,0,5,FALSE
돼지고기볶음_김치,5,0,5,FALSE
두부전,5,0,5,FALSE
라면,5,0,5,FALSE
멸치볶음_견과류,5,0,5,FALSE
멸치조림,5,0,5,FALSE
무조림,5,0,5,FALSE
미역국,5,0,5,FALSE
미트볼조림,5,0,5,FALSE
버섯찌개,5,0,5,FALSE
보리밥,5,0,5,FALSE
볶음밥_계란,5,0,5,FALSE
볶음밥_채소,5,0,5,FALSE
볶음밥_해물,5,0,5,FALSE
부추김치,5,0,5,FALSE
비빔국수,5,0,5,FALSE
삼치구이,5,0,5,FALSE
삼치조림,5,0,5,FALSE
소불고기,5,0,5,FALSE
숙주나물,5,0,5,FALSE
순대볶음,5,0,5,FALSE
아귀찜,5,0,5,FALSE
알밥,5,0,5,FALSE
애호박전,5,0,5,FALSE
어묵볶음,5,0,5,FALSE
에이드_레몬 에이드 (L),5,0,5,FALSE
에이드_자몽 에이드 (L),5,0,5,FALSE
연어구이,5,0,5,FALSE
열무나물_된장,5,0,5,FALSE
영양돌솥밥,5,0,5,FALSE
오리탕,5,0,5,FALSE
오이김치,5,0,5,FALSE
오이지무침,5,0,5,FALSE
오징어채무침,5,0,5,FALSE
오징어채볶음,5,0,5,FALSE
우엉조림,5,0,5,FALSE
육개장_닭고기,5,0,5,FALSE
임연수구이,5,0,5,FALSE
잔멸치볶음_견과류,5,0,5,FALSE
잔멸치볶음_풋고추,5,0,5,FALSE
조기구이,5,0,5,FALSE
쥐포조림,5,0,5,FALSE
차조밥,5,0,5,FALSE
참나물,5,0,5,FALSE
커피_아인슈페너 아이스(ICED),5,0,5,FALSE
커피_콜드브루,5,0,5,FALSE
코다리찜,5,0,5,FALSE
콩국수,5,0,5,FALSE
햄부침,5,0,5,FALSE
허브차_페퍼민트,5,0,5,FALSE
호박죽,5,0,5,FALSE
피자_페퍼로니 피자 (L),13,9,4,TRUE
커피_바닐라 라떼 아이스(ICED),11,7,4,TRUE
커피_카페 라떼 핫(HOT) (L),8,4,4,TRUE
피자_고르곤졸라 피자 (L),8,4,4,TRUE
피자_하와이안 피자 (L),8,4,4,TRUE
커피_카라멜마끼아또 핫(HOT),7,3,4,TRUE
고구마줄기나물,6,2,4,FALSE
김치찌개_햄,6,2,4,FALSE
도라지생채,6,2,4,FALSE
라떼_그린티 라떼 핫(HOT),6,2,4,TRUE
마카롱_바닐라 마카롱,6,2,4,FALSE
비빔밥,6,2,4,FALSE
커피_아메리카노 아이스(ICED) (L),6,2,4,FALSE
커피_아메리카노 핫(HOT) (L),6,2,4,FALSE
감자전,5,1,4,FALSE
감자조림,5,1,4,FALSE
고구마맛탕,5,1,4,FALSE
김밥_채소,5,1,4,FALSE
꽃게탕,5,1,4,FALSE
단무지무침,5,1,4,FALSE
닭곰탕,5,1,4,FALSE
동태전,5,1,4,TRUE
된장국_시래기,5,1,4,FALSE
마카롱_딸기 마카롱,5,1,4,FALSE
버섯전,5,1,4,FALSE
삼계탕,5,1,4,FALSE
수수밥,5,1,4,FALSE
어묵볶음_채소,5,1,4,FALSE
오므라이스,5,1,4,FALSE
잡채밥,5,1,4,FALSE
취나물_된장,5,1,4,FALSE
커피_아메리카노 아이스(ICED) (R),5,1,4,FALSE
커피_아포가토,5,1,4,FALSE
콘치즈구이,5,1,4,FALSE
허브차_캐모마일,5,1,4,TRUE
가자미튀김,4,0,4,FALSE
감자구이,4,0,4,FALSE
강낭콩밥,4,0,4,FALSE
고사리나물,4,0,4,FALSE
고춧잎나물,4,0,4,FALSE
과ㆍ채주스_망고 주스,4,0,4,FALSE
과일샐러드,4,0,4,FALSE
김밥_소고기,4,0,4,FALSE
김치볶음_돼지고기,4,0,4,FALSE
김치찌개_꽁치,4,0,4,FALSE
김치찜_돼지고기,4,0,4,FALSE
깐풍기,4,0,4,FALSE
깻잎전,4,0,4,FALSE
꼬치구이_닭고기,4,0,4,FALSE
닭강정,4,0,4,FALSE
닭고기육개장,4,0,4,FALSE
닭날개구이,4,0,4,FALSE
닭다리구이,4,0,4,FALSE
더덕무침,4,0,4,FALSE
도라지나물,4,0,4,FALSE
돈가스,4,0,4,FALSE
돼지고기 스테이크,4,0,4,FALSE
된장국_아욱,4,0,4,FALSE
두부국,4,0,4,FALSE
떡볶이_소고기,4,0,4,FALSE
떡산적_소고기,4,0,4,FALSE
마늘쫑무침,4,0,4,FALSE
마카롱_초코 마카롱,4,0,4,FALSE
멸치볶음,4,0,4,FALSE
무나물,4,0,4,FALSE
배추 된장국,4,0,4,FALSE
배추전,4,0,4,FALSE
버섯전골,4,0,4,FALSE
볶음 우동,4,0,4,FALSE
볶음밥_김치_돼지고기,4,0,4,FALSE
볶음밥_소고기,4,0,4,FALSE
부추무침,4,0,4,FALSE
부추무침_양파,4,0,4,FALSE
부추전,4,0,4,FALSE
북어강정,4,0,4,FALSE
불낙전골,4,0,4,FALSE
사골국,4,0,4,FALSE
새우 탕수,4,0,4,FALSE
소고기 장조림,4,0,4,FALSE
소고기버섯죽,4,0,4,FALSE
소고기볶음_고추장,4,0,4,FALSE
소고기채소볶음,4,0,4,FALSE
소등심 스테이크,4,0,4,FALSE
소등심구이,4,0,4,FALSE
스무디_밀크 쉐이크,4,0,4,FALSE
시금치나물,4,0,4,FALSE
시래기 된장국,4,0,4,FALSE
애호박찜,4,0,4,FALSE
양상추 샐러드,4,0,4,FALSE
에이드_청포도 에이드 (L),4,0,4,FALSE
오리고기로스,4,0,4,FALSE
오리불고기,4,0,4,FALSE
오이생채_부추,4,0,4,FALSE
오징어탕수,4,0,4,FALSE
오징어튀김,4,0,4,FALSE
옥수수밥,4,0,4,FALSE
완자전,4,0,4,FALSE
우엉볶음,4,0,4,FALSE
육개장_소고기,4,0,4,FALSE
임연수튀김,4,0,4,FALSE
잔멸치볶음,4,0,4,FALSE
장국국수,4,0,4,FALSE
전복죽,4,0,4,FALSE
제육볶음,4,0,4,FALSE
채소죽,4,0,4,FALSE
채소튀김,4,0,4,FALSE
치커리 겉절이,4,0,4,FALSE
치킨데리야끼,4,0,4,FALSE
카레라이스_돼지고기,4,0,4,FALSE
커피_카라멜 마끼아또 핫(HOT),4,0,4,FALSE
콩나물잡채,4,0,4,FALSE
콩비지찌개,4,0,4,FALSE
토란국,4,0,4,FALSE
피자,4,0,4,FALSE
피자_갈릭쉬림프 피자 (L),4,0,4,FALSE
해물 완자전,4,0,4,FALSE
햄구이,4,0,4,FALSE
햄채소볶음,4,0,4,FALSE
혼합잡곡밥,4,0,4,FALSE
홍합 미역국,4,0,4,FALSE
흑미밥,4,0,4,FALSE
커피_카페 라떼 아이스(ICED),18,15,3,TRUE
베이글_어니언 베이글,12,9,3,TRUE
베이글_블루베리 베이글,10,7,3,TRUE
라떼_녹차 라떼 핫(HOT),7,4,3,TRUE
라떼_토피넛 라떼 아이스(ICED),7,4,3,TRUE
라떼_토피넛 라떼 핫(HOT),7,4,3,TRUE
커피_카라멜마끼아또 아이스(ICED),7,4,3,TRUE
피자_고르곤졸라 피자,7,4,3,FALSE
닭볶음(닭갈비),6,3,3,FALSE
스무디_플레인 요거트 스무디,6,3,3,FALSE
와플_플레인 크로플,6,3,3,TRUE
채소전,6,3,3,FALSE
커피_바닐라 라떼 아이스(ICED) (L),6,3,3,TRUE
허니브레드_허니브레드,6,3,3,TRUE
가지나물,5,2,3,TRUE
고구마튀김,5,2,3,FALSE
김밥_참치,5,2,3,FALSE
달걀말이_채소,5,2,3,FALSE
닭조림,5,2,3,FALSE
된장국_시금치,5,2,3,FALSE
두부조림,5,2,3,FALSE
떡만두국,5,2,3,FALSE
미소된장국,5,2,3,FALSE
배추나물,5,2,3,FALSE
생선까스,5,2,3,FALSE
순대,5,2,3,FALSE
오징어무침_채소,5,2,3,FALSE
와플_아이스크림 크로플,5,2,3,FALSE
유채나물,5,2,3,FALSE
쫄면,5,2,3,FALSE
커피_돌체 라떼 핫(HOT),5,2,3,FALSE
커피_아메리카노 핫(HOT) (R),5,2,3,FALSE
팥죽,5,2,3,TRUE
피자_베이컨포테이토 피자 (L),5,2,3,FALSE
갈치구이,4,1,3,FALSE
감자볶음_채소,4,1,3,FALSE
과ㆍ채주스_수박 주스,4,1,3,FALSE
과ㆍ채주스_키위 주스,4,1,3,FALSE
국수_열무김치,4,1,3,FALSE
김치국,4,1,3,FALSE
김치만두,4,1,3,FALSE
김치전,4,1,3,FALSE
김치찌개_돼지고기,4,1,3,FALSE
닭도리탕,4,1,3,TRUE
닭찜_간장,4,1,3,FALSE
돌나물무침,4,1,3,FALSE
돼지고기볶음_돼지고기_오징어,4,1,3,FALSE
돼지사태찜,4,1,3,FALSE
된장국_얼갈이배추,4,1,3,FALSE
라떼_딸기 라떼,4,1,3,FALSE
만두국_고기만두,4,1,3,FALSE
무생채,4,1,3,FALSE
미역국_소고기,4,1,3,FALSE
북어국_콩나물,4,1,3,FALSE
소갈비찜,4,1,3,FALSE
스무디_자바칩 프라페,4,1,3,FALSE
스파게티,4,1,3,TRUE
어묵국,4,1,3,TRUE
에이드_깔라만시 에이드,4,1,3,FALSE
오징어조림,4,1,3,FALSE
와플_플레인 와플,4,1,3,TRUE
제육볶음_오징어,4,1,3,FALSE
짜장면,4,1,3,FALSE
커피_바닐라 라떼 아이스(ICED) (R),4,1,3,TRUE
커피_아메리카노,4,1,3,FALSE
피자_포테이토 피자,4,1,3,FALSE
해물볶음,4,1,3,TRUE
간자장,3,0,3,FALSE
감바스_간편조리세트_감바스 알 아히요,3,0,3,FALSE
고들빼기김치,3,0,3,FALSE
고등어찌개,3,0,3,FALSE
고등어튀김,3,0,3,FALSE
고추잡채,3,0,3,FALSE
고추장볶음,3,0,3,FALSE
고추조림,3,0,3,FALSE
골뱅이무침,3,0,3,FALSE
굴비구이,3,0,3,FALSE
김밥,3,0,3,FALSE
김부각,3,0,3,FALSE
깍두기,3,0,3,FALSE
꼬막찜,3,0,3,FALSE
꽁치구이,3,0,3,FALSE
꽁치조림,3,0,3,FALSE
꽈리고추볶음_잔멸치,3,0,3,FALSE
꽈리고추찜,3,0,3,FALSE
낙지무침,3,0,3,FALSE
냉면_물냉면,3,0,3,FALSE
녹차_녹차 아이스(ICED),3,0,3,FALSE
녹차_녹차 핫(HOT),3,0,3,FALSE
느타리버섯볶음,3,0,3,FALSE
다시마튀각,3,0,3,FALSE
닭찜,3,0,3,FALSE
대구 매운탕,3,0,3,FALSE
더덕구이,3,0,3,FALSE
동태조림,3,0,3,FALSE
돼지갈비구이_간장,3,0,3,FALSE
돼지고기볶음_짜장,3,0,3,FALSE
된장찌개_달래,3,0,3,FALSE
된장찌개_바지락,3,0,3,FALSE
두부 청국장찌개_김치,3,0,3,FALSE
두부냉채,3,0,3,FALSE
떡국_소고기,3,0,3,FALSE
라떼_민트초코 라떼 핫(HOT),3,0,3,FALSE
라떼_밀크티 라떼 아이스(ICED),3,0,3,FALSE
라조기,3,0,3,FALSE
막국수,3,0,3,FALSE
멕시컨샐러드,3,0,3,FALSE
미나리 초무침,3,0,3,FALSE
미나리무침,3,0,3,FALSE
미역 오이무침,3,0,3,FALSE
밀크티/버블티_블랙 밀크티 아이스(ICED) (L),3,0,3,FALSE
밀크티/버블티_블랙 밀크티 핫(HOT) (L),3,0,3,FALSE
밀크티/버블티_얼그레이 밀크티 아이스(ICED),3,0,3,FALSE
밀크티/버블티_타로 버블티,3,0,3,FALSE
북어국_무_두부,3,0,3,FALSE
삶은 땅콩 조림,3,0,3,FALSE
새우전,3,0,3,FALSE
새우젓국,3,0,3,FALSE
설렁탕,3,0,3,FALSE
세발낙지볶음,3,0,3,FALSE
소고기전골,3,0,3,FALSE
스무디_망고 스무디,3,0,3,FALSE
스무디_애플망고 스무디,3,0,3,FALSE
쑥 된장국,3,0,3,FALSE
아이스크림_초코 아이스크림,3,0,3,FALSE
아이스티_아이스티,3,0,3,FALSE
양미리조림,3,0,3,FALSE
양장피,3,0,3,FALSE
양파볶음,3,0,3,FALSE
오믈렛,3,0,3,FALSE
오이냉국,3,0,3,FALSE
오이무침,3,0,3,FALSE
오이소박이,3,0,3,FALSE
오이장아찌,3,0,3,FALSE
우럭구이,3,0,3,FALSE
유산슬,3,0,3,FALSE
잔멸치볶음_꽈리고추,3,0,3,FALSE
장어매운탕,3,0,3,FALSE
제육(돼지고기 수육),3,0,3,FALSE
조기찜,3,0,3,FALSE
찰밥,3,0,3,FALSE
취나물무침,3,0,3,FALSE
칼국수_닭고기,3,0,3,FALSE
커피_디카페인 아메리카노 아이스(ICED),3,0,3,FALSE
커피_디카페인 아메리카노 핫(HOT),3,0,3,FALSE
커피_아인슈페너 핫(HOT),3,0,3,FALSE
커피_카라멜 마끼아또 아이스(ICED) (L),3,0,3,FALSE
커피_카페모카,3,0,3,FALSE
커피_카푸치노 아이스(ICED) (L),3,0,3,FALSE
콩나물국,3,0,3,FALSE
콩나물무침_고춧가루,3,0,3,FALSE
콩나물무침_소금,3,0,3,FALSE
파래무침_무,3,0,3,FALSE
팔보채,3,0,3,FALSE
팥빵_호두과자,3,0,3,FALSE
풋마늘무침,3,0,3,FALSE
피자_치즈 피자,3,0,3,FALSE
피자_핫치킨쉬림프 피자 (L),3,0,3,FALSE
홍차_얼그레이,3,0,3,FALSE
홍합 무국,3,0,3,FALSE
베이글_플레인 베이글,15,13,2,TRUE
피자_치즈 피자 (L),14,12,2,TRUE
커피_카푸치노 아이스(ICED),10,8,2,TRUE
피자_콤비네이션 피자 (L),10,8,2,TRUE
커피_카페 라떼 아이스(ICED) (L),9,7,2,TRUE
라떼_초코 라떼 아이스(ICED),7,5,2,TRUE
라떼_초코 라떼 핫(HOT),7,5,2,TRUE
커피_카페 라떼 아이스(ICED) (R),7,5,2,TRUE
커피_카페 라떼 핫(HOT) (R),7,5,2,TRUE
라떼_그린티 라떼 아이스(ICED),6,4,2,TRUE
커피_카페모카 아이스(ICED) (L),6,4,2,TRUE
피자_불고기 피자,6,4,2,TRUE
피자_콤비네이션 피자,6,4,2,TRUE
깻잎김치,5,3,2,TRUE
녹두빈대떡,5,3,2,FALSE
라떼_고구마 라떼 아이스(ICED) (L),5,3,2,TRUE
라떼_고구마 라떼 핫(HOT) (L),5,3,2,TRUE
맛살전,5,3,2,FALSE
오징어국,5,3,2,FALSE
짬뽕,5,3,2,FALSE
참치죽,5,3,2,FALSE
커피_돌체 라떼 아이스(ICED),5,3,2,FALSE
커피_바닐라 라떼 핫(HOT) (L),5,3,2,TRUE
커피_카페모카 핫(HOT) (L),5,3,2,TRUE
커피_콜드브루 라떼,5,3,2,FALSE
커피_헤이즐넛 라떼 아이스(ICED),5,3,2,TRUE
피자_페퍼로니 피자,5,3,2,TRUE
피자_핫치킨 피자 (L),5,3,2,FALSE
갈치찌개,4,2,2,FALSE
고등어구이,4,2,2,FALSE
고등어구이_기름,4,2,2,FALSE
고등어조림_배추김치,4,2,2,TRUE
고추튀김,4,2,2,FALSE
김치찌개_돼지고기_두부,4,2,2,FALSE
다시마무침,4,2,2,FALSE
달걀말이,4,2,2,FALSE
달걀부침(달걀후라이),4,2,2,FALSE
달걀찜_새우젓,4,2,2,FALSE
대구지리,4,2,2,FALSE
돼지갈비구이,4,2,2,TRUE
돼지고기볶음_돼지고기_채소,4,2,2,FALSE
돼지불고기_고추장,4,2,2,FALSE
땅콩조림,4,2,2,FALSE
머핀_블루베리 머핀,4,2,2,TRUE
모밀국수,4,2,2,FALSE
묵밥,4,2,2,FALSE
배추 된장국_소고기,4,2,2,FALSE
소고기볶음_버섯,4,2,2,FALSE
스무디_딸기 스무디,4,2,2,FALSE
아욱 된장국,4,2,2,FALSE
어묵 우동,4,2,2,FALSE
얼갈이 겉절이,4,2,2,TRUE
얼갈이 된장국,4,2,2,FALSE
오징어찌개,4,2,2,FALSE
와플_생크림 와플,4,2,2,FALSE
우동,4,2,2,FALSE
커피_연유 라떼 핫(HOT),4,2,2,FALSE
커피_카라멜 마끼아또 아이스(ICED),4,2,2,FALSE
커피_카페모카 아이스(ICED) (R),4,2,2,FALSE
커피_콜드브루 아이스(ICED),4,2,2,FALSE
코다리조림_무,4,2,2,TRUE
탕수육,4,2,2,FALSE
팥밥,4,2,2,FALSE
피자_슈퍼슈프림 피자 (L),4,2,2,FALSE
호박전,4,2,2,FALSE
갈치조림_무,3,1,2,FALSE
과ㆍ채주스_키위 주스 (R),3,1,2,FALSE
국수,3,1,2,TRUE
굴전,3,1,2,TRUE
달걀 샐러드,3,1,2,FALSE
돌나물,3,1,2,FALSE
된장국_미역,3,1,2,FALSE
두부 달걀찜,3,1,2,FALSE
떡볶이_간장,3,1,2,FALSE
라떼_민트초코 라떼 아이스(ICED),3,1,2,FALSE
라떼_초코 라떼 아이스(ICED) (L),3,1,2,TRUE
라떼_초코 라떼 핫(HOT) (L),3,1,2,TRUE
레몬차_레몬티,3,1,2,TRUE
마늘쫑볶음_건새우,3,1,2,FALSE
마카롱_블루베리 마카롱,3,1,2,FALSE
마카롱_산딸기 마카롱,3,1,2,FALSE
무생채_굴,3,1,2,FALSE
미역초무침,3,1,2,FALSE
밀크티/버블티_얼그레이 밀크티 핫(HOT),3,1,2,FALSE
밀푀유나베_간편조리세트_밀푀유나베,3,1,2,FALSE
볶음밥_참치_김치,3,1,2,FALSE
볶음밥_햄,3,1,2,TRUE
비빔밥_참치_양념장,3,1,2,FALSE
빙수_망고 빙수,3,1,2,FALSE
선짓국,3,1,2,FALSE
소고기 미역국,3,1,2,FALSE
숙주나물_숙주,3,1,2,FALSE
스무디_딸기 쉐이크,3,1,2,FALSE
스무디_망고 요거트 스무디,3,1,2,FALSE
스콘_플레인 스콘,3,1,2,TRUE
오리백숙,3,1,2,FALSE
오이생채_오이_부추,3,1,2,FALSE
와플_아이스크림 와플,3,1,2,TRUE
와플_티라미수 와플,3,1,2,FALSE
유자차_유자차,3,1,2,FALSE
유자차_유자차 아이스(ICED) (L),3,1,2,FALSE
자몽차_자몽차,3,1,2,FALSE
자몽차_자몽차 아이스(ICED) (L),3,1,2,FALSE
잔멸치볶음_잔멸치_견과류,3,1,2,FALSE
잡곡밥,3,1,2,FALSE
잡채_소고기,3,1,2,FALSE
짬뽕밥,3,1,2,TRUE
칼국수_바지락,3,1,2,FALSE
커피_바닐라 카페 라떼 아이스(ICED),3,1,2,TRUE
커피_카라멜 마끼아또 핫(HOT) (L),3,1,2,FALSE
커피_헤이즐넛 라떼 아이스(ICED) (L),3,1,2,FALSE
케이크_떠먹는 티라미수 케이크,3,1,2,FALSE
케이크_바스크치즈 케이크,3,1,2,FALSE
콩나물밥_소고기,3,1,2,FALSE
크로플_누텔라 크로플,3,1,2,FALSE
크로플_플레인 크로플,3,1,2,TRUE
파전,3,1,2,TRUE
피자_파인애플 피자 (L),3,1,2,FALSE
하이라이스,3,1,2,FALSE
해물파전,3,1,2,FALSE
가래떡,2,0,2,FALSE
가오리찜,2,0,2,FALSE
갈비구이_소고기,2,0,2,FALSE
갈비찜_소고기,2,0,2,FALSE
게조림,2,0,2,FALSE
경단_깨,2,0,2,FALSE
고추장찌개_두부,2,0,2,FALSE
고추조림_멸치,2,0,2,FALSE
골뱅이무침_소면,2,0,2,FALSE
곱창볶음_돼지고기,2,0,2,FALSE
과ㆍ채주스_딸기 주스 (L),2,0,2,FALSE
과ㆍ채주스_리얼수박 주스,2,0,2,FALSE
과ㆍ채주스_스트로베리 주스,2,0,2,FALSE
과ㆍ채주스_오렌지 주스 (L),2,0,2,FALSE
과ㆍ채주스_자몽 주스 (R),2,0,2,FALSE
과ㆍ채주스_파인애플 주스,2,0,2,FALSE
국수_막국수,2,0,2,FALSE
김밥_김치,2,0,2,FALSE
김밥_날치알,2,0,2,FALSE
김밥_돈가스,2,0,2,FALSE
김밥_샐러드,2,0,2,FALSE
김밥_치즈,2,0,2,FALSE
김치볶음_김치,2,0,2,FALSE
김치볶음_햄,2,0,2,FALSE
김치순두부_바지락,2,0,2,FALSE
김치전골,2,0,2,FALSE
김치찌개_어묵,2,0,2,FALSE
꼬리곰탕,2,0,2,FALSE
꽃게장_양념,2,0,2,FALSE
낙지전골,2,0,2,FALSE
내장탕,2,0,2,FALSE
냉면_비빔냉면,2,0,2,FALSE
냉이나물,2,0,2,FALSE
닭모래집볶음,2,0,2,FALSE
닭백숙,2,0,2,FALSE
더덕장아찌,2,0,2,FALSE
동치미,2,0,2,FALSE
동태찜,2,0,2,FALSE
돼지갈비강정,2,0,2,FALSE
된장국_감자,2,0,2,FALSE
된장국_호박잎,2,0,2,FALSE
두부전골,2,0,2,FALSE
두부찌개_새우젓,2,0,2,FALSE
떡볶이,2,0,2,FALSE
라떼_군고구마 라떼 아이스(ICED),2,0,2,FALSE
라떼_군고구마 라떼 핫(HOT),2,0,2,FALSE
라떼_오곡 라떼 아이스(ICED),2,0,2,FALSE
라떼_초코 라떼 아이스(ICED) (R),2,0,2,FALSE
라떼_토피넛 라떼 아이스(ICED) (L),2,0,2,FALSE
라떼_토피넛 라떼 아이스(ICED) (R),2,0,2,FALSE
라떼_홍차 라떼 아이스(ICED),2,0,2,FALSE
레몬차_레몬차 아이스(ICED) (L),2,0,2,FALSE
마늘쫑볶음,2,0,2,FALSE
마늘쫑볶음_멸치,2,0,2,FALSE
마늘쫑볶음_잔멸치,2,0,2,FALSE
마카롱_초콜릿 마카롱,2,0,2,FALSE
마카롱_피스타치오 마카롱,2,0,2,FALSE
만두_고기만두,2,0,2,FALSE
매운탕_대구,2,0,2,FALSE
매운탕_아귀,2,0,2,FALSE
매운탕_우럭,2,0,2,FALSE
머핀_초코 머핀,2,0,2,FALSE
멸치볶음_꽈리고추,2,0,2,FALSE
멸치볶음_풋고추,2,0,2,FALSE
모듬찰떡,2,0,2,FALSE
무장아찌,2,0,2,FALSE
묵무침_도토리묵,2,0,2,FALSE
미숫가루_미숫가루 아이스(ICED),2,0,2,FALSE
미역국_홍합,2,0,2,FALSE
미역냉국_오이_고추,2,0,2,FALSE
미역줄기볶음_미역줄기,2,0,2,FALSE
밀크티/버블티_밀크티 핫(HOT),2,0,2,FALSE
밀크티/버블티_얼그레이 밀크티 핫(HOT) (L),2,0,2,FALSE
밀크티/버블티_우롱 밀크티 아이스(ICED) (L),2,0,2,FALSE
밀크티/버블티_우롱 밀크티 핫(HOT) (L),2,0,2,FALSE
밀크티/버블티_자스민 그린 밀크티 아이스(ICED) (L),2,0,2,FALSE
밀크티/버블티_자스민 그린 밀크티 핫(HOT) (L),2,0,2,FALSE
밀크티/버블티_타로 밀크티 아이스(ICED) (L),2,0,2,FALSE
밀크티/버블티_타로 밀크티 핫(HOT) (L),2,0,2,FALSE
백설기,2,0,2,FALSE
뱅어포구이,2,0,2,FALSE
버섯조림,2,0,2,FALSE
병어조림,2,0,2,FALSE
복어튀김,2,0,2,FALSE
볶음밥,2,0,2,FALSE
볶음밥_참치,2,0,2,FALSE
북어찜,2,0,2,FALSE
북어채무침,2,0,2,FALSE
불고기전골_간편조리세트_서울식불고기전골,2,0,2,FALSE
빙수_망고 눈꽃빙수,2,0,2,FALSE
빙수_옛날 컵빙수,2,0,2,FALSE
삼각김밥_참치마요네즈,2,0,2,FALSE
새우구이,2,0,2,FALSE
샌드위치_잉글리쉬 머핀 샌드위치,2,0,2,FALSE
샌드위치_잠봉뵈르 샌드위치,2,0,2,FALSE
샌드위치_크로크 무슈,2,0,2,FALSE
샌드위치_햄치즈 샌드위치,2,0,2,FALSE
샐러드_감자,2,0,2,FALSE
샐러드_단호박,2,0,2,FALSE
섞어찌개(모듬찌개),2,0,2,FALSE
소고기 국밥_내장,2,0,2,FALSE
소고기볶음_채소,2,0,2,FALSE
수육_소고기,2,0,2,FALSE
순대볶음_간편조리세트_신림동 백순대볶음,2,0,2,FALSE
스무디_리얼초코 프라페,2,0,2,FALSE
스무디_블루베리 스무디 (L),2,0,2,FALSE
스무디_유자스무디,2,0,2,FALSE
스무디_초코 쉐이크,2,0,2,FALSE
스파게티_토마토소스,2,0,2,FALSE
스프_양송이버섯,2,0,2,FALSE
시금치나물_고추장,2,0,2,FALSE
시루떡,2,0,2,FALSE
쌍화차_대추쌍화차 아이스(ICED),2,0,2,FALSE
쌍화차_대추쌍화차 핫(HOT),2,0,2,FALSE
아이스크림_망고 아이스크림,2,0,2,FALSE
아이스크림_쿠키앤크림 아이스크림,2,0,2,FALSE
아이스티_레몬아이스티,2,0,2,FALSE
알탕,2,0,2,FALSE
양념 오징어젓,2,0,2,FALSE
어묵전,2,0,2,FALSE
얼갈이배추김치,2,0,2,FALSE
에이드_복숭아 에이드,2,0,2,FALSE
에이드_복숭아 에이드 (L),2,0,2,FALSE
에이드_블루베리 에이드,2,0,2,FALSE
에이드_샹그리아 에이드,2,0,2,FALSE
에이드_청귤 에이드,2,0,2,FALSE
에이드_체리콕,2,0,2,FALSE
에이드_한라봉 에이드,2,0,2,FALSE
열무 비빔밥,2,0,2,FALSE
오이무침_달래,2,0,2,FALSE
오이생채,2,0,2,FALSE
오이생채_오이_달래,2,0,2,FALSE
오이지,2,0,2,FALSE
오징어 덮밥,2,0,2,FALSE
오징어순대,2,0,2,FALSE
와플_사과생크림 와플,2,0,2,FALSE
우동_일식,2,0,2,FALSE
우롱차_우롱티 아이스(ICED),2,0,2,FALSE
유자차_유자차 아이스(ICED),2,0,2,FALSE
유자차_유자차 핫(HOT),2,0,2,FALSE
유자차_유자차 핫(HOT) (L),2,0,2,FALSE
유자차_유자티,2,0,2,FALSE
육개장,2,0,2,FALSE
육회,2,0,2,FALSE
율무차,2,0,2,FALSE
임연수조림,2,0,2,FALSE
자몽차_자몽차 핫(HOT) (L),2,0,2,FALSE
자몽차_자몽티,2,0,2,FALSE
자몽홍차_자몽허니블랙티 아이스(ICED),2,0,2,FALSE
자몽홍차_허니자몽블랙티 아이스(ICED),2,0,2,FALSE
자장밥,2,0,2,FALSE
잔멸치볶음_잔멸치_꽈리고추,2,0,2,FALSE
잡채_간편조리세트_소고기 버섯 잡채,2,0,2,FALSE
장어구이_고추장,2,0,2,FALSE
장조림_메추리알,2,0,2,FALSE
장조림_소고기_메추리알,2,0,2,FALSE
재첩국,2,0,2,FALSE
조미 김구이,2,0,2,FALSE
족발,2,0,2,FALSE
쥐포튀김,2,0,2,FALSE
참치강정,2,0,2,FALSE
찹쌀떡,2,0,2,FALSE
청국장찌개,2,0,2,FALSE
초밥_유부초밥,2,0,2,FALSE
충무김밥,2,0,2,FALSE
츄러스,2,0,2,FALSE
츄러스_츄러스,2,0,2,FALSE
칼국수_들깨,2,0,2,FALSE
칼국수_소고기,2,0,2,FALSE
커피_디카페인 카페모카 아이스(ICED),2,0,2,FALSE
커피_디카페인 콜드브루 아이스(ICED),2,0,2,FALSE
커피_믹스커피 아이스(ICED),2,0,2,FALSE
커피_믹스커피 핫(HOT),2,0,2,FALSE
커피_바닐라빈 라떼 아이스(ICED),2,0,2,FALSE
커피_바닐라빈 라떼 핫(HOT),2,0,2,FALSE
커피_에스프레소 (R),2,0,2,FALSE
커피_카라멜 마끼아또 아이스(ICED) (R),2,0,2,FALSE
커피_카라멜마끼아또,2,0,2,FALSE
커피_카라멜마끼아또 아이스(ICED) (L),2,0,2,FALSE
커피_카푸치노 아이스(ICED) (R),2,0,2,FALSE
커피_콜드브루 아메리카노,2,0,2,FALSE
커피_토피넛 라떼 핫(HOT),2,0,2,FALSE
커피_헤이즐넛 라떼 핫(HOT) (L),2,0,2,FALSE
커피_헤이즐넛아메리카노 아이스(ICED),2,0,2,FALSE
커피_헤이즐넛아메리카노 핫(HOT),2,0,2,FALSE
케이크_레드벨벳 케이크 (조각),2,0,2,FALSE
케이크_블루베리쉬폰 케이크,2,0,2,FALSE
케이크_초코무스 케이크,2,0,2,FALSE
콩나물무침,2,0,2,FALSE
콩조림(콩자반),2,0,2,FALSE
크로플_딸기 아이스크림 크로플,2,0,2,FALSE
크로플_바닐라 아이스크림 크로플,2,0,2,FALSE
크로플_아이스크림 크로플,2,0,2,FALSE
크로플_초코 아이스크림 크로플,2,0,2,FALSE
크로플_쿠앤크 아이스크림 크로플,2,0,2,FALSE
톳나물_두부,2,0,2,FALSE
파전_해물,2,0,2,FALSE
피망볶음,2,0,2,FALSE
피자_떡갈비 피자 (L),2,0,2,FALSE
피자_떡갈비 피자 (XL),2,0,2,FALSE
피자_베이컨 피자 (XL),2,0,2,FALSE
피자_슈퍼콤비네이션 피자 씬도우 (L),2,0,2,FALSE
피자_슈퍼콤비네이션 피자 씬도우 (R),2,0,2,FALSE
피자_스윗고구마 피자 (L),2,0,2,FALSE
피자_스테이크 피자 (L),2,0,2,FALSE
피자_야채 피자,2,0,2,FALSE
피자_짱감자 피자 치즈크러스트 (L),2,0,2,FALSE
피자_짱감자 피자 팬 (L),2,0,2,FALSE
피자_페페로니 피자 씬도우 (L),2,0,2,FALSE
피자_페페로니 피자 씬도우 (R),2,0,2,FALSE
피자_하와이언 피자,2,0,2,FALSE
피조개무침,2,0,2,FALSE
해장국_뼈다귀,2,0,2,FALSE
해장국_선지,2,0,2,FALSE
햄전,2,0,2,FALSE
허브차_카모마일 아이스(ICED) (L),2,0,2,FALSE
허브차_캐모마일티 아이스(ICED),2,0,2,FALSE
호박나물,2,0,2,FALSE
홍어회무침,2,0,2,FALSE
홍차_블랙티 아이스(ICED) (L),2,0,2,FALSE
홍차_블랙티 핫(HOT) (L),2,0,2,FALSE
홍차_얼그레이 아이스(ICED) (L),2,0,2,FALSE
홍차_얼그레이티 아이스(ICED) (L),2,0,2,FALSE
홍차_얼그레이티 핫(HOT) (L),2,0,2,FALSE
홍합 미나리죽,2,0,2,FALSE
화양적,2,0,2,FALSE
회덮밥_참치,2,0,2,FALSE
훈제오리,2,0,2,FALSE
흑임자 죽,2,0,2,FALSE
피자_포테이토 피자 (L),9,8,1,TRUE
커피_콜드브루 라떼 아이스(ICED),6,5,1,TRUE
돼지갈비찜,5,4,1,FALSE
라떼_딸기 라떼 아이스(ICED),5,4,1,TRUE
런천미트구이,5,4,1,FALSE
마파두부,5,4,1,FALSE
미역국_북어,5,4,1,FALSE
어묵조림,5,4,1,FALSE
칼국수,5,4,1,FALSE
칼국수_해물,5,4,1,FALSE
커피_헤이즐넛 라떼 핫(HOT),5,4,1,TRUE
케이크_레드벨벳 케이크,5,4,1,TRUE
탕평채,5,4,1,FALSE
현미밥,5,4,1,FALSE
계란 덮밥,4,3,1,FALSE
고기만두,4,3,1,FALSE
고등어조림,4,3,1,FALSE
김치 콩나물국,4,3,1,FALSE
냉이 된장국,4,3,1,TRUE
달걀말이_부추,4,3,1,FALSE
달걀조림,4,3,1,FALSE
닭고기 덮밥,4,3,1,FALSE
돼지고기찌개,4,3,1,FALSE
된장찌개_소고기,4,3,1,FALSE
두부김치,4,3,1,TRUE
떡강정,4,3,1,FALSE
떡국_달걀,4,3,1,TRUE
떡국_소고기_달걀,4,3,1,TRUE
떡만두국_고기만두,4,3,1,FALSE
라떼_고구마 라떼 아이스(ICED) (R),4,3,1,TRUE
라떼_고구마 라떼 핫(HOT) (R),4,3,1,TRUE
라떼_그린티 라떼 아이스(ICED) (R),4,3,1,FALSE
마카로니 샐러드,4,3,1,FALSE
만두탕수,4,3,1,FALSE
무 된장국,4,3,1,FALSE
무 북어국,4,3,1,TRUE
물냉면,4,3,1,FALSE
북어국_무,4,3,1,TRUE
소갈비 구이,4,3,1,FALSE
소시지 케첩볶음,4,3,1,TRUE
소시지볶음_채소,4,3,1,TRUE
시금치 된장국,4,3,1,FALSE
어묵탕,4,3,1,TRUE
연두부찜,4,3,1,TRUE
오징어볶음_채소,4,3,1,TRUE
완두콩밥,4,3,1,TRUE
잔치국수,4,3,1,TRUE
잡곡밥_보리_흑미,4,3,1,TRUE
장조림_돼지고기_메추리알,4,3,1,FALSE
제육볶음_채소,4,3,1,FALSE
짜장밥,4,3,1,FALSE
참치 샐러드,4,3,1,TRUE
커피_디카페인 카페 라떼 아이스(ICED),4,3,1,FALSE
커피_카페모카 핫(HOT) (R),4,3,1,TRUE
커피_카푸치노 핫(HOT) (L),4,3,1,TRUE
커피_카푸치노 핫(HOT) (R),4,3,1,TRUE
케이크_바스크 치즈 케이크,4,3,1,TRUE
코다리조림,4,3,1,FALSE
팥빵_단팥빵,4,3,1,FALSE
피자_단호박 피자 (L),4,3,1,TRUE
피자_치킨바베큐 피자 (L),4,3,1,TRUE
피자_페페로니 피자 (L),4,3,1,TRUE
햄버거,4,3,1,FALSE
햄샐러드,4,3,1,FALSE
감자그라탕,3,2,1,FALSE
감자스프,3,2,1,TRUE
과ㆍ채주스_리얼 수박 주스,3,2,1,TRUE
난자완스,3,2,1,FALSE
단호박조림,3,2,1,TRUE
닭볶음(닭갈비)_매운양념,3,2,1,TRUE
닭찜_매운양념,3,2,1,TRUE
대구찜,3,2,1,FALSE
돼지고기볶음_돼지고기_배추김치,3,2,1,TRUE
된장국_유부,3,2,1,TRUE
땅콩죽,3,2,1,FALSE
라떼_달고나 라떼 핫(HOT),3,2,1,FALSE
라떼_민트초코 라떼 핫(HOT) (L),3,2,1,TRUE
라볶이,3,2,1,FALSE
메추리알 어묵조림,3,2,1,TRUE
밀크티/버블티_로얄 밀크티 핫(HOT),3,2,1,FALSE
보쌈김치,3,2,1,FALSE
부추잡채,3,2,1,TRUE
새송이버섯 구이,3,2,1,FALSE
소고기 덮밥,3,2,1,TRUE
소고기볶음,3,2,1,TRUE
소고기육개장,3,2,1,TRUE
소불고기_버섯,3,2,1,FALSE
소사태찜,3,2,1,TRUE
쌀밥,3,2,1,FALSE
아귀 매운탕,3,2,1,FALSE
양배추 사과 샐러드,3,2,1,TRUE
연근튀김,3,2,1,TRUE
오이생채_고추장,3,2,1,TRUE
와플_초코 와플,3,2,1,FALSE
잣죽,3,2,1,FALSE
주꾸미볶음,3,2,1,FALSE
참치 미역국,3,2,1,FALSE
카스텔라_생크림 카스테라,3,2,1,FALSE
커피_디카페인 콜드브루 라떼 아이스(ICED),3,2,1,FALSE
타르트_에그타르트,3,2,1,TRUE
탕수어,3,2,1,TRUE
파래무침,3,2,1,FALSE
파래볶음,3,2,1,TRUE
피자_더블바베큐 피자 (L),3,2,1,FALSE
피자_바베큐치킨 피자 (L),3,2,1,TRUE
해파리냉채,3,2,1,TRUE
홍합 소고기죽,3,2,1,TRUE
라떼_녹차 라떼 아이스(ICED),8,8,0,TRUE
버거_불고기 버거,5,5,0,TRUE
새우탕,5,5,0,TRUE
쌀국수,5,5,0,TRUE
프레즐_크림치즈 프레즐,5,5,0,TRUE
허브차_페퍼민트 핫(HOT),5,5,0,TRUE
감자볶음_양파,4,4,0,TRUE
감자샐러드,4,4,0,TRUE
건새우 미역국,4,4,0,TRUE
검정콩밥,4,4,0,TRUE
겨자채,4,4,0,TRUE
고구마줄기나물_고춧가루,4,4,0,TRUE
고등어조림_무,4,4,0,TRUE
고춧가루 양념장,4,4,0,TRUE
곤드레밥,4,4,0,TRUE
곤약조림,4,4,0,TRUE
군만두,4,4,0,TRUE
근대 된장국,4,4,0,TRUE
근대나물,4,4,0,TRUE
김치순두부,4,4,0,TRUE
달걀찜,4,4,0,TRUE
닭고기 미역국,4,4,0,TRUE
닭튀김 샐러드,4,4,0,TRUE
도토리묵무침,4,4,0,TRUE
돼지고기 장조림,4,4,0,TRUE
돼지고기강정,4,4,0,TRUE
두부 된장국,4,4,0,TRUE
두부튀김,4,4,0,TRUE
라떼_그린티 라떼 아이스(ICED) (L),4,4,0,TRUE
마늘쫑장아찌무침,4,4,0,TRUE
매운 어묵볶음,4,4,0,TRUE
메밀묵국,4,4,0,TRUE
메추리알 돼지고기장조림,4,4,0,TRUE
모듬배추나물_된장,4,4,0,TRUE
모듬버섯볶음,4,4,0,TRUE
무국_들깨,4,4,0,TRUE
무국_어묵,4,4,0,TRUE
물만두,4,4,0,TRUE
미숫가루(선식)음료,4,4,0,TRUE
밀크티/버블티_로얄 밀크티 아이스(ICED),4,4,0,TRUE
밀크티/버블티_밀크티 아이스(ICED),4,4,0,TRUE
베이컨떡말이구이,4,4,0,TRUE
북어국_달걀,4,4,0,TRUE
브로콜리 두부무침,4,4,0,TRUE
브로콜리 버섯볶음,4,4,0,TRUE
새우튀김,4,4,0,TRUE
소고기 완자전,4,4,0,TRUE
소고기 장조림_메추리알,4,4,0,TRUE
소시지튀김,4,4,0,TRUE
수박화채,4,4,0,TRUE
숙주나물_미나리,4,4,0,TRUE
순대볶음_채소,4,4,0,TRUE
시래기나물,4,4,0,TRUE
쑥갓나물,4,4,0,TRUE
쑥갓나물_두부,4,4,0,TRUE
양배추 겉절이,4,4,0,TRUE
양배추부추무침,4,4,0,TRUE
양송이버섯볶음_소고기,4,4,0,TRUE
어묵 매운탕,4,4,0,TRUE
어묵볶음_어묵_채소,4,4,0,TRUE
어묵잡채,4,4,0,TRUE
어묵탕_고춧가루,4,4,0,TRUE
어묵튀김,4,4,0,TRUE
오곡밥,4,4,0,TRUE
오이 도라지 생채,4,4,0,TRUE
오이고추 된장무침,4,4,0,TRUE
옥수수샐러드,4,4,0,TRUE
완자조림,4,4,0,TRUE
유채무침,4,4,0,TRUE
육개장_돼지고기,4,4,0,TRUE
율무밥,4,4,0,TRUE
잡곡밥_보리,4,4,0,TRUE
잡곡밥_현미,4,4,0,TRUE
장어 양념구이,4,4,0,TRUE
조개 미역국,4,4,0,TRUE
주먹밥,4,4,0,TRUE
쥐포무침,4,4,0,TRUE
짜장소스,4,4,0,TRUE
참나물 겉절이,4,4,0,TRUE
천사채무침,4,4,0,TRUE
초간장,4,4,0,TRUE
취나물무침_간장,4,4,0,TRUE
카레소스,4,4,0,TRUE
커피_디카페인 카페 라떼 핫(HOT),4,4,0,TRUE
커피_바닐라 라떼 핫(HOT) (R),4,4,0,TRUE
케이크_티라미수 케이크,4,4,0,TRUE
콩나물 느타리무침,4,4,0,TRUE
콩나물 황태국,4,4,0,TRUE
콩나물국_청양고추,4,4,0,TRUE
콩나물냉채_오이,4,4,0,TRUE
콩나물무침_당근,4,4,0,TRUE
콩나물무침_당근_시금치,4,4,0,TRUE
콩나물무침_부추,4,4,0,TRUE
콩나물무침_시금치,4,4,0,TRUE
콩조림,4,4,0,TRUE
표고버섯볶음,4,4,0,TRUE
피자_베이컨체다치즈 피자 (L),4,4,0,TRUE
해물 된장국,4,4,0,TRUE
호떡,4,4,0,TRUE
호박 된장국,4,4,0,TRUE
홍합국(홍합탕),4,4,0,TRUE
가지탕수,3,3,0,TRUE
감자 소고기찌개,3,3,0,TRUE
감자범벅,3,3,0,TRUE
감자볶음_햄,3,3,0,TRUE
감자볶음_햄_채소,3,3,0,TRUE
감자샐러드 샌드위치,3,3,0,TRUE
계란빵,3,3,0,TRUE
고구마밥,3,3,0,TRUE
고구마조림,3,3,0,TRUE
고구마줄기나물_들깨,3,3,0,TRUE
고등어구이_카레,3,3,0,TRUE
고디국(다슬기맑은국),3,3,0,TRUE
골뱅이무침_채소,3,3,0,TRUE
과ㆍ채주스_토마토 주스,3,3,0,TRUE
굴국_두부,3,3,0,TRUE
기장밥_찹쌀,3,3,0,TRUE
김치 고기만두,3,3,0,TRUE
김치 돼지고기볶음,3,3,0,TRUE
김치순두부_해물,3,3,0,TRUE
김치찌개_삼겹살,3,3,0,TRUE
깻잎튀김,3,3,0,TRUE
낙지 덮밥,3,3,0,TRUE
낙지 비빔밥,3,3,0,TRUE
녹두전,3,3,0,TRUE
느타리버섯볶음_느타리버섯_채소,3,3,0,TRUE
느타리버섯튀김,3,3,0,TRUE
다슬기 된장국,3,3,0,TRUE
달걀찜_당근,3,3,0,TRUE
닭고기 샐러드,3,3,0,TRUE
닭고기냉채,3,3,0,TRUE
닭죽_채소,3,3,0,TRUE
닭튀김_간장 치킨,3,3,0,TRUE
닭튀김_양념 치킨,3,3,0,TRUE
닭튀김_후라이드 치킨,3,3,0,TRUE
도라지생채_오이,3,3,0,TRUE
도토리묵무침_채소,3,3,0,TRUE
돼지갈비찜_채소,3,3,0,TRUE
돼지고기 꼬치구이,3,3,0,TRUE
돼지고기볶음_돼지고기_버섯,3,3,0,TRUE
돼지불고기_간장,3,3,0,TRUE
된장국_근대,3,3,0,TRUE
된장찌개_모듬채소,3,3,0,TRUE
된장찌개_우렁,3,3,0,TRUE
된장찌개_호박,3,3,0,TRUE
두부 달걀탕,3,3,0,TRUE
두부 청국장찌개,3,3,0,TRUE
두부 탕수,3,3,0,TRUE
들깨국,3,3,0,TRUE
등심돈가스,3,3,0,TRUE
딸기바나나 스무디,3,3,0,TRUE
떡볶이_고추장_어묵,3,3,0,TRUE
떡볶이_어묵,3,3,0,TRUE
라떼_그린티 라떼 핫(HOT) (L),3,3,0,TRUE
라떼_그린티 라떼 핫(HOT) (R),3,3,0,TRUE
라떼_달고나 라떼 아이스(ICED),3,3,0,TRUE
라떼_민트초코 라떼 아이스(ICED) (L),3,3,0,TRUE
라떼_밀크티 라떼 핫(HOT),3,3,0,TRUE
라면_달걀,3,3,0,TRUE
라면_떡,3,3,0,TRUE
레몬차_레몬차,3,3,0,TRUE
마늘쫑볶음_간장,3,3,0,TRUE
마늘쫑볶음_건어물,3,3,0,TRUE
마카롱_뽀또치즈 마카롱,3,3,0,TRUE
만두국_김치만두,3,3,0,TRUE
머핀_초코칩 머핀,3,3,0,TRUE
머핀_치즈 머핀,3,3,0,TRUE
메추리알장조림,3,3,0,TRUE
무국_소고기_콩나물,3,3,0,TRUE
무생채_식초,3,3,0,TRUE
미나리나물_고추장,3,3,0,TRUE
미나리무침_고추장,3,3,0,TRUE
미트 스파게티,3,3,0,TRUE
바지락 미역국,3,3,0,TRUE
바지락국,3,3,0,TRUE
배추국,3,3,0,TRUE
배추국_들깨,3,3,0,TRUE
버거_치즈 버거,3,3,0,TRUE
버거_통새우 버거,3,3,0,TRUE
부추 초무침,3,3,0,TRUE
부추나물,3,3,0,TRUE
브로콜리무침,3,3,0,TRUE
비름나물,3,3,0,TRUE
비름나물_간장,3,3,0,TRUE
비름나물_된장,3,3,0,TRUE
비빔밥_열무_양념장,3,3,0,TRUE
뼈다귀해장국,3,3,0,TRUE
삼색냉채,3,3,0,TRUE
새싹 샐러드,3,3,0,TRUE
소고기 샌드위치,3,3,0,TRUE
숙주미나리나물,3,3,0,TRUE
스무디_딸기요거트 스무디,3,3,0,TRUE
시금치나물_간장_소금,3,3,0,TRUE
식빵튀김,3,3,0,TRUE
아이스티_레몬 아이스티,3,3,0,TRUE
애호박 감자된장국_바지락,3,3,0,TRUE
애호박나물,3,3,0,TRUE
어묵 감자볶음,3,3,0,TRUE
어묵 오이무침,3,3,0,TRUE
열무 된장국,3,3,0,TRUE
열무나물_간장,3,3,0,TRUE
오이나물,3,3,0,TRUE
오이생채_오이,3,3,0,TRUE
오징어 덮밥_채소,3,3,0,TRUE
오징어무침,3,3,0,TRUE
오징어불고기,3,3,0,TRUE
옥수수부침,3,3,0,TRUE
올갱이해장국,3,3,0,TRUE
와플_크림치즈 와플,3,3,0,TRUE
유부 초밥,3,3,0,TRUE
잔멸치볶음_간장_고추장,3,3,0,TRUE
잡곡밥_서리태,3,3,0,TRUE
잡곡죽,3,3,0,TRUE
잡채_돼지고기,3,3,0,TRUE
참나물 겉절이_단감,3,3,0,TRUE
참나물 무침_된장,3,3,0,TRUE
참치찌개,3,3,0,TRUE
채소밥,3,3,0,TRUE
채소죽_달걀,3,3,0,TRUE
청국장찌개_배추김치,3,3,0,TRUE
취나물무침_소금,3,3,0,TRUE
치즈 스파게티_해물,3,3,0,TRUE
카레라이스_돼지고기_모듬채소,3,3,0,TRUE
커피_바닐라 카페 라떼 핫(HOT),3,3,0,TRUE
커피_연유 라떼 아이스(ICED),3,3,0,TRUE
커피_콜드브루 라떼 아이스(ICED) (L),3,3,0,TRUE
케이크_뉴욕치즈 케이크,3,3,0,TRUE
케이크_마스카포네 티라미수 케이크,3,3,0,TRUE
케이크_브라우니,3,3,0,TRUE
케이크_수플레 치즈 케이크,3,3,0,TRUE
콩나물 국밥,3,3,0,TRUE
콩나물 선짓국_낙지,3,3,0,TRUE
콩나물국_고춧가루,3,3,0,TRUE
콩나물무침_고추,3,3,0,TRUE
콩나물밥_양념장,3,3,0,TRUE
트위스터 샌드위치,3,3,0,TRUE
팥빙수,3,3,0,TRUE
풋고추된장무침,3,3,0,TRUE
피자_고구마무스 피자 (L),3,3,0,TRUE
피자_더블포테이토 피자 (L),3,3,0,TRUE
피자_불닭 피자 (L),3,3,0,TRUE
해물 스파게티,3,3,0,TRUE
햄버거_치킨,3,3,0,TRUE
현미밥_쌀,3,3,0,TRUE
흰죽,3,3,0,TRUE
가오리회무침,2,2,0,TRUE
가자미 매운탕,2,2,0,TRUE
가자미찜,2,2,0,TRUE
가지찜,2,2,0,TRUE
갈치튀김,2,2,0,TRUE
감자 된장국,2,2,0,TRUE
감자 된장국_두부,2,2,0,TRUE
감자국_소고기,2,2,0,TRUE
감자볶음_감자_당근,2,2,0,TRUE
감자볶음_감자_베이컨,2,2,0,TRUE
감자볶음_잔멸치,2,2,0,TRUE
감자볶음_풋고추,2,2,0,TRUE
감자튀김_웨지감자,2,2,0,TRUE
검정콩밥_보리,2,2,0,TRUE
게맛살튀김,2,2,0,TRUE
고등어찜,2,2,0,TRUE
고추전,2,2,0,TRUE
과ㆍ채주스_딸기 주스 (R),2,2,0,TRUE
과ㆍ채주스_망고 주스 (L),2,2,0,TRUE
과ㆍ채주스_오렌지 주스 (R),2,2,0,TRUE
과ㆍ채주스_자몽 주스 (L),2,2,0,TRUE
광어 매운탕,2,2,0,TRUE
굴 미역국,2,2,0,TRUE
김국,2,2,0,TRUE
김밥_계란,2,2,0,TRUE
김치 된장국,2,2,0,TRUE
김치 볶음밥_모듬,2,2,0,TRUE
김치 청국장찌개,2,2,0,TRUE
김치국_김치_콩나물,2,2,0,TRUE
김치국_두부,2,2,0,TRUE
김치볶음_김치_참치,2,2,0,TRUE
김치전_해물,2,2,0,TRUE
깨찰빵_깨찰빵,2,2,0,TRUE
꽁치조림_무,2,2,0,TRUE
꽁치조림_배추김치,2,2,0,TRUE
꽁치조림_채소,2,2,0,TRUE
꽁치튀김,2,2,0,TRUE
꽈리고추볶음,2,2,0,TRUE
꽈리고추볶음_잔멸치_호두,2,2,0,TRUE
낙지탕(맑은탕),2,2,0,TRUE
냉이초나물,2,2,0,TRUE
넙치구이,2,2,0,TRUE
녹두빈대떡_해물_돼지고기,2,2,0,TRUE
다시마조림,2,2,0,TRUE
달걀후라이,2,2,0,TRUE
달래 된장국,2,2,0,TRUE
닭가슴살 샐러드_드레싱,2,2,0,TRUE
닭고기 탕수,2,2,0,TRUE
닭다리조림,2,2,0,TRUE
대합 미역국,2,2,0,TRUE
대합죽,2,2,0,TRUE
도넛_깨찰 도넛,2,2,0,TRUE
도넛_미니찹쌀 도넛,2,2,0,TRUE
도넛_생도넛,2,2,0,TRUE
도넛_찹쌀,2,2,0,TRUE
도넛_찹쌀 도넛,2,2,0,TRUE
도라지생채_북어,2,2,0,TRUE
도라지튀김,2,2,0,TRUE
도루묵조림,2,2,0,TRUE
돌솥 비빔밥,2,2,0,TRUE
동태 매운탕,2,2,0,TRUE
동태튀김,2,2,0,TRUE
돼지갈비찜_매운양념_채소,2,2,0,TRUE
돼지갈비찜_채소_떡,2,2,0,TRUE
돼지고기 덮밥,2,2,0,TRUE
돼지고기 장조림_메추리알,2,2,0,TRUE
돼지고기 피망잡채,2,2,0,TRUE
돼지고기볶음_케찹,2,2,0,TRUE
돼지등심 장조림,2,2,0,TRUE
돼지머리국밥,2,2,0,TRUE
돼지불고기_버섯,2,2,0,TRUE
된장국_배추,2,2,0,TRUE
된장찌개,2,2,0,TRUE
된장찌개_냉이,2,2,0,TRUE
된장찌개_미더덕,2,2,0,TRUE
된장찌개_콩나물,2,2,0,TRUE
두부 된장국_유부,2,2,0,TRUE
두부볶음_돼지고기,2,2,0,TRUE
두부조림_돼지고기,2,2,0,TRUE
두부찌개_굴,2,2,0,TRUE
들깨죽,2,2,0,TRUE
떡국_굴,2,2,0,TRUE
떡만두국_김치만두,2,2,0,TRUE
떡볶이_모듬,2,2,0,TRUE
떡볶이_양배추,2,2,0,TRUE
또띠아_불고기 브리또,2,2,0,TRUE
또띠아_핫치킨 브리또,2,2,0,TRUE
라떼_녹차 라떼,2,2,0,TRUE
라떼_달고나 라떼,2,2,0,TRUE
라떼_미숫가루 라떼 아이스(ICED),2,2,0,TRUE
라떼_미숫가루 라떼 아이스(ICED) (L),2,2,0,TRUE
라떼_민트초코 라떼 아이스(ICED) (R),2,2,0,TRUE
라떼_민트초코 라떼 핫(HOT) (R),2,2,0,TRUE
라떼_생강 라떼,2,2,0,TRUE
라떼_오곡 라떼 아이스(ICED) (L),2,2,0,TRUE
라떼_오곡 라떼 아이스(ICED) (R),2,2,0,TRUE
라떼_오곡 라떼 핫(HOT),2,2,0,TRUE
라떼_오곡 라떼 핫(HOT) (L),2,2,0,TRUE
라떼_오곡 라떼 핫(HOT) (R),2,2,0,TRUE
라떼_초코 라떼 핫(HOT) (R),2,2,0,TRUE
라떼_토피넛 라떼 핫(HOT) (L),2,2,0,TRUE
라떼_토피넛 라떼 핫(HOT) (R),2,2,0,TRUE
라떼_흑당 라떼 아이스(ICED),2,2,0,TRUE
라면_김치,2,2,0,TRUE
라면_치즈,2,2,0,TRUE
마카롱_얼그레이 마카롱,2,2,0,TRUE
마카롱_쿠앤크 마카롱,2,2,0,TRUE
마카롱_쿠키앤크림 마카롱,2,2,0,TRUE
만두_김치만두,2,2,0,TRUE
매운탕_메기,2,2,0,TRUE
매운탕_해물,2,2,0,TRUE
머위나물_소금,2,2,0,TRUE
머핀_잉글리쉬 머핀,2,2,0,TRUE
머핀_초코범벅,2,2,0,TRUE
메밀묵 무침,2,2,0,TRUE
모듬 초밥,2,2,0,TRUE
무 어묵조림,2,2,0,TRUE
무국,2,2,0,TRUE
무말랭이무침_오징어,2,2,0,TRUE
무생채_미나리,2,2,0,TRUE
무생채_액젓,2,2,0,TRUE
문어무침,2,2,0,TRUE
물냉면_열무,2,2,0,TRUE
미나리나물_팽이버섯,2,2,0,TRUE
미역 된장국,2,2,0,TRUE
미역국_바지락,2,2,0,TRUE
미역냉국_오이,2,2,0,TRUE
미역튀각,2,2,0,TRUE
밀크티/버블티_밀크티,2,2,0,TRUE
밀크티/버블티_얼그레이 밀크티 아이스(ICED) (L),2,2,0,TRUE
밀크티/버블티_흑당 버블티,2,2,0,TRUE
바게트_마늘 바게트,2,2,0,TRUE
바지락 수제비_감자,2,2,0,TRUE
바지락찜,2,2,0,TRUE
밤밥,2,2,0,TRUE
방풍나물_고추장,2,2,0,TRUE
배추나물_된장,2,2,0,TRUE
뱅어포무침,2,2,0,TRUE
버거_더블치즈 버거,2,2,0,TRUE
버거_슈림프 버거,2,2,0,TRUE
버거_에그불고기 버거,2,2,0,TRUE
버거_치킨 버거,2,2,0,TRUE
버거_페퍼로니 버거,2,2,0,TRUE
버섯 덮밥,2,2,0,TRUE
버섯 매운탕,2,2,0,TRUE
번_모카번,2,2,0,TRUE
번_카페모카빵 (소),2,2,0,TRUE
번_커피콩빵,2,2,0,TRUE
베이글_바질 베이글,2,2,0,TRUE
베이글_치즈 베이글,2,2,0,TRUE
베이글_크림치즈 베이글,2,2,0,TRUE
베이글_플레인 베이글&크림치즈,2,2,0,TRUE
베이컨채소볶음,2,2,0,TRUE
볶음밥_김치,2,2,0,TRUE
볶음밥_배추김치_돼지고기,2,2,0,TRUE
부추 겉절이,2,2,0,TRUE
부추무침_부추_채소,2,2,0,TRUE
부추무침_채소,2,2,0,TRUE
부추전_해물,2,2,0,TRUE
북어구이,2,2,0,TRUE
비름나물_소금,2,2,0,TRUE
비빔냉면,2,2,0,TRUE
비빔밥_소고기_양념장,2,2,0,TRUE
비빔밥_열무,2,2,0,TRUE
비빔밥_참치,2,2,0,TRUE
비스킷/쿠키/크래커_브라우니 쿠키,2,2,0,TRUE
비스킷/쿠키/크래커_초코칩 쿠키,2,2,0,TRUE
빙수_딸기치즈 눈꽃빙수,2,2,0,TRUE
삼각김밥,2,2,0,TRUE
삼겹살볶음_세발낙지,2,2,0,TRUE
삼치 양념구이,2,2,0,TRUE
삼치 카레구이,2,2,0,TRUE
삼치튀김,2,2,0,TRUE
새송이버섯볶음_새송이버섯_채소,2,2,0,TRUE
새우무침,2,2,0,TRUE
새우조림,2,2,0,TRUE
샌드위치_B.E.L.T. 샌드위치,2,2,0,TRUE
샌드위치_BLT 샌드위치,2,2,0,TRUE
샌드위치_참치,2,2,0,TRUE
샐러드_옥수수,2,2,0,TRUE
샤브샤브_소고기,2,2,0,TRUE
섞박지,2,2,0,TRUE
소고기 감자죽,2,2,0,TRUE
소고기 무국,2,2,0,TRUE
소고기 샤브샤브,2,2,0,TRUE
소고기국_무_당면,2,2,0,TRUE
소고기찜,2,2,0,TRUE
소라무침,2,2,0,TRUE
소보로빵,2,2,0,TRUE
소보로빵_맘모스빵,2,2,0,TRUE
소보로빵_소보로빵,2,2,0,TRUE
소보로빵_소보루빵,2,2,0,TRUE
소시지조림,2,2,0,TRUE
송편_깨,2,2,0,TRUE
수제비_감자,2,2,0,TRUE
수제비_김치,2,2,0,TRUE
숙주나물_숙주_채소,2,2,0,TRUE
순두부찌개_간편조리세트_우삼겹 순두부찌개,2,2,0,TRUE
스무디_녹차 프라페,2,2,0,TRUE
스무디_딸기 스무디 (L),2,2,0,TRUE
스무디_딸기스무디,2,2,0,TRUE
스무디_딸기쿠키 프라페,2,2,0,TRUE
스무디_레몬 요거트 스무디,2,2,0,TRUE
스무디_망고 스무디 (L),2,2,0,TRUE
스무디_망고요거트 스무디,2,2,0,TRUE
스무디_모카 프라페,2,2,0,TRUE
스무디_민트 프라페,2,2,0,TRUE
스무디_커피 프라페,2,2,0,TRUE
스무디_쿠키 프라페,2,2,0,TRUE
스무디_플레인요거트 스무디,2,2,0,TRUE
스콘_크랜베리 스콘,2,2,0,TRUE
스파게티_간편조리세트_쉬림프 로제파스타,2,2,0,TRUE
시금치 겉절이,2,2,0,TRUE
시금치나물_간장,2,2,0,TRUE
시금치나물_당근,2,2,0,TRUE
쌀죽(흰죽),2,2,0,TRUE
쌈장,2,2,0,TRUE
쑥갓나물_고춧가루,2,2,0,TRUE
쑥갓오이무침,2,2,0,TRUE
쑥튀김,2,2,0,TRUE
아이스크림_그린티 아이스크림,2,2,0,TRUE
아이스크림_바닐라 아포가토,2,2,0,TRUE
아이스크림_블루베리 아이스크림,2,2,0,TRUE
아이스크림_티라미수 젤라또,2,2,0,TRUE
아이스티_복숭아 아이스티 (L),2,2,0,TRUE
애호박 볶음,2,2,0,TRUE
애호박부침개,2,2,0,TRUE
애호박부침개_새우,2,2,0,TRUE
애호박찌개_감자,2,2,0,TRUE
약식,2,2,0,TRUE
양념 돼지고기튀김,2,2,0,TRUE
양념초장,2,2,0,TRUE
양배추 샐러드,2,2,0,TRUE
양배추 초나물,2,2,0,TRUE
양배추나물,2,2,0,TRUE
양배추오이  샐러드,2,2,0,TRUE
양송이 덮밥,2,2,0,TRUE
어묵국(어묵탕)_고춧가루 제외,2,2,0,TRUE
어묵조림_풋고추,2,2,0,TRUE
얼갈이 나물,2,2,0,TRUE
연근전,2,2,0,TRUE
오이냉국_미역,2,2,0,TRUE
오이무침_양파,2,2,0,TRUE
오이생채_양파,2,2,0,TRUE
오징어무침_미나리,2,2,0,TRUE
옥수수샐러드_햄,2,2,0,TRUE
와플_달고나 아이스크림 와플,2,2,0,TRUE
와플_딸기 와플,2,2,0,TRUE
와플_바나나누텔라 와플,2,2,0,TRUE
와플_블루베리 와플,2,2,0,TRUE
와플_블루베리크림치즈 와플,2,2,0,TRUE
와플_오레오생크림 와플,2,2,0,TRUE
와플_인절미 와플,2,2,0,TRUE
우럭 매운탕,2,2,0,TRUE
울면,2,2,0,TRUE
유부 된장국_무,2,2,0,TRUE
유채나물_간장_소금,2,2,0,TRUE
자몽홍차_허니자몽블랙티 핫(HOT),2,2,0,TRUE
잔멸치볶음_간장,2,2,0,TRUE
잔멸치볶음_고추장,2,2,0,TRUE
잡채_버섯_소고기,2,2,0,TRUE
잡탕밥,2,2,0,TRUE
장어 덮밥,2,2,0,TRUE
장어튀김,2,2,0,TRUE
쟁반국수,2,2,0,TRUE
적어구이,2,2,0,TRUE
조기 양념구이,2,2,0,TRUE
조기 오븐구이,2,2,0,TRUE
조기찌개,2,2,0,TRUE
조기튀김,2,2,0,TRUE
죽순볶음,2,2,0,TRUE
짜사이무침,2,2,0,TRUE
참치구이,2,2,0,TRUE
찹쌀떡_팥,2,2,0,TRUE
초밥_모듬,2,2,0,TRUE
취나물_간장_소금,2,2,0,TRUE
치즈스틱,2,2,0,TRUE
커피_돌체 라떼 아이스(ICED) (L),2,2,0,TRUE
커피_디카페인 바닐라 라떼 아이스(ICED),2,2,0,TRUE
커피_디카페인 바닐라 라떼 핫(HOT),2,2,0,TRUE
커피_디카페인 아인슈페너 아이스(ICED),2,2,0,TRUE
커피_디카페인 연유 라떼 아이스(ICED),2,2,0,TRUE
커피_디카페인 연유 라떼 핫(HOT),2,2,0,TRUE
커피_디카페인 카페모카 핫(HOT),2,2,0,TRUE
커피_디카페인 콜드브루 라떼,2,2,0,TRUE
커피_민트모카 아이스(ICED),2,2,0,TRUE
커피_민트모카 핫(HOT),2,2,0,TRUE
커피_바닐라 라떼,2,2,0,TRUE
커피_에스프레소 마끼아또,2,2,0,TRUE
커피_카라멜 라떼 아이스(ICED),2,2,0,TRUE
커피_카라멜 라떼 핫(HOT),2,2,0,TRUE
커피_카라멜 마끼아또 핫(HOT) (R),2,2,0,TRUE
커피_카라멜마끼야또 아이스(ICED),2,2,0,TRUE
커피_카라멜마끼야또 핫(HOT),2,2,0,TRUE
커피_카페 라떼,2,2,0,TRUE
커피_카페 모카 아이스(ICED),2,2,0,TRUE
커피_카페 모카 핫(HOT),2,2,0,TRUE
커피_콜드브루 라떼 (L),2,2,0,TRUE
커피_콜드브루 라떼 (R),2,2,0,TRUE
커피_헤이즐넛 라떼,2,2,0,TRUE
케이크_당근 치즈 케이크,2,2,0,TRUE
케이크_당근 케이크 (조각),2,2,0,TRUE
케이크_떠먹는티라미수 케이크,2,2,0,TRUE
케이크_레드벨벳 케이크 (홀),2,2,0,TRUE
케이크_밀크 크레이프 케이크,2,2,0,TRUE
케이크_밀크레이프 케이크,2,2,0,TRUE
케이크_블루베리 요거트 케이크,2,2,0,TRUE
케이크_수플레치즈 케이크,2,2,0,TRUE
케이크_치즈 케이크,2,2,0,TRUE
케이크_티라미수,2,2,0,TRUE
코다리조림_간장,2,2,0,TRUE
코코아_핫초코 핫(HOT),2,2,0,TRUE
콩나물 된장국,2,2,0,TRUE
콩나물국_콩나물_소고기,2,2,0,TRUE
콩나물국_콩나물만,2,2,0,TRUE
콩나물냉채,2,2,0,TRUE
콩나물무침_콩나물_고춧가루,2,2,0,TRUE
크로와상_크루아상,2,2,0,TRUE
크로플_브라운 치즈 크로플,2,2,0,TRUE
크림빵_슈크림빵,2,2,0,TRUE
크림빵_후레쉬크림빵,2,2,0,TRUE
파전_감자_김치,2,2,0,TRUE
페이스트리,2,2,0,TRUE
폭찹,2,2,0,TRUE
풋고추찜,2,2,0,TRUE
프레즐_페퍼로니 프레즐,2,2,0,TRUE
피자_갈릭스테이크 피자 (L),2,2,0,TRUE
피자_고구마 피자,2,2,0,TRUE
피자_고구마 피자 석쇠 (L),2,2,0,TRUE
피자_고구마 피자 석쇠 (R),2,2,0,TRUE
피자_고구마 피자 치즈크러스트 (L),2,2,0,TRUE
피자_고구마 피자 치즈크러스트 (R),2,2,0,TRUE
피자_고구마 피자 팬 (L),2,2,0,TRUE
피자_고구마 피자 팬 (R),2,2,0,TRUE
피자_고르곤졸라 피자 씬 (L),2,2,0,TRUE
피자_고르곤졸라 피자 씬 (R),2,2,0,TRUE
피자_더블치즈 피자 (L),2,2,0,TRUE
피자_리얼고구마 피자 (L),2,2,0,TRUE
피자_마약옥수수 피자,2,2,0,TRUE
피자_베이컨 피자 (L),2,2,0,TRUE
피자_베이컨체다치즈 피자 (R),2,2,0,TRUE
피자_베이컨포테이토 피자,2,2,0,TRUE
피자_불고기 피자 (M),2,2,0,TRUE
피자_사대천왕 피자 (L),2,2,0,TRUE
피자_쉬림프골드 피자,2,2,0,TRUE
피자_쉬림프골드 피자 (L),2,2,0,TRUE
피자_슈퍼슈프림 피자,2,2,0,TRUE
피자_슈퍼슈프림 피자 씬 (L),2,2,0,TRUE
피자_슈퍼슈프림 피자 치즈크러스트 (L),2,2,0,TRUE
피자_슈퍼슈프림 피자 치즈크러스트 (R),2,2,0,TRUE
피자_슈퍼슈프림 피자 팬 (R),2,2,0,TRUE
피자_슈퍼콤비네이션 피자,2,2,0,TRUE
피자_쏘핫불고기 피자 (L),2,2,0,TRUE
피자_야채 피자 (XL),2,2,0,TRUE
피자_옥수수 피자 (L),2,2,0,TRUE
피자_이탈리안치즈 피자 (L),2,2,0,TRUE
피자_직화불고기 피자 (L),2,2,0,TRUE
피자_짱감자 피자 치즈크러스트 (R),2,2,0,TRUE
피자_짱감자 피자 팬 (R),2,2,0,TRUE
피자_치즈 피자 (R),2,2,0,TRUE
피자_치즈 피자 (XL),2,2,0,TRUE
피자_콤비네이션 피자 (XL),2,2,0,TRUE
피자_통마늘불고기 피자 (L),2,2,0,TRUE
피자_페파로니 피자 (L),2,2,0,TRUE
피자_페퍼로니 시카고 피자,2,2,0,TRUE
피자_페퍼로니 피자 (R),2,2,0,TRUE
피자_페퍼로니 피자 오리지널 (L),2,2,0,TRUE
피자_포테이토 피자 (R),2,2,0,TRUE
피자_포테이토 피자 (XL),2,2,0,TRUE
피자_포테이토 피자 씬 (L),2,2,0,TRUE
피자_폴드포크 피자 (L),2,2,0,TRUE
피자_하와이안 피자 (R),2,2,0,TRUE
피자_하와이언 피자 (L),2,2,0,TRUE
피자_하와이언 피자 치즈크러스트 (L),2,2,0,TRUE
피자_하와이언 피자 치즈크러스트 (R),2,2,0,TRUE
피자_하와이언 피자 팬 (L),2,2,0,TRUE
피자_하와이언 피자 팬 (R),2,2,0,TRUE
피자_할라불고기 피자 (L),2,2,0,TRUE
피자_핫치킨 피자,2,2,0,TRUE
핫도그_오리지널 핫도그,2,2,0,TRUE
해물 매운탕,2,2,0,TRUE
해물콩나물찜,2,2,0,TRUE
햄버거_돼지고기,2,2,0,TRUE
햄샌드위치,2,2,0,TRUE
햄샌드위치_치즈,2,2,0,TRUE
허브차_루이보스 아이스(ICED),2,2,0,TRUE
허브차_루이보스 핫(HOT),2,2,0,TRUE
허브차_카모마일 핫(HOT) (L),2,2,0,TRUE
허브차_페퍼민트티 아이스(ICED),2,2,0,TRUE
허브차_페퍼민트티 핫(HOT),2,2,0,TRUE
허브차_허브티 아이스(ICED),2,2,0,TRUE
허브차_허브티 핫(HOT),2,2,0,TRUE
홍차_얼그레이 핫(HOT) (L),2,2,0,TRUE
흑미밥_찹쌀,2,2,0,TRUE
가래떡_흑미,1,1,0,TRUE
가오리콩나물찜,1,1,0,TRUE
가자미식해,1,1,0,TRUE
가죽나물무침,1,1,0,TRUE
가지김치,1,1,0,TRUE
가지냉국,1,1,0,TRUE
가지볶음_가지,1,1,0,TRUE
가지볶음_가지_고추,1,1,0,TRUE
가지볶음_가지_당근,1,1,0,TRUE
간자장_해물,1,1,0,TRUE
간재미회무침,1,1,0,TRUE
갈매기살구이_돼지고기,1,1,0,TRUE
갈비구이_돼지고기,1,1,0,TRUE
갈비구이_소고기_양념,1,1,0,TRUE
갈비구이_왕갈비_양념,1,1,0,TRUE
갈비찜_고춧가루,1,1,0,TRUE
갈비탕_소금제외,1,1,0,TRUE
갈치젓_양념,1,1,0,TRUE
감자 호박된장국,1,1,0,TRUE
감자_찐감자,1,1,0,TRUE
감자그라탕_치즈만난감자 그라탕,1,1,0,TRUE
감자밥,1,1,0,TRUE
감자볶음_감자,1,1,0,TRUE
감자볶음_감자_햄,1,1,0,TRUE
감자볶음_감자만,1,1,0,TRUE
감자볶음_당근,1,1,0,TRUE
감자빵_감자쫀득볼,1,1,0,TRUE
감자빵_강원도알감자빵,1,1,0,TRUE
감자빵_강원도알감자빵 (5개입),1,1,0,TRUE
감자빵_못난이 감자크럼볼,1,1,0,TRUE
감자빵_포슬쫀득 감자빵,1,1,0,TRUE
감자샐러드_당근,1,1,0,TRUE
감자샐러드_오이,1,1,0,TRUE
감자연근튀김,1,1,0,TRUE
감자튀김_BBQ 감자튀김,1,1,0,TRUE
감자튀김_간편조리세트_몬스터 치즈 프라이,1,1,0,TRUE
감자튀김_감자볼튀김,1,1,0,TRUE
감자튀김_모둠 감자튀김,1,1,0,TRUE
감자튀김_크런치감자스틱,1,1,0,TRUE
갑오징어무침,1,1,0,TRUE
갓김치,1,1,0,TRUE
개고기 수육,1,1,0,TRUE
개고기무침,1,1,0,TRUE
개고기전골,1,1,0,TRUE
개피떡(바람떡),1,1,0,TRUE
건갈치조림,1,1,0,TRUE
건꼴뚜기조림_풋고추,1,1,0,TRUE
건새우볶음_건새우,1,1,0,TRUE
건새우볶음_건새우_꽈리고추,1,1,0,TRUE
건새우볶음_풋고추,1,1,0,TRUE
건포도빵_건포도빵 (대),1,1,0,TRUE
건포도빵_건포도빵 (소),1,1,0,TRUE
건포도빵_우리쌀건포도브레드,1,1,0,TRUE
겉절이_배추,1,1,0,TRUE
겉절이_상추,1,1,0,TRUE
겉절이_열무,1,1,0,TRUE
겉절이_치커리,1,1,0,TRUE
게국지,1,1,0,TRUE
게살죽,1,1,0,TRUE
게장_간장,1,1,0,TRUE
게장_양념,1,1,0,TRUE
견과_넛츠앤푸르츠,1,1,0,TRUE
경단_찹쌀_카스텔라,1,1,0,TRUE
경단_콩,1,1,0,TRUE
계란빵_쌀계란빵,1,1,0,TRUE
계란빵_트윈에그 브레드,1,1,0,TRUE
고구마_밤고구마_삶은것,1,1,0,TRUE
고구마_찐고구마,1,1,0,TRUE
고구마깻잎튀김,1,1,0,TRUE
고구마전,1,1,0,TRUE
고등어구이_석쇠,1,1,0,TRUE
고등어조림_모듬채소,1,1,0,TRUE
고사리나물무침,1,1,0,TRUE
고추잡채_간편조리세트_고추잡채 꽃빵키트,1,1,0,TRUE
고추장아찌,1,1,0,TRUE
고추장아찌 무침,1,1,0,TRUE
고춧잎나물무침,1,1,0,TRUE
곤드레나물밥,1,1,0,TRUE
곤드레밥_양념장,1,1,0,TRUE
곤약무침_마요네즈,1,1,0,TRUE
골뱅이무침_채소_소면,1,1,0,TRUE
곰치국,1,1,0,TRUE
곰탕_우거지,1,1,0,TRUE
곱창구이_소고기,1,1,0,TRUE
곱창볶음_돼지껍데기,1,1,0,TRUE
곱창전골,1,1,0,TRUE
곱창전골_간편조리세트_대한곱창 곱창전골,1,1,0,TRUE
곱창전골_간편조리세트_소곱창순대전골,1,1,0,TRUE
곱창전골_소고기,1,1,0,TRUE
과ㆍ채주스_22수박 주스 (L),1,1,0,TRUE
과ㆍ채주스_22수박 주스 (Max),1,1,0,TRUE
과ㆍ채주스_22수박 주스 (R),1,1,0,TRUE
과ㆍ채주스_Oh 자몽 핫(HOT) (R),1,1,0,TRUE
과ㆍ채주스_건강주스 자몽미모,1,1,0,TRUE
과ㆍ채주스_골드키위 주스,1,1,0,TRUE
과ㆍ채주스_그린 데이즈,1,1,0,TRUE
과ㆍ채주스_그린 클렌즈,1,1,0,TRUE
과ㆍ채주스_기운내라임 병음료,1,1,0,TRUE
과ㆍ채주스_깔라망코 주스 (L),1,1,0,TRUE
과ㆍ채주스_깔라망코 주스 (R),1,1,0,TRUE
과ㆍ채주스_놀라운망고,1,1,0,TRUE
과ㆍ채주스_놀라운청포도,1,1,0,TRUE
과ㆍ채주스_놀라운패션후르츠,1,1,0,TRUE
과ㆍ채주스_당근,1,1,0,TRUE
과ㆍ채주스_당근사과 주스,1,1,0,TRUE
과ㆍ채주스_더 건강한 스트로베리 주스,1,1,0,TRUE
과ㆍ채주스_딸기 바나나 주스,1,1,0,TRUE
과ㆍ채주스_딸기 생과일주스,1,1,0,TRUE
과ㆍ채주스_딸기 주스 (ML),1,1,0,TRUE
과ㆍ채주스_딸기 주스 병음료,1,1,0,TRUE
과ㆍ채주스_딸기 쥬스,1,1,0,TRUE
과ㆍ채주스_딸기 토마토 주스,1,1,0,TRUE
과ㆍ채주스_딸기_바나나,1,1,0,TRUE
과ㆍ채주스_딸기바나나,1,1,0,TRUE
과ㆍ채주스_딸기바나나 주스,1,1,0,TRUE
과ㆍ채주스_레드클렌즈,1,1,0,TRUE
과ㆍ채주스_루트클렌즈,1,1,0,TRUE
과ㆍ채주스_리얼 사과 주스,1,1,0,TRUE
과ㆍ채주스_리얼 캐롯플 주스,1,1,0,TRUE
과ㆍ채주스_리얼 토마토 주스,1,1,0,TRUE
과ㆍ채주스_리얼 홍시 주스,1,1,0,TRUE
과ㆍ채주스_망고 딸기 주스,1,1,0,TRUE
과ㆍ채주스_망고 주스 (J),1,1,0,TRUE
과ㆍ채주스_망고 주스 (ML),1,1,0,TRUE
과ㆍ채주스_망고 주스 (R),1,1,0,TRUE
과ㆍ채주스_망고 주스 병음료,1,1,0,TRUE
과ㆍ채주스_망고바나나,1,1,0,TRUE
과ㆍ채주스_망플단 망고/파인애플/단호박,1,1,0,TRUE
과ㆍ채주스_밀싹 케일 주스,1,1,0,TRUE
과ㆍ채주스_밀싹케일 주스,1,1,0,TRUE
과ㆍ채주스_바나나 생과일 주스,1,1,0,TRUE
과ㆍ채주스_바나나 주스,1,1,0,TRUE
과ㆍ채주스_바나나 주스 (L),1,1,0,TRUE
과ㆍ채주스_바나나 주스 (R),1,1,0,TRUE
과ㆍ채주스_배 주스 (L),1,1,0,TRUE
과ㆍ채주스_배 주스 (Max),1,1,0,TRUE
과ㆍ채주스_배 주스 (R),1,1,0,TRUE
과ㆍ채주스_베리&바나나 주스,1,1,0,TRUE
과ㆍ채주스_블랙베리 주스,1,1,0,TRUE
과ㆍ채주스_블루베리 주스 (L),1,1,0,TRUE
과ㆍ채주스_블루베리 주스 (ML),1,1,0,TRUE
과ㆍ채주스_비타민 클린 주스 레몬밀싹,1,1,0,TRUE
과ㆍ채주스_비타민 클린 주스 사과당근,1,1,0,TRUE
과ㆍ채주스_비타민 클린 주스 진저파인,1,1,0,TRUE
과ㆍ채주스_비타민주스 딸기,1,1,0,TRUE
과ㆍ채주스_비타민주스 파인애플,1,1,0,TRUE
과ㆍ채주스_비트 사과 주스,1,1,0,TRUE
과ㆍ채주스_비트파인애플 주스,1,1,0,TRUE
과ㆍ채주스_사과 비트 착즙 주스,1,1,0,TRUE
과ㆍ채주스_사과_당근,1,1,0,TRUE
과ㆍ채주스_사딸비 사과/딸기/비트,1,1,0,TRUE
과ㆍ채주스_생과일 수박 주스,1,1,0,TRUE
과ㆍ채주스_생과일 토마토 주스,1,1,0,TRUE
과ㆍ채주스_샤인머스켓케일주스,1,1,0,TRUE
과ㆍ채주스_수박 주스 (L),1,1,0,TRUE
과ㆍ채주스_수박 주스 (ML),1,1,0,TRUE
과ㆍ채주스_수박머스캣 소다,1,1,0,TRUE
과ㆍ채주스_수박파인 펀치,1,1,0,TRUE
과ㆍ채주스_애플망고 주스 (L),1,1,0,TRUE
과ㆍ채주스_옐로우 클렌즈,1,1,0,TRUE
과ㆍ채주스_옐로우 펀치,1,1,0,TRUE
과ㆍ채주스_오곡바나나 주스,1,1,0,TRUE
과ㆍ채주스_오렌지 당근 착즙 주스,1,1,0,TRUE
과ㆍ채주스_오렌지 썸머,1,1,0,TRUE
과ㆍ채주스_오렌지 자몽 주스,1,1,0,TRUE
과ㆍ채주스_오렌지 주스 (ML),1,1,0,TRUE
과ㆍ채주스_오렌지 후레쉬 주스,1,1,0,TRUE
과ㆍ채주스_오렌지당근주스,1,1,0,TRUE
과ㆍ채주스_오리지널 깔라만시 (L),1,1,0,TRUE
과ㆍ채주스_오리지널 깔라만시 (R),1,1,0,TRUE
과ㆍ채주스_오사당 오렌지/사과/당근,1,1,0,TRUE
과ㆍ채주스_완전딸기 주스,1,1,0,TRUE
과ㆍ채주스_완전망고 주스,1,1,0,TRUE
과ㆍ채주스_완전블루베리 주스,1,1,0,TRUE
과ㆍ채주스_완전성주참외 주스,1,1,0,TRUE
과ㆍ채주스_완전수박 주스,1,1,0,TRUE
과ㆍ채주스_완전토마토 주스,1,1,0,TRUE
과ㆍ채주스_자몽 주스,1,1,0,TRUE
과ㆍ채주스_자몽 주스 (J),1,1,0,TRUE
과ㆍ채주스_자몽 주스 (ML),1,1,0,TRUE
과ㆍ채주스_자몽 후레쉬 주스,1,1,0,TRUE
과ㆍ채주스_제주 한라봉 주스,1,1,0,TRUE
과ㆍ채주스_찐수박 100 리얼 수박,1,1,0,TRUE
과ㆍ채주스_청포도 주스 (L),1,1,0,TRUE
과ㆍ채주스_청포도 주스 (ML),1,1,0,TRUE
과ㆍ채주스_청포도케일 착즙 주스,1,1,0,TRUE
과ㆍ채주스_초코바나나,1,1,0,TRUE
과ㆍ채주스_초코바나나 주스,1,1,0,TRUE
과ㆍ채주스_케일 캐롯 주스,1,1,0,TRUE
과ㆍ채주스_키위 생과일 주스,1,1,0,TRUE
과ㆍ채주스_키위 주스 (L),1,1,0,TRUE
과ㆍ채주스_키위 주스 (ML),1,1,0,TRUE
과ㆍ채주스_키위 쥬스 (L),1,1,0,TRUE
과ㆍ채주스_키위 쥬스 (R),1,1,0,TRUE
과ㆍ채주스_토마토 생과일 주스,1,1,0,TRUE
과ㆍ채주스_토마토 주스 (R),1,1,0,TRUE
과ㆍ채주스_토마토 주스 병음료,1,1,0,TRUE
과ㆍ채주스_토마토 쥬스 (L),1,1,0,TRUE
과ㆍ채주스_토마토 쥬스 (R),1,1,0,TRUE
과ㆍ채주스_파이팅 청귤 병음료,1,1,0,TRUE
과ㆍ채주스_파인 자몽 주스,1,1,0,TRUE
과ㆍ채주스_포블마 포도/블루베리/고구마,1,1,0,TRUE
과ㆍ채주스_한라봉 주스 (R),1,1,0,TRUE
과ㆍ채주스_한라봉주스 병음료,1,1,0,TRUE
과ㆍ채주스_한방에 쭉 감당 병음료,1,1,0,TRUE
과ㆍ채주스_해독주스_착즙형,1,1,0,TRUE
과ㆍ채주스_햇사과 주스 병음료,1,1,0,TRUE
과ㆍ채주스_혼합과일 주스,1,1,0,TRUE
과ㆍ채주스_홍시 주스,1,1,0,TRUE
과ㆍ채주스_홍시 주스 (L),1,1,0,TRUE
과ㆍ채주스_홍시 주스 (ML),1,1,0,TRUE
과ㆍ채주스_홍시 주스 (R),1,1,0,TRUE
과일_하루 한 컵 RED,1,1,0,TRUE
국밥,1,1,0,TRUE
국밥_굴,1,1,0,TRUE
국밥_돼지고기,1,1,0,TRUE
국밥_돼지머리,1,1,0,TRUE
국밥_소고기,1,1,0,TRUE
국밥_순대국밥,1,1,0,TRUE
국밥_콩나물,1,1,0,TRUE
국수_김치말이국수,1,1,0,TRUE
국수_비빔국수,1,1,0,TRUE
국수_잔치국수,1,1,0,TRUE
국수_쟁반막국수,1,1,0,TRUE
국수전골,1,1,0,TRUE
굴 국밥,1,1,0,TRUE
굴 두부찌개,1,1,0,TRUE
굴국_무,1,1,0,TRUE
굴무침,1,1,0,TRUE
굴무침_무,1,1,0,TRUE
굴무침_채소,1,1,0,TRUE
굴밥,1,1,0,TRUE
굴죽,1,1,0,TRUE
굴찜,1,1,0,TRUE
귀리밥,1,1,0,TRUE
귤차_제주 청귤 그린티 아이스(ICED),1,1,0,TRUE
귤차_제주 한라봉감귤차 아이스(ICED),1,1,0,TRUE
귤차_제주 한라봉감귤차 핫(HOT),1,1,0,TRUE
귤차_제주청귤 블라썸 핫(HOT),1,1,0,TRUE
귤차_제주청귤 오리지널 핫(HOT),1,1,0,TRUE
귤차_제주청귤차,1,1,0,TRUE
귤차_제주청귤티 아이스(ICED),1,1,0,TRUE
귤차_제주청귤티 핫(HOT),1,1,0,TRUE
귤차_청귤블랙티 아이스(ICED) (L),1,1,0,TRUE
귤차_청귤블랙티 아이스(ICED) (M),1,1,0,TRUE
귤차_청귤블랙티 핫(HOT) (L),1,1,0,TRUE
귤차_청귤블랙티 핫(HOT) (M),1,1,0,TRUE
귤차_청귤차 아이스(ICED) (L),1,1,0,TRUE
귤차_청귤차 아이스(ICED) (M),1,1,0,TRUE
귤차_청귤차 핫(HOT) (L),1,1,0,TRUE
귤차_청귤차 핫(HOT) (M),1,1,0,TRUE
귤차_청귤티 아이스(ICED),1,1,0,TRUE
귤차_청귤티 핫(HOT),1,1,0,TRUE
기름장,1,1,0,TRUE
기스면,1,1,0,TRUE
기타빵_까눌레,1,1,0,TRUE
기타빵_달콤촉촉 고구마빵,1,1,0,TRUE
기타빵_롤링넛츠,1,1,0,TRUE
기타빵_밤이랑고구마랑,1,1,0,TRUE
기타빵_별님고구마,1,1,0,TRUE
기타빵_씨앗가득고소함이찰떡,1,1,0,TRUE
기타빵_얼그레이 까눌레,1,1,0,TRUE
기타빵_오리지널 까눌레,1,1,0,TRUE
기타빵_우리쌀 막걸리로 만든 초당옥수수빵,1,1,0,TRUE
기타빵_춘천 감자빵,1,1,0,TRUE
기타빵_카라멜아몬드,1,1,0,TRUE
기타빵_톡톡쫄깃 옥수수빵,1,1,0,TRUE
기타음료_논알콜 하이볼,1,1,0,TRUE
기타음료_라임 모히또,1,1,0,TRUE
기타음료_레드 파워 스매셔 (Grande),1,1,0,TRUE
기타음료_미초 아이스(ICED),1,1,0,TRUE
기타음료_스타벅스 슬래머 (Grande),1,1,0,TRUE
기타음료_인크레드불 화이트 아이스(ICED),1,1,0,TRUE
기타음료_자몽 모히또,1,1,0,TRUE
기타음료_청포도 모히또,1,1,0,TRUE
기타음료_청포도플라워 아이스(ICED),1,1,0,TRUE
기타차_골든펄 딸기 캐모마일티,1,1,0,TRUE
기타차_골든펄 망고 패션프룻 그린티,1,1,0,TRUE
기타차_깔라만시,1,1,0,TRUE
기타차_깔라만시티 핫(HOT),1,1,0,TRUE
기타차_깔라봉 차 (L),1,1,0,TRUE
기타차_깔라봉 차 (R),1,1,0,TRUE
기타차_딸기오렌지바나나 (L),1,1,0,TRUE
기타차_딸기오렌지바나나 (M),1,1,0,TRUE
기타차_딸기차 아이스(ICED) (L),1,1,0,TRUE
기타차_딸기차 아이스(ICED) (M),1,1,0,TRUE
기타차_딸기차 핫(HOT) (L),1,1,0,TRUE
기타차_딸기차 핫(HOT) (M),1,1,0,TRUE
기타차_딸기티 아이스(ICED),1,1,0,TRUE
기타차_딸기티 핫(HOT),1,1,0,TRUE
기타차_라임티 아이스(ICED),1,1,0,TRUE
기타차_라임티 핫(HOT),1,1,0,TRUE
기타차_레몬&오렌지홍차티 아이스(ICED),1,1,0,TRUE
기타차_레몬&오렌지홍차티 핫(HOT),1,1,0,TRUE
기타차_레몬진저 캐모마일 아이스(ICED),1,1,0,TRUE
기타차_레몬진저 캐모마일 핫(HOT),1,1,0,TRUE
기타차_레몬페퍼민트티 아이스(ICED),1,1,0,TRUE
기타차_레몬페퍼민트티 핫(HOT),1,1,0,TRUE
기타차_레몬허니블랙티 아이스(ICED),1,1,0,TRUE
기타차_레몬허니블랙티 핫(HOT),1,1,0,TRUE
기타차_루이보스 바닐라티 아이스(ICED),1,1,0,TRUE
기타차_루이보스 바닐라티 핫(HOT),1,1,0,TRUE
기타차_리치 캐모마일티 아이스(ICED) (L),1,1,0,TRUE
기타차_리치 캐모마일티 아이스(ICED) (ML),1,1,0,TRUE
기타차_리치 캐모마일티 핫(HOT) (ML),1,1,0,TRUE
기타차_매실차 아이스(ICED) (L),1,1,0,TRUE
기타차_매실차 아이스(ICED) (M),1,1,0,TRUE
기타차_매실차 핫(HOT) (L),1,1,0,TRUE
기타차_매실차 핫(HOT) (M),1,1,0,TRUE
기타차_배도라지차 아이스(ICED),1,1,0,TRUE
기타차_배도라지차 핫(HOT),1,1,0,TRUE
기타차_베리 히비스커스 아이스(ICED),1,1,0,TRUE
기타차_베리 히비스커스 핫(HOT),1,1,0,TRUE
기타차_삼라봉티 아이스(ICED),1,1,0,TRUE
기타차_삼라봉티 핫(HOT),1,1,0,TRUE
기타차_상그리아티 아이스(ICED),1,1,0,TRUE
기타차_상그리아티 핫(HOT),1,1,0,TRUE
기타차_샤인머스캣 티플레저,1,1,0,TRUE
기타차_샹그리아 프루티 아이스(ICED),1,1,0,TRUE
기타차_샹그리아 프루티 핫(HOT),1,1,0,TRUE
기타차_석류 오리지널 핫(HOT),1,1,0,TRUE
기타차_스노우코코 아이스(ICED) (L),1,1,0,TRUE
기타차_스노우코코 아이스(ICED) (M),1,1,0,TRUE
기타차_스노우코코 핫(HOT) (L),1,1,0,TRUE
기타차_스노우코코 핫(HOT) (M),1,1,0,TRUE
기타차_스위트 피치 아이스(ICED),1,1,0,TRUE
기타차_스트로베리 릴렉싱티,1,1,0,TRUE
기타차_스트로베리 프룻티,1,1,0,TRUE
기타차_슬림 딸기 레몬 캐모마일티,1,1,0,TRUE
기타차_슬림 망고 레몬 캐모마일티,1,1,0,TRUE
기타차_슬림 망고 리치 히비스커스티,1,1,0,TRUE
기타차_슬림 청포도 레몬 캐모마일티,1,1,0,TRUE
기타차_슬림 청포도 리치 히비스커스티,1,1,0,TRUE
기타차_엘더베리 아이스(ICED),1,1,0,TRUE
기타차_엘더베리 핫(HOT),1,1,0,TRUE
기타차_유스베리 로즈티 브리즈 아이스(ICED) (Grande),1,1,0,TRUE
기타차_유스베리 로즈티 브리즈 핫(HOT) (Grande),1,1,0,TRUE
기타차_유자 엘더베리 아이스(ICED),1,1,0,TRUE
기타차_유자 엘더베리 핫(HOT),1,1,0,TRUE
기타차_인디안 차이티 아이스(ICED),1,1,0,TRUE
기타차_인디안 차이티 핫(HOT),1,1,0,TRUE
기타차_자몽 그린티 (J),1,1,0,TRUE
기타차_자몽 그린티 (L),1,1,0,TRUE
기타차_자몽 블랙 프룻티,1,1,0,TRUE
기타차_자몽 얼그레이티 아이스(ICED),1,1,0,TRUE
기타차_자몽히비스커스티 아이스(ICED),1,1,0,TRUE
기타차_자몽히비스커스티 핫(HOT),1,1,0,TRUE
기타차_작설차,1,1,0,TRUE
기타차_제주 그린티 브리즈 (Grande),1,1,0,TRUE
기타차_제주 키위 오션 그린티 (Grande),1,1,0,TRUE
기타차_제주 한라봉 블랙티 아이스(ICED),1,1,0,TRUE
기타차_제주당근오렌지티플레저 아이스(ICED),1,1,0,TRUE
기타차_청포도 그린티 (J),1,1,0,TRUE
기타차_청포도 그린티 (L),1,1,0,TRUE
기타차_청포도 그린티+알로에 (J),1,1,0,TRUE
기타차_청포도 그린티+알로에 (L),1,1,0,TRUE
기타차_체리 히비스커스티 아이스(ICED) (L),1,1,0,TRUE
기타차_체리 히비스커스티 아이스(ICED) (ML),1,1,0,TRUE
기타차_체리 히비스커스티 핫(HOT) (ML),1,1,0,TRUE
기타차_체리석류 (L),1,1,0,TRUE
기타차_체리석류 (M),1,1,0,TRUE
기타차_카페오르조,1,1,0,TRUE
기타차_캐모마일리치티 아이스(ICED),1,1,0,TRUE
기타차_캐모마일리치티 핫(HOT),1,1,0,TRUE
기타차_트로피컬망고 아이스(ICED),1,1,0,TRUE
기타차_패션 프룻 히비스커스 (J),1,1,0,TRUE
기타차_패션 프룻 히비스커스 (L),1,1,0,TRUE
기타차_폼폼 민트티 (Grande),1,1,0,TRUE
기타차_폼폼 유스베리티 (Grande),1,1,0,TRUE
기타차_피치망고 (L),1,1,0,TRUE
기타차_피치망고 (M),1,1,0,TRUE
기타차_피치우롱스위티 아이스(ICED),1,1,0,TRUE
기타차_피치우롱스위티 핫(HOT),1,1,0,TRUE
기타차_핑크 리치 프룻티,1,1,0,TRUE
기타차_하동매실피치티 아이스(ICED),1,1,0,TRUE
기타차_하동매실피치티 핫(HOT),1,1,0,TRUE
기타차_한라봉차,1,1,0,TRUE
기타차_한라봉차 (L),1,1,0,TRUE
기타차_한라봉차 (R),1,1,0,TRUE
기타차_한라봉티 아이스(ICED),1,1,0,TRUE
기타차_한라봉티 핫(HOT),1,1,0,TRUE
기타차_허니 캐모마일 아이스(ICED),1,1,0,TRUE
기타차_허니 캐모마일 핫(HOT),1,1,0,TRUE
기타차_화이트 템플티 아이스(ICED),1,1,0,TRUE
기타차_화이트 템플티 핫(HOT),1,1,0,TRUE
기타차_히비스커스 유자티 아이스(ICED),1,1,0,TRUE
기타차_히비스커스 유자티 핫(HOT),1,1,0,TRUE
기피편,1,1,0,TRUE
김구이_조미김,1,1,0,TRUE
김무침,1,1,0,TRUE
김밥_고추,1,1,0,TRUE
김밥_멸치_고추,1,1,0,TRUE
김밥_샐러리,1,1,0,TRUE
김밥_참치_고추,1,1,0,TRUE
김밥_참치_김치,1,1,0,TRUE
김밥_풋고추,1,1,0,TRUE
김치국_김치,1,1,0,TRUE
김치국_김치_두부,1,1,0,TRUE
김치볶음_김치만,1,1,0,TRUE
김치순두부_돼지고기,1,1,0,TRUE
김치전_오징어,1,1,0,TRUE
김치찌개_김치만,1,1,0,TRUE
김치찜_간편조리세트_돼지고기 김치찜,1,1,0,TRUE
김치찜_간편조리세트_돼지고기 묵은지찜,1,1,0,TRUE
김치찜_돼지고기_두부,1,1,0,TRUE
김튀김,1,1,0,TRUE
깐쇼새우,1,1,0,TRUE
깐풍새우,1,1,0,TRUE
깨죽,1,1,0,TRUE
깨찰빵_씨앗찰빵,1,1,0,TRUE
깨찰빵_쫀득쫀득한찰깨빵,1,1,0,TRUE
깨찰빵_쫀득쫀득한찰깨빵 (2개입),1,1,0,TRUE
깨찰빵_쫀득한모카찰깨빵,1,1,0,TRUE
깻잎나물_깻잎,1,1,0,TRUE
깻잎나물볶음,1,1,0,TRUE
깻잎장아찌,1,1,0,TRUE
껍질콩볶음_맛살,1,1,0,TRUE
꼬리곰탕_당면,1,1,0,TRUE
꼬막무침,1,1,0,TRUE
꼬막찜_참꼬막,1,1,0,TRUE
꼬치구이_닭고기_대파,1,1,0,TRUE
꼬치구이_닭모래집_간장,1,1,0,TRUE
꼬치구이_닭모래집_고추장,1,1,0,TRUE
꼬치구치_낙지,1,1,0,TRUE
꽁치조림_김치,1,1,0,TRUE
꽁치찌개,1,1,0,TRUE
꽁치찌개_김치,1,1,0,TRUE
꽃게 매운탕,1,1,0,TRUE
꽃게장_간장,1,1,0,TRUE
꽃게찜,1,1,0,TRUE
꽃게콩나물찜,1,1,0,TRUE
꽃게탕_간편조리세트_3마리꽃게탕,1,1,0,TRUE
꽈리고추 오징어조림,1,1,0,TRUE
꽈리고추볶음_멸치,1,1,0,TRUE
꽈리고추조림_멸치,1,1,0,TRUE
꿀떡,1,1,0,TRUE
꿀차_꿀과실차 대추,1,1,0,TRUE
꿀차_꿀과실차 레몬,1,1,0,TRUE
꿀차_꿀과실차 모과,1,1,0,TRUE
꿀차_꿀과실차 생강,1,1,0,TRUE
꿀차_꿀과실차 유자,1,1,0,TRUE
꿀차_꿀과실차 자몽,1,1,0,TRUE
꿩불고기,1,1,0,TRUE
나박김치,1,1,0,TRUE
나베_간편조리세트_통등심가스나베,1,1,0,TRUE
나폴리탄 스파게티,1,1,0,TRUE
낙지 삼겹살 볶음,1,1,0,TRUE
낙지볶음_떡,1,1,0,TRUE
낙지볶음_채소,1,1,0,TRUE
낙지전골_간편조리세트_낙곱새,1,1,0,TRUE
낙지찜,1,1,0,TRUE
낙지탕,1,1,0,TRUE
내장전골,1,1,0,TRUE
냉국_미역,1,1,0,TRUE
냉국_미역_오이,1,1,0,TRUE
냉면_열무냉면,1,1,0,TRUE
냉면_회냉면_홍어,1,1,0,TRUE
냉채_닭고기,1,1,0,TRUE
냉채_해파리,1,1,0,TRUE
넙치(광어)회덮밥_양념장,1,1,0,TRUE
녹두빈대떡_돼지고기,1,1,0,TRUE
녹두빈대떡_채소,1,1,0,TRUE
녹두빈대떡_해물,1,1,0,TRUE
녹차_그린티,1,1,0,TRUE
녹차_그린티 아이스(ICED),1,1,0,TRUE
녹차_그린티 아이스(ICED) (R),1,1,0,TRUE
녹차_그린티 핫(HOT) (R),1,1,0,TRUE
녹차_녹차,1,1,0,TRUE
녹차_자스민 그린티 아이스(ICED),1,1,0,TRUE
녹차_자스민 그린티 아이스(ICED) (J),1,1,0,TRUE
녹차_자스민 그린티 아이스(ICED) (L),1,1,0,TRUE
녹차_자스민 그린티 핫(HOT),1,1,0,TRUE
녹차_자스민 그린티 핫(HOT) (J),1,1,0,TRUE
녹차_자스민 그린티 핫(HOT) (L),1,1,0,TRUE
녹차_제주 유기 녹차 아이스(ICED) (Tall),1,1,0,TRUE
녹차_제주 유기 녹차 핫(HOT) (Tall),1,1,0,TRUE
녹차_제주유기농녹차 아이스(ICED) (L),1,1,0,TRUE
녹차_제주유기농녹차 핫(HOT) (L),1,1,0,TRUE
녹차_프레시그린티 아이스(ICED),1,1,0,TRUE
녹차_프레시그린티 핫(HOT),1,1,0,TRUE
녹차_프루티 하동 아이스(ICED) (L),1,1,0,TRUE
녹차_프루티 하동 핫(HOT) (L),1,1,0,TRUE
녹차_하동 녹차 아이스(ICED),1,1,0,TRUE
녹차_하동 녹차 핫(HOT),1,1,0,TRUE
녹차_해남 녹차 아이스(ICED),1,1,0,TRUE
녹차_해남 녹차 핫(HOT),1,1,0,TRUE
누룽지,1,1,0,TRUE
누룽지_뜨거운물첨가,1,1,0,TRUE
느타리버섯 구이,1,1,0,TRUE
느타리버섯볶음_느타리버섯,1,1,0,TRUE
다식_송화,1,1,0,TRUE
다쿠아즈,1,1,0,TRUE
단무지,1,1,0,TRUE
단호박 샐러드,1,1,0,TRUE
단호박찜,1,1,0,TRUE
달걀_삶은것,1,1,0,TRUE
달걀_삶은것_노른자,1,1,0,TRUE
달걀_삶은것_흰자,1,1,0,TRUE
달걀말이_달걀만,1,1,0,TRUE
달걀말이_햄_김,1,1,0,TRUE
달걀부침(달걀후라이)_햄,1,1,0,TRUE
달걀찜_달걀만,1,1,0,TRUE
달걀찜_두부,1,1,0,TRUE
달걀찜_우유,1,1,0,TRUE
달걀찜_채소,1,1,0,TRUE
달걀탕_순두부,1,1,0,TRUE
달걀튀김,1,1,0,TRUE
달래무침_오이,1,1,0,TRUE
닭가슴살 샐러드_마요네즈,1,1,0,TRUE
닭껍데기튀김_BBQ 닭껍데기,1,1,0,TRUE
닭꼬치구이,1,1,0,TRUE
닭다리구이_자메이카 통다리구이,1,1,0,TRUE
닭다리구이_자메이카 통다리구이 반마리,1,1,0,TRUE
닭다리튀김_간장,1,1,0,TRUE
닭다리튀김_다리 스틱,1,1,0,TRUE
닭다리튀김_황금올리브치킨 닭다리,1,1,0,TRUE
닭다리튀김_황올 반+양념 반 닭다리 치킨,1,1,0,TRUE
닭모래집튀김,1,1,0,TRUE
닭모래집튀김_매콤똥집튀김,1,1,0,TRUE
닭발구이,1,1,0,TRUE
닭발구이_불닭발,1,1,0,TRUE
닭발구이_한입쏙직화 닭발,1,1,0,TRUE
닭발볶음,1,1,0,TRUE
닭발튀김_황올한 닭발튀김,1,1,0,TRUE
닭볶음,1,1,0,TRUE
닭볶음(닭갈비)_간편조리세트_모짜렐라 치즈 닭갈비,1,1,0,TRUE
닭볶음(닭갈비)_간편조리세트_치즈 품은 닭갈비,1,1,0,TRUE
닭볶음(닭갈비)_간편조리세트_치즈이불 닭갈비,1,1,0,TRUE
닭볶음(닭갈비)_닭가슴살_피망,1,1,0,TRUE
닭볶음(닭갈비)_매운양념_치즈,1,1,0,TRUE
닭볶음탕,1,1,0,TRUE
닭볶음탕_간편조리세트_곱도리탕,1,1,0,TRUE
닭조림_고추장,1,1,0,TRUE
닭찜_간편조리세트_안동식 찜닭,1,1,0,TRUE
닭찜_안동찜닭,1,1,0,TRUE
닭튀김_No.1포테이토닥토닭 치킨,1,1,0,TRUE
닭튀김_갈비천왕 치킨,1,1,0,TRUE
닭튀김_강정 치킨,1,1,0,TRUE
닭튀김_고추바사삭 치킨,1,1,0,TRUE
닭튀김_교촌순살 치킨,1,1,0,TRUE
닭튀김_교촌순살 치킨 (S),1,1,0,TRUE
닭튀김_교촌오리지날 치킨,1,1,0,TRUE
닭튀김_교촌윙 치킨,1,1,0,TRUE
닭튀김_교촌윙 치킨 (S),1,1,0,TRUE
닭튀김_교촌콤보 치킨,1,1,0,TRUE
닭튀김_교촌콤보 치킨 (S),1,1,0,TRUE
닭튀김_극장판치킨 고추치즈편,1,1,0,TRUE
닭튀김_극한왕갈비 치킨,1,1,0,TRUE
닭튀김_깐풍요리 치킨,1,1,0,TRUE
닭튀김_꿀잼 치킨,1,1,0,TRUE
닭튀김_꿔바로우 치킨,1,1,0,TRUE
닭튀김_날개,1,1,0,TRUE
닭튀김_날다닭 치킨,1,1,0,TRUE
닭튀김_날다닭간장 치킨,1,1,0,TRUE
닭튀김_날다닭마늘 치킨,1,1,0,TRUE
닭튀김_너겟,1,1,0,TRUE
닭튀김_눈맞은 치킨,1,1,0,TRUE
닭튀김_다리(넓적다리),1,1,0,TRUE
닭튀김_다리(아랫다리),1,1,0,TRUE
닭튀김_단짠갈릭 치킨,1,1,0,TRUE
닭튀김_닭가슴살,1,1,0,TRUE
닭튀김_두마리같은한마리치킨주세요,1,1,0,TRUE
닭튀김_땡초 치킨,1,1,0,TRUE
닭튀김_땡초불꽃 치킨,1,1,0,TRUE
닭튀김_레드순살 치킨,1,1,0,TRUE
닭튀김_레드순살 치킨 (S),1,1,0,TRUE
닭튀김_레드오리지날 치킨,1,1,0,TRUE
닭튀김_레드윙 치킨,1,1,0,TRUE
닭튀김_레드윙 치킨 (S),1,1,0,TRUE
닭튀김_레드콤보 치킨,1,1,0,TRUE
닭튀김_레드콤보 치킨 (S),1,1,0,TRUE
닭튀김_레몬크림탕슈 안심 순살,1,1,0,TRUE
닭튀김_레블반반콤보 치킨,1,1,0,TRUE
닭튀김_레허반반순살 치킨,1,1,0,TRUE
닭튀김_리얼 치킨 꿔바로우,1,1,0,TRUE
닭튀김_리얼후라이드 치킨,1,1,0,TRUE
닭튀김_마늘 치킨,1,1,0,TRUE
닭튀김_마늘스태미나 치킨,1,1,0,TRUE
닭튀김_마늘알마니 치킨,1,1,0,TRUE
닭튀김_매달구 치킨,1,1,0,TRUE
닭튀김_매운 간장 치킨,1,1,0,TRUE
닭튀김_매운 양념 치킨,1,1,0,TRUE
닭튀김_매운양념 치킨,1,1,0,TRUE
닭튀김_매운양념 치킨 반마리,1,1,0,TRUE
닭튀김_맵소이닭 치킨,1,1,0,TRUE
닭튀김_맵슐랭 치킨 오리지널,1,1,0,TRUE
닭튀김_모두의마요 치킨,1,1,0,TRUE
닭튀김_목,1,1,0,TRUE
닭튀김_바삭갈릭 치킨,1,1,0,TRUE
닭튀김_바삭담백한 후라이드 치킨,1,1,0,TRUE
닭튀김_반반순살 치킨,1,1,0,TRUE
닭튀김_반반오리지날 치킨,1,1,0,TRUE
닭튀김_반반윙 치킨,1,1,0,TRUE
닭튀김_반반콤보 치킨,1,1,0,TRUE
닭튀김_볼케이노 치킨,1,1,0,TRUE
닭튀김_불금 치킨,1,1,0,TRUE
닭튀김_불짬뽕 치킨,1,1,0,TRUE
닭튀김_불패 치킨,1,1,0,TRUE
닭튀김_블랙시크릿 순살 치킨,1,1,0,TRUE
닭튀김_블랙시크릿 순살 치킨 (S),1,1,0,TRUE
닭튀김_블랙시크릿 오리지날 치킨,1,1,0,TRUE
닭튀김_블랙시크릿 콤보 치킨,1,1,0,TRUE
닭튀김_블랙시크릿 콤보 치킨 (S),1,1,0,TRUE
닭튀김_블랙페퍼 반+레드착착 반 치킨,1,1,0,TRUE
닭튀김_살살후라이드 미니 치킨,1,1,0,TRUE
닭튀김_살살후라이드 치킨,1,1,0,TRUE
닭튀김_살코기,1,1,0,TRUE
닭튀김_생그라나 치킨,1,1,0,TRUE
닭튀김_소보로 치킨,1,1,0,TRUE
닭튀김_소이갈릭스 치킨,1,1,0,TRUE
닭튀김_순살 뿌리고 치킨 매콤달콤한맛,1,1,0,TRUE
닭튀김_순살 뿌리고 치킨 오리지날,1,1,0,TRUE
닭튀김_쉑쉑양꼬치킨,1,1,0,TRUE
닭튀김_스리라차 치킨,1,1,0,TRUE
닭튀김_스모크 치킨,1,1,0,TRUE
닭튀김_스모크 치킨 반마리,1,1,0,TRUE
닭튀김_스윗츠갈릭 치킨,1,1,0,TRUE
닭튀김_시그니처순살 치킨 세트,1,1,0,TRUE
닭튀김_아빠의제주깜슐랭 치킨,1,1,0,TRUE
닭튀김_양념히어로 치킨,1,1,0,TRUE
닭튀김_오리지날 양념 치킨,1,1,0,TRUE
닭튀김_오리지날 양념 치킨 반마리,1,1,0,TRUE
닭튀김_오븐 바사삭 윙 치킨,1,1,0,TRUE
닭튀김_오븐 바사삭 치킨,1,1,0,TRUE
닭튀김_요거치즈닝치킨 안심 순살,1,1,0,TRUE
닭튀김_윙+다리 치킨,1,1,0,TRUE
닭튀김_윙봉스 치킨,1,1,0,TRUE
닭튀김_윙봉스간장 치킨,1,1,0,TRUE
닭튀김_윙봉스마늘 치킨,1,1,0,TRUE
닭튀김_자메이카 소떡만나 치킨,1,1,0,TRUE
닭튀김_자메이카 소떡만나 치킨 콤보,1,1,0,TRUE
닭튀김_자메이카 소떡만나치 킨 순살,1,1,0,TRUE
닭튀김_조선레드 치킨,1,1,0,TRUE
닭튀김_착착갈릭 치킨,1,1,0,TRUE
닭튀김_청양고추마요 치킨,1,1,0,TRUE
닭튀김_치요링 치킨,1,1,0,TRUE
닭튀김_치즈바사삭 치킨,1,1,0,TRUE
닭튀김_크런치 순살크래커 치킨,1,1,0,TRUE
닭튀김_크런치 올치팝,1,1,0,TRUE
닭튀김_크리미양파 치킨,1,1,0,TRUE
닭튀김_크리미어니언 치킨,1,1,0,TRUE
닭튀김_크리스피 반+레드착착 반 치킨,1,1,0,TRUE
닭튀김_크리스피 반+블랙페퍼 반 치킨,1,1,0,TRUE
닭튀김_크리스피 후라이드 치킨,1,1,0,TRUE
닭튀김_타코마요 치킨,1,1,0,TRUE
닭튀김_티키타코 순살 치킨,1,1,0,TRUE
닭튀김_파닭 치킨,1,1,0,TRUE
닭튀김_파더’s 치킨,1,1,0,TRUE
닭튀김_파채소이살살 치킨,1,1,0,TRUE
닭튀김_프라임핫쵸킹 치킨,1,1,0,TRUE
닭튀김_핫쵸킹 치킨,1,1,0,TRUE
닭튀김_핫황금올리브 치킨 크리스피,1,1,0,TRUE
닭튀김_핫황금올리브 치킨 크리스피 반마리,1,1,0,TRUE
닭튀김_핫후라이드 치킨,1,1,0,TRUE
닭튀김_허니멜로 치킨,1,1,0,TRUE
닭튀김_허니순살 치킨,1,1,0,TRUE
닭튀김_허니순살 치킨 (S),1,1,0,TRUE
닭튀김_허니오리지날 치킨,1,1,0,TRUE
닭튀김_허니점보윙 치킨,1,1,0,TRUE
닭튀김_허니콤보 치킨,1,1,0,TRUE
닭튀김_호식이 안심텐더,1,1,0,TRUE
닭튀김_황금올리브 치킨,1,1,0,TRUE
닭튀김_황금올리브 치킨 레드착착,1,1,0,TRUE
닭튀김_황금올리브 치킨 레드착착 반마리,1,1,0,TRUE
닭튀김_황금올리브 치킨 반마리,1,1,0,TRUE
닭튀김_황금올리브 치킨 블랙페퍼,1,1,0,TRUE
닭튀김_황금올리브 치킨 블랙페퍼 반마리,1,1,0,TRUE
닭튀김_황금올리브 치킨 속안심,1,1,0,TRUE
닭튀김_황금올리브 치킨 콤보,1,1,0,TRUE
닭튀김_황금올리브 치킨 크런치 버터,1,1,0,TRUE
닭튀김_황금올리브 치킨 핫윙,1,1,0,TRUE
닭튀김_황금올리브 치킨 핫윙 냉장,1,1,0,TRUE
닭튀김_황올 반+매운양념 반 치킨,1,1,0,TRUE
닭튀김_황올 반+양념 반 치킨,1,1,0,TRUE
닭튀김_황올 반+양념 반 콤보 치킨,1,1,0,TRUE
닭튀김_황올 반+크리스피 반 치킨,1,1,0,TRUE
닭튀김_황올한 깐풍 치킨,1,1,0,TRUE
닭튀김_황올한 깐풍 치킨 반마리,1,1,0,TRUE
당근볶음,1,1,0,TRUE
대구 매운탕_내장,1,1,0,TRUE
대구 매운탕_내장_알,1,1,0,TRUE
대구볼찜,1,1,0,TRUE
대구탕,1,1,0,TRUE
대구튀김,1,1,0,TRUE
대구포,1,1,0,TRUE
대창구이_소고기,1,1,0,TRUE
대추차_대추차 아이스(ICED) (L),1,1,0,TRUE
대추차_대추차 아이스(ICED) (M),1,1,0,TRUE
대추차_대추차 핫(HOT) (L),1,1,0,TRUE
대추차_대추차 핫(HOT) (M),1,1,0,TRUE
대추차_사과 대추차,1,1,0,TRUE
덮밥_낙지,1,1,0,TRUE
덮밥_닭고기,1,1,0,TRUE
덮밥_돼지고기(제육),1,1,0,TRUE
덮밥_불고기,1,1,0,TRUE
덮밥_송이버섯,1,1,0,TRUE
덮밥_오징어,1,1,0,TRUE
덮밥_유산슬,1,1,0,TRUE
덮밥_장어,1,1,0,TRUE
덮밥_참치,1,1,0,TRUE
덮밥_해물,1,1,0,TRUE
도가니탕,1,1,0,TRUE
도넛_BEURRE 버터넛,1,1,0,TRUE
도넛_BEURRE 헤이즐넛&바닐라 도넛,1,1,0,TRUE
도넛_고구마품은 꽈배기,1,1,0,TRUE
도넛_골드초코 허니비 도넛,1,1,0,TRUE
도넛_글레이즈드 사워크림 도넛,1,1,0,TRUE
도넛_글레이즈드 초콜릿 케익 도넛,1,1,0,TRUE
도넛_글레이즈츄잉스타,1,1,0,TRUE
도넛_기라델리민트초코링 도넛,1,1,0,TRUE
도넛_남해마늘로만든버터갈릭 꽈배기,1,1,0,TRUE
도넛_뉴욕 치즈케익 도넛,1,1,0,TRUE
도넛_뉴패스트리 도넛,1,1,0,TRUE
도넛_다크초코링도넛,1,1,0,TRUE
도넛_다크초코츄잉스타,1,1,0,TRUE
도넛_단팥 도넛,1,1,0,TRUE
도넛_단팥도너츠,1,1,0,TRUE
도넛_단팥품은 꽈배기,1,1,0,TRUE
도넛_달콤한 꿀도넛,1,1,0,TRUE
도넛_달콤한 왕꽈배기,1,1,0,TRUE
도넛_달콤한 우리찹쌀 왕꽈배기,1,1,0,TRUE
도넛_달콤한꿀도넛 (3개입),1,1,0,TRUE
도넛_달콤한꿀도넛 (4개입),1,1,0,TRUE
도넛_달콤한꿀도넛 (5개입),1,1,0,TRUE
도넛_더블카라멜 도넛,1,1,0,TRUE
도넛_던킨카페모카롤,1,1,0,TRUE
도넛_데니쉬 꽈배기,1,1,0,TRUE
도넛_돌돌말린소시지 도넛,1,1,0,TRUE
도넛_동글아기찹쌀 도넛,1,1,0,TRUE
도넛_디어 마이 러브 도넛,1,1,0,TRUE
도넛_딸기 도넛,1,1,0,TRUE
도넛_딸기 와플넛,1,1,0,TRUE
도넛_딸기 우유크림 듬뿍 도넛,1,1,0,TRUE
도넛_딸기마카롱 도넛,1,1,0,TRUE
도넛_딸기츄이스티 도넛,1,1,0,TRUE
도넛_또르체티 이탈리아 꽈배기과자,1,1,0,TRUE
도넛_라즈베리블라썸 도넛,1,1,0,TRUE
도넛_러블리듀얼하트 도넛,1,1,0,TRUE
도넛_레드벨벳 먼치킨 도넛,1,1,0,TRUE
도넛_레몬 도넛,1,1,0,TRUE
도넛_레이디버그 도넛,1,1,0,TRUE
도넛_로투스 비스코프 도넛,1,1,0,TRUE
도넛_루비초코 블라썸 도넛,1,1,0,TRUE
도넛_링도넛,1,1,0,TRUE
도넛_메이플링 도넛,1,1,0,TRUE
도넛_못난이찹쌀 꽈배기,1,1,0,TRUE
도넛_못난이찹쌀고구마크림치즈 도넛,1,1,0,TRUE
도넛_못난이찹쌀깨찰 도넛,1,1,0,TRUE
도넛_못난이찹쌀모짜렐라치즈 도넛,1,1,0,TRUE
도넛_못난이찹쌀유자 도넛,1,1,0,TRUE
도넛_못난이찹쌀팥 도넛,1,1,0,TRUE
도넛_미니 오리지널 글레이즈드 도넛,1,1,0,TRUE
도넛_미니찹쌀 도넛 (3개입),1,1,0,TRUE
도넛_미니찹쌀 도넛 (4개입),1,1,0,TRUE
도넛_미니찹쌀 도넛 (5개입),1,1,0,TRUE
도넛_미니찹쌀도너츠,1,1,0,TRUE
도넛_밀크크림 플라워 도넛,1,1,0,TRUE
도넛_바닐라 도넛,1,1,0,TRUE
도넛_바닐라빈 바이츠 도넛,1,1,0,TRUE
도넛_바닐라초코볼 도넛,1,1,0,TRUE
도넛_바바리안 먼치킨 도넛,1,1,0,TRUE
도넛_바바리안필드 도넛,1,1,0,TRUE
도넛_바삭64겹 꽈배기,1,1,0,TRUE
도넛_베리베리크림 도넛,1,1,0,TRUE
도넛_베이크드 헤이즐넛 쇼콜라넛,1,1,0,TRUE
도넛_벨지안초코 도넛,1,1,0,TRUE
도넛_보스톤크림 도넛,1,1,0,TRUE
도넛_생크림폭탄 도넛,1,1,0,TRUE
도넛_생크림폭탄 도넛 (3개입),1,1,0,TRUE
도넛_소금우유 도넛,1,1,0,TRUE
도넛_소보로만난 앙넛,1,1,0,TRUE
도넛_솔티카라멜바이츠 도넛,1,1,0,TRUE
도넛_송사부 꽈배기,1,1,0,TRUE
도넛_슈거코티드 도넛,1,1,0,TRUE
도넛_스노우링 도넛,1,1,0,TRUE
도넛_스트로베리 먼치킨 도넛,1,1,0,TRUE
도넛_스트로베리 필드 도넛,1,1,0,TRUE
도넛_시나몬슈가링 도넛,1,1,0,TRUE
도넛_아몬드초코링 도넛,1,1,0,TRUE
도넛_아침햇살 쌀꽈배기 도넛,1,1,0,TRUE
도넛_앙버터 도넛,1,1,0,TRUE
도넛_엄마랑장볼때먹던그때그도나쓰,1,1,0,TRUE
도넛_오리지널 글레이즈드 도넛,1,1,0,TRUE
도넛_오리지널 바이츠 도넛,1,1,0,TRUE
도넛_오리지널 우유 크림 필드 도넛,1,1,0,TRUE
도넛_오리지널 초콜릿 필드 도넛,1,1,0,TRUE
도넛_옥수수꽈배기 도넛,1,1,0,TRUE
도넛_옥수수찹쌀 도넛,1,1,0,TRUE
도넛_올드훼션드먼치킨,1,1,0,TRUE
도넛_올리브츄이스티 도넛,1,1,0,TRUE
도넛_왕크림 도넛,1,1,0,TRUE
도넛_요거트올드훼션드 도넛,1,1,0,TRUE
도넛_용감한 쿠키 도넛,1,1,0,TRUE
도넛_우리찹쌀 왕꽈배기,1,1,0,TRUE
도넛_우유 도넛,1,1,0,TRUE
도넛_우유크림 듬뿍 도넛,1,1,0,TRUE
도넛_제주말차 우유 도넛,1,1,0,TRUE
도넛_쫀드칸꽈배기 시나몬슈가,1,1,0,TRUE
도넛_쫄깃한 왕꽈배기,1,1,0,TRUE
도넛_쫄깃한찹쌀 도넛,1,1,0,TRUE
도넛_쫄깃한찹쌀스틱 시나몬,1,1,0,TRUE
도넛_찹쌀 꽈배기,1,1,0,TRUE
도넛_찹쌀꽈배기도너츠,1,1,0,TRUE
도넛_찹쌀도너츠,1,1,0,TRUE
도넛_찹쌀페스츄리 도넛,1,1,0,TRUE
도넛_초당옥수수크림찹쌀 도넛,1,1,0,TRUE
도넛_초코 도넛,1,1,0,TRUE
도넛_초코 마카롱 도넛,1,1,0,TRUE
도넛_초코 와플넛 도넛,1,1,0,TRUE
도넛_초코 우유크림 듬뿍 도넛,1,1,0,TRUE
도넛_초코마카롱 도넛,1,1,0,TRUE
도넛_초코베리듀얼하트 도넛,1,1,0,TRUE
도넛_초코크런치 도넛,1,1,0,TRUE
도넛_초코홀릭 도넛,1,1,0,TRUE
도넛_초콜릿 아이스드 글레이즈드 도넛,1,1,0,TRUE
도넛_추억의 옥수수 꽈배기 도넛,1,1,0,TRUE
도넛_추억의생도나스,1,1,0,TRUE
도넛_추억의생도나스 (2개입),1,1,0,TRUE
도넛_추억의생도나스 (3개입),1,1,0,TRUE
도넛_츄러스 꽈배기,1,1,0,TRUE
도넛_카라멜 아이스드 도넛,1,1,0,TRUE
도넛_카스테라크림 꽈배기,1,1,0,TRUE
도넛_카스텔라 꽈배기,1,1,0,TRUE
도넛_카카오하니딥 도넛,1,1,0,TRUE
도넛_카카오하니딥먼치킨 도넛,1,1,0,TRUE
도넛_카카오후로스티드 도넛,1,1,0,TRUE
도넛_카푸치노츄이스티 도넛,1,1,0,TRUE
도넛_커스터드 도넛,1,1,0,TRUE
도넛_케익꽈배기 도넛,1,1,0,TRUE
도넛_켈로그우유 도넛,1,1,0,TRUE
도넛_쿠키&다크초코링도넛,1,1,0,TRUE
도넛_쿠키&화이트초코링도넛,1,1,0,TRUE
도넛_쿠키앤크림 도넛,1,1,0,TRUE
도넛_크로넛 글레이즈드 도넛,1,1,0,TRUE
도넛_크리스탈슈가 도넛,1,1,0,TRUE
도넛_크림치즈 찹쌀도넛,1,1,0,TRUE
도넛_크림치즈 찹쌀도넛 (2개입),1,1,0,TRUE
도넛_통밀꽈배기,1,1,0,TRUE
도넛_트러플 크림 듬뿍 도넛,1,1,0,TRUE
도넛_트위스트 글레이즈드 도넛,1,1,0,TRUE
도넛_팥도넛,1,1,0,TRUE
도넛_팥이팅 소보루 도넛,1,1,0,TRUE
도넛_페이머스 글레이즈드 도넛,1,1,0,TRUE
도넛_퐁신퐁신우유 도넛,1,1,0,TRUE
도넛_프리미엄 스트로베리 필드 도넛,1,1,0,TRUE
도넛_플라밍고 도넛,1,1,0,TRUE
도넛_해피버스데이 도넛,1,1,0,TRUE
도넛_허니 올드훼션드 도넛,1,1,0,TRUE
도넛_허니찹쌀스틱,1,1,0,TRUE
도넛_허니후리터,1,1,0,TRUE
도넛_화이트유니버스 도넛,1,1,0,TRUE
도넛_화이트초코링 도넛,1,1,0,TRUE
도넛_화이트초코츄잉스타 도넛,1,1,0,TRUE
도넛_흑미고구마찹쌀 도넛,1,1,0,TRUE
도넛_흑미찹쌀 도넛,1,1,0,TRUE
도넛_흑임자크림찹쌀 도넛,1,1,0,TRUE
도다리구이,1,1,0,TRUE
도라지나물무침,1,1,0,TRUE
도라지생채_오징어채,1,1,0,TRUE
도루묵찌개,1,1,0,TRUE
도미 매운탕,1,1,0,TRUE
도미찜,1,1,0,TRUE
도미튀김,1,1,0,TRUE
돈가스_간편조리세트_부타이로스카츠 (통등심돈가스),1,1,0,TRUE
돈가스_고구마,1,1,0,TRUE
돈가스_돼지등심,1,1,0,TRUE
돈가스_돼지안심,1,1,0,TRUE
돈가스_제주카츠볼,1,1,0,TRUE
돈가스_치즈,1,1,0,TRUE
돌솥 비빔밥_양념장,1,1,0,TRUE
동태까스_소스,1,1,0,TRUE
동태양념구이,1,1,0,TRUE
동파육,1,1,0,TRUE
돼지갈비구이_폭립,1,1,0,TRUE
돼지갈비전골,1,1,0,TRUE
돼지갈비찜_간편조리세트_국내산순살돼지갈비찜,1,1,0,TRUE
돼지갈비찜_매운양념_채소_떡,1,1,0,TRUE
돼지갈비찜_배추김치,1,1,0,TRUE
돼지고기_간,1,1,0,TRUE
돼지고기_머리고기,1,1,0,TRUE
돼지고기_허파,1,1,0,TRUE
돼지고기볶음,1,1,0,TRUE
돼지고기볶음(제육볶음),1,1,0,TRUE
돼지고기볶음_간편조리세트_돼지고기 숙주 볶음,1,1,0,TRUE
돼지고기볶음_돼지고기,1,1,0,TRUE
돼지고기볶음_돼지고기_짜장,1,1,0,TRUE
돼지고기볶음_채소,1,1,0,TRUE
돼지고기찌개_간편조리세트_돼지고기 짜글이,1,1,0,TRUE
돼지고기찌개_간편조리세트_돼지고기고추장찌개,1,1,0,TRUE
돼지고기찜,1,1,0,TRUE
돼지고기튀김,1,1,0,TRUE
돼지껍데기구이,1,1,0,TRUE
돼지등갈비찜,1,1,0,TRUE
돼지불고기_간편조리세트_기사식당 돼지불고기,1,1,0,TRUE
돼지불고기_간편조리세트_대파고추장불고기,1,1,0,TRUE
돼지불고기_간편조리세트_매콤 콩나물불고기,1,1,0,TRUE
돼지불고기_삼겹살_오징어,1,1,0,TRUE
된장국_냉이,1,1,0,TRUE
된장국_냉이_두부,1,1,0,TRUE
된장국_두부,1,1,0,TRUE
된장국_무,1,1,0,TRUE
된장국_쑥,1,1,0,TRUE
된장국_우거지,1,1,0,TRUE
된장국_우렁,1,1,0,TRUE
된장국_콩나물,1,1,0,TRUE
된장국_해물,1,1,0,TRUE
된장국_호박,1,1,0,TRUE
된장찌개_간편조리세트_고깃집 된장찌개,1,1,0,TRUE
된장찌개_간편조리세트_구수한 버섯된장찌개,1,1,0,TRUE
된장찌개_두부,1,1,0,TRUE
된장찌개_두부_호박,1,1,0,TRUE
된장찌개_모듬해물,1,1,0,TRUE
된장찌개_우렁_강된장,1,1,0,TRUE
두릅무침,1,1,0,TRUE
두릅무침_초고추장,1,1,0,TRUE
두부 된장국_바지락,1,1,0,TRUE
두부 명란찌개,1,1,0,TRUE
두부 애호박찌개,1,1,0,TRUE
두부김치_돼지고기,1,1,0,TRUE
두부찌개,1,1,0,TRUE
두부찌개_고추장,1,1,0,TRUE
두부찌개_바지락,1,1,0,TRUE
두부찌개_소고기,1,1,0,TRUE
두부찌개_소고기_고추장,1,1,0,TRUE
두부찌개_소고기_된장,1,1,0,TRUE
두유 카페라떼,1,1,0,TRUE
두유 카페라떼_시럽,1,1,0,TRUE
들깻잎장아찌,1,1,0,TRUE
딸기넥타,1,1,0,TRUE
떡갈비,1,1,0,TRUE
떡강정_BBQ 소떡,1,1,0,TRUE
떡강정_매콤치즈 소떡소떡,1,1,0,TRUE
떡강정_못난이소떡소떡,1,1,0,TRUE
떡국,1,1,0,TRUE
떡국_모듬,1,1,0,TRUE
떡볶이_간편조리세트_달콤짭짤 궁중식 떡볶이,1,1,0,TRUE
떡볶이_간편조리세트_떡볶이 보통맛,1,1,0,TRUE
떡볶이_간편조리세트_소불고기궁중떡볶이,1,1,0,TRUE
떡볶이_간편조리세트_호로록 로제 떡볶이,1,1,0,TRUE
떡볶이_고추장_메추리알,1,1,0,TRUE
떡볶이_국물맵떡,1,1,0,TRUE
떡볶이_까르보떡볶이,1,1,0,TRUE
떡볶이_로제닭볶이,1,1,0,TRUE
떡볶이_로제떡볶이,1,1,0,TRUE
떡볶이_로제비엔나 떡볶이,1,1,0,TRUE
떡볶이_마늘 떡볶이,1,1,0,TRUE
떡볶이_소고기_버섯,1,1,0,TRUE
떡볶이_채소,1,1,0,TRUE
떡볶이_치즈,1,1,0,TRUE
떡볶이_카레,1,1,0,TRUE
떡볶이_호로록떡볶이,1,1,0,TRUE
또띠아_뉴비프 브리또,1,1,0,TRUE
또띠아_또띠아 (L),1,1,0,TRUE
또띠아_또띠아 (S),1,1,0,TRUE
또띠아_라구듬뿍치즈 브리또,1,1,0,TRUE
또띠아_머스타드치킨 브리또,1,1,0,TRUE
또띠아_미트살사소시지 브리또,1,1,0,TRUE
또띠아_바삭 불고기&트리플 치즈 치킨 퀘사디아,1,1,0,TRUE
또띠아_불고기 베이크,1,1,0,TRUE
또띠아_불닭 베이크,1,1,0,TRUE
또띠아_소고기 브리또,1,1,0,TRUE
또띠아_치킨 브리또,1,1,0,TRUE
또띠아_치킨 치즈 브리또,1,1,0,TRUE
또띠아_트위스터,1,1,0,TRUE
또띠아_핫칠리치킨 브리또,1,1,0,TRUE
라떼_17곡 라떼 아이스(ICED) (L),1,1,0,TRUE
라떼_17곡 라떼 아이스(ICED) (ML),1,1,0,TRUE
라떼_17곡 라떼 핫(HOT) (ML),1,1,0,TRUE
라떼_검은콩 라떼 아이스(ICED),1,1,0,TRUE
라떼_검은콩 라떼 핫(HOT),1,1,0,TRUE
라떼_고구마 라떼,1,1,0,TRUE
라떼_고구마 라떼 아이스(ICED) (M),1,1,0,TRUE
라떼_고구마 라떼 핫(HOT) (M),1,1,0,TRUE
라떼_고구마라떼 아이스(ICED),1,1,0,TRUE
라떼_고구마라떼 핫(HOT),1,1,0,TRUE
라떼_곡물 라떼 아이스(ICED),1,1,0,TRUE
라떼_곡물 라떼 핫(HOT),1,1,0,TRUE
라떼_곡물라떼 아이스(ICED),1,1,0,TRUE
라떼_곡물라떼 핫(HOT),1,1,0,TRUE
라떼_골드 고구마 라떼 아이스(ICED),1,1,0,TRUE
라떼_골드 고구마 라떼 핫(HOT),1,1,0,TRUE
라떼_곶감 라떼 아이스(ICED),1,1,0,TRUE
라떼_곶감 라떼 핫(HOT),1,1,0,TRUE
라떼_귀리 미숫가루 라떼,1,1,0,TRUE
라떼_그린 라떼,1,1,0,TRUE
라떼_그린 라떼 아이스(ICED),1,1,0,TRUE
라떼_그린민트 초콜릿 아이스(ICED),1,1,0,TRUE
라떼_그린민트 초콜릿 핫(HOT),1,1,0,TRUE
라떼_그린애플 요거트 라떼,1,1,0,TRUE
라떼_그린티,1,1,0,TRUE
라떼_그린티 라떼 아이스(ICED) (Max),1,1,0,TRUE
라떼_그린티라떼 아이스(ICED),1,1,0,TRUE
라떼_그린티라떼 핫(HOT),1,1,0,TRUE
라떼_꿀 딸기 라떼,1,1,0,TRUE
라떼_꿀 망고 라떼,1,1,0,TRUE
라떼_꿀 복숭아 라떼,1,1,0,TRUE
라떼_꿀 자몽 라떼,1,1,0,TRUE
라떼_꿀호떡 in절미 라떼,1,1,0,TRUE
라떼_꿀호떡 in절미 크림라떼,1,1,0,TRUE
라떼_꿀호떡 밀크폼 버블라떼,1,1,0,TRUE
라떼_낭만 달고나 라떼 아이스(ICED),1,1,0,TRUE
라떼_낭만 달고나 라떼 핫(HOT),1,1,0,TRUE
라떼_녹차 라떼 아이스(ICED) (EX),1,1,0,TRUE
라떼_녹차 라떼 아이스(ICED) (L),1,1,0,TRUE
라떼_녹차 라떼 아이스(ICED) (ML),1,1,0,TRUE
라떼_녹차 라떼 핫(HOT) (EX),1,1,0,TRUE
라떼_녹차 라떼 핫(HOT) (L),1,1,0,TRUE
라떼_녹차 라떼 핫(HOT) (ML),1,1,0,TRUE
라떼_녹차 라떼 핫(HOT) (R),1,1,0,TRUE
라떼_다크 쇼콜라 아이스(ICED),1,1,0,TRUE
라떼_다크 쇼콜라 핫(HOT),1,1,0,TRUE
라떼_다크초코 라떼 아이스(ICED),1,1,0,TRUE
라떼_다크초코 라떼 핫(HOT),1,1,0,TRUE
라떼_단호박 라떼,1,1,0,TRUE
라떼_단호박 라떼 아이스(ICED),1,1,0,TRUE
라떼_단호박 라떼 핫(HOT),1,1,0,TRUE
라떼_달고나 버블 라떼,1,1,0,TRUE
라떼_달고나 카페 라떼,1,1,0,TRUE
라떼_달고나 크림밀크 아이스(ICED),1,1,0,TRUE
라떼_달고나밀크,1,1,0,TRUE
라떼_달콤 구름 라떼,1,1,0,TRUE
라떼_더블 초콜릿 라떼 아이스(ICED) (L),1,1,0,TRUE
라떼_더블 초콜릿 라떼 아이스(ICED) (R),1,1,0,TRUE
라떼_더블 초콜릿 라떼 핫(HOT) (L),1,1,0,TRUE
라떼_더블 초콜릿 라떼 핫(HOT) (R),1,1,0,TRUE
라떼_더블 토피넛 라떼 아이스(ICED),1,1,0,TRUE
라떼_더블 토피넛 라떼 핫(HOT),1,1,0,TRUE
라떼_더블초코라떼 아이스(ICED),1,1,0,TRUE
라떼_더블초코라떼 핫(HOT),1,1,0,TRUE
라떼_도넛파티 라떼,1,1,0,TRUE
라떼_디카페인 바닐라 크럼블 아이스크림 라떼 아이스(ICED),1,1,0,TRUE
라떼_딥초코 라떼 아이스(ICED) (L),1,1,0,TRUE
라떼_딥초코 라떼 아이스(ICED) (ML),1,1,0,TRUE
라떼_딥초코 라떼 핫(HOT) (ML),1,1,0,TRUE
라떼_딥초코버블 라떼 아이스(ICED),1,1,0,TRUE
라떼_딥초코버블 라떼 핫(HOT),1,1,0,TRUE
라떼_딸기 (L),1,1,0,TRUE
라떼_딸기 (R),1,1,0,TRUE
라떼_딸기 그린티 라떼,1,1,0,TRUE
라떼_딸기 듬뿍 라떼,1,1,0,TRUE
라떼_딸기 듬뿍 라떼 (L),1,1,0,TRUE
라떼_딸기 듬뿍 라떼 (XL),1,1,0,TRUE
라떼_딸기 라떼 (R),1,1,0,TRUE
라떼_딸기 라떼 아이스(ICED) (L),1,1,0,TRUE
라떼_딸기 라떼 아이스(ICED) (M),1,1,0,TRUE
라떼_딸기 초코 라떼,1,1,0,TRUE
라떼_딸기 크리미 라떼 아이스(ICED),1,1,0,TRUE
라떼_딸기라떼 아이스(ICED),1,1,0,TRUE
라떼_딸기버블 라떼 아이스(ICED),1,1,0,TRUE
라떼_딸기쏙쏙 아이스(ICED) (L),1,1,0,TRUE
라떼_레드벨벳 라떼 아이스(ICED),1,1,0,TRUE
라떼_레드벨벳 라떼 핫(HOT),1,1,0,TRUE
라떼_로얄 밀크티 라떼 아이스(ICED),1,1,0,TRUE
라떼_로얄 밀크티 라떼 핫(HOT),1,1,0,TRUE
라떼_리얼 단호박 라떼,1,1,0,TRUE
라떼_리얼 초코 아이스(ICED),1,1,0,TRUE
라떼_리얼 초코 핫(HOT),1,1,0,TRUE
라떼_리얼 홍시라떼,1,1,0,TRUE
라떼_리얼군고구마 라떼,1,1,0,TRUE
라떼_리얼초코 라떼 아이스(ICED),1,1,0,TRUE
라떼_리얼초코 라떼 핫(HOT),1,1,0,TRUE
라떼_리얼초코 아이스(ICED),1,1,0,TRUE
라떼_리얼초코 핫(HOT),1,1,0,TRUE
라떼_리얼프리미엄 모카 (L),1,1,0,TRUE
라떼_리얼프리미엄 모카 (R),1,1,0,TRUE
라떼_리얼프리미엄 바닐라 (L),1,1,0,TRUE
라떼_리얼프리미엄 바닐라 (R),1,1,0,TRUE
라떼_리얼프리미엄 초코 (L),1,1,0,TRUE
라떼_리얼프리미엄 초코 (R),1,1,0,TRUE
라떼_마스카포네치즈 라떼,1,1,0,TRUE
라떼_마카롱파티 라떼,1,1,0,TRUE
라떼_말차 라떼 아이스(ICED) (L),1,1,0,TRUE
라떼_말차 라떼 아이스(ICED) (M),1,1,0,TRUE
라떼_말차 라떼 핫(HOT) (L),1,1,0,TRUE
라떼_말차 라떼 핫(HOT) (M),1,1,0,TRUE
라떼_말차베리 라떼,1,1,0,TRUE
라떼_망고 라떼 아이스(ICED),1,1,0,TRUE
라떼_망고라떼,1,1,0,TRUE
라떼_망고라떼 아이스(ICED),1,1,0,TRUE
라떼_머스캣 밀크티 라떼 아이스(ICED) (L),1,1,0,TRUE
라떼_머스캣 밀크티 라떼 아이스(ICED) (R),1,1,0,TRUE
라떼_머스캣 밀크티 라떼 핫(HOT) (L),1,1,0,TRUE
라떼_머스캣 밀크티 라떼 핫(HOT) (R),1,1,0,TRUE
라떼_메가초코 라떼 아이스(ICED),1,1,0,TRUE
라떼_메가초코 라떼 핫(HOT),1,1,0,TRUE
라떼_미숫가루 라떼 아이스(ICED) (R),1,1,0,TRUE
라떼_미숫가루 라떼 핫(HOT),1,1,0,TRUE
라떼_미숫가루 라떼 핫(HOT) (L),1,1,0,TRUE
라떼_미숫가루 라떼 핫(HOT) (M),1,1,0,TRUE
라떼_미숫가루 아이스(ICED) (L),1,1,0,TRUE
라떼_미숫가루 아이스(ICED) (R),1,1,0,TRUE
라떼_민트 초콜릿 라떼 아이스(ICED),1,1,0,TRUE
라떼_민트 초콜릿 라떼 핫(HOT),1,1,0,TRUE
라떼_민트 초콜릿 아이스(ICED),1,1,0,TRUE
라떼_민트 초콜릿 핫(HOT),1,1,0,TRUE
라떼_민트초코 라떼 아이스(ICED) (M),1,1,0,TRUE
라떼_민트초코 라떼 핫(HOT) (M),1,1,0,TRUE
라떼_민트초코 아이스(ICED),1,1,0,TRUE
라떼_민트초코 핫(HOT),1,1,0,TRUE
라떼_민트초코오레오라떼 아이스(ICED),1,1,0,TRUE
라떼_민트초콜릿 아이스(ICED),1,1,0,TRUE
라떼_민트초콜릿 핫(HOT),1,1,0,TRUE
라떼_민트쵸코 라떼 아이스(ICED),1,1,0,TRUE
라떼_민트쵸코 라떼 핫(HOT),1,1,0,TRUE
라떼_민트쿠키 라떼 아이스(ICED),1,1,0,TRUE
라떼_민트쿠키 라떼 핫(HOT),1,1,0,TRUE
라떼_민트크림초코,1,1,0,TRUE
라떼_민트크림초코 라떼 아이스(ICED),1,1,0,TRUE
라떼_민트크림초코 라떼 핫(HOT),1,1,0,TRUE
라떼_밀크티,1,1,0,TRUE
라떼_밀크티 라떼 아이스(ICED) (L),1,1,0,TRUE
라떼_밀크티 라떼 아이스(ICED) (R),1,1,0,TRUE
라떼_밀크티 라떼 핫(HOT) (L),1,1,0,TRUE
라떼_밀크티 라떼 핫(HOT) (R),1,1,0,TRUE
라떼_밀크티 버블 라떼,1,1,0,TRUE
라떼_밀크티 버블 라떼 (L),1,1,0,TRUE
라떼_밀크티 브라운 슈가 버블 라떼 (R),1,1,0,TRUE
라떼_밀크폼 그린티 버블 라떼,1,1,0,TRUE
라떼_밀크폼 단호박 라떼,1,1,0,TRUE
라떼_밀크폼 달고나 버블 라떼,1,1,0,TRUE
라떼_밀크폼 달고나 카페 버블 라떼,1,1,0,TRUE
라떼_밀크폼 쑥 버블 라떼,1,1,0,TRUE
라떼_밀크폼 쑥임자 버블 라떼,1,1,0,TRUE
라떼_밀크폼 자색고구마 라떼,1,1,0,TRUE
라떼_밀크폼 초코 버블 라떼,1,1,0,TRUE
라떼_밀크폼 홍시 라떼,1,1,0,TRUE
라떼_밀크폼 흑임자 버블 라떼,1,1,0,TRUE
라떼_바나나듬뿍 아이스(ICED) (L),1,1,0,TRUE
라떼_바닐라,1,1,0,TRUE
라떼_바닐라 크럼블 아이스크림 라떼 아이스(ICED),1,1,0,TRUE
라떼_바닐라라떼 아이스(ICED),1,1,0,TRUE
라떼_바닐라라떼 핫(HOT),1,1,0,TRUE
라떼_밤 라떼 아이스(ICED),1,1,0,TRUE
라떼_밤 라떼 핫(HOT),1,1,0,TRUE
라떼_버블흑당 라떼,1,1,0,TRUE
라떼_베리큐브 아이스(ICED) (L),1,1,0,TRUE
라떼_베리큐브 아이스(ICED) (R),1,1,0,TRUE
라떼_브라운샷버블 라떼 아이스(ICED),1,1,0,TRUE
라떼_브라운샷버블 라떼 핫(HOT),1,1,0,TRUE
라떼_브라운슈가버블 라떼 아이스(ICED),1,1,0,TRUE
라떼_브라운슈가버블 라떼 핫(HOT),1,1,0,TRUE
라떼_블랙 슈가 밀크,1,1,0,TRUE
라떼_블랙 슈가 카페 라떼,1,1,0,TRUE
라떼_블랙 타이거 라떼 아이스(ICED),1,1,0,TRUE
라떼_블랙 타이거 라떼 핫(HOT),1,1,0,TRUE
라떼_블랙펄 라떼 아이스(ICED),1,1,0,TRUE
라떼_블루베리 라떼,1,1,0,TRUE
라떼_블루베리라떼 아이스(ICED),1,1,0,TRUE
라떼_생딸기 라떼,1,1,0,TRUE
라떼_샤이닝 슈가 아이스(ICED) (L),1,1,0,TRUE
라떼_샤이닝 슈가 아이스(ICED) (ML),1,1,0,TRUE
라떼_설향 딸기 라떼 아이스(ICED),1,1,0,TRUE
라떼_순수 딸기 바나나 우유,1,1,0,TRUE
라떼_순수 딸기 우유,1,1,0,TRUE
라떼_순수 우유 보틀 딸기,1,1,0,TRUE
라떼_순수 우유 보틀 딸기바나나,1,1,0,TRUE
라떼_순수 우유 보틀 딸기바나나 요거트,1,1,0,TRUE
라떼_순수 우유 보틀 딸기요거트,1,1,0,TRUE
라떼_슈파티 라떼,1,1,0,TRUE
라떼_스트로베리 라떼,1,1,0,TRUE
라떼_스트로베리 라떼 아이스(ICED) (L),1,1,0,TRUE
라떼_스트로베리 라떼 아이스(ICED) (R),1,1,0,TRUE
라떼_스트로베리 바나나 라떼 아이스(ICED) (ML),1,1,0,TRUE
라떼_슬림 딸기 라떼 아이스(ICED),1,1,0,TRUE
라떼_슬림 딸기 요거트 라떼 아이스(ICED),1,1,0,TRUE
라떼_슬림 리얼 생 초코 라떼 아이스(ICED),1,1,0,TRUE
라떼_슬림 망고 라떼 아이스(ICED),1,1,0,TRUE
라떼_시나몬 크림 초코 핫(HOT) (L),1,1,0,TRUE
라떼_시나몬 크림 초코 핫(HOT) (R),1,1,0,TRUE
라떼_시나몬크림초코 아이스(ICED) (L),1,1,0,TRUE
라떼_시나몬크림초코 아이스(ICED) (R),1,1,0,TRUE
라떼_쌍화 라떼,1,1,0,TRUE
라떼_쌍화라떼 아이스(ICED),1,1,0,TRUE
라떼_쌍화라떼 핫(HOT),1,1,0,TRUE
라떼_쑥 라떼 아이스(ICED) (L),1,1,0,TRUE
라떼_쑥 라떼 아이스(ICED) (Max),1,1,0,TRUE
라떼_쑥 라떼 아이스(ICED) (R),1,1,0,TRUE
라떼_쑥 라떼 핫(HOT) (L),1,1,0,TRUE
라떼_쑥 라떼 핫(HOT) (R),1,1,0,TRUE
라떼_아이스버블 밀크티 라떼 아이스(ICED) (L),1,1,0,TRUE
라떼_아이스버블 밀크티 라떼 아이스(ICED) (R),1,1,0,TRUE
라떼_아이스크림 딸기 라떼,1,1,0,TRUE
라떼_아이스크림 망고 라떼,1,1,0,TRUE
라떼_아이스크림 콜드브루 라떼,1,1,0,TRUE
라떼_앙버터 라떼,1,1,0,TRUE
라떼_애플망고 아이스볼 라떼,1,1,0,TRUE
라떼_약과 오트라떼 아이스(ICED),1,1,0,TRUE
라떼_약과 오트라떼 핫(HOT),1,1,0,TRUE
라떼_얼그레이 밀크티 라떼 아이스(ICED),1,1,0,TRUE
라떼_얼그레이 밀크티 라떼 아이스(ICED) (L),1,1,0,TRUE
라떼_얼그레이 밀크티 라떼 아이스(ICED) (R),1,1,0,TRUE
라떼_얼그레이 밀크티 라떼 핫(HOT),1,1,0,TRUE
라떼_얼그레이 밀크티 라떼 핫(HOT) (L),1,1,0,TRUE
라떼_얼그레이 밀크티 라떼 핫(HOT) (R),1,1,0,TRUE
라떼_영암 고구마 라떼 아이스(ICED),1,1,0,TRUE
라떼_영암 고구마 라떼 핫(HOT),1,1,0,TRUE
라떼_오곡 라떼,1,1,0,TRUE
라떼_오레오 크림 초코 라떼 아이스(ICED),1,1,0,TRUE
라떼_오레오초코 라떼 아이스(ICED),1,1,0,TRUE
라떼_오미자 라떼,1,1,0,TRUE
라떼_오트밀 라떼 아이스(ICED),1,1,0,TRUE
라떼_오트밀 라떼 핫(HOT),1,1,0,TRUE
라떼_옥수수 라떼 아이스(ICED) (L),1,1,0,TRUE
라떼_옥수수 라떼 아이스(ICED) (ML),1,1,0,TRUE
라떼_옥수수 라떼 핫(HOT) (ML),1,1,0,TRUE
라떼_옥수수 크리미 라떼 아이스(ICED),1,1,0,TRUE
라떼_우리 고구마 라떼 아이스(ICED),1,1,0,TRUE
라떼_우리 고구마 라떼 핫(HOT),1,1,0,TRUE
라떼_이곡 라떼 아이스(ICED),1,1,0,TRUE
라떼_이곡 라떼 핫(HOT),1,1,0,TRUE
라떼_잉글리쉬 브렉퍼스트 라떼 핫(HOT),1,1,0,TRUE
라떼_잉글리시 브렉퍼스트 티 라떼 아이스(ICED) (R),1,1,0,TRUE
라떼_잉글리시 브렉퍼스트 티 라떼 핫(HOT) (R),1,1,0,TRUE
라떼_자몽 라떼,1,1,0,TRUE
라떼_자색고구마 라떼 (R),1,1,0,TRUE
라떼_자색고구마 라떼 아이스(ICED),1,1,0,TRUE
라떼_자색고구마 라떼 아이스(ICED) (L),1,1,0,TRUE
라떼_자색고구마 라떼 아이스(ICED) (ML),1,1,0,TRUE
라떼_자색고구마 라떼 핫(HOT),1,1,0,TRUE
라떼_자색고구마 라떼 핫(HOT) (ML),1,1,0,TRUE
라떼_제주 까망 라떼 아이스(ICED) (Grande),1,1,0,TRUE
라떼_제주 까망 라떼 핫(HOT) (Grande),1,1,0,TRUE
라떼_제주 말차 라떼 아이스(ICED),1,1,0,TRUE
라떼_제주 말차 라떼 핫(HOT),1,1,0,TRUE
라떼_제주 말차 카페 라떼 아이스(ICED),1,1,0,TRUE
라떼_제주 말차 카페 라떼 핫(HOT),1,1,0,TRUE
라떼_제주 쑥쑥 라떼 핫(HOT) (Grande),1,1,0,TRUE
라떼_제주 유기농 말차로 만든 라떼 아이스(ICED) (Tall),1,1,0,TRUE
라떼_제주 유기농 말차로 만든 라떼 핫(HOT) (Tall),1,1,0,TRUE
라떼_제주 첫물 차광 녹차 라떼 아이스(ICED),1,1,0,TRUE
라떼_제주 첫물 차광 녹차 라떼 핫(HOT),1,1,0,TRUE
라떼_제주녹차 라떼 아이스(ICED) (L),1,1,0,TRUE
라떼_제주녹차 라떼 아이스(ICED) (R),1,1,0,TRUE
라떼_제주녹차 라떼 핫(HOT) (L),1,1,0,TRUE
라떼_제주녹차 라떼 핫(HOT) (R),1,1,0,TRUE
라떼_제주말차 라떼 아이스(ICED) (L),1,1,0,TRUE
라떼_제주말차 라떼 아이스(ICED) (XL),1,1,0,TRUE
라떼_제주말차 라떼 핫(HOT) (L),1,1,0,TRUE
라떼_제주말차 라떼 핫(HOT) (XL),1,1,0,TRUE
라떼_진저 (L),1,1,0,TRUE
라떼_진저 (R),1,1,0,TRUE
라떼_진저 라떼 아이스(ICED),1,1,0,TRUE
라떼_진저 라떼 핫(HOT),1,1,0,TRUE
라떼_진저 흑당 라떼 아이스(ICED),1,1,0,TRUE
라떼_진저 흑당 라떼 핫(HOT),1,1,0,TRUE
라떼_짱구 초코 라떼 아이스(ICED),1,1,0,TRUE
라떼_차이 라떼 아이스(ICED),1,1,0,TRUE
라떼_차이 라떼 아이스(ICED) (L),1,1,0,TRUE
라떼_차이 라떼 아이스(ICED) (ML),1,1,0,TRUE
라떼_차이 라떼 핫(HOT),1,1,0,TRUE
라떼_차이 라떼 핫(HOT) (ML),1,1,0,TRUE
라떼_차이티 라떼 아이스(ICED) (Tall),1,1,0,TRUE
라떼_차이티 라떼 핫(HOT) (Tall),1,1,0,TRUE
라떼_체리 요거트 라떼,1,1,0,TRUE
라떼_초당옥수수 라떼 아이스(ICED),1,1,0,TRUE
라떼_초당옥수수 라떼 핫(HOT),1,1,0,TRUE
라떼_초코 라떼,1,1,0,TRUE
라떼_초코 라떼 아이스(ICED) (M),1,1,0,TRUE
라떼_초코 라떼 아이스(ICED) 빽사이즈,1,1,0,TRUE
라떼_초코 라떼 핫(HOT) (M),1,1,0,TRUE
라떼_초코 리얼 라떼 아이스(ICED) (L),1,1,0,TRUE
라떼_초코 리얼 라떼 아이스(ICED) (XL),1,1,0,TRUE
라떼_초코 리얼 라떼 핫(HOT) (L),1,1,0,TRUE
라떼_초코 리얼 라떼 핫(HOT) (XL),1,1,0,TRUE
라떼_초코바나나 라떼 아이스(ICED),1,1,0,TRUE
라떼_초코바나나 라떼 핫(HOT),1,1,0,TRUE
라떼_초코베리 라떼 아이스(ICED),1,1,0,TRUE
라떼_초코베리 라떼 핫(HOT),1,1,0,TRUE
라떼_초콜릿 라떼 아이스(ICED),1,1,0,TRUE
라떼_초콜릿 라떼 아이스(ICED) (L),1,1,0,TRUE
라떼_초콜릿 라떼 아이스(ICED) (R),1,1,0,TRUE
라떼_초콜릿 라떼 핫(HOT),1,1,0,TRUE
라떼_초콜릿 라떼 핫(HOT) (L),1,1,0,TRUE
라떼_초콜릿 라떼 핫(HOT) (R),1,1,0,TRUE
라떼_초콜릿 밀크 아이스(ICED),1,1,0,TRUE
라떼_초콜릿 밀크 핫(HOT),1,1,0,TRUE
라떼_초콜릿 아이스(ICED),1,1,0,TRUE
라떼_초콜릿 아이스(ICED) (EX),1,1,0,TRUE
라떼_초콜릿 핫(HOT),1,1,0,TRUE
라떼_초콜릿 핫(HOT) (EX),1,1,0,TRUE
라떼_초콜릿라떼 (R),1,1,0,TRUE
라떼_치즈군고구마 라떼,1,1,0,TRUE
라떼_카라멜쿠키 라떼 핫(HOT),1,1,0,TRUE
라떼_카카오 라떼 아이스(ICED),1,1,0,TRUE
라떼_카카오 라떼 핫(HOT),1,1,0,TRUE
라떼_캐시미어 초코 (L),1,1,0,TRUE
라떼_캐시미어 초코 (R),1,1,0,TRUE
라떼_콘 라떼 아이스(ICED),1,1,0,TRUE
라떼_콘 라떼 핫(HOT),1,1,0,TRUE
라떼_쿠앤크 라떼 아이스(ICED) (L),1,1,0,TRUE
라떼_쿠앤크 라떼 아이스(ICED) (ML),1,1,0,TRUE
라떼_쿠앤크 라떼 핫(HOT) (ML),1,1,0,TRUE
라떼_쿠키초코라떼 아이스(ICED),1,1,0,TRUE
라떼_쿠키초코라떼 핫(HOT),1,1,0,TRUE
라떼_쿠키크림 라떼 아이스(ICED) (L),1,1,0,TRUE
라떼_쿠키크림 라떼 아이스(ICED) (M),1,1,0,TRUE
라떼_쿠키크림 라떼 핫(HOT) (L),1,1,0,TRUE
라떼_쿠키크림 라떼 핫(HOT) (M),1,1,0,TRUE
라떼_타로 버블 라떼 (L),1,1,0,TRUE
라떼_토피 넛 라떼 아이스(ICED),1,1,0,TRUE
라떼_토피 넛 라떼 아이스(ICED) (EX),1,1,0,TRUE
라떼_토피 넛 라떼 핫(HOT),1,1,0,TRUE
라떼_토피 넛 라떼 핫(HOT) (EX),1,1,0,TRUE
라떼_토피넛 라떼,1,1,0,TRUE
라떼_토피넛 크러쉬 라떼 (XL),1,1,0,TRUE
라떼_폭탄초코,1,1,0,TRUE
라떼_피스타치오 라떼 아이스(ICED),1,1,0,TRUE
라떼_피스타치오 라떼 아이스(ICED) (L),1,1,0,TRUE
라떼_피스타치오 라떼 아이스(ICED) (R),1,1,0,TRUE
라떼_피스타치오 라떼 핫(HOT),1,1,0,TRUE
라떼_피스타치오 라떼 핫(HOT) (L),1,1,0,TRUE
라떼_피스타치오 라떼 핫(HOT) (R),1,1,0,TRUE
라떼_피스타치오 카페 라떼 아이스(ICED),1,1,0,TRUE
라떼_피스타치오 카페 라떼 핫(HOT),1,1,0,TRUE
라떼_핑크블라썸 라떼 아이스(ICED),1,1,0,TRUE
라떼_핑크블라썸 라떼 핫(HOT),1,1,0,TRUE
라떼_하동 녹차 민트 라떼 아이스(ICED),1,1,0,TRUE
라떼_하동 녹차 민트 라떼 핫(HOT),1,1,0,TRUE
라떼_하동녹차 라떼 아이스(ICED),1,1,0,TRUE
라떼_하동녹차 라떼 핫(HOT),1,1,0,TRUE
라떼_핫초코큐브 핫(HOT),1,1,0,TRUE
라떼_허니 그린 라떼 아이스(ICED),1,1,0,TRUE
라떼_허니 그린 라떼 핫(HOT),1,1,0,TRUE
라떼_헤이즐넛 라떼 아이스(ICED),1,1,0,TRUE
라떼_헤이즐넛 라떼 핫(HOT),1,1,0,TRUE
라떼_헤이즐넛자바칩 라떼 아이스(ICED),1,1,0,TRUE
라떼_헤이즐넛자바칩 라떼 핫(HOT),1,1,0,TRUE
라떼_호두 라떼,1,1,0,TRUE
라떼_홍시 라떼 아이스(ICED),1,1,0,TRUE
라떼_홍차 라떼 아이스(ICED) (L),1,1,0,TRUE
라떼_홍차 라떼 아이스(ICED) (R),1,1,0,TRUE
라떼_홍차 라떼 핫(HOT),1,1,0,TRUE
라떼_홍차 라떼 핫(HOT) (L),1,1,0,TRUE
라떼_홍차 라떼 핫(HOT) (R),1,1,0,TRUE
라떼_홍차라떼,1,1,0,TRUE
라떼_화이트 초콜릿 아이스(ICED),1,1,0,TRUE
라떼_화이트 초콜릿 아이스(ICED) (EX),1,1,0,TRUE
라떼_화이트 초콜릿 핫(HOT),1,1,0,TRUE
라떼_화이트 초콜릿 핫(HOT) (EX),1,1,0,TRUE
라떼_화이트초코 라떼 아이스(ICED) (L),1,1,0,TRUE
라떼_화이트초코 라떼 아이스(ICED) (R),1,1,0,TRUE
라떼_화이트초코 라떼 핫(HOT) (L),1,1,0,TRUE
라떼_화이트초코 라떼 핫(HOT) (R),1,1,0,TRUE
라떼_흑당 단호박 라떼,1,1,0,TRUE
라떼_흑당 라떼 핫(HOT),1,1,0,TRUE
라떼_흑당 밀크티 라떼 아이스(ICED),1,1,0,TRUE
라떼_흑당 버블 라떼 아이스(ICED) (M),1,1,0,TRUE
라떼_흑당 펄 라떼 아이스(ICED) (L),1,1,0,TRUE
라떼_흑당 펄 라떼 아이스(ICED) (R),1,1,0,TRUE
라떼_흑당 펄 라떼 핫(HOT) (L),1,1,0,TRUE
라떼_흑당 펄 라떼 핫(HOT) (R),1,1,0,TRUE
라떼_흑당고구마 라떼,1,1,0,TRUE
라떼_흑당버블 라떼,1,1,0,TRUE
라떼_흑당버블 라떼 아이스(ICED),1,1,0,TRUE
라떼_흑당버블 밀크티 라떼 아이스(ICED),1,1,0,TRUE
라떼_흑당버블그린티 라떼 아이스(ICED),1,1,0,TRUE
라떼_흑임자 두유 라떼 아이스(ICED),1,1,0,TRUE
라떼_흑임자 두유 라떼 핫(HOT),1,1,0,TRUE
라떼_흑임자 라떼,1,1,0,TRUE
라떼_흑임자 라떼 아이스(ICED),1,1,0,TRUE
라떼_흑임자 라떼 아이스(ICED) (L),1,1,0,TRUE
라떼_흑임자 라떼 아이스(ICED) (ML),1,1,0,TRUE
라떼_흑임자 라떼 핫(HOT),1,1,0,TRUE
라떼_흑임자 라떼 핫(HOT) (ML),1,1,0,TRUE
라떼_흑호 라떼,1,1,0,TRUE
라멘_간편조리세트_매운돈코츠라멘,1,1,0,TRUE
라멘_돈코츠라멘,1,1,0,TRUE
라멘_미소라멘,1,1,0,TRUE
라멘_소유라멘,1,1,0,TRUE
라멘_시오라멘,1,1,0,TRUE
라면_간편조리세트_똠양꿍요괴라면,1,1,0,TRUE
라면_국물,1,1,0,TRUE
라면_라면만,1,1,0,TRUE
라면_만두,1,1,0,TRUE
라면_면,1,1,0,TRUE
라면_모듬,1,1,0,TRUE
라면_비빔라면,1,1,0,TRUE
라면_어묵,1,1,0,TRUE
라면_용기면,1,1,0,TRUE
라면_용기면_국물,1,1,0,TRUE
라면_용기면_면,1,1,0,TRUE
라면_용기면_볶음라면,1,1,0,TRUE
라면_짜장라면,1,1,0,TRUE
라면_짬뽕라면,1,1,0,TRUE
라면_콩나물,1,1,0,TRUE
레몬차_레몬 스윗플럼 핫(HOT),1,1,0,TRUE
레몬차_레몬민트티,1,1,0,TRUE
레몬차_레몬블루밍티 아이스(ICED) (L),1,1,0,TRUE
레몬차_레몬블루밍티 아이스(ICED) (Max),1,1,0,TRUE
레몬차_레몬블루밍티 아이스(ICED) (R),1,1,0,TRUE
레몬차_레몬블루밍티 핫(HOT) (L),1,1,0,TRUE
레몬차_레몬블루밍티 핫(HOT) (R),1,1,0,TRUE
레몬차_레몬차 (L),1,1,0,TRUE
레몬차_레몬차 (R),1,1,0,TRUE
레몬차_레몬차 아이스(ICED),1,1,0,TRUE
레몬차_레몬차 아이스(ICED) (M),1,1,0,TRUE
레몬차_레몬차 아이스(ICED) (ML),1,1,0,TRUE
레몬차_레몬차 핫(HOT),1,1,0,TRUE
레몬차_레몬차 핫(HOT) (L),1,1,0,TRUE
레몬차_레몬차 핫(HOT) (M),1,1,0,TRUE
레몬차_레몬차 핫(HOT) (ML),1,1,0,TRUE
레몬차_블루레몬티 아이스(ICED),1,1,0,TRUE
레몬차_블루레몬티 핫(HOT),1,1,0,TRUE
레몬차_진저레몬티 아이스(ICED),1,1,0,TRUE
레몬차_진저레몬티 핫(HOT),1,1,0,TRUE
레몬차_허니레몬 아이스(ICED),1,1,0,TRUE
레몬차_허니레몬 핫(HOT),1,1,0,TRUE
레몬청차,1,1,0,TRUE
레몬홍차_레몬 얼그레이티 핫(HOT),1,1,0,TRUE
레몬홍차_레몬얼그레이티 아이스(ICED),1,1,0,TRUE
레몬홍차_레몬얼그레이티 핫(HOT),1,1,0,TRUE
롤빵_녹차 도쿄롤 (L),1,1,0,TRUE
롤빵_녹차 도쿄롤 (S),1,1,0,TRUE
롤빵_달달연유롤빵,1,1,0,TRUE
롤빵_달달연유롤빵 (3개입),1,1,0,TRUE
롤빵_달콤한크림치즈시나몬롤,1,1,0,TRUE
롤빵_망고 도쿄롤 (L),1,1,0,TRUE
롤빵_망고 도쿄롤 (S),1,1,0,TRUE
롤빵_목장의아침우유롤,1,1,0,TRUE
롤빵_오리지널 도쿄롤 (L),1,1,0,TRUE
롤빵_오리지널 도쿄롤 (S),1,1,0,TRUE
롤빵_우유 생크림롤,1,1,0,TRUE
롤빵_자색 고구마 도쿄롤 (L),1,1,0,TRUE
롤빵_자색 고구마 도쿄롤 (S),1,1,0,TRUE
롤빵_카멜크림롤,1,1,0,TRUE
롤빵_클래식시나몬롤,1,1,0,TRUE
롤빵_화이트 초코 도쿄롤 (L),1,1,0,TRUE
롤빵_화이트 초코 도쿄롤 (S),1,1,0,TRUE
리소토/리조또_간편조리세트_베이컨버섯크림리조또,1,1,0,TRUE
리소토/리조또_간편조리세트_쉬림프로제리조또,1,1,0,TRUE
리소토/리조또_스파이시 씨푸드 리조또,1,1,0,TRUE
리소토/리조또_치킨 크림 리조또,1,1,0,TRUE
마늘빵,1,1,0,TRUE
마늘빵_부드러운갈릭브레드,1,1,0,TRUE
마늘빵_프렌치마늘빵,1,1,0,TRUE
마늘빵_프렌치마늘빵 (5개입),1,1,0,TRUE
마늘장아찌,1,1,0,TRUE
마늘장아찌무침,1,1,0,TRUE
마늘쫑장아찌,1,1,0,TRUE
마늘쫑장아찌_간장,1,1,0,TRUE
마늘쫑장아찌_고추장,1,1,0,TRUE
마늘쫑조림,1,1,0,TRUE
마늘쫑조림_멸치,1,1,0,TRUE
마라탕,1,1,0,TRUE
마라탕_간편조리세트_마라탕,1,1,0,TRUE
마카롱,1,1,0,TRUE
마카롱_갤럭시 마카롱,1,1,0,TRUE
마카롱_까망베르 치즈 마카롱,1,1,0,TRUE
마카롱_녹차 마카롱,1,1,0,TRUE
마카롱_녹차모찌 마카롱,1,1,0,TRUE
마카롱_누텔라 뚱카롱,1,1,0,TRUE
마카롱_다크 초콜릿 마카롱,1,1,0,TRUE
마카롱_다크초코가나슈 마카롱,1,1,0,TRUE
마카롱_달고나 마카롱,1,1,0,TRUE
마카롱_더블 초코 뚱카롱,1,1,0,TRUE
마카롱_돼지바 뚱카롱,1,1,0,TRUE
마카롱_돼지바 마카롱,1,1,0,TRUE
마카롱_딸기 치즈케익 뚱카롱,1,1,0,TRUE
마카롱_딸기 퐁카롱,1,1,0,TRUE
마카롱_딸기가나슈 마카롱,1,1,0,TRUE
마카롱_딸기요거트 뚱카롱,1,1,0,TRUE
마카롱_딸기요거트 마카롱,1,1,0,TRUE
마카롱_라즈베리 뚱카롱,1,1,0,TRUE
마카롱_레드벨벳 마카롱,1,1,0,TRUE
마카롱_레몬 마카롱,1,1,0,TRUE
마카롱_레인보우 마카롱 (5입),1,1,0,TRUE
마카롱_로즈라즈베리 뚱카롱,1,1,0,TRUE
마카롱_리얼블루베리 마카롱,1,1,0,TRUE
마카롱_리얼치즈 마카롱,1,1,0,TRUE
마카롱_마다가스카르바닐라 마카롱,1,1,0,TRUE
마카롱_마약옥수수 뚱카롱,1,1,0,TRUE
마카롱_마카롱,1,1,0,TRUE
마카롱_말차 뚱카롱,1,1,0,TRUE
마카롱_망고가나슈 마카롱,1,1,0,TRUE
마카롱_망고프로피컬 마카롱,1,1,0,TRUE
마카롱_메가초코 마카롱,1,1,0,TRUE
마카롱_민트초코 마카롱,1,1,0,TRUE
마카롱_바나나누텔라 마카롱,1,1,0,TRUE
마카롱_바닐라 딜라이트 뚱카롱,1,1,0,TRUE
마카롱_벚꽃 마카롱 5종 세트,1,1,0,TRUE
마카롱_벨지안초콜릿 마카롱,1,1,0,TRUE
마카롱_블루하와이 마카롱,1,1,0,TRUE
마카롱_샤인머스켓 마카롱,1,1,0,TRUE
마카롱_소다 마카롱,1,1,0,TRUE
마카롱_솔티드카라멜 마카롱,1,1,0,TRUE
마카롱_솔티카라멜 뚱카롱,1,1,0,TRUE
마카롱_솜사탕 마카롱,1,1,0,TRUE
마카롱_순우유 뚱카롱,1,1,0,TRUE
마카롱_슈팅요거트 마카롱,1,1,0,TRUE
마카롱_슈팅캔디 마카롱,1,1,0,TRUE
마카롱_스트로베리 마카롱,1,1,0,TRUE
마카롱_스트로베리 치즈 마카롱,1,1,0,TRUE
마카롱_아몬드봉봉 마카롱,1,1,0,TRUE
마카롱_얼그레이 쇼콜라 마카롱,1,1,0,TRUE
마카롱_연유 뚱카롱,1,1,0,TRUE
마카롱_오레오 뚱카롱,1,1,0,TRUE
마카롱_오레오 마카롱,1,1,0,TRUE
마카롱_오렌지얼그레이 마카롱,1,1,0,TRUE
마카롱_오마이그린티 마카롱,1,1,0,TRUE
마카롱_요거트 마카롱,1,1,0,TRUE
마카롱_우유 마카롱,1,1,0,TRUE
마카롱_우유치즈 마카롱,1,1,0,TRUE
마카롱_월드콘 마카롱,1,1,0,TRUE
마카롱_유니콘 마카롱,1,1,0,TRUE
마카롱_유니콘프라페 마카롱,1,1,0,TRUE
마카롱_유자가나슈 마카롱,1,1,0,TRUE
마카롱_인절미 뚱카롱,1,1,0,TRUE
마카롱_인절미 마카롱,1,1,0,TRUE
마카롱_천사의눈물(우유) 마카롱,1,1,0,TRUE
마카롱_초땅샌드 마카롱,1,1,0,TRUE
마카롱_초코 퐁카롱,1,1,0,TRUE
마카롱_초코떡카롱,1,1,0,TRUE
마카롱_초코라떼 마카롱,1,1,0,TRUE
마카롱_초코악마 마카롱,1,1,0,TRUE
마카롱_초코프레소 마카롱,1,1,0,TRUE
마카롱_치즈 마카롱,1,1,0,TRUE
마카롱_치즈케이크 마카롱,1,1,0,TRUE
마카롱_카라멜 마카롱,1,1,0,TRUE
마카롱_카라멜솔티드 뚱카롱,1,1,0,TRUE
마카롱_쿠쿠촉촉(오레오) 마카롱,1,1,0,TRUE
마카롱_쿠쿠촉촉(오레오)가나슈 마카롱,1,1,0,TRUE
마카롱_쿠쿠피그 마카롱,1,1,0,TRUE
마카롱_쿠크샌드 마카롱,1,1,0,TRUE
마카롱_쿠키 앤 크림 마카롱,1,1,0,TRUE
마카롱_쿠키프라페 마카롱,1,1,0,TRUE
마카롱_크랜베리딸기 마카롱,1,1,0,TRUE
마카롱_크림브륄레 마카롱,1,1,0,TRUE
마카롱_크림치즈티라미수 마카롱,1,1,0,TRUE
마카롱_타르트에빠진레드벨벳치즈 마카롱,1,1,0,TRUE
마카롱_토피넛크런치 마카롱,1,1,0,TRUE
마카롱_패션후르츠 마카롱,1,1,0,TRUE
마카롱_퐁크러쉬 마카롱,1,1,0,TRUE
마카롱_프렌치 블루베리 마카롱,1,1,0,TRUE
마카롱_피치오레오 마카롱,1,1,0,TRUE
마카롱_핑쿠핑쿠 마카롱,1,1,0,TRUE
마카롱_핑크딸기 마카롱,1,1,0,TRUE
마카롱_핑크솔티드 카라멜 마카롱,1,1,0,TRUE
마카롱_허니레몬 마카롱,1,1,0,TRUE
마카롱_호박고구마 마카롱,1,1,0,TRUE
마카롱_황치즈 뚱카롱,1,1,0,TRUE
마카롱_황치즈 마카롱,1,1,0,TRUE
마테차_메리베리마테 아이스(ICED) (L),1,1,0,TRUE
마테차_메리베리마테 아이스(ICED) (M),1,1,0,TRUE
마테차_메리베리마테 핫(HOT) (L),1,1,0,TRUE
마테차_메리베리마테 핫(HOT) (M),1,1,0,TRUE
마테차_베리마테,1,1,0,TRUE
마테차_스위트마테,1,1,0,TRUE
마파두부_간편조리세트_백리향 마파두부,1,1,0,TRUE
막창구이_소고기,1,1,0,TRUE
만두_군만두,1,1,0,TRUE
만두_물만두,1,1,0,TRUE
만두국,1,1,0,TRUE
만두국_사골,1,1,0,TRUE
만두전골,1,1,0,TRUE
만두전골_간편조리세트_얼큰왕만두전골,1,1,0,TRUE
망둥어찌개,1,1,0,TRUE
망둥어찜,1,1,0,TRUE
매생이국,1,1,0,TRUE
매실장아찌,1,1,0,TRUE
매실장아찌_우메보시(일본),1,1,0,TRUE
매운탕_광어,1,1,0,TRUE
매운탕_동태_해물,1,1,0,TRUE
매운탕_메기_해물,1,1,0,TRUE
매운탕_서더리,1,1,0,TRUE
매운탕_조기,1,1,0,TRUE
매운탕_짱뚱어,1,1,0,TRUE
매작과,1,1,0,TRUE
머위나물,1,1,0,TRUE
머위나물무침,1,1,0,TRUE
머위나물볶음,1,1,0,TRUE
머위대나물무침,1,1,0,TRUE
머핀,1,1,0,TRUE
머핀_게랑트쇼콜라 (L),1,1,0,TRUE
머핀_까놀레,1,1,0,TRUE
머핀_레몬 마들렌,1,1,0,TRUE
머핀_마드렌,1,1,0,TRUE
머핀_마들렌,1,1,0,TRUE
머핀_머핀,1,1,0,TRUE
머핀_생미쉘시트러스마들렌,1,1,0,TRUE
머핀_쌀휘낭시에,1,1,0,TRUE
머핀_얼그레이 레몬 머핀,1,1,0,TRUE
머핀_얼그레이 휘낭시에,1,1,0,TRUE
머핀_초코 마들렌,1,1,0,TRUE
머핀_초코 바나나 머핀,1,1,0,TRUE
머핀_초콜릿휘낭시에 글루텐프리,1,1,0,TRUE
머핀_카러멜 마들렌,1,1,0,TRUE
머핀_캐러멜 마들렌,1,1,0,TRUE
머핀_크림치즈 머핀,1,1,0,TRUE
머핀_플레인 머핀,1,1,0,TRUE
머핀_피낭시에,1,1,0,TRUE
머핀_허쉬초코 머핀,1,1,0,TRUE
머핀_헤이즐넛 휘낭시에,1,1,0,TRUE
머핀_휘낭시에 글루텐프리,1,1,0,TRUE
머핀_휘낭시에 로투스,1,1,0,TRUE
머핀_휘낭시에 소보로,1,1,0,TRUE
머핀_휘낭시에 소시지,1,1,0,TRUE
머핀_휘낭시에 약과,1,1,0,TRUE
머핀_휘낭시에 오레오,1,1,0,TRUE
머핀_휘낭시에 크림치즈,1,1,0,TRUE
머핀_휘낭시에 플레인,1,1,0,TRUE
메기 매운탕,1,1,0,TRUE
메기찜,1,1,0,TRUE
메밀국수_온면,1,1,0,TRUE
메밀소바,1,1,0,TRUE
메밀소바_간편조리세트_부타이 마제소바,1,1,0,TRUE
메밀전,1,1,0,TRUE
메추리알장조림_꽈리고추,1,1,0,TRUE
멘보샤,1,1,0,TRUE
멘보샤_멘보샤_통새우 멘보샤 (5개),1,1,0,TRUE
멘보샤_텃만꿍멘보샤 (4개),1,1,0,TRUE
멸치 미역국,1,1,0,TRUE
멸치볶음(멸치만),1,1,0,TRUE
멸치볶음_마늘쫑,1,1,0,TRUE
멸치젓_양념,1,1,0,TRUE
명란젓_양념,1,1,0,TRUE
명란찌개,1,1,0,TRUE
명란찜,1,1,0,TRUE
명태 매운탕,1,1,0,TRUE
모닝빵,1,1,0,TRUE
모닝빵_굿모닝브리오슈,1,1,0,TRUE
모닝빵_바로만든모닝빵 (10입),1,1,0,TRUE
모닝빵_부드러운연유브레드,1,1,0,TRUE
모닝빵_순수한맛순우유롤 (봉),1,1,0,TRUE
모닝빵_스위트밀크롤 (1개입),1,1,0,TRUE
모닝빵_스위트밀크롤 (2개입),1,1,0,TRUE
모닝빵_스위트밀크롤 (3개입),1,1,0,TRUE
모닝빵_스위트밀크롤 (4개입),1,1,0,TRUE
모닝빵_스위트밀크롤 (5개입),1,1,0,TRUE
모닝빵_스위트밀크롤 (6개입),1,1,0,TRUE
모닝빵_야채모닝롤 (8입),1,1,0,TRUE
모닝빵_연유퐁당밀크 브레드 (소),1,1,0,TRUE
모닝빵_우유듬뿍연유브레드,1,1,0,TRUE
모닝빵_우유듬뿍연유브레드 (대),1,1,0,TRUE
모닝빵_진한초코브레드,1,1,0,TRUE
모닝빵_초코아몬드브레드,1,1,0,TRUE
모닝빵_폭신폭신우유 브레드,1,1,0,TRUE
모닝빵_한겹한겹촉촉한밀크 브레드,1,1,0,TRUE
모닝빵_혼자서도즐기는연유브레드,1,1,0,TRUE
모듬 김밥,1,1,0,TRUE
모듬 콩조림,1,1,0,TRUE
모듬채소전,1,1,0,TRUE
모듬채소전골,1,1,0,TRUE
모듬회,1,1,0,TRUE
모싯잎송편_동부,1,1,0,TRUE
모싯잎송편_동부(국내산),1,1,0,TRUE
모싯잎송편_동부(수입산),1,1,0,TRUE
모카빵,1,1,0,TRUE
몸국,1,1,0,TRUE
무 파래무침,1,1,0,TRUE
무국_소고기_느타리,1,1,0,TRUE
무국_소고기_당면,1,1,0,TRUE
무국_소고기_두부,1,1,0,TRUE
무국_홍합,1,1,0,TRUE
무국물,1,1,0,TRUE
무나물무침,1,1,0,TRUE
무말랭이장아찌,1,1,0,TRUE
무밥,1,1,0,TRUE
무생채(무만),1,1,0,TRUE
무생채_미역,1,1,0,TRUE
무숙장아찌,1,1,0,TRUE
무지개떡,1,1,0,TRUE
무짠지,1,1,0,TRUE
무청나물,1,1,0,TRUE
무초절임(치킨무),1,1,0,TRUE
묵국_메밀묵,1,1,0,TRUE
묵말이_도토리묵,1,1,0,TRUE
묵무침_청포묵,1,1,0,TRUE
문어볶음,1,1,0,TRUE
문어볶음_고추장,1,1,0,TRUE
물김치_돌나물,1,1,0,TRUE
물회,1,1,0,TRUE
물회_생선,1,1,0,TRUE
물회_오징어,1,1,0,TRUE
미꾸라지튀김,1,1,0,TRUE
미나리나물,1,1,0,TRUE
미나리나물_모듬,1,1,0,TRUE
미나리나물_소금,1,1,0,TRUE
미나리전,1,1,0,TRUE
미더덕찜,1,1,0,TRUE
미숫가루,1,1,0,TRUE
미숫가루_미숫가루,1,1,0,TRUE
미숫가루_오곡 미숫가루,1,1,0,TRUE
미숫가루_제주 보리개역 아이스(ICED),1,1,0,TRUE
미숫가루_제주 보리개역 핫(HOT),1,1,0,TRUE
미역국_굴,1,1,0,TRUE
미역국_대합,1,1,0,TRUE
미역국_들깨,1,1,0,TRUE
미역국_새우,1,1,0,TRUE
미역국_참치,1,1,0,TRUE
미역냉국,1,1,0,TRUE
미역줄기볶음_미역줄기_채소,1,1,0,TRUE
미음,1,1,0,TRUE
미음_칠분도미,1,1,0,TRUE
미음_현미,1,1,0,TRUE
미트볼조림_샤샤삭슈카,1,1,0,TRUE
민들레무침,1,1,0,TRUE
민들레잎무침,1,1,0,TRUE
민어 매운탕,1,1,0,TRUE
민어구이,1,1,0,TRUE
밀면_물밀면,1,1,0,TRUE
밀크쉐이크_바닐라,1,1,0,TRUE
밀크티/버블티_골든펄 돌체 밀크티,1,1,0,TRUE
밀크티/버블티_그린 밀크티 아이스(ICED),1,1,0,TRUE
밀크티/버블티_그린 밀크티 핫(HOT),1,1,0,TRUE
밀크티/버블티_납작복숭아 쥬얼리 밀크티,1,1,0,TRUE
밀크티/버블티_돌체 블랙 밀크티 아이스(ICED),1,1,0,TRUE
밀크티/버블티_돌체 블랙 밀크티 아이스(ICED) (Tall),1,1,0,TRUE
밀크티/버블티_돌체 블랙 밀크티 핫(HOT),1,1,0,TRUE
밀크티/버블티_돌체 블랙 밀크티 핫(HOT) (Tall),1,1,0,TRUE
밀크티/버블티_딸기 듬뿍 밀크티,1,1,0,TRUE
밀크티/버블티_딸기 쥬얼리 밀크티 아이스(ICED),1,1,0,TRUE
밀크티/버블티_로얄 달고나 밀크티,1,1,0,TRUE
밀크티/버블티_로얄 밀크티,1,1,0,TRUE
밀크티/버블티_로얄 밀크티 아이스(ICED) (L),1,1,0,TRUE
밀크티/버블티_로얄 밀크티 아이스(ICED) (R),1,1,0,TRUE
밀크티/버블티_로얄 밀크티 핫(HOT) (L),1,1,0,TRUE
밀크티/버블티_로얄 밀크티 핫(HOT) (R),1,1,0,TRUE
밀크티/버블티_로얄 흑당 밀크티,1,1,0,TRUE
밀크티/버블티_로얄밀크 버블티,1,1,0,TRUE
밀크티/버블티_로열 밀크티 아이스(ICED),1,1,0,TRUE
밀크티/버블티_로열 밀크티 핫(HOT),1,1,0,TRUE
밀크티/버블티_리얼 딸기 쥬얼리 밀크티,1,1,0,TRUE
밀크티/버블티_민트 밀크티 아이스(ICED) (L),1,1,0,TRUE
밀크티/버블티_민트 밀크티 아이스(ICED) (XL),1,1,0,TRUE
밀크티/버블티_민트 밀크티 핫(HOT) (L),1,1,0,TRUE
밀크티/버블티_민트 밀크티 핫(HOT) (XL),1,1,0,TRUE
밀크티/버블티_밀크 버블티,1,1,0,TRUE
밀크티/버블티_밀크티 달구나 아이스(ICED) (L),1,1,0,TRUE
밀크티/버블티_밀크티 달구나 아이스(ICED) (ML),1,1,0,TRUE
밀크티/버블티_밀크티 달구나 핫(HOT) (ML),1,1,0,TRUE
밀크티/버블티_밀크티 아이스(ICED) (EX),1,1,0,TRUE
밀크티/버블티_밀크티 핫(HOT) (EX),1,1,0,TRUE
밀크티/버블티_버터스카치폼 밀크티 아이스(ICED),1,1,0,TRUE
밀크티/버블티_브라운 슈가 쥬얼리 밀크티 아이스(ICED),1,1,0,TRUE
밀크티/버블티_브라운 슈가 쥬얼리 밀크티 핫(HOT),1,1,0,TRUE
밀크티/버블티_브라운슈가 버블 밀크티,1,1,0,TRUE
밀크티/버블티_브라운슈가 버블티,1,1,0,TRUE
밀크티/버블티_블랙 밀크티 아이스(ICED) (J),1,1,0,TRUE
밀크티/버블티_블랙 밀크티 아이스(ICED) (M),1,1,0,TRUE
밀크티/버블티_블랙 밀크티 아이스(ICED) (XL),1,1,0,TRUE
밀크티/버블티_블랙 밀크티 핫(HOT) (J),1,1,0,TRUE
밀크티/버블티_블랙 밀크티 핫(HOT) (M),1,1,0,TRUE
밀크티/버블티_블랙 밀크티 핫(HOT) (XL),1,1,0,TRUE
밀크티/버블티_블랙 밀크티+펄 아이스(ICED) (J),1,1,0,TRUE
밀크티/버블티_블랙 밀크티+펄 아이스(ICED) (L),1,1,0,TRUE
밀크티/버블티_블랙 밀크티+펄 핫(HOT) (J),1,1,0,TRUE
밀크티/버블티_블랙 밀크티+펄 핫(HOT) (L),1,1,0,TRUE
밀크티/버블티_블랙버블 밀크티,1,1,0,TRUE
밀크티/버블티_블랙슈가 버블티,1,1,0,TRUE
밀크티/버블티_블랙펄 밀크티 아이스(ICED),1,1,0,TRUE
밀크티/버블티_순수 밀크티 보틀,1,1,0,TRUE
밀크티/버블티_순수 카페 밀크티 보틀,1,1,0,TRUE
밀크티/버블티_슬림 타로 JMT,1,1,0,TRUE
밀크티/버블티_아몬드 밀크티 아이스(ICED),1,1,0,TRUE
밀크티/버블티_아몬드 밀크티 핫(HOT),1,1,0,TRUE
밀크티/버블티_아쌈 버블티,1,1,0,TRUE
밀크티/버블티_아이스버블 밀크티 아이스(ICED) (L),1,1,0,TRUE
밀크티/버블티_아이스버블 밀크티 아이스(ICED) (R),1,1,0,TRUE
밀크티/버블티_얼그레이 밀크티 아이스(ICED) (J),1,1,0,TRUE
밀크티/버블티_얼그레이 밀크티 아이스(ICED) (XL),1,1,0,TRUE
밀크티/버블티_얼그레이 밀크티 핫(HOT) (J),1,1,0,TRUE
밀크티/버블티_얼그레이 밀크티 핫(HOT) (XL),1,1,0,TRUE
밀크티/버블티_얼그레이 버블티,1,1,0,TRUE
밀크티/버블티_얼그레이버블티 아이스(ICED),1,1,0,TRUE
밀크티/버블티_우롱 밀크티 아이스(ICED) (J),1,1,0,TRUE
밀크티/버블티_우롱 밀크티 아이스(ICED) (XL),1,1,0,TRUE
밀크티/버블티_우롱 밀크티 핫(HOT) (J),1,1,0,TRUE
밀크티/버블티_우롱 밀크티 핫(HOT) (XL),1,1,0,TRUE
밀크티/버블티_자스민 그린 밀크티 아이스(ICED) (J),1,1,0,TRUE
밀크티/버블티_자스민 그린 밀크티 아이스(ICED) (XL),1,1,0,TRUE
밀크티/버블티_자스민 그린 밀크티 핫(HOT) (J),1,1,0,TRUE
밀크티/버블티_자스민 그린 밀크티 핫(HOT) (XL),1,1,0,TRUE
밀크티/버블티_자스민우롱 밀크티 아이스(ICED),1,1,0,TRUE
밀크티/버블티_자스민우롱 밀크티 핫(HOT),1,1,0,TRUE
밀크티/버블티_제주 그린 밀크티 아이스(ICED) (J),1,1,0,TRUE
밀크티/버블티_제주 그린 밀크티 아이스(ICED) (L),1,1,0,TRUE
밀크티/버블티_제주 그린 밀크티 핫(HOT) (J),1,1,0,TRUE
밀크티/버블티_제주 그린 밀크티 핫(HOT) (L),1,1,0,TRUE
밀크티/버블티_제주 그린 밀크티+펄 아이스(ICED) (J),1,1,0,TRUE
밀크티/버블티_제주 그린 밀크티+펄 아이스(ICED) (L),1,1,0,TRUE
밀크티/버블티_제주 그린 밀크티+펄 핫(HOT) (J),1,1,0,TRUE
밀크티/버블티_제주 그린 밀크티+펄 핫(HOT) (L),1,1,0,TRUE
밀크티/버블티_제주 말차 밀크티 아이스(ICED) (L),1,1,0,TRUE
밀크티/버블티_제주 말차 밀크티 아이스(ICED) (XL),1,1,0,TRUE
밀크티/버블티_제주 말차 밀크티 핫(HOT) (L),1,1,0,TRUE
밀크티/버블티_제주 말차 밀크티 핫(HOT) (XL),1,1,0,TRUE
밀크티/버블티_진저 밀크티,1,1,0,TRUE
밀크티/버블티_진저 밀크티 아이스(ICED),1,1,0,TRUE
밀크티/버블티_청순밀크티 보틀,1,1,0,TRUE
밀크티/버블티_초당옥수수 밀크티+펄,1,1,0,TRUE
밀크티/버블티_초코 밀크티 아이스(ICED) (L),1,1,0,TRUE
밀크티/버블티_초코 밀크티 아이스(ICED) (XL),1,1,0,TRUE
밀크티/버블티_초코 밀크티 핫(HOT) (L),1,1,0,TRUE
밀크티/버블티_초코 밀크티 핫(HOT) (XL),1,1,0,TRUE
밀크티/버블티_초코 버블티,1,1,0,TRUE
밀크티/버블티_초콜렛 밀크티 아이스(ICED) (J),1,1,0,TRUE
밀크티/버블티_초콜렛 밀크티 아이스(ICED) (L),1,1,0,TRUE
밀크티/버블티_초콜렛 밀크티 핫(HOT) (J),1,1,0,TRUE
밀크티/버블티_초콜렛 밀크티 핫(HOT) (L),1,1,0,TRUE
밀크티/버블티_초콜릿 밀크티 아이스(ICED),1,1,0,TRUE
밀크티/버블티_초콜릿 밀크티 핫(HOT),1,1,0,TRUE
밀크티/버블티_치즈 폼 밀크티 아이스(ICED),1,1,0,TRUE
밀크티/버블티_커피베이 달고나 버블티,1,1,0,TRUE
밀크티/버블티_코코넛 버블티,1,1,0,TRUE
밀크티/버블티_클래식 밀크티 아이스(ICED),1,1,0,TRUE
밀크티/버블티_클래식 밀크티 핫(HOT),1,1,0,TRUE
밀크티/버블티_타로 밀크티 아이스(ICED) (J),1,1,0,TRUE
밀크티/버블티_타로 밀크티 아이스(ICED) (XL),1,1,0,TRUE
밀크티/버블티_타로 밀크티 핫(HOT) (J),1,1,0,TRUE
밀크티/버블티_타로 밀크티 핫(HOT) (XL),1,1,0,TRUE
밀크티/버블티_타로 밀크티+펄 아이스(ICED) (J),1,1,0,TRUE
밀크티/버블티_타로 밀크티+펄 아이스(ICED) (L),1,1,0,TRUE
밀크티/버블티_타로 밀크티+펄 핫(HOT) (J),1,1,0,TRUE
밀크티/버블티_타로 밀크티+펄 핫(HOT) (L),1,1,0,TRUE
밀크티/버블티_타로버블 밀크티,1,1,0,TRUE
밀크티/버블티_피스타치오 밀크티 아이스(ICED) (J),1,1,0,TRUE
밀크티/버블티_피스타치오 밀크티 아이스(ICED) (L),1,1,0,TRUE
밀크티/버블티_피스타치오 밀크티 핫(HOT) (J),1,1,0,TRUE
밀크티/버블티_피스타치오 밀크티 핫(HOT) (L),1,1,0,TRUE
밀크티/버블티_피스타치오 밀크티+펄 아이스(ICED) (J),1,1,0,TRUE
밀크티/버블티_피스타치오 밀크티+펄 아이스(ICED)) (L),1,1,0,TRUE
밀크티/버블티_피스타치오 밀크티+펄 핫(HOT) (J),1,1,0,TRUE
밀크티/버블티_피스타치오 밀크티+펄 핫(HOT) (L),1,1,0,TRUE
밀크티/버블티_하동 호지 밀크티 아이스(ICED) (J),1,1,0,TRUE
밀크티/버블티_하동 호지 밀크티 아이스(ICED) (L),1,1,0,TRUE
밀크티/버블티_하동 호지 밀크티 핫(HOT) (J),1,1,0,TRUE
밀크티/버블티_하동 호지 밀크티 핫(HOT) (L),1,1,0,TRUE
밀크티/버블티_허니 밀크티 아이스(ICED) (L),1,1,0,TRUE
밀크티/버블티_허니 밀크티 아이스(ICED) (M),1,1,0,TRUE
밀크티/버블티_허니 밀크티 핫(HOT) (L),1,1,0,TRUE
밀크티/버블티_허니 밀크티 핫(HOT) (M),1,1,0,TRUE
밀크티/버블티_허니 얼 그레이 밀크티 아이스(ICED) (Grande),1,1,0,TRUE
밀크티/버블티_허니 얼 그레이 밀크티 핫(HOT) (Grande),1,1,0,TRUE
밀크티/버블티_흑당 말차 버블티,1,1,0,TRUE
밀크티/버블티_흑당 밀크티 아이스(ICED),1,1,0,TRUE
밀크티/버블티_흑당 밀크티 아이스(ICED) (L),1,1,0,TRUE
밀크티/버블티_흑당 밀크티 아이스(ICED) (M),1,1,0,TRUE
밀크티/버블티_흑당 밀크티 아이스(ICED) (XL),1,1,0,TRUE
밀크티/버블티_흑당 밀크티 핫(HOT) (L),1,1,0,TRUE
밀크티/버블티_흑당 밀크티 핫(HOT) (XL),1,1,0,TRUE
밀크티/버블티_흑당 버블티 아이스(ICED),1,1,0,TRUE
밀크티/버블티_흑당 쇼콜라 버블티,1,1,0,TRUE
밀크티/버블티_흑당 시나몬 버블티,1,1,0,TRUE
밀크티/버블티_흑당 카페 버블티,1,1,0,TRUE
밀크티/버블티_흑당 펄 밀크티 아이스(ICED) (L),1,1,0,TRUE
밀크티/버블티_흑당 펄 밀크티 아이스(ICED) (R),1,1,0,TRUE
밀크티/버블티_흑당 펄 밀크티 핫(HOT) (L),1,1,0,TRUE
밀크티/버블티_흑당 펄 밀크티 핫(HOT) (R),1,1,0,TRUE
밀크티/버블티_흑당 홍차 버블티,1,1,0,TRUE
밀크티/버블티_흑설탕 버블티,1,1,0,TRUE
밀크티_블랙,1,1,0,TRUE
밀크티_초콜릿,1,1,0,TRUE
밀크티_타로,1,1,0,TRUE
밀크티_흑당,1,1,0,TRUE
밀크티_흑당밀크 아이스(ICED),1,1,0,TRUE
밀푀유나베_간편조리세트_매콤 밀푀유나베,1,1,0,TRUE
바게트_NEW 모닝바게뜨,1,1,0,TRUE
바게트_NEW마늘바게뜨,1,1,0,TRUE
바게트_갈릭 바게트볼,1,1,0,TRUE
바게트_갈릭 치즈 부기브레드,1,1,0,TRUE
바게트_갈릭바게뜨,1,1,0,TRUE
바게트_꿀버터 바게트,1,1,0,TRUE
바게트_달콤바삭연유바게뜨,1,1,0,TRUE
바게트_달콤한 연유바게뜨,1,1,0,TRUE
바게트_대파 바게트볼,1,1,0,TRUE
바게트_마늘모닝바게뜨,1,1,0,TRUE
바게트_마늘바게뜨,1,1,0,TRUE
바게트_마늘빵 (5개입),1,1,0,TRUE
바게트_마롱깜파뉴,1,1,0,TRUE
바게트_명란바게뜨,1,1,0,TRUE
바게트_모닝바게뜨,1,1,0,TRUE
바게트_무화과크림 바게트,1,1,0,TRUE
바게트_미엘프로마쥬,1,1,0,TRUE
바게트_바게트_바게트볼,1,1,0,TRUE
바게트_반미마늘스틱,1,1,0,TRUE
바게트_반미바게뜨,1,1,0,TRUE
바게트_순수바게트,1,1,0,TRUE
바게트_스위트깜빠뉴,1,1,0,TRUE
바게트_쌀모닝 바게트 (2개입),1,1,0,TRUE
바게트_자꾸 생각나는 갈릭바게뜨,1,1,0,TRUE
바게트_정통바게뜨,1,1,0,TRUE
바게트_치즈바게뜨,1,1,0,TRUE
바게트_콘에그바게뜨,1,1,0,TRUE
바게트_크랜베리 로프,1,1,0,TRUE
바게트_크랜베리윌넛,1,1,0,TRUE
바게트_크림치즈모닝바게뜨,1,1,0,TRUE
바게트_크림치즈모닝바게뜨 (H),1,1,0,TRUE
바게트_토마토 치즈 부기브레드,1,1,0,TRUE
바게트_통검정보리브레드,1,1,0,TRUE
바게트_통밀깜파뉴,1,1,0,TRUE
바게트_파리의 갈릭바게뜨,1,1,0,TRUE
바게트_파리의 바게뜨,1,1,0,TRUE
바게트_프렌치마늘바게뜨,1,1,0,TRUE
바게트_프렌치바게뜨,1,1,0,TRUE
바게트_피자 바게트,1,1,0,TRUE
바게트_피자바게트,1,1,0,TRUE
바게트_허니바게트볼,1,1,0,TRUE
바게트_허니버터 바게트볼,1,1,0,TRUE
바지락 된장국,1,1,0,TRUE
바지락 미역국_떡,1,1,0,TRUE
방풍나물_된장,1,1,0,TRUE
방풍나물_소금,1,1,0,TRUE
방풍나물무침,1,1,0,TRUE
배추 된장국_바지락,1,1,0,TRUE
배추국_소고기,1,1,0,TRUE
배추김치,1,1,0,TRUE
배추김치_가을재배,1,1,0,TRUE
배추김치_봄재배,1,1,0,TRUE
배추김치_여름재배,1,1,0,TRUE
배추나물_간장,1,1,0,TRUE
배추나물_간장_소금,1,1,0,TRUE
배추숙주나물,1,1,0,TRUE
백김치,1,1,0,TRUE
백설기_검정콩,1,1,0,TRUE
백합죽,1,1,0,TRUE
밴댕이무침,1,1,0,TRUE
뱅쇼_뱅쇼,1,1,0,TRUE
뱅쇼_화이트 뱅쇼,1,1,0,TRUE
뱅쇼_히비스커스 뱅쇼 아이스(ICED) (R),1,1,0,TRUE
뱅쇼_히비스커스 뱅쇼 핫(HOT) (R),1,1,0,TRUE
뱅어포튀김,1,1,0,TRUE
버거_1955 버거,1,1,0,TRUE
버거_BBQ 치킨 버거,1,1,0,TRUE
버거_BLT 오믈렛 킹모닝,1,1,0,TRUE
버거_JG 버거,1,1,0,TRUE
버거_JG 버거 (L),1,1,0,TRUE
버거_NBB 시그니처 버거,1,1,0,TRUE
버거_NBB 어메이징 버거,1,1,0,TRUE
버거_NBB 오리지널 버거,1,1,0,TRUE
버거_SG불고기 버거,1,1,0,TRUE
버거_SG불고기 버거 (L),1,1,0,TRUE
버거_SG크림치즈 버거,1,1,0,TRUE
버거_SG크림치즈 버거 (L),1,1,0,TRUE
버거_간장마늘싸이 버거,1,1,0,TRUE
버거_갈릭 치킹 버거,1,1,0,TRUE
버거_갈릭바베큐치킨 버거,1,1,0,TRUE
버거_갈릭불고기와퍼 버거,1,1,0,TRUE
버거_갈릭앤갈릭 버거,1,1,0,TRUE
버거_골든맥앤치즈비프 버거,1,1,0,TRUE
버거_골든맥앤치즈치킨 버거,1,1,0,TRUE
버거_그릴드더블비프 버거,1,1,0,TRUE
버거_그릴드불고기 버거,1,1,0,TRUE
버거_그릴드비프 버거,1,1,0,TRUE
버거_기네스머쉬룸와퍼 버거,1,1,0,TRUE
버거_기네스와퍼 버거,1,1,0,TRUE
버거_기네스콰트로치 와퍼 버거,1,1,0,TRUE
버거_내슈빌핫치킨 버거,1,1,0,TRUE
버거_뉴욕 버거,1,1,0,TRUE
버거_다이어트싱글 버거,1,1,0,TRUE
버거_더블 데리버거,1,1,0,TRUE
버거_더블 리아미라클2 버거,1,1,0,TRUE
버거_더블 치킨 버거,1,1,0,TRUE
버거_더블 클래식 치즈 버거 버터번,1,1,0,TRUE
버거_더블 한우불고기 버거,1,1,0,TRUE
버거_더블X2 버거,1,1,0,TRUE
버거_더블불고기 버거,1,1,0,TRUE
버거_더블비프불고기 버거,1,1,0,TRUE
버거_더블빅맥 버거,1,1,0,TRUE
버거_더블스테이크 버거,1,1,0,TRUE
버거_더블오리지널치즈 버거,1,1,0,TRUE
버거_더블와퍼 버거,1,1,0,TRUE
버거_더블치즈 버거 (L),1,1,0,TRUE
버거_더블치즈 버거 (R),1,1,0,TRUE
버거_더블치즈 베이컨 시그니처 버거,1,1,0,TRUE
버거_더블쿼터파운더치즈 버거,1,1,0,TRUE
버거_데리마요 버거,1,1,0,TRUE
버거_데리버거,1,1,0,TRUE
버거_디럭스불고기 버거,1,1,0,TRUE
버거_딥치즈 버거,1,1,0,TRUE
버거_딥치즈싸이 버거,1,1,0,TRUE
버거_뚱카츠 버거,1,1,0,TRUE
버거_롱치킨 버거,1,1,0,TRUE
버거_리아미라클 버거,1,1,0,TRUE
버거_리아미라클2 버거,1,1,0,TRUE
버거_리얼 딥치즈 버거,1,1,0,TRUE
버거_마라싸이 버거,1,1,0,TRUE
버거_맥스파이시상하이 버거,1,1,0,TRUE
버거_맥치킨 버거,1,1,0,TRUE
버거_맥치킨모짜렐라 버거,1,1,0,TRUE
버거_맥크리스피디럭스 버거,1,1,0,TRUE
버거_맥크리스피클래식 버거,1,1,0,TRUE
버거_머쉬룸 버거,1,1,0,TRUE
버거_머쉬룸 버거 (L),1,1,0,TRUE
버거_메가바이트 버거,1,1,0,TRUE
버거_모짜렐라인더 버거 베이컨,1,1,0,TRUE
버거_몬스터와퍼 버거,1,1,0,TRUE
버거_미트마니아 버거,1,1,0,TRUE
버거_바비큐 버거,1,1,0,TRUE
버거_바비큐치킨 버거,1,1,0,TRUE
버거_바비큐킹치킨 버거,1,1,0,TRUE
버거_베이컨더블치즈 버거,1,1,0,TRUE
버거_베이컨치즈 버거,1,1,0,TRUE
버거_베이컨치즈 버거 (L),1,1,0,TRUE
버거_베이컨치즈 버거 (R),1,1,0,TRUE
버거_베이컨치즈와퍼 버거,1,1,0,TRUE
버거_베이컨토마토디럭스 버거,1,1,0,TRUE
버거_베이컨햄 에그번,1,1,0,TRUE
버거_불고기 4DX 버거,1,1,0,TRUE
버거_불고기 베이컨 버거,1,1,0,TRUE
버거_불고기 익스트림 오징어 버거,1,1,0,TRUE
버거_불고기더블치즈 버거,1,1,0,TRUE
버거_불고기롱치킨 버거,1,1,0,TRUE
버거_불고기몬스터 버거,1,1,0,TRUE
버거_불고기와퍼 버거,1,1,0,TRUE
버거_불고기와퍼주니어 버거,1,1,0,TRUE
버거_불싸이 버거,1,1,0,TRUE
버거_블랙라벨더블다운맥스 버거,1,1,0,TRUE
버거_블랙라벨폴인치즈 버거,1,1,0,TRUE
버거_블랙바비큐와퍼 버거,1,1,0,TRUE
버거_블랙바비큐콰트로치즈와퍼 버거,1,1,0,TRUE
버거_비프&슈림프 버거,1,1,0,TRUE
버거_비프불고기 버거,1,1,0,TRUE
버거_비프스테이크 버거,1,1,0,TRUE
버거_빅맥 버거,1,1,0,TRUE
버거_빅불 버거,1,1,0,TRUE
버거_빈스미트 핫도그,1,1,0,TRUE
버거_사각새우 더블 버거,1,1,0,TRUE
버거_산체스 버거,1,1,0,TRUE
버거_살사리코 버거,1,1,0,TRUE
버거_새우 버거,1,1,0,TRUE
버거_새우베이컨 버거,1,1,0,TRUE
버거_새우불고기 버거,1,1,0,TRUE
버거_새우익스트림 레몬크림 버거,1,1,0,TRUE
버거_쉬림프 버거,1,1,0,TRUE
버거_쉬림프싸이플렉스 버거,1,1,0,TRUE
버거_쉬림프페퍼로니모짜 버거 (R),1,1,0,TRUE
버거_슈비 버거,1,1,0,TRUE
버거_슈슈 버거,1,1,0,TRUE
버거_스리라차치킨 버거,1,1,0,TRUE
버거_스모키살사 버거,1,1,0,TRUE
버거_스위트 핫도그,1,1,0,TRUE
버거_스콜쳐 버거 플러스,1,1,0,TRUE
버거_스태커2와퍼 버거,1,1,0,TRUE
버거_스태커3와퍼 버거,1,1,0,TRUE
버거_스태커4와퍼 버거,1,1,0,TRUE
버거_스파이시치킨 스낵랩,1,1,0,TRUE
버거_시그니처더블 버거,1,1,0,TRUE
버거_시그니처싱글 버거,1,1,0,TRUE
버거_싸이 버거,1,1,0,TRUE
버거_싸이플렉스 버거,1,1,0,TRUE
버거_아라비아따치즈 버거,1,1,0,TRUE
버거_아메리칸치즈 버거,1,1,0,TRUE
버거_양념치킨싸이 버거,1,1,0,TRUE
버거_언빌리버블 버거,1,1,0,TRUE
버거_에그샐러드번,1,1,0,TRUE
버거_에그포테이토 버거,1,1,0,TRUE
버거_오리지널더블 버거,1,1,0,TRUE
버거_오리지널미트볼 버거,1,1,0,TRUE
버거_오리지널스 페퍼잭 더블,1,1,0,TRUE
버거_오리지널스 페퍼잭 싱글,1,1,0,TRUE
버거_오리지널싱글 버거,1,1,0,TRUE
버거_오믈렛킹모닝,1,1,0,TRUE
버거_오찡 버거,1,1,0,TRUE
버거_와규에디션 Ⅱ,1,1,0,TRUE
버거_와퍼 버거,1,1,0,TRUE
버거_와퍼주니어 버거,1,1,0,TRUE
버거_인크레더블 버거,1,1,0,TRUE
버거_직화버섯소불고기 버거,1,1,0,TRUE
버거_직화소불고기버거,1,1,0,TRUE
버거_징거 BLT 버거,1,1,0,TRUE
버거_징거 더블다운맥스 버거,1,1,0,TRUE
버거_창녕갈릭비프 버거,1,1,0,TRUE
버거_창녕갈릭치킨 버거,1,1,0,TRUE
버거_청양마요미트볼 버거,1,1,0,TRUE
버거_치아바타머쉬룸 버거,1,1,0,TRUE
버거_치즈 NO.5 버거,1,1,0,TRUE
버거_치즈 버거 (L),1,1,0,TRUE
버거_치즈 버거 (R),1,1,0,TRUE
버거_치즈 버거라지 (L),1,1,0,TRUE
버거_치즈베이컨 버거,1,1,0,TRUE
버거_치즈와퍼 버거,1,1,0,TRUE
버거_치즈와퍼주니어 버거,1,1,0,TRUE
버거_치즈홀릭 버거 체다,1,1,0,TRUE
버거_치킨몬스터 버거,1,1,0,TRUE
버거_치킨스테이크 버거,1,1,0,TRUE
버거_치킨킹BLT 버거,1,1,0,TRUE
버거_치킨킹버거,1,1,0,TRUE
버거_치플레핫치킨 버거,1,1,0,TRUE
버거_칠리 치킹 버거,1,1,0,TRUE
버거_칠리새우 버거,1,1,0,TRUE
버거_캡새 버거,1,1,0,TRUE
버거_케이준비프 스낵랩,1,1,0,TRUE
버거_코울슬로치킨 버거,1,1,0,TRUE
버거_콰트로 맥앤치즈 버거,1,1,0,TRUE
버거_콰트로치즈와퍼 버거,1,1,0,TRUE
버거_콰트로치즈와퍼주니어 버거,1,1,0,TRUE
버거_쿼터파운더치즈 버거,1,1,0,TRUE
버거_클래식치즈 버거,1,1,0,TRUE
버거_클래식치즈 버거 버터번,1,1,0,TRUE
버거_킹치킨 버거,1,1,0,TRUE
버거_타워 버거,1,1,0,TRUE
버거_탄두리싸이 버거,1,1,0,TRUE
버거_텍사스바비큐치킨 버거,1,1,0,TRUE
버거_통새우슈림프 버거,1,1,0,TRUE
버거_통새우와퍼 버거,1,1,0,TRUE
버거_통새우와퍼주니어 버거,1,1,0,TRUE
버거_투머치 베이컨 버거,1,1,0,TRUE
버거_트리플딥치즈비프 버거,1,1,0,TRUE
버거_트리플딥치즈싸이 버거,1,1,0,TRUE
버거_트리플치즈 버거,1,1,0,TRUE
버거_티렉스버거 T-REX 버거,1,1,0,TRUE
버거_페퍼로니치킨 버거,1,1,0,TRUE
버거_페퍼로니피자 치킨 버거,1,1,0,TRUE
버거_폴더 버거 비프,1,1,0,TRUE
버거_프랭크 버거,1,1,0,TRUE
버거_프랭크 버거 (L),1,1,0,TRUE
버거_프랭크 버거 (R),1,1,0,TRUE
버거_필레오피쉬 버거,1,1,0,TRUE
버거_하와이안BBQ 버거,1,1,0,TRUE
버거_한우불고기 버거,1,1,0,TRUE
버거_한우트러플머쉬룸 버거,1,1,0,TRUE
버거_할라피뇨와퍼 버거,1,1,0,TRUE
버거_할라피뇨와퍼주니어 버거,1,1,0,TRUE
버거_할라피뇨통살 버거,1,1,0,TRUE
버거_함박스테이크 버거,1,1,0,TRUE
버거_핫슈피뇨 버거,1,1,0,TRUE
버거_핫치즈징거 버거,1,1,0,TRUE
버거_핫크리스피 버거,1,1,0,TRUE
버거_핫통삼겹베이컨 버거,1,1,0,TRUE
버거_해쉬브라운&치킨 버거,1,1,0,TRUE
버거_햄버거,1,1,0,TRUE
버거_햄치즈휠렛 버거,1,1,0,TRUE
버거_화이트갈릭 버거,1,1,0,TRUE
버거_화이트갈릭싸이 버거,1,1,0,TRUE
버거_휠렛 버거,1,1,0,TRUE
버섯 샤브샤브,1,1,0,TRUE
버섯 잡채,1,1,0,TRUE
버섯구이,1,1,0,TRUE
버섯구이_새송이버섯,1,1,0,TRUE
버섯구이표고버섯,1,1,0,TRUE
버섯국,1,1,0,TRUE
버섯무침_느타리버섯,1,1,0,TRUE
버섯볶음_느타리,1,1,0,TRUE
버섯볶음_새송이버섯,1,1,0,TRUE
버섯볶음_양송이버섯,1,1,0,TRUE
버섯볶음_표고버섯,1,1,0,TRUE
버섯전_표고버섯,1,1,0,TRUE
버섯전골_간편조리세트_남도식 들깨 버섯전골,1,1,0,TRUE
버섯전골_소고기,1,1,0,TRUE
버터빵_고메소금빵,1,1,0,TRUE
버터빵_버터 소금빵,1,1,0,TRUE
버터빵_버터롤,1,1,0,TRUE
버터빵_뺑오플레르,1,1,0,TRUE
버터빵_소금버터롤,1,1,0,TRUE
버터빵_소금빵,1,1,0,TRUE
버터빵_약과 버터바,1,1,0,TRUE
버터크림빵,1,1,0,TRUE
번_딸기번,1,1,0,TRUE
번_로띠번,1,1,0,TRUE
번_모카빵,1,1,0,TRUE
번_모카빵 (소),1,1,0,TRUE
번_미니모카빵,1,1,0,TRUE
번_바닐라번,1,1,0,TRUE
번_쁘띠모카빵,1,1,0,TRUE
번_아몬드모카빵,1,1,0,TRUE
번_악마의 초코번,1,1,0,TRUE
번_악마의 크림번,1,1,0,TRUE
번_오리지널 핫 번,1,1,0,TRUE
번_옥수수콘크림번,1,1,0,TRUE
번_초코번,1,1,0,TRUE
번_치즈번,1,1,0,TRUE
번_카페모카빵,1,1,0,TRUE
번_카페모카빵 (대),1,1,0,TRUE
번_커피번,1,1,0,TRUE
번_쿠키&크림 번버거,1,1,0,TRUE
번_크림치즈번,1,1,0,TRUE
번_티라미수 번버거,1,1,0,TRUE
번_플레이번 모카,1,1,0,TRUE
번_플레이번 바닐라,1,1,0,TRUE
번_핫 치즈번,1,1,0,TRUE
번_호두카야번,1,1,0,TRUE
번데기탕,1,1,0,TRUE
베이글,1,1,0,TRUE
베이글_갈릭크림치즈 베이글,1,1,0,TRUE
베이글_갈릭크림치즈 베이글(파베이크),1,1,0,TRUE
베이글_깜빠뉴 베이글,1,1,0,TRUE
베이글_뉴욕 치즈 타르트,1,1,0,TRUE
베이글_데일리블루베리 베이글,1,1,0,TRUE
베이글_데일리월넛 베이글,1,1,0,TRUE
베이글_리얼 블루베리 베이글,1,1,0,TRUE
베이글_리얼 치즈 베이글,1,1,0,TRUE
베이글_멀티그레인 베이글,1,1,0,TRUE
베이글_멀티그레인 베이글&허니월넛크림치즈,1,1,0,TRUE
베이글_메이플 크림치즈 베이글,1,1,0,TRUE
베이글_메이플피칸 베이글,1,1,0,TRUE
베이글_무화과 크림치즈 베이글,1,1,0,TRUE
베이글_바질&토마토 크림치즈 베이글,1,1,0,TRUE
베이글_버터 베이글,1,1,0,TRUE
베이글_베이글 먹물치즈,1,1,0,TRUE
베이글_베이글 크랜베리·호두,1,1,0,TRUE
베이글_베이글 플레인,1,1,0,TRUE
베이글_베이컨 파 크림치즈 베이글,1,1,0,TRUE
베이글_베이컨갈릭크림치즈,1,1,0,TRUE
베이글_블랙올리브 베이글&어니언부추크림치즈,1,1,0,TRUE
베이글_블랙올리브 베이글&어니언부추크림치즈(파베이크),1,1,0,TRUE
베이글_블랙올리브 베이글(파베이크),1,1,0,TRUE
베이글_블랙올리브치즈 베이글,1,1,0,TRUE
베이글_블루베리 베이글&크림치즈,1,1,0,TRUE
베이글_블루베리 베이글&허니월넛크림치즈,1,1,0,TRUE
베이글_블루베리 베이글허니월넛크림치즈,1,1,0,TRUE
베이글_블루베리베이글&크림치즈,1,1,0,TRUE
베이글_뺑오레젱,1,1,0,TRUE
베이글_소시지 인 치즈 베이글,1,1,0,TRUE
베이글_시금치바질 베이글&플레인크림치즈,1,1,0,TRUE
베이글_시금치바질 베이글&플레인크림치즈(파베이크),1,1,0,TRUE
베이글_시금치바질&토마토크림치즈,1,1,0,TRUE
베이글_씨앗 베이글,1,1,0,TRUE
베이글_씨앗 베이글&솔티드카라멜크림치즈,1,1,0,TRUE
베이글_어니언 베이글&고추장아찌크림치즈,1,1,0,TRUE
베이글_어니언베이글&크림치즈,1,1,0,TRUE
베이글_어니언치즈크림,1,1,0,TRUE
베이글_에그 햄 치즈 베이글,1,1,0,TRUE
베이글_월넛 크림치즈 베이글,1,1,0,TRUE
베이글_쪽파 베이컨 크림치즈 베이글,1,1,0,TRUE
베이글_쫀득쫀득소시지 베이글,1,1,0,TRUE
베이글_컬러 베이글,1,1,0,TRUE
베이글_콘치즈피자 베이글,1,1,0,TRUE
베이글_크로플 with 젤라또,1,1,0,TRUE
베이글_크림치즈 프레즐,1,1,0,TRUE
베이글_트러플치즈 베이글,1,1,0,TRUE
베이글_플레인 리코타 치즈 베이글,1,1,0,TRUE
베이글_플레인 베이글&솔티드카라멜크림치즈,1,1,0,TRUE
베이글_플레인 베이글&솔티드카라멜크림치즈(파베이크),1,1,0,TRUE
베이글_플레인 베이글&허니월넛크림치즈(파베이크),1,1,0,TRUE
베이글_플레인 베이글(파베이크),1,1,0,TRUE
베이글_플레인 베이글피자,1,1,0,TRUE
베이글_플레인 베이글허니월넛크림치즈,1,1,0,TRUE
베이글_플레인베이글,1,1,0,TRUE
베이글_호두베이글,1,1,0,TRUE
병어구이,1,1,0,TRUE
병어찌개,1,1,0,TRUE
보신탕,1,1,0,TRUE
복 매운탕,1,1,0,TRUE
복숭아홍차_복숭아 얼그레이 아이스(ICED),1,1,0,TRUE
복숭아홍차_복숭아 얼그레이 핫(HOT),1,1,0,TRUE
복숭아홍차_피치얼그레이 아이스(ICED),1,1,0,TRUE
복숭아홍차_피치얼그레이 핫(HOT),1,1,0,TRUE
복숭아홍차_피치얼그레이티 아이스(ICED),1,1,0,TRUE
복숭아홍차_피치얼그레이티 핫(HOT),1,1,0,TRUE
복죽,1,1,0,TRUE
복지리,1,1,0,TRUE
복찜,1,1,0,TRUE
볶음면_간편조리세트_소고기 야끼소바,1,1,0,TRUE
볶음밥_간편조리세트_돼지불백깍둑볶음누룽밥,1,1,0,TRUE
볶음밥_갈비천왕 치즈 치밥,1,1,0,TRUE
볶음밥_달걀듬뿍 볶음밥,1,1,0,TRUE
볶음밥_닭갈비 볶음밥,1,1,0,TRUE
볶음밥_돼지고기,1,1,0,TRUE
볶음밥_맛살,1,1,0,TRUE
볶음밥_배추김치_소고기,1,1,0,TRUE
볶음밥_배추김치_참치,1,1,0,TRUE
볶음밥_볼케이노 치즈 치밥,1,1,0,TRUE
볶음밥_삼선,1,1,0,TRUE
볶음밥_의성마늘 볶음밥,1,1,0,TRUE
볶음밥_표고버섯,1,1,0,TRUE
볼락 매운탕,1,1,0,TRUE
부대찌개_간편조리세트_오뎅식당 부대찌개,1,1,0,TRUE
부대찌개_간편조리세트_의정부식부대찌개,1,1,0,TRUE
부대찌개_간편조리세트_햄듬뿍부대찌개,1,1,0,TRUE
부추 채소무침,1,1,0,TRUE
부추무침_부추,1,1,0,TRUE
부추무침_부추만,1,1,0,TRUE
북어강정_고추장양념,1,1,0,TRUE
북어국,1,1,0,TRUE
북어양념구이,1,1,0,TRUE
북어조림,1,1,0,TRUE
북어채 고추장 무침,1,1,0,TRUE
"북어튀김_아, 귀한 먹태",1,1,0,TRUE
분짜,1,1,0,TRUE
불고기전골_간편조리세트_서울식 소불고기전골,1,1,0,TRUE
불고기전골_간편조리세트_서울식 육수불고기,1,1,0,TRUE
불낙전골_간편조리세트_이게불낙이야,1,1,0,TRUE
불낙전골_해물,1,1,0,TRUE
붕어 매운탕,1,1,0,TRUE
붕어찜,1,1,0,TRUE
브로콜리 채소무침,1,1,0,TRUE
브로콜리볶음,1,1,0,TRUE
비름나물_고추장,1,1,0,TRUE
비름나물무침,1,1,0,TRUE
비빔 잡곡밥,1,1,0,TRUE
비빔막국수,1,1,0,TRUE
비빔면_간편조리세트_매콤제육비빔면,1,1,0,TRUE
비빔밥_간편조리세트_꼬막비빔밥,1,1,0,TRUE
비빔밥_돌솥,1,1,0,TRUE
비빔밥_돼지고기_양념장,1,1,0,TRUE
비빔밥_멍게,1,1,0,TRUE
비빔밥_묵_양념장,1,1,0,TRUE
비빔밥_약초,1,1,0,TRUE
비빔밥_육회,1,1,0,TRUE
비스킷/쿠키/크래커_5가지 스낵 & 3way 파우치,1,1,0,TRUE
비스킷/쿠키/크래커_갈레트브르통 (L),1,1,0,TRUE
비스킷/쿠키/크래커_그릭요거트그래놀라바,1,1,0,TRUE
비스킷/쿠키/크래커_꿀오란다,1,1,0,TRUE
비스킷/쿠키/크래커_다크 초콜릿 카우보이 쿠키,1,1,0,TRUE
비스킷/쿠키/크래커_다크초콜릿마카다미아 쿠키,1,1,0,TRUE
비스킷/쿠키/크래커_더블 치즈 베이글 칩,1,1,0,TRUE
비스킷/쿠키/크래커_더블퍼지 쿠키,1,1,0,TRUE
비스킷/쿠키/크래커_돼지바 쿠키,1,1,0,TRUE
비스킷/쿠키/크래커_라이스 칩 블루베리잼,1,1,0,TRUE
비스킷/쿠키/크래커_록키로드쿠키,1,1,0,TRUE
비스킷/쿠키/크래커_마카다미아,1,1,0,TRUE
비스킷/쿠키/크래커_마카다미아 쿠키,1,1,0,TRUE
비스킷/쿠키/크래커_마카다미아넛 쿠키,1,1,0,TRUE
비스킷/쿠키/크래커_마카다미아넛쿠키,1,1,0,TRUE
비스킷/쿠키/크래커_마카롱꼬끄,1,1,0,TRUE
비스킷/쿠키/크래커_말차스모어 쿠키,1,1,0,TRUE
비스킷/쿠키/크래커_발로나스모어 쿠키,1,1,0,TRUE
비스킷/쿠키/크래커_베리화이트초코 쿠키,1,1,0,TRUE
비스킷/쿠키/크래커_베어베터 쿠키,1,1,0,TRUE
비스킷/쿠키/크래커_베이글칩 갈릭버터,1,1,0,TRUE
비스킷/쿠키/크래커_베이글칩 허니버터,1,1,0,TRUE
비스킷/쿠키/크래커_쇼콜라 쿠키,1,1,0,TRUE
비스킷/쿠키/크래커_쑥단팥스모어 쿠키,1,1,0,TRUE
비스킷/쿠키/크래커_아메리칸 쿠키,1,1,0,TRUE
비스킷/쿠키/크래커_아몬드 로쉐,1,1,0,TRUE
비스킷/쿠키/크래커_아몬드튀일,1,1,0,TRUE
비스킷/쿠키/크래커_알콘칩스,1,1,0,TRUE
비스킷/쿠키/크래커_약과 쿠키,1,1,0,TRUE
비스킷/쿠키/크래커_약과 크림치즈 쿠키,1,1,0,TRUE
비스킷/쿠키/크래커_오트밀레이즌쿠키,1,1,0,TRUE
비스킷/쿠키/크래커_월넛 초코 쿠키,1,1,0,TRUE
비스킷/쿠키/크래커_월넛초코칩 쿠키,1,1,0,TRUE
비스킷/쿠키/크래커_잉글리쉬토피 쿠키,1,1,0,TRUE
비스킷/쿠키/크래커_진한 초코 쿠키,1,1,0,TRUE
비스킷/쿠키/크래커_청크 초콜릿 쿠키 틴 세트,1,1,0,TRUE
비스킷/쿠키/크래커_초코마카다미아 쿠키,1,1,0,TRUE
비스킷/쿠키/크래커_초코스모어 쿠키,1,1,0,TRUE
비스킷/쿠키/크래커_초콜렛청크 쿠키,1,1,0,TRUE
비스킷/쿠키/크래커_초콜렛칩청크쿠키,1,1,0,TRUE
비스킷/쿠키/크래커_초콜릿 월넛 돔 쿠키,1,1,0,TRUE
비스킷/쿠키/크래커_초콜릿 청크,1,1,0,TRUE
비스킷/쿠키/크래커_초콜릿칩 쿠키,1,1,0,TRUE
비스킷/쿠키/크래커_촉촉 크림치즈 쿠키,1,1,0,TRUE
비스킷/쿠키/크래커_칩카사바,1,1,0,TRUE
비스킷/쿠키/크래커_코코넛 로쉐,1,1,0,TRUE
비스킷/쿠키/크래커_코코넛 사브레,1,1,0,TRUE
비스킷/쿠키/크래커_코코아망 (L),1,1,0,TRUE
비스킷/쿠키/크래커_쿠키의 정석 오트밀레이즌,1,1,0,TRUE
비스킷/쿠키/크래커_쿠키의 정석 초콜릿청크,1,1,0,TRUE
비스킷/쿠키/크래커_쿠키의 정석 퍼지브라우니,1,1,0,TRUE
비스킷/쿠키/크래커_쿠키의 정석 피넛버터,1,1,0,TRUE
비스킷/쿠키/크래커_크랜베리 화이트 초코 쿠키,1,1,0,TRUE
비스킷/쿠키/크래커_크랜베리아몬드 쿠키,1,1,0,TRUE
비스킷/쿠키/크래커_크랜베리월넛 쿠키,1,1,0,TRUE
비스킷/쿠키/크래커_크로켄트 (L),1,1,0,TRUE
비스킷/쿠키/크래커_크리미초코 감자 쿠키,1,1,0,TRUE
비스킷/쿠키/크래커_크리미치즈 그레인 쿠키,1,1,0,TRUE
비스킷/쿠키/크래커_크림치즈비스켓&딸기잼,1,1,0,TRUE
비스킷/쿠키/크래커_클래식 르뱅쿠키,1,1,0,TRUE
비스킷/쿠키/크래커_트리플 초코 쿠키,1,1,0,TRUE
비스킷/쿠키/크래커_퍼지브라우니,1,1,0,TRUE
비스킷/쿠키/크래커_퍼지월넛 쿠키,1,1,0,TRUE
비스킷/쿠키/크래커_포테이토앤칩스 점보팩,1,1,0,TRUE
비스킷/쿠키/크래커_피넛 버터,1,1,0,TRUE
비스킷/쿠키/크래커_허쉬 초코 멜로 쿠키,1,1,0,TRUE
비스킷/쿠키/크래커_허쉬 초콜릿 칩 싱글 쿠키,1,1,0,TRUE
비스킷/쿠키/크래커_허쉬 화이트 칩 위드 아몬드 쿠키,1,1,0,TRUE
비스킷/쿠키/크래커_현미누룽지칩,1,1,0,TRUE
비스킷/쿠키/크래커_화이트 초콜릿 카우보이 쿠키,1,1,0,TRUE
비스킷/쿠키/크래커_흑임자호두 쿠키,1,1,0,TRUE
비프까스,1,1,0,TRUE
빙떡(메밀전병),1,1,0,TRUE
빙수_22오리지널 팥빙수,1,1,0,TRUE
빙수_K - 빙수,1,1,0,TRUE
빙수_그린티 초코 쿨빙수,1,1,0,TRUE
빙수_까르보나라 젤빙,1,1,0,TRUE
빙수_녹차 빙수,1,1,0,TRUE
빙수_녹차 팥빙수,1,1,0,TRUE
빙수_눈꽃 팥빙수 (1인),1,1,0,TRUE
빙수_눈꽃 팥빙수 (2인),1,1,0,TRUE
빙수_단팥찰떡 (1인),1,1,0,TRUE
빙수_달고나 컵빙수,1,1,0,TRUE
빙수_더블초코 (1인),1,1,0,TRUE
빙수_돼지바 눈꽃빙수,1,1,0,TRUE
빙수_돼지바 얼음빙수,1,1,0,TRUE
빙수_돼지바 프라노베,1,1,0,TRUE
빙수_딸기 눈꽃빙수,1,1,0,TRUE
빙수_딸기 도넛 눈꽃빙수,1,1,0,TRUE
빙수_딸기 도넛 얼음빙수,1,1,0,TRUE
빙수_딸기 도넛 컵빙수,1,1,0,TRUE
빙수_딸기 빙수,1,1,0,TRUE
빙수_딸기 빙수 (1인),1,1,0,TRUE
빙수_딸기 아이스드림 빙수,1,1,0,TRUE
빙수_딸기 요거트 빙수,1,1,0,TRUE
빙수_딸기 요거트 컵빙수,1,1,0,TRUE
빙수_딸기 젤빙,1,1,0,TRUE
빙수_딸기 치즈 쿨빙수,1,1,0,TRUE
빙수_딸기 컵빙수,1,1,0,TRUE
빙수_딸기&망고 요거트 빙수,1,1,0,TRUE
빙수_딸기&치즈 스노우 빙수,1,1,0,TRUE
빙수_딸기베리치즈,1,1,0,TRUE
빙수_딸기베리치즈 (1인),1,1,0,TRUE
빙수_딸기시리얼빙수,1,1,0,TRUE
빙수_딸기시리얼컵빙수,1,1,0,TRUE
빙수_딸기치즈 눈꽃빙수 우유얼음,1,1,0,TRUE
빙수_딸기피치 요거놀라 1인빙수,1,1,0,TRUE
빙수_딸콤파르페,1,1,0,TRUE
빙수_레드빈 눈꽃 빙수,1,1,0,TRUE
빙수_말차티라미수 빙수,1,1,0,TRUE
빙수_망고 빙수 (1인),1,1,0,TRUE
빙수_망고 아이스드림 빙수,1,1,0,TRUE
빙수_망고 젤빙,1,1,0,TRUE
빙수_망고 크림 젤빙,1,1,0,TRUE
빙수_망고 파인 쿨빙수,1,1,0,TRUE
빙수_망고&치즈 스노우 빙수,1,1,0,TRUE
빙수_망고코코넛,1,1,0,TRUE
빙수_망고코코넛 (1인),1,1,0,TRUE
빙수_망고탱탱 빙수,1,1,0,TRUE
빙수_망고파인 컵빙수,1,1,0,TRUE
빙수_망고패션 요거놀라 1인빙수,1,1,0,TRUE
빙수_밀크 눈꽃빙수,1,1,0,TRUE
빙수_밀크 눈꽃빙수 우유얼음,1,1,0,TRUE
빙수_밀크 팥빙수,1,1,0,TRUE
빙수_밀크티 젤라또,1,1,0,TRUE
빙수_밀크팥 젤빙,1,1,0,TRUE
빙수_바나나누텔라 빙수,1,1,0,TRUE
빙수_베리 컵빙수,1,1,0,TRUE
빙수_베리&베리 요거트 빙수,1,1,0,TRUE
빙수_베리크런치 빙수,1,1,0,TRUE
빙수_복고 빙수,1,1,0,TRUE
빙수_복숭아 연유 대패빙수,1,1,0,TRUE
빙수_블루베리 빙수,1,1,0,TRUE
빙수_블루베리치즈 빙수,1,1,0,TRUE
빙수_블루베리케이크 빙수,1,1,0,TRUE
빙수_새콤달콤 패션망고,1,1,0,TRUE
빙수_소르베 망고 빙수,1,1,0,TRUE
빙수_실크 망고 빙수,1,1,0,TRUE
빙수_실크 팥빙수,1,1,0,TRUE
빙수_애플망고,1,1,0,TRUE
빙수_애플망고 도넛 눈꽃빙수,1,1,0,TRUE
빙수_애플망고 도넛 얼음빙수,1,1,0,TRUE
빙수_애플망고 도넛 컵빙수,1,1,0,TRUE
빙수_애플망고 치즈 대패빙수,1,1,0,TRUE
빙수_애플망고 치즈 케이크 빙수 (1인),1,1,0,TRUE
빙수_애플망고 치즈 케이크 빙수 (2인),1,1,0,TRUE
빙수_애플망고케이크 빙수,1,1,0,TRUE
빙수_옛날팥빙수,1,1,0,TRUE
빙수_오곡 팥 눈꽃빙수,1,1,0,TRUE
빙수_오곡 팥 얼음빙수,1,1,0,TRUE
빙수_오곡 팥 컵빙수,1,1,0,TRUE
빙수_오레오초코 빙수,1,1,0,TRUE
빙수_오리지널 눈꽃 빙수,1,1,0,TRUE
빙수_오리지널 대패빙수,1,1,0,TRUE
빙수_오리지널 팥빙수,1,1,0,TRUE
빙수_오미자두빙수,1,1,0,TRUE
빙수_인절미 눈꽃빙수,1,1,0,TRUE
빙수_인절미 빙수,1,1,0,TRUE
빙수_인절미_우유얼음,1,1,0,TRUE
빙수_제주 한라봉 빙수,1,1,0,TRUE
빙수_제주녹차,1,1,0,TRUE
빙수_제주녹차 (1인),1,1,0,TRUE
빙수_젤라또 팥,1,1,0,TRUE
빙수_청포도 젤라또,1,1,0,TRUE
빙수_초당옥빙수,1,1,0,TRUE
빙수_초코 씨리얼 빙수,1,1,0,TRUE
빙수_초코악마 빙수,1,1,0,TRUE
빙수_초코악마 빙수 (1인),1,1,0,TRUE
빙수_치즈 요거트 빙수,1,1,0,TRUE
빙수_치즈 컵빙수,1,1,0,TRUE
빙수_치즈베리 젤빙,1,1,0,TRUE
빙수_커피 빙수,1,1,0,TRUE
빙수_커피 빙수 (1인),1,1,0,TRUE
빙수_커피 빙수 디카페인,1,1,0,TRUE
빙수_커피 빙수 디카페인 (1인),1,1,0,TRUE
빙수_컵빙수,1,1,0,TRUE
빙수_코코넛커피 (1인),1,1,0,TRUE
빙수_콩고물 스노우 빙수,1,1,0,TRUE
빙수_콩고물 팥빙수,1,1,0,TRUE
빙수_쿠앤크 눈꽃 우유얼음,1,1,0,TRUE
빙수_쿠앤크 눈꽃빙수,1,1,0,TRUE
빙수_쿠키앤크림 빙수,1,1,0,TRUE
빙수_쿠키앤크림 빙수 (1인),1,1,0,TRUE
빙수_클래식 컵빙수,1,1,0,TRUE
빙수_클래식 쿨빙수,1,1,0,TRUE
빙수_키위 아이스드림 빙수,1,1,0,TRUE
빙수_트러플 초코 스노우 빙수,1,1,0,TRUE
빙수_티라미수 빙수,1,1,0,TRUE
빙수_티라미수케이크 빙수,1,1,0,TRUE
빙수_팥 빙수,1,1,0,TRUE
빙수_팥 빙수 (1인),1,1,0,TRUE
빙수_팥_우유얼음,1,1,0,TRUE
빙수_팥빙수,1,1,0,TRUE
빙수_팥인절미 1인빙수,1,1,0,TRUE
빙수_팥인절미 눈꽃빙수,1,1,0,TRUE
빙수_피치&망고 요거트 빙수,1,1,0,TRUE
빙수_홍시 아이스드림 빙수,1,1,0,TRUE
빙수_흑임자 컵빙수,1,1,0,TRUE
빙수_흑임자 팥빙수,1,1,0,TRUE
사과차_사과차 아이스(ICED) (L),1,1,0,TRUE
사과차_사과차 아이스(ICED) (M),1,1,0,TRUE
사과차_사과차 핫(HOT) (L),1,1,0,TRUE
사과차_사과차 핫(HOT) (M),1,1,0,TRUE
사과차_석류 애플라임,1,1,0,TRUE
사과차_석류 애플라임 핫(HOT),1,1,0,TRUE
사과차_석류애플라임 아이스(ICED),1,1,0,TRUE
사과차_애플 그린티 아이스(ICED),1,1,0,TRUE
사과차_애플 그린티 핫(HOT),1,1,0,TRUE
사과차_애플 시나몬티 아이스(ICED) (L),1,1,0,TRUE
사과차_애플 시나몬티 핫(HOT) (L),1,1,0,TRUE
사과차_애플 히비스커스티,1,1,0,TRUE
사과차_애플민트티 아이스(ICED) (R),1,1,0,TRUE
사과차_애플민트티 핫(HOT) (R),1,1,0,TRUE
사태찜_소고기,1,1,0,TRUE
산자,1,1,0,TRUE
산적_돼지고기,1,1,0,TRUE
삼각김밥_고추장불고기,1,1,0,TRUE
삼각김밥_숯불갈비,1,1,0,TRUE
삼겹살구이,1,1,0,TRUE
삼겹살구이_고추장,1,1,0,TRUE
삼겹살볶음_낙지,1,1,0,TRUE
삼겹살볶음_묵은지김치,1,1,0,TRUE
삼색 오이냉국,1,1,0,TRUE
삼치찌개,1,1,0,TRUE
새송이버섯전,1,1,0,TRUE
새우볶음,1,1,0,TRUE
새우젓_양념,1,1,0,TRUE
새우탕_간편조리세트_전복민물새우탕,1,1,0,TRUE
새우튀김_새우스틱 (2개),1,1,0,TRUE
새우튀김_타르타르 새우튀김 (5개),1,1,0,TRUE
새우튀김롤,1,1,0,TRUE
샌드위치_ 파니니 바비큐 치킨,1,1,0,TRUE
샌드위치_B.L.T 샌드위치,1,1,0,TRUE
샌드위치_BELT 샌드위치,1,1,0,TRUE
샌드위치_BELT 클럽 샌드위치,1,1,0,TRUE
샌드위치_NEW 파니니 불고기 에그,1,1,0,TRUE
샌드위치_고르곤졸라 불고기 파니니,1,1,0,TRUE
샌드위치_그릭치킨 샌드위치,1,1,0,TRUE
샌드위치_그릴치킨 당근라페 샌드위치,1,1,0,TRUE
샌드위치_꽃살크래미 반미 샌드위치,1,1,0,TRUE
샌드위치_단호박 에그 샌드위치,1,1,0,TRUE
샌드위치_단호박 크림치즈 샌드위치,1,1,0,TRUE
샌드위치_단호박크림치즈 샌드위치,1,1,0,TRUE
샌드위치_닭가슴살,1,1,0,TRUE
샌드위치_닭고기,1,1,0,TRUE
샌드위치_대만식 샌드위치 에그듬뿍샌드,1,1,0,TRUE
샌드위치_대만식 샌드위치 초코크림샌드,1,1,0,TRUE
샌드위치_대만식 샌드위치 햄치즈,1,1,0,TRUE
샌드위치_더블햄모짜렐라 샌드위치,1,1,0,TRUE
샌드위치_돌코롬 쫍지롱 와플 샌드,1,1,0,TRUE
샌드위치_딸기 에그 번 샌드위치,1,1,0,TRUE
샌드위치_떡갈비 치즈 곡물 샌드위치,1,1,0,TRUE
샌드위치_룻티아 오 샌드 피넛,1,1,0,TRUE
샌드위치_리코타 딸기 샌디,1,1,0,TRUE
샌드위치_리터샌드,1,1,0,TRUE
샌드위치_매콤치킨랩 샌드위치,1,1,0,TRUE
샌드위치_먹물치킨 치아바타,1,1,0,TRUE
샌드위치_멕시칸 파니니,1,1,0,TRUE
샌드위치_멜팅치즈 샌드위치,1,1,0,TRUE
샌드위치_멜팅치즈&비프 샌드위치,1,1,0,TRUE
샌드위치_모듬,1,1,0,TRUE
샌드위치_무화과 햄 바게트 샌드위치,1,1,0,TRUE
샌드위치_미트 번 샌드위치,1,1,0,TRUE
샌드위치_바베큐 치킨 깜빠뉴 샌드위치,1,1,0,TRUE
샌드위치_바베큐치킨 파니니,1,1,0,TRUE
샌드위치_바질 토마토&치킨 샌드위치,1,1,0,TRUE
샌드위치_바질토마토 치킨 소금빵,1,1,0,TRUE
샌드위치_반반마요 에그 감자 샌드위치,1,1,0,TRUE
샌드위치_버터품은 설탕치즈 크로와상 샌드위치,1,1,0,TRUE
샌드위치_베리머치감자 샌드위치,1,1,0,TRUE
샌드위치_베리머치에그 샌드위치,1,1,0,TRUE
샌드위치_베이컨체다 베이글,1,1,0,TRUE
샌드위치_불고기 파니니,1,1,0,TRUE
샌드위치_불고기치즈 바게트,1,1,0,TRUE
샌드위치_브렉퍼스트 잉글리쉬 머핀,1,1,0,TRUE
샌드위치_브리젤라,1,1,0,TRUE
샌드위치_비프&에그 샌드위치,1,1,0,TRUE
샌드위치_사라다빵,1,1,0,TRUE
샌드위치_살라미에멘탈 샌드위치,1,1,0,TRUE
샌드위치_샐러드빵,1,1,0,TRUE
샌드위치_생선,1,1,0,TRUE
샌드위치_소고기,1,1,0,TRUE
샌드위치_소불고기 깜빠뉴 샌드위치,1,1,0,TRUE
샌드위치_소시지,1,1,0,TRUE
샌드위치_소프트 잠봉뵈르 샌드위치,1,1,0,TRUE
샌드위치_스크램블에그 샌드위치,1,1,0,TRUE
샌드위치_스파이시치킨샐러드랩,1,1,0,TRUE
샌드위치_식물성대체육옴미니트샐러드랩,1,1,0,TRUE
샌드위치_에그 마요 샌드위치,1,1,0,TRUE
샌드위치_에그 반미 샌드위치,1,1,0,TRUE
샌드위치_에그 번 샌드위치,1,1,0,TRUE
샌드위치_에그 베이컨 과카몰리 샌드위치,1,1,0,TRUE
샌드위치_에그마요 반미 샌드위치,1,1,0,TRUE
샌드위치_에그마요 소금빵,1,1,0,TRUE
샌드위치_에그쉬림프 샌드위치,1,1,0,TRUE
샌드위치_에그쏙텐더 샌드위치,1,1,0,TRUE
샌드위치_에그튜나 샌드위치,1,1,0,TRUE
샌드위치_에멘탈 햄치즈 소금빵,1,1,0,TRUE
샌드위치_여봉 잠봉뵈르 먹어 크로와상 샌드위치,1,1,0,TRUE
샌드위치_오리지널 불고기 반미 샌드위치,1,1,0,TRUE
샌드위치_올리브 베이컨 치아바타 샌드위치,1,1,0,TRUE
샌드위치_올리브치킨 파니니,1,1,0,TRUE
샌드위치_인절미 토스트,1,1,0,TRUE
샌드위치_잉글리쉬머핀 샌드위치,1,1,0,TRUE
샌드위치_잠봉 멀티그레인 파니니,1,1,0,TRUE
샌드위치_제주 흑돼지 아보카도 샌드위치,1,1,0,TRUE
샌드위치_제주당근에그마요 샌드위치,1,1,0,TRUE
샌드위치_참치클럽 샌드위치,1,1,0,TRUE
샌드위치_채소,1,1,0,TRUE
샌드위치_추억의야채사라다빵,1,1,0,TRUE
샌드위치_치즈 파니니,1,1,0,TRUE
샌드위치_치킨 클럽,1,1,0,TRUE
샌드위치_칠리소시지바게트 샌드위치,1,1,0,TRUE
샌드위치_카야치즈토스트,1,1,0,TRUE
샌드위치_카야토스트,1,1,0,TRUE
샌드위치_콘 치즈 샌드위치,1,1,0,TRUE
샌드위치_콘참치샌드,1,1,0,TRUE
샌드위치_콤비네이션 샌드위치,1,1,0,TRUE
샌드위치_콰트로치즈 파니니,1,1,0,TRUE
샌드위치_쿠키 & 크림 샌디,1,1,0,TRUE
샌드위치_크랜베리 치킨 샌드위치,1,1,0,TRUE
샌드위치_크랜베리 치킨 치즈 샌드위치,1,1,0,TRUE
샌드위치_크랜베리치킨 베이글 샌드위치,1,1,0,TRUE
샌드위치_크랜베리치킨 샌드위치,1,1,0,TRUE
샌드위치_클래식루벤 샌드위치,1,1,0,TRUE
샌드위치_토마토모짜렐라 샌드위치,1,1,0,TRUE
샌드위치_토마토아이올리 샌드위치,1,1,0,TRUE
샌드위치_통밀튜나 샌드위치,1,1,0,TRUE
샌드위치_통밀후레쉬 샌드위치,1,1,0,TRUE
샌드위치_통밀후레쉬 샌드위치 (H),1,1,0,TRUE
샌드위치_트리플 치즈 포카치아,1,1,0,TRUE
샌드위치_트리플머쉬룸치즈 파니니,1,1,0,TRUE
샌드위치_티라미수 샌디,1,1,0,TRUE
샌드위치_페스토 햄 모짜렐라 샌드위치,1,1,0,TRUE
샌드위치_페스토햄치즈 파니니,1,1,0,TRUE
샌드위치_페퍼로니 머쉬룸 깜빠뉴,1,1,0,TRUE
샌드위치_페퍼로니 파니니,1,1,0,TRUE
샌드위치_페퍼로니 피자 샌드위치,1,1,0,TRUE
샌드위치_프룻티아 오 샌드 스트로베리,1,1,0,TRUE
샌드위치_플랜트 햄&루꼴라 샌드위치,1,1,0,TRUE
샌드위치_피크닉튜나 샌드위치,1,1,0,TRUE
샌드위치_필리스테이크바게트 파니니,1,1,0,TRUE
샌드위치_할라피뇨 치킨 샌드위치,1,1,0,TRUE
샌드위치_할라피뇨스테이크바게트 샌드위치,1,1,0,TRUE
샌드위치_핫치킨 파니니,1,1,0,TRUE
샌드위치_햄 에그 번 샌드위치,1,1,0,TRUE
샌드위치_햄&루꼴라 올리브 샌드위치,1,1,0,TRUE
샌드위치_햄&에그 로메인 샌드위치,1,1,0,TRUE
샌드위치_햄&에그 반미 샌드위치,1,1,0,TRUE
샌드위치_햄_달걀,1,1,0,TRUE
샌드위치_햄_치즈,1,1,0,TRUE
샌드위치_햄_치즈_채소,1,1,0,TRUE
샌드위치_햄앤치즈 샌드위치,1,1,0,TRUE
샌드위치_햄앤치즈샌드,1,1,0,TRUE
샌드위치_햄에그 치아바타,1,1,0,TRUE
샌드위치_햄에그 파니니,1,1,0,TRUE
샌드위치_햄치즈 잉글리쉬머핀 샌드위치,1,1,0,TRUE
샌드위치_햄치즈 토스트,1,1,0,TRUE
샌드위치_햄치즈잉글리시 머핀,1,1,0,TRUE
샌드위치_햄치토 크로와상 샌드위치,1,1,0,TRUE
샌드위치_훈제베이컨에그 반미 샌드위치,1,1,0,TRUE
샐러드_간편조리세트_콥샐러드&시저드레싱,1,1,0,TRUE
샐러드_고구마,1,1,0,TRUE
샐러드_과일리코타 샐러드,1,1,0,TRUE
샐러드_과카몰리치킨 샐러드,1,1,0,TRUE
샐러드_그릴드 치킨 샐러드,1,1,0,TRUE
샐러드_그릴드치킨 샐러드,1,1,0,TRUE
샐러드_그릴드치킨 시저 샐러드,1,1,0,TRUE
샐러드_닭가슴살,1,1,0,TRUE
샐러드_두부포케 샐러드,1,1,0,TRUE
샐러드_마카로니,1,1,0,TRUE
샐러드_맥앤치즈 핫도그 샐러드 박스,1,1,0,TRUE
샐러드_멕시칸치킨 샐러드,1,1,0,TRUE
샐러드_새싹,1,1,0,TRUE
샐러드_샐러드,1,1,0,TRUE
샐러드_쉬림프에그 샐러드,1,1,0,TRUE
샐러드_스파이시쉬림프 샐러드,1,1,0,TRUE
샐러드_시저치킨 샐러드,1,1,0,TRUE
샐러드_양배추,1,1,0,TRUE
샐러드_양배추_코올슬로,1,1,0,TRUE
샐러드_양상추,1,1,0,TRUE
샐러드_오렌지 그릴치킨 샐러드,1,1,0,TRUE
샐러드_참치,1,1,0,TRUE
샐러드_채소,1,1,0,TRUE
샐러드_치킨콥 샐러드,1,1,0,TRUE
샐러드_치킨텐더 샐러드,1,1,0,TRUE
샐러드_콥샐러드,1,1,0,TRUE
샐러드_토마토칠리 핫도그 샐러드 박스,1,1,0,TRUE
샐러드_트리플 치즈 샐러드,1,1,0,TRUE
샐러드_포테이토&튜나 샐러드,1,1,0,TRUE
샐러드_프레시리코타치즈 샐러드,1,1,0,TRUE
생강차_생강차,1,1,0,TRUE
생강차_생강차 아이스(ICED),1,1,0,TRUE
생강차_생강차 핫(HOT),1,1,0,TRUE
생강차_유자 생강차,1,1,0,TRUE
생강차_진저티 아이스(ICED),1,1,0,TRUE
생강차_진저티 핫(HOT),1,1,0,TRUE
생선까스_소스,1,1,0,TRUE
생선전_가자미,1,1,0,TRUE
생선전_동태,1,1,0,TRUE
샤베트_메론코코샤베트,1,1,0,TRUE
샤베트_블루파인 샤베트,1,1,0,TRUE
샤베트_와인 샤베트,1,1,0,TRUE
샤브샤브_간편조리세트_소고기 샤브샤브,1,1,0,TRUE
샤브샤브_간편조리세트_소고기스키야키,1,1,0,TRUE
샤브샤브_간편조리세트_일호식 스키야키,1,1,0,TRUE
샤브샤브_버섯,1,1,0,TRUE
서대구이,1,1,0,TRUE
선지해장국_내장,1,1,0,TRUE
선짓국_내장,1,1,0,TRUE
세발나물무침,1,1,0,TRUE
세발낙지찜,1,1,0,TRUE
소간 채소볶음,1,1,0,TRUE
소갈비찜_해물,1,1,0,TRUE
소고기 국밥,1,1,0,TRUE
소고기 두부국,1,1,0,TRUE
소고기 떡찜,1,1,0,TRUE
소고기 무국_콩나물,1,1,0,TRUE
소고기 미역국_떡,1,1,0,TRUE
소고기 미역국_바지락,1,1,0,TRUE
소고기 장조림_꽈리고추,1,1,0,TRUE
소고기볶음_간편조리세트_차돌박이숙주볶음,1,1,0,TRUE
소고기산적,1,1,0,TRUE
소고기스튜,1,1,0,TRUE
소고기전골_간편조리세트_어복쟁반,1,1,0,TRUE
소고기전골_간편조리세트_파빌리온 얼큰 소고기 전골,1,1,0,TRUE
소고기전골_간편조리세트_평양식 어복쟁반,1,1,0,TRUE
소고기튀김,1,1,0,TRUE
소곱창 구이,1,1,0,TRUE
소곱창 볶음,1,1,0,TRUE
소금빵_고짠고짠소금버터링,1,1,0,TRUE
소금빵_발효버터 명란소금빵,1,1,0,TRUE
소금빵_발효버터 소금빵,1,1,0,TRUE
소금빵_뺑오플레르 (L),1,1,0,TRUE
소금빵_앙버터 소금빵,1,1,0,TRUE
소금빵_앙버터 소금빵 (L),1,1,0,TRUE
소내장구이,1,1,0,TRUE
소라산적,1,1,0,TRUE
소보로빵_PB달콤한크림정통소보루,1,1,0,TRUE
소보로빵_PB정통소보루,1,1,0,TRUE
소보로빵_단팥소보루,1,1,0,TRUE
소보로빵_달콤고소한밤롤브레드,1,1,0,TRUE
소보로빵_땅콩크림 소보로,1,1,0,TRUE
소보로빵_맘모스 딸기,1,1,0,TRUE
소보로빵_맘모스브레드,1,1,0,TRUE
소보로빵_맘모스브레드 (H),1,1,0,TRUE
소보로빵_밤롤브레드,1,1,0,TRUE
소보로빵_밤소보루맘모스,1,1,0,TRUE
소보로빵_밤소보루맘모스 (H),1,1,0,TRUE
소보로빵_생크림 소보로,1,1,0,TRUE
소보로빵_생크림 소보루,1,1,0,TRUE
소보로빵_생크림소보루,1,1,0,TRUE
소보로빵_소보루 완두앙금빵,1,1,0,TRUE
소보로빵_소보루생크림빵,1,1,0,TRUE
소보로빵_스위트밀크브레드,1,1,0,TRUE
소보로빵_쑥이듬뿍 맘모스,1,1,0,TRUE
소보로빵_진짜고구마 소보로,1,1,0,TRUE
소보로빵_쫄깃한 찰떡맘모스,1,1,0,TRUE
소보로빵_쫄깃한 찰떡맘모스 (1/4),1,1,0,TRUE
소보로빵_쫄깃한 찰떡맘모스 (1/8),1,1,0,TRUE
소보로빵_쫄깃한 찰떡맘모스 (H),1,1,0,TRUE
소보로빵_찹쌀숨은 소보루,1,1,0,TRUE
소보로빵_클래식딸기잼 맘모스,1,1,0,TRUE
소보로빵_튀김 소보로,1,1,0,TRUE
소세지빵_NEW추억의소시지빵,1,1,0,TRUE
소세지빵_감자샐러드 소세지빵,1,1,0,TRUE
소세지빵_길어서 더 든든한 롱롱소시지빵,1,1,0,TRUE
소세지빵_돌돌말린모짜렐라치즈소시지,1,1,0,TRUE
소세지빵_든든한통소시지빵,1,1,0,TRUE
소세지빵_롱소시지 빼로야,1,1,0,TRUE
소세지빵_뽀드득그릴소시지,1,1,0,TRUE
소세지빵_소세지빵,1,1,0,TRUE
소세지빵_소시지빵(낙엽빵),1,1,0,TRUE
소세지빵_소시지소프트프랑스,1,1,0,TRUE
소세지빵_소시지조리빵,1,1,0,TRUE
소세지빵_스모크 소시지빵,1,1,0,TRUE
소세지빵_스모크소시지빵 할라피뇨,1,1,0,TRUE
소세지빵_오징어깨임,1,1,0,TRUE
소세지빵_추억의소시지빵,1,1,0,TRUE
소세지빵_탱글탱글 뽀드득 소시지,1,1,0,TRUE
소세지빵_허니마요 소세지,1,1,0,TRUE
소세지빵_후라잉소시지포테이토,1,1,0,TRUE
소스/드레싱_간편조리세트_오야꼬동 (밥제외),1,1,0,TRUE
소스/드레싱_이디야초콜릿디핑소스,1,1,0,TRUE
소시지조림_어묵,1,1,0,TRUE
소안심스테이크,1,1,0,TRUE
소탕,1,1,0,TRUE
송어 매운탕,1,1,0,TRUE
송편_검정콩,1,1,0,TRUE
송편_콩,1,1,0,TRUE
송편_팥,1,1,0,TRUE
수란_중탕,1,1,0,TRUE
수수경단,1,1,0,TRUE
수수부꾸미,1,1,0,TRUE
수수팥떡,1,1,0,TRUE
수육_소고기_꼬리,1,1,0,TRUE
수제비,1,1,0,TRUE
수제비_간편조리세트_들깨버섯 수제비,1,1,0,TRUE
수제비_간편조리세트_우삼겹 짬뽕 수제비,1,1,0,TRUE
수제비_간편조리세트_해물 백짬뽕 수제비,1,1,0,TRUE
숙주나물_숙주_게맛살,1,1,0,TRUE
순 현미밥,1,1,0,TRUE
순대볶음_간편조리세트_매콤 깻잎 순대볶음,1,1,0,TRUE
순대볶음_곱창,1,1,0,TRUE
순대볶음_떡,1,1,0,TRUE
순대볶음_백순대,1,1,0,TRUE
순대전골,1,1,0,TRUE
순두부찌개_간편조리세트_강릉식 짬뽕 순두부,1,1,0,TRUE
순두부찌개_간편조리세트_짬뽕순두부찌개,1,1,0,TRUE
순두부찌개_간편조리세트_해물짬뽕순두부,1,1,0,TRUE
순두부찌개_김치,1,1,0,TRUE
순두부찌개_모듬,1,1,0,TRUE
순두부찌개_배추김치_돼지고기,1,1,0,TRUE
순두부찌개_해물,1,1,0,TRUE
숭어 매운탕,1,1,0,TRUE
스무디_20.6칼로리 슬림 플레인 요거트 스무디,1,1,0,TRUE
스무디_가니 리틀 캐리비안 웨이,1,1,0,TRUE
스무디_고구마 프로스트 (L),1,1,0,TRUE
스무디_고구마 프로스트 (R),1,1,0,TRUE
스무디_곡물 스무디,1,1,0,TRUE
스무디_곡성 멜론 스무디,1,1,0,TRUE
스무디_골드키위 썬샤인 스무디 (L),1,1,0,TRUE
스무디_골드키위 썬샤인 스무디 (R),1,1,0,TRUE
스무디_골드키위 썬샤인 스무디 (S),1,1,0,TRUE
스무디_골든펄 돌체 밀크티 스무디,1,1,0,TRUE
스무디_구슬 민트초코 스무디,1,1,0,TRUE
스무디_구슬 바닐라카페 스무디,1,1,0,TRUE
스무디_구슬 소다 스무디,1,1,0,TRUE
스무디_구슬 솜사탕 스무디,1,1,0,TRUE
스무디_구슬 초코 바닐라 스무디,1,1,0,TRUE
스무디_구슬 피스타치오 스무디,1,1,0,TRUE
스무디_그래놀라요거트프로스트 블루베리 (L),1,1,0,TRUE
스무디_그래놀라요거트프로스트 블루베리 (R),1,1,0,TRUE
스무디_그릭요거트 스트로베리 블루베리 스무디 (L),1,1,0,TRUE
스무디_그릭요거트 스트로베리 블루베리 스무디 (R),1,1,0,TRUE
스무디_그릭요거트 스트로베리 블루베리 스무디 (S),1,1,0,TRUE
스무디_그릭요거트 파인애플 망고 스무디 (L),1,1,0,TRUE
스무디_그릭요거트 파인애플 망고 스무디 (S),1,1,0,TRUE
스무디_그릭요거트&딸기 밀크티 크러쉬,1,1,0,TRUE
스무디_그릭요거트&망고 밀크티 크러쉬,1,1,0,TRUE
스무디_그릭요거트&밀크티 크러쉬,1,1,0,TRUE
스무디_그린민트 초코 탐앤치노,1,1,0,TRUE
스무디_그린애플 요거트 스무디,1,1,0,TRUE
스무디_그린애플 익스트림 스무디,1,1,0,TRUE
스무디_그린티 그라니따 (R),1,1,0,TRUE
스무디_그린티 블렌디모 아이스(ICED),1,1,0,TRUE
스무디_그린티 스노우,1,1,0,TRUE
스무디_그린티 스무디,1,1,0,TRUE
스무디_그린티 스무디 (L),1,1,0,TRUE
스무디_그린티 스무디 (M),1,1,0,TRUE
스무디_그린티 아이스샷,1,1,0,TRUE
스무디_그린티 초코칩 탐앤치노,1,1,0,TRUE
스무디_그린티 탐앤치노,1,1,0,TRUE
스무디_그린티 프라노베,1,1,0,TRUE
스무디_그린티 프라페,1,1,0,TRUE
스무디_그린티 프라페 (L),1,1,0,TRUE
스무디_그린티 프라페 (R),1,1,0,TRUE
스무디_그린티 할리치노,1,1,0,TRUE
스무디_그린티프라페,1,1,0,TRUE
스무디_글라디에이터 스트로베리 바나나 스무디 (L),1,1,0,TRUE
스무디_글라디에이터 스트로베리 바나나 스무디 (R),1,1,0,TRUE
스무디_글라디에이터 스트로베리 바나나 스무디 (S),1,1,0,TRUE
스무디_글라디에이터 파인애플 망고 스무디 (L),1,1,0,TRUE
스무디_글라디에이터 파인애플 망고 스무디 (R),1,1,0,TRUE
스무디_글라디에이터 파인애플 망고 스무디 (S),1,1,0,TRUE
스무디_깔라만시 프로스트 (L),1,1,0,TRUE
스무디_깔라만시 프로스트 (R),1,1,0,TRUE
스무디_꿀배 쿨러시,1,1,0,TRUE
스무디_꿀복숭아 스무디 (R),1,1,0,TRUE
스무디_꿀복숭아 플랫치노,1,1,0,TRUE
스무디_꿀수박 스무디 (R),1,1,0,TRUE
스무디_꿀호떡 in절미 프라페,1,1,0,TRUE
스무디_납작복숭아 블루밍 크러쉬,1,1,0,TRUE
스무디_납작복숭아 타르트 크러쉬,1,1,0,TRUE
스무디_낭만 달고나 카페프라페,1,1,0,TRUE
스무디_낭만 달고나 프라페,1,1,0,TRUE
스무디_넛츠 프라노베,1,1,0,TRUE
스무디_녹차 루비치노,1,1,0,TRUE
스무디_녹차 리터치노 아이스(ICED) (L),1,1,0,TRUE
스무디_녹차 리터치노 아이스(ICED) (ML),1,1,0,TRUE
스무디_녹차 바나치노,1,1,0,TRUE
스무디_녹차 빽스치노,1,1,0,TRUE
스무디_녹차 빽스치노 소프트,1,1,0,TRUE
스무디_녹차 프로스트 (L),1,1,0,TRUE
스무디_녹차 프로스트 (R),1,1,0,TRUE
스무디_녹차 플랫치노,1,1,0,TRUE
스무디_다크쇼콜라 프라노베,1,1,0,TRUE
스무디_다크초코칩 할리치노,1,1,0,TRUE
스무디_달고나 마시빙,1,1,0,TRUE
스무디_달고나 스무디 (XL),1,1,0,TRUE
스무디_달고나 크런치 프라노베,1,1,0,TRUE
스무디_달달녹차프라푸치노,1,1,0,TRUE
스무디_더블 에스프레소 칩 프라푸치노 (Tall),1,1,0,TRUE
스무디_더블 토피넛 위드샷 아이스(ICED),1,1,0,TRUE
스무디_더블 토피넛 위드샷 핫(HOT),1,1,0,TRUE
스무디_더블초코 리터치노 아이스(ICED) (L),1,1,0,TRUE
스무디_더블초코 리터치노 아이스(ICED) (ML),1,1,0,TRUE
스무디_데일리오트바나나 프라페 (L),1,1,0,TRUE
스무디_데일리오트바나나 프라페 (Max),1,1,0,TRUE
스무디_데일리오트바나나 프라페 (R),1,1,0,TRUE
스무디_돌체 크러쉬 위드 샷,1,1,0,TRUE
스무디_디카페인 에스프레소 쉐이크,1,1,0,TRUE
스무디_딥초콜릿 블렌디드,1,1,0,TRUE
스무디_딸기 딜라이트 요거트 블렌디드 (Tall),1,1,0,TRUE
스무디_딸기 리얼요거트 프라페노 (L),1,1,0,TRUE
스무디_딸기 리얼요거트 프라페노 (R),1,1,0,TRUE
스무디_딸기 마시빙,1,1,0,TRUE
스무디_딸기 망고 스무벨라,1,1,0,TRUE
스무디_딸기 밀크 쉐이크,1,1,0,TRUE
스무디_딸기 복숭아 스무디,1,1,0,TRUE
스무디_딸기 빽스치노,1,1,0,TRUE
스무디_딸기 빽스치노 소프트,1,1,0,TRUE
스무디_딸기 뿅뿅 프라노베,1,1,0,TRUE
스무디_딸기 쉐이크 (R),1,1,0,TRUE
스무디_딸기 스노우,1,1,0,TRUE
스무디_딸기 스무디 (M),1,1,0,TRUE
스무디_딸기 스무디 (R),1,1,0,TRUE
스무디_딸기 스무벨라,1,1,0,TRUE
스무디_딸기 요거 프라노베,1,1,0,TRUE
스무디_딸기 요거스 아이스(ICED) (L),1,1,0,TRUE
스무디_딸기 요거스 아이스(ICED) (ML),1,1,0,TRUE
스무디_딸기 요거트 드롭치노,1,1,0,TRUE
스무디_딸기 요거트 드링크,1,1,0,TRUE
스무디_딸기 요거트 블렌디드,1,1,0,TRUE
스무디_딸기 요거트 쉐이크,1,1,0,TRUE
스무디_딸기 요거트 프로스트 (L),1,1,0,TRUE
스무디_딸기 요거트 프로스트 (R),1,1,0,TRUE
스무디_딸기 요거트 플랫치노,1,1,0,TRUE
스무디_딸기 유자 소르베,1,1,0,TRUE
스무디_딸기 젤라또 프라페노 (R),1,1,0,TRUE
스무디_딸기 쥬얼리 요구르트 크러쉬,1,1,0,TRUE
스무디_딸기 초코칩 프라페,1,1,0,TRUE
스무디_딸기 치즈 블렌디드,1,1,0,TRUE
스무디_딸기 치즈케익 할리치노,1,1,0,TRUE
스무디_딸기 코코 스무디,1,1,0,TRUE
스무디_딸기 쿠키 스무디,1,1,0,TRUE
스무디_딸기 쿠키 스무디 (XL),1,1,0,TRUE
스무디_딸기 프라페,1,1,0,TRUE
스무디_딸기 프로스트 (L),1,1,0,TRUE
스무디_딸기 프로스트 (R),1,1,0,TRUE
스무디_딸기돼지쉑,1,1,0,TRUE
스무디_딸기바나나 빽스치노,1,1,0,TRUE
스무디_딸기바나나 빽스치노 소프트,1,1,0,TRUE
스무디_딸기바나나요거트,1,1,0,TRUE
스무디_딸기스노우 프라페,1,1,0,TRUE
스무디_딸기요거 스무디,1,1,0,TRUE
스무디_딸기요거트,1,1,0,TRUE
스무디_딸기요거트 스무디 (L),1,1,0,TRUE
스무디_딸기요거트 스무디 (R),1,1,0,TRUE
스무디_딸기요거트스무디,1,1,0,TRUE
스무디_딸기치즈 프라페,1,1,0,TRUE
스무디_딸기치즈 프로스트 (L),1,1,0,TRUE
스무디_딸기치즈 프로스트 (R),1,1,0,TRUE
스무디_딸기크림 프라페,1,1,0,TRUE
스무디_딸기크림쿠키 프라페,1,1,0,TRUE
스무디_딸기크림프라푸치노,1,1,0,TRUE
스무디_딸기퐁 크러쉬,1,1,0,TRUE
스무디_딸기피치 요거스무디,1,1,0,TRUE
스무디_딸기한라봉 스무디,1,1,0,TRUE
스무디_라니 리틀 골드키위 썬샤인 스무디,1,1,0,TRUE
스무디_라이스 쉐이크,1,1,0,TRUE
스무디_라임자몽 크러쉬,1,1,0,TRUE
스무디_라임포도 크러쉬,1,1,0,TRUE
스무디_레드멜론 팝핑 그라니따 (L),1,1,0,TRUE
스무디_레드멜론 팝핑 그라니따 (R),1,1,0,TRUE
스무디_레드멜론 팝핑 그라니따 (V),1,1,0,TRUE
스무디_레드자몽 쿨러시,1,1,0,TRUE
스무디_레몬 딸기 스무디,1,1,0,TRUE
스무디_레몬 팝핑 스무디,1,1,0,TRUE
스무디_레몬트위스트 스트로베리 스무디 (L),1,1,0,TRUE
스무디_레몬트위스트 스트로베리 스무디 (R),1,1,0,TRUE
스무디_레몬트위스트 스트로베리 스무디 (S),1,1,0,TRUE
스무디_로기 리틀 스트로베리 익스크림 스무디,1,1,0,TRUE
스무디_로투스 비스코프 스노우,1,1,0,TRUE
스무디_리얼 과일스무디 딸기바나나,1,1,0,TRUE
스무디_리얼 과일스무디 망고,1,1,0,TRUE
스무디_리얼 딸기 쉐이크 (R),1,1,0,TRUE
스무디_리얼 블루베리 쉐이크 (R),1,1,0,TRUE
스무디_리얼 초코 프라페,1,1,0,TRUE
스무디_리얼 쿠앤크 쉐이크 (R),1,1,0,TRUE
스무디_리얼초코자바칩프라페,1,1,0,TRUE
스무디_린1 다크초코 스무디 (L),1,1,0,TRUE
스무디_린1 다크초코 스무디 (R),1,1,0,TRUE
스무디_린1 다크초코 스무디 (S),1,1,0,TRUE
스무디_린1 스트로베리 스무디 (L),1,1,0,TRUE
스무디_린1 스트로베리 스무디 (R),1,1,0,TRUE
스무디_린1 스트로베리 스무디 (S),1,1,0,TRUE
스무디_말차 밀크 프라페,1,1,0,TRUE
스무디_말차초코칩 프라페,1,1,0,TRUE
스무디_망고 마시빙,1,1,0,TRUE
스무디_망고 바나나 블렌디드 (Grande),1,1,0,TRUE
스무디_망고 바나나 프라페,1,1,0,TRUE
스무디_망고 버블 프로스트 (L),1,1,0,TRUE
스무디_망고 버블 프로스트 (R),1,1,0,TRUE
스무디_망고 스노우,1,1,0,TRUE
스무디_망고 스무디 (M),1,1,0,TRUE
스무디_망고 스무디 (R),1,1,0,TRUE
스무디_망고 스무벨라,1,1,0,TRUE
스무디_망고 아이스 블렌디드,1,1,0,TRUE
스무디_망고 요거스 아이스(ICED) (L),1,1,0,TRUE
스무디_망고 요거스 아이스(ICED) (ML),1,1,0,TRUE
스무디_망고 요거트 그라니따 (R),1,1,0,TRUE
스무디_망고 요거트 쉐이크,1,1,0,TRUE
스무디_망고 요거트 코코 스무디,1,1,0,TRUE
스무디_망고 요거트 프로스트 (L),1,1,0,TRUE
스무디_망고 요거트 프로스트 (R),1,1,0,TRUE
스무디_망고 패션 프루트 블렌디드 (Tall),1,1,0,TRUE
스무디_망고 페스티벌 스무디 (L),1,1,0,TRUE
스무디_망고 페스티벌 스무디 (R),1,1,0,TRUE
스무디_망고 페스티벌 스무디 (S),1,1,0,TRUE
스무디_망고 포도 스무벨라,1,1,0,TRUE
스무디_망고 프라페 (L),1,1,0,TRUE
스무디_망고 프라페 (Max),1,1,0,TRUE
스무디_망고 프라페 (R),1,1,0,TRUE
스무디_망고 프로스트 (L),1,1,0,TRUE
스무디_망고 프로스트 (R),1,1,0,TRUE
스무디_망고 플랫치노,1,1,0,TRUE
스무디_망고바나나요거트,1,1,0,TRUE
스무디_망고스무디,1,1,0,TRUE
스무디_망고요거트,1,1,0,TRUE
스무디_망고요거트스무디,1,1,0,TRUE
스무디_메론 쉐이크,1,1,0,TRUE
스무디_메론 요거트 스무디,1,1,0,TRUE
스무디_메론 치즈 프라페,1,1,0,TRUE
스무디_메론 팝핑 스무디,1,1,0,TRUE
스무디_메리뉴욕,1,1,0,TRUE
스무디_메리딸기,1,1,0,TRUE
스무디_메리마카롱 딸기,1,1,0,TRUE
스무디_메리마카롱 소다,1,1,0,TRUE
스무디_메리마카롱 솜사탕,1,1,0,TRUE
스무디_메리마카롱 초코,1,1,0,TRUE
스무디_메리마카롱 피스타치오,1,1,0,TRUE
스무디_메리망고,1,1,0,TRUE
스무디_메리베리,1,1,0,TRUE
스무디_메리초코,1,1,0,TRUE
스무디_메리치즈,1,1,0,TRUE
스무디_메리트리,1,1,0,TRUE
스무디_멜론 쉐이크 (L),1,1,0,TRUE
스무디_멜론 쉐이크 (ML),1,1,0,TRUE
스무디_모카 브라우니 그라니따 (R),1,1,0,TRUE
스무디_모카 블렌디모 아이스(ICED),1,1,0,TRUE
스무디_모카 프라페 (L),1,1,0,TRUE
스무디_모카 프라페 (R),1,1,0,TRUE
스무디_모카 프라푸치노 (Tall),1,1,0,TRUE
스무디_모카 프로스트 (L),1,1,0,TRUE
스무디_모카 프로스트 (R),1,1,0,TRUE
스무디_모카 플랫치노,1,1,0,TRUE
스무디_모카자바칩프라페,1,1,0,TRUE
스무디_모카칩커피 프라페 (L),1,1,0,TRUE
스무디_모카칩커피 프라페 (Max),1,1,0,TRUE
스무디_모카칩커피 프라페 (R),1,1,0,TRUE
스무디_믹스베리 요거트 프로스트 (L),1,1,0,TRUE
스무디_믹스베리 요거트 프로스트 (R),1,1,0,TRUE
스무디_믹스베리 프로스트 (L),1,1,0,TRUE
스무디_믹스베리 프로스트 (R),1,1,0,TRUE
스무디_민트 블렌디드,1,1,0,TRUE
스무디_민트 초코 프라페,1,1,0,TRUE
스무디_민트 초코칩 블렌디드,1,1,0,TRUE
스무디_민트 초코칩 할리치노,1,1,0,TRUE
스무디_민트 초콜릿 칩 블렌디드 (Tall),1,1,0,TRUE
스무디_민트 초콜릿 칩 플랫치노,1,1,0,TRUE
스무디_민트모카 블렌디모 아이스(ICED),1,1,0,TRUE
스무디_민트초코 루비치노,1,1,0,TRUE
스무디_민트초코 빽스치노,1,1,0,TRUE
스무디_민트초코 빽스치노 소프트,1,1,0,TRUE
스무디_민트초코 스노우,1,1,0,TRUE
스무디_민트초코 스무디 (L),1,1,0,TRUE
스무디_민트초코 스무디 (M),1,1,0,TRUE
스무디_민트초코 프라페,1,1,0,TRUE
스무디_민트초코 프라페 (L),1,1,0,TRUE
스무디_민트초코 프라페 (Max),1,1,0,TRUE
스무디_민트초코 프라페 (R),1,1,0,TRUE
스무디_민트초코오레오프라페,1,1,0,TRUE
스무디_민트초코칩 블렌디모 아이스(ICED),1,1,0,TRUE
스무디_민트초코칩 요프치노,1,1,0,TRUE
스무디_민트초코칩 프라페,1,1,0,TRUE
스무디_민트초코프라푸치노,1,1,0,TRUE
스무디_민트초콜릿칩 프라페 (L),1,1,0,TRUE
스무디_민트초콜릿칩 프라페 (R),1,1,0,TRUE
스무디_민트쿠키 프라페,1,1,0,TRUE
스무디_민트쿠키스무디 (XL),1,1,0,TRUE
스무디_밀크 쉐이크 (L),1,1,0,TRUE
스무디_밀크 쉐이크 (ML),1,1,0,TRUE
스무디_밀크 쉐이크 (R),1,1,0,TRUE
스무디_바나나 아일랜드 스무디 (L),1,1,0,TRUE
스무디_바나나 아일랜드 스무디 (R),1,1,0,TRUE
스무디_바나나 아일랜드 스무디 (S),1,1,0,TRUE
스무디_바나나 초코칩 프라페,1,1,0,TRUE
스무디_바나나 팔핑 스무디,1,1,0,TRUE
스무디_바나나 퐁 프라페,1,1,0,TRUE
스무디_바나나퐁 크러쉬,1,1,0,TRUE
스무디_바나나프로틴쉐이크,1,1,0,TRUE
스무디_바닐라 쉐이크,1,1,0,TRUE
스무디_바닐라 크림 프라푸치노 (Tall),1,1,0,TRUE
스무디_바닐라 탐앤치노,1,1,0,TRUE
스무디_바닐라 퐁 프라페,1,1,0,TRUE
스무디_바닐라 프라페 (L),1,1,0,TRUE
스무디_바닐라 프라페 (R),1,1,0,TRUE
스무디_바닐라밀크쉐이크 (R),1,1,0,TRUE
스무디_발로나 민트 초코 프라페,1,1,0,TRUE
스무디_밤 카라멜 리터치노 아이스(ICED) (L),1,1,0,TRUE
스무디_밤 카라멜 리터치노 아이스(ICED) (ML),1,1,0,TRUE
스무디_배 슬러피 아이스(ICED) (L),1,1,0,TRUE
스무디_배 슬러피 아이스(ICED) (ML),1,1,0,TRUE
스무디_배꿀 스무디,1,1,0,TRUE
스무디_버터스카치폼 에스프레소 블렌디드,1,1,0,TRUE
스무디_베리 바나나 프로틴 쉐이크,1,1,0,TRUE
스무디_베리 캐롯 스무디 (L),1,1,0,TRUE
스무디_베리 캐롯 스무디 (R),1,1,0,TRUE
스무디_베리 캐롯 스무디 (S),1,1,0,TRUE
스무디_베리베리 스무디 (L),1,1,0,TRUE
스무디_베리베리 스무디 (R),1,1,0,TRUE
스무디_베리베리 스무디 (S),1,1,0,TRUE
스무디_베리베리 스무벨라,1,1,0,TRUE
스무디_복숭아 그라니따 (R),1,1,0,TRUE
스무디_복숭아 발그레 스무디,1,1,0,TRUE
스무디_복숭아 스무디,1,1,0,TRUE
스무디_복숭아 스무디 (L),1,1,0,TRUE
스무디_복숭아 스무디 (R),1,1,0,TRUE
스무디_복숭아 애플망고 스무디,1,1,0,TRUE
스무디_복숭아 요거스 아이스(ICED) (L),1,1,0,TRUE
스무디_복숭아 요거스 아이스(ICED) (ML),1,1,0,TRUE
스무디_복숭아 요거스무디,1,1,0,TRUE
스무디_복숭아 요거트 드링크,1,1,0,TRUE
스무디_복숭아 요거트 스무디,1,1,0,TRUE
스무디_브라운 슈가 쥬얼리 치즈폼 스무디 아이스(ICED),1,1,0,TRUE
스무디_브이브이 찰떡이브이,1,1,0,TRUE
스무디_블루베리 리얼요거트 프라페노 (L),1,1,0,TRUE
스무디_블루베리 리얼요거트 프라페노 (R),1,1,0,TRUE
스무디_블루베리 마시빙,1,1,0,TRUE
스무디_블루베리 버블 프로스트 (L),1,1,0,TRUE
스무디_블루베리 버블 프로스트 (R),1,1,0,TRUE
스무디_블루베리 스노우,1,1,0,TRUE
스무디_블루베리 스무디 (M),1,1,0,TRUE
스무디_블루베리 스무디 (R),1,1,0,TRUE
스무디_블루베리 요거 프라노베,1,1,0,TRUE
스무디_블루베리 요거스 아이스(ICED) (L),1,1,0,TRUE
스무디_블루베리 요거스 아이스(ICED) (ML),1,1,0,TRUE
스무디_블루베리 요거스무디,1,1,0,TRUE
스무디_블루베리 요거트 그라니따 (R),1,1,0,TRUE
스무디_블루베리 요거트 쉐이크,1,1,0,TRUE
스무디_블루베리 요거트 플랫치노,1,1,0,TRUE
스무디_블루베리 치즈프라페,1,1,0,TRUE
스무디_블루베리스무디,1,1,0,TRUE
스무디_블루베리요거트,1,1,0,TRUE
스무디_블루베리요거트 스무디,1,1,0,TRUE
스무디_블루베리요거트 스무디 (L),1,1,0,TRUE
스무디_블루베리요거트 스무디 (R),1,1,0,TRUE
스무디_블루베리요거트스무디,1,1,0,TRUE
스무디_비빙 스무디,1,1,0,TRUE
스무디_사과요거트 스무디,1,1,0,TRUE
스무디_삼라봉 요거트 스무디,1,1,0,TRUE
스무디_삼삼 한라봉 스무디 (L),1,1,0,TRUE
스무디_삼삼 한라봉 스무디 (R),1,1,0,TRUE
스무디_삼삼 한라봉 스무디 (S),1,1,0,TRUE
스무디_생딸기 그래놀라 요거트 스무디,1,1,0,TRUE
스무디_샤인 머스캣 스무디,1,1,0,TRUE
스무디_샤인망고 요거트 스무디,1,1,0,TRUE
스무디_샤인머스캣 스무디,1,1,0,TRUE
스무디_샤인머스캣 요거트 스노우,1,1,0,TRUE
스무디_샤인머스켓 그라니따 (R),1,1,0,TRUE
스무디_석류 콜라겐 요거트스무디,1,1,0,TRUE
스무디_성주참외꿀 스무디,1,1,0,TRUE
스무디_소다 쉐이크 (L),1,1,0,TRUE
스무디_소다 쉐이크 (ML),1,1,0,TRUE
스무디_솔티카라멜 밀크 쉐이크,1,1,0,TRUE
스무디_솜사탕 팝핑 스무디,1,1,0,TRUE
스무디_수박 달달 스무디,1,1,0,TRUE
스무디_수박 메론 스무디,1,1,0,TRUE
스무디_수박 슬러피 아이스(ICED) (L),1,1,0,TRUE
스무디_수박 슬러피 아이스(ICED) (ML),1,1,0,TRUE
스무디_수박그라니따 (R),1,1,0,TRUE
스무디_순수 치즈 프라페,1,1,0,TRUE
스무디_슈크림허니퐁 크러쉬,1,1,0,TRUE
스무디_스트로베리 그라니따 (R),1,1,0,TRUE
스무디_스트로베리 요거트 그라니따 (R),1,1,0,TRUE
스무디_스트로베리 요거트 블렌디드 (L),1,1,0,TRUE
스무디_스트로베리 요거트 블렌디드 (R),1,1,0,TRUE
스무디_스트로베리 익스트림 스무디 (L),1,1,0,TRUE
스무디_스트로베리 치즈프라페,1,1,0,TRUE
스무디_스트로베리 크림 스무디,1,1,0,TRUE
스무디_스트로베리 키스 스무디 (L),1,1,0,TRUE
스무디_스트로베리 키스 스무디 (R),1,1,0,TRUE
스무디_스트로베리 키스 스무디 (S),1,1,0,TRUE
스무디_스트로베리초콜릿 프라페 (L),1,1,0,TRUE
스무디_스트로베리초콜릿 프라페 (Max),1,1,0,TRUE
스무디_스트로베리초콜릿 프라페 (R),1,1,0,TRUE
스무디_스트로베리치즈홀릭,1,1,0,TRUE
스무디_스트로베리피치 프라페 (L),1,1,0,TRUE
스무디_스트로베리피치 프라페 (R),1,1,0,TRUE
스무디_슬림 깔라만시 스무디,1,1,0,TRUE
스무디_슬림 깔라만시 요거트 스무디,1,1,0,TRUE
스무디_슬림 딸기 요거트 스무디,1,1,0,TRUE
스무디_슬림 망고 스무디,1,1,0,TRUE
스무디_슬림 망고 요거트 스무디,1,1,0,TRUE
스무디_슬림 청포도 스무디,1,1,0,TRUE
스무디_슬림앤슬림 다크초코 스무디 (L),1,1,0,TRUE
스무디_슬림앤슬림 다크초코 스무디 (R),1,1,0,TRUE
스무디_슬림앤슬림 다크초코 스무디 (S),1,1,0,TRUE
스무디_슬림앤슬림 스트로베리 스무디 (L),1,1,0,TRUE
스무디_슬림앤슬림 스트로베리 스무디 (R),1,1,0,TRUE
스무디_슬림앤슬림 스트로베리 스무디 (S),1,1,0,TRUE
스무디_아이스 블루베리 요거트 블렌디드,1,1,0,TRUE
스무디_아임파인,1,1,0,TRUE
스무디_애플 키위 케일 스무디 (L),1,1,0,TRUE
스무디_애플 키위 케일 스무디 (R),1,1,0,TRUE
스무디_애플 키위 케일 스무디 (S),1,1,0,TRUE
스무디_애플망고 샹그리아 소르베,1,1,0,TRUE
스무디_애플망고 요거 프라노베,1,1,0,TRUE
스무디_애플망고크러쉬,1,1,0,TRUE
스무디_약과 카라멜 쉐이크,1,1,0,TRUE
스무디_양지감로,1,1,0,TRUE
스무디_어른커피 쉐이크,1,1,0,TRUE
스무디_얼음수박,1,1,0,TRUE
스무디_에스프레소 밀크 프라페,1,1,0,TRUE
스무디_에스프레소 쉐이크,1,1,0,TRUE
스무디_에스프레소 프라노베,1,1,0,TRUE
스무디_에스프레소 프라페,1,1,0,TRUE
스무디_에스프레소 프라푸치노 (Tall),1,1,0,TRUE
스무디_에스프레소 프로스트 (L),1,1,0,TRUE
스무디_에스프레소 프로스트 (R),1,1,0,TRUE
스무디_엑스트라 자바칩 탐앤치노,1,1,0,TRUE
스무디_엔젤푸드 스무디 (L),1,1,0,TRUE
스무디_엔젤푸드 스무디 (R),1,1,0,TRUE
스무디_엔젤푸드 스무디 (S),1,1,0,TRUE
스무디_연유딸기쉑,1,1,0,TRUE
스무디_연유망고쉑,1,1,0,TRUE
스무디_오곡 밀크 프라페,1,1,0,TRUE
스무디_오곡프로스트 (L),1,1,0,TRUE
스무디_오곡프로스트 (R),1,1,0,TRUE
스무디_오레오 루비치노,1,1,0,TRUE
스무디_오레오 쉐이크 (R),1,1,0,TRUE
스무디_오레오 스무디,1,1,0,TRUE
스무디_오레오 초코 프라페,1,1,0,TRUE
스무디_오렌지 레볼루션 스무디 (L),1,1,0,TRUE
스무디_오렌지 레볼루션 스무디 (R),1,1,0,TRUE
스무디_오렌지 레볼루션 스무디 (S),1,1,0,TRUE
스무디_오렌지 카밤 스무디 (L),1,1,0,TRUE
스무디_오렌지 카밤 스무디 (R),1,1,0,TRUE
스무디_오렌지 카밤 스무디 (S),1,1,0,TRUE
스무디_오리지널 바닐라 쉐이크 (R),1,1,0,TRUE
스무디_오리진 쉐이크,1,1,0,TRUE
스무디_옥수수 바나치노,1,1,0,TRUE
스무디_요거트 블렌디드,1,1,0,TRUE
스무디_요거트 스노우,1,1,0,TRUE
스무디_요거트 스무디,1,1,0,TRUE
스무디_요거트 스무디 (L),1,1,0,TRUE
스무디_요거트 스무디 (M),1,1,0,TRUE
스무디_요거트 애플망고 (L),1,1,0,TRUE
스무디_요거트 요프치노,1,1,0,TRUE
스무디_요거트 프라페 (L),1,1,0,TRUE
스무디_요거트 프라페 (Max),1,1,0,TRUE
스무디_요거트 프라페 (R),1,1,0,TRUE
스무디_우도땅콩 바나나 쉐이크,1,1,0,TRUE
스무디_원조빽스치노,1,1,0,TRUE
스무디_원조빽스치노 소프트,1,1,0,TRUE
스무디_월넛 탐앤치노,1,1,0,TRUE
스무디_유니콘 프라페,1,1,0,TRUE
스무디_유자 요거스 아이스(ICED) (L),1,1,0,TRUE
스무디_유자 요거스 아이스(ICED) (ML),1,1,0,TRUE
스무디_유자 프로스트 (L),1,1,0,TRUE
스무디_유자 프로스트 (R),1,1,0,TRUE
스무디_자두 팝핑 그라니따 (R),1,1,0,TRUE
스무디_자두크러쉬,1,1,0,TRUE
스무디_자몽 스무디 (L),1,1,0,TRUE
스무디_자몽 스무디 (R),1,1,0,TRUE
스무디_자몽 요거트 블렌디드,1,1,0,TRUE
스무디_자몽 플랫치노,1,1,0,TRUE
스무디_자바 리터치노 아이스(ICED) (L),1,1,0,TRUE
스무디_자바 리터치노 아이스(ICED) (ML),1,1,0,TRUE
스무디_자바 초코렛 칩 스노우,1,1,0,TRUE
스무디_자바 칩 프라푸치노 (Tall),1,1,0,TRUE
스무디_자바칩 그라니따 (R),1,1,0,TRUE
스무디_자바칩 루비치노,1,1,0,TRUE
스무디_자바칩 바나치노,1,1,0,TRUE
스무디_자바칩 탐앤치노,1,1,0,TRUE
스무디_자바칩 프라노베,1,1,0,TRUE
스무디_자바칩 프라페 (L),1,1,0,TRUE
스무디_자바칩 프라페 (R),1,1,0,TRUE
스무디_자바칩 프로스트 (L),1,1,0,TRUE
스무디_자바칩 프로스트 (R),1,1,0,TRUE
스무디_자바칩모카 프로스트 (L),1,1,0,TRUE
스무디_자바칩모카 프로스트 (R),1,1,0,TRUE
스무디_자바칩프라푸치노,1,1,0,TRUE
스무디_장수 오미자 스무디,1,1,0,TRUE
스무디_제주 그린 한라봉 모히또 블렌디드 (Grande),1,1,0,TRUE
스무디_제주 그린티 스무디,1,1,0,TRUE
스무디_제주 까망 크림 프라푸치노 (Grande),1,1,0,TRUE
스무디_제주 레몬 망고 스무디,1,1,0,TRUE
스무디_제주 말차 블렌디드,1,1,0,TRUE
스무디_제주 쑥떡 크림 프라푸치노 (Grande),1,1,0,TRUE
스무디_제주 유기농 말차로 만든 크림 프라푸치노 (Tall),1,1,0,TRUE
스무디_제주 청귤 레몬 스무디,1,1,0,TRUE
스무디_제주 한라봉 감귤 스무디,1,1,0,TRUE
스무디_제주 한라봉 스무디,1,1,0,TRUE
스무디_제주녹차 프라페노 (L),1,1,0,TRUE
스무디_제주녹차 프라페노 (R),1,1,0,TRUE
스무디_제주말차 프라페 (L),1,1,0,TRUE
스무디_제주말차 프라페 (Max),1,1,0,TRUE
스무디_제주말차 프라페 (R),1,1,0,TRUE
스무디_젤라또 쉐이크,1,1,0,TRUE
스무디_죠리퐁 프라페 밀크카라멜,1,1,0,TRUE
스무디_죠리퐁 프라페 플레인,1,1,0,TRUE
스무디_청자몽 팝핑 그라니따 (R),1,1,0,TRUE
스무디_청포도 리치 스무디,1,1,0,TRUE
스무디_청포도 블렌디드,1,1,0,TRUE
스무디_청포도 스무디,1,1,0,TRUE
스무디_청포도 아이스 블렌디드,1,1,0,TRUE
스무디_청포도 쿨러시,1,1,0,TRUE
스무디_체리 바닐라 프라페,1,1,0,TRUE
스무디_체리 익스트림 스무디 (L),1,1,0,TRUE
스무디_체리 익스트림 스무디 (R),1,1,0,TRUE
스무디_체리츄,1,1,0,TRUE
스무디_초당옥수수 스무디,1,1,0,TRUE
스무디_초당옥수수 팝핑 스무디,1,1,0,TRUE
스무디_초코 루비치노,1,1,0,TRUE
스무디_초코 마시빙,1,1,0,TRUE
스무디_초코 밀크 쉐이크,1,1,0,TRUE
스무디_초코 바나나 프라페,1,1,0,TRUE
스무디_초코 바닐라 프라페,1,1,0,TRUE
스무디_초코 블렌디드,1,1,0,TRUE
스무디_초코 스무디,1,1,0,TRUE
스무디_초코 쿠키 프라페,1,1,0,TRUE
스무디_초코 쿠키스무디 (XL),1,1,0,TRUE
스무디_초코 파르페 (L),1,1,0,TRUE
스무디_초코 퐁 프라페,1,1,0,TRUE
스무디_초코 프라노베,1,1,0,TRUE
스무디_초코 프라페,1,1,0,TRUE
스무디_초코 피스타치오 프라페,1,1,0,TRUE
스무디_초코돼지쉑,1,1,0,TRUE
스무디_초코밀크 쉐이크 (R),1,1,0,TRUE
스무디_초코바나나 빽스치노,1,1,0,TRUE
스무디_초코바나나 빽스치노 소프트,1,1,0,TRUE
스무디_초코바나나 프라페,1,1,0,TRUE
스무디_초코바른 제주 그린 스무디,1,1,0,TRUE
스무디_초코바른 초코 스무디,1,1,0,TRUE
스무디_초코바른 피스타치오 스무디,1,1,0,TRUE
스무디_초코빽스치노,1,1,0,TRUE
스무디_초코빽스치노 소프트,1,1,0,TRUE
스무디_초코칩 스무디 (L),1,1,0,TRUE
스무디_초코칩 스무디 (M),1,1,0,TRUE
스무디_초코칩 스무디 (XL),1,1,0,TRUE
스무디_초코칩 프라페노 (L),1,1,0,TRUE
스무디_초코칩 프라페노 (R),1,1,0,TRUE
스무디_초코쿠키 쉐이크,1,1,0,TRUE
스무디_초코크림 프라페,1,1,0,TRUE
스무디_초코프로틴쉐이크,1,1,0,TRUE
스무디_초코허니퐁 크러쉬,1,1,0,TRUE
스무디_초콜렛 쿠키&크림 스무디,1,1,0,TRUE
스무디_초콜릿 밀크 쉐이크,1,1,0,TRUE
스무디_초콜릿 블렌디드,1,1,0,TRUE
스무디_초콜릿 블렌디모 아이스(ICED),1,1,0,TRUE
스무디_초콜릿 아이스 블렌디드 (L),1,1,0,TRUE
스무디_초콜릿 아이스 블렌디드 (R),1,1,0,TRUE
스무디_초콜릿 칩 플랫치노,1,1,0,TRUE
스무디_초콜릿 크림 칩 프라푸치노 (Tall),1,1,0,TRUE
스무디_초콜릿쿠키 젤라또 프라페노 (R),1,1,0,TRUE
스무디_치즈&스트로베리 블렌디드,1,1,0,TRUE
스무디_치즈&애플망고 블렌디드,1,1,0,TRUE
스무디_치즈&핑크리치 블렌디드,1,1,0,TRUE
스무디_카라멜 루비치노,1,1,0,TRUE
스무디_카라멜 블렌디모 아이스(ICED),1,1,0,TRUE
스무디_카라멜 아이스 블렌디드 (R),1,1,0,TRUE
스무디_카라멜 아이스샷,1,1,0,TRUE
스무디_카라멜 프라노베,1,1,0,TRUE
스무디_카라멜 프라페,1,1,0,TRUE
스무디_카라멜 프라페 (L),1,1,0,TRUE
스무디_카라멜 프라페 (R),1,1,0,TRUE
스무디_카라멜 프라푸치노 (Tall),1,1,0,TRUE
스무디_카라멜 프로스트 (L),1,1,0,TRUE
스무디_카라멜 프로스트 (R),1,1,0,TRUE
스무디_카라멜 플랫치노,1,1,0,TRUE
스무디_카라멜커피 프라페 (L),1,1,0,TRUE
스무디_카라멜커피 프라페 (Max),1,1,0,TRUE
스무디_카라멜커피 프라페 (R),1,1,0,TRUE
스무디_카페 코코다,1,1,0,TRUE
스무디_캐롯 케일 스무디 (L),1,1,0,TRUE
스무디_캐롯 케일 스무디 (R),1,1,0,TRUE
스무디_캐롯 케일 스무디 (S),1,1,0,TRUE
스무디_캐리비안 웨이 스무디 (L),1,1,0,TRUE
스무디_캐리비안 웨이 스무디 (R),1,1,0,TRUE
스무디_캐리비안 웨이 스무디 (S),1,1,0,TRUE
스무디_캔디소다 밀크쉐이크,1,1,0,TRUE
스무디_커피 드로잉 말차 프라푸치노 (Tall),1,1,0,TRUE
스무디_커피 밀크쉐이크,1,1,0,TRUE
스무디_커피 쉐이크 (L),1,1,0,TRUE
스무디_커피 쉐이크 (ML),1,1,0,TRUE
스무디_커피 플랫치노,1,1,0,TRUE
스무디_커피밀크쉐이크 (R),1,1,0,TRUE
스무디_코코넛 그린티,1,1,0,TRUE
스무디_코코넛 더치,1,1,0,TRUE
스무디_코코넛 마블 애플망고 (L),1,1,0,TRUE
스무디_코코넛 서프라이즈 스무디 (L),1,1,0,TRUE
스무디_코코넛 서프라이즈 스무디 (R),1,1,0,TRUE
스무디_코코넛 서프라이즈 스무디 (S),1,1,0,TRUE
스무디_코코넛 아이스샷,1,1,0,TRUE
스무디_코코넛 카페 요프치노,1,1,0,TRUE
스무디_코코넛 커피 그라니따 (R),1,1,0,TRUE
스무디_코코넛 쿠앤크,1,1,0,TRUE
스무디_코코넛 피나 콜라다 스무디 (L),1,1,0,TRUE
스무디_코코넛 피나 콜라다 스무디 (R),1,1,0,TRUE
스무디_코코넛 피나 콜라다 스무디 (S),1,1,0,TRUE
스무디_코코넛커피 쉐이크,1,1,0,TRUE
스무디_코코밀크 프라페,1,1,0,TRUE
스무디_코코초코 프라페,1,1,0,TRUE
스무디_코코프레소,1,1,0,TRUE
스무디_콜드브루 커피 프라페,1,1,0,TRUE
스무디_콜드브루 할리치노,1,1,0,TRUE
스무디_콜라겐 요거트스무디,1,1,0,TRUE
스무디_쿠앤크 리터치노 아이스(ICED) (L),1,1,0,TRUE
스무디_쿠앤크 리터치노 아이스(ICED) (ML),1,1,0,TRUE
스무디_쿠앤크 바나치노,1,1,0,TRUE
스무디_쿠앤크 블렌디드,1,1,0,TRUE
스무디_쿠앤크 스무디 (L),1,1,0,TRUE
스무디_쿠앤크 스무디 (M),1,1,0,TRUE
스무디_쿠앤크 요프치노,1,1,0,TRUE
스무디_쿠앤크 프라페,1,1,0,TRUE
스무디_쿠앤크프라푸치노,1,1,0,TRUE
스무디_쿠크팝 (L),1,1,0,TRUE
스무디_쿠크팝 (R),1,1,0,TRUE
스무디_쿠키 밀크 쉐이크,1,1,0,TRUE
스무디_쿠키 밀크쉐이크,1,1,0,TRUE
스무디_쿠키&크림 스노우,1,1,0,TRUE
스무디_쿠키&크림 프라페 (L),1,1,0,TRUE
스무디_쿠키&크림 프라페 (R),1,1,0,TRUE
스무디_쿠키앤크림 블렌디드,1,1,0,TRUE
스무디_쿠키앤크림 탐앤치노,1,1,0,TRUE
스무디_쿠키앤크림 프라노베,1,1,0,TRUE
스무디_쿠키앤크림 프라페,1,1,0,TRUE
스무디_쿠키초코프라페,1,1,0,TRUE
스무디_쿠키크런치 빽스치노,1,1,0,TRUE
스무디_쿠키크런치 빽스치노 소프트,1,1,0,TRUE
스무디_쿨캔디 팝핑스무디,1,1,0,TRUE
스무디_키위 스무디,1,1,0,TRUE
스무디_키위 스무벨라,1,1,0,TRUE
스무디_키위 요거트 프로스트 (L),1,1,0,TRUE
스무디_키위 요거트 프로스트 (R),1,1,0,TRUE
스무디_타로 버블 프로스트 (L),1,1,0,TRUE
스무디_타로 버블 프로스트 (R),1,1,0,TRUE
스무디_타로 블렌디드,1,1,0,TRUE
스무디_타요 리틀 엔젤푸드 스무디,1,1,0,TRUE
스무디_토피넛 프라노베,1,1,0,TRUE
스무디_토피넛 플랫치노,1,1,0,TRUE
스무디_토피넛초코칩 프라페,1,1,0,TRUE
스무디_트위스트 피치 요거트 블렌디드 (Grande),1,1,0,TRUE
스무디_파인비타 그라니따 (R),1,1,0,TRUE
스무디_파인애플 서프 스무디 (L),1,1,0,TRUE
스무디_파인애플 서프 스무디 (R),1,1,0,TRUE
스무디_파인애플 서프 스무디 (S),1,1,0,TRUE
스무디_파인애플망고 스무디,1,1,0,TRUE
스무디_파인코코 크러쉬,1,1,0,TRUE
스무디_팥 마시빙,1,1,0,TRUE
스무디_패션프루츠 스무디,1,1,0,TRUE
스무디_퍼플 사워 블렌디드 (Tall),1,1,0,TRUE
스무디_폭탄 프라페,1,1,0,TRUE
스무디_퐁당치노 미숫가루,1,1,0,TRUE
스무디_퐁당치노 바닐라,1,1,0,TRUE
스무디_퐁당치노 원조커피,1,1,0,TRUE
스무디_퐁크러쉬,1,1,0,TRUE
스무디_프로틴 그릭요거트 아이스 블렌디드,1,1,0,TRUE
스무디_프로틴 초콜릿 아이스 블렌디드 (L),1,1,0,TRUE
스무디_플레인 그릭요거트 아이스 블렌디드,1,1,0,TRUE
스무디_플레인 리얼요거트 프라페노 (L),1,1,0,TRUE
스무디_플레인 리얼요거트 프라페노 (R),1,1,0,TRUE
스무디_플레인 밀크 쉐이크,1,1,0,TRUE
스무디_플레인 밀크쉐이크,1,1,0,TRUE
스무디_플레인 요거 프라노베,1,1,0,TRUE
스무디_플레인 요거스 아이스(ICED) (L),1,1,0,TRUE
스무디_플레인 요거스 아이스(ICED) (ML),1,1,0,TRUE
스무디_플레인 요거스무디,1,1,0,TRUE
스무디_플레인 요거트 그라니따 (R),1,1,0,TRUE
스무디_플레인 요거트 드링크,1,1,0,TRUE
스무디_플레인 요거트 블렌디드,1,1,0,TRUE
스무디_플레인 요거트 쉐이크,1,1,0,TRUE
스무디_플레인 요거트 코코 스무디,1,1,0,TRUE
스무디_플레인 요거트 프로스트 (R),1,1,0,TRUE
스무디_플레인 요거트 플랫치노,1,1,0,TRUE
스무디_플레인 요거트 할리치노,1,1,0,TRUE
스무디_플레인요거트,1,1,0,TRUE
스무디_플레인요거트 스무디 (L),1,1,0,TRUE
스무디_플레인요거트 스무디 (R),1,1,0,TRUE
스무디_플레인요거트스무디,1,1,0,TRUE
스무디_플레인퐁 크러쉬,1,1,0,TRUE
스무디_플레인허니퐁 크러쉬,1,1,0,TRUE
스무디_피넛 밀크 쉐이크,1,1,0,TRUE
스무디_피넛 파워 플러스 다크초코 스무디 (L),1,1,0,TRUE
스무디_피넛 파워 플러스 다크초코 스무디 (R),1,1,0,TRUE
스무디_피넛 파워 플러스 다크초코 스무디 (S),1,1,0,TRUE
스무디_피넛 파워 플러스 스트로베리 스무디 (L),1,1,0,TRUE
스무디_피넛 파워 플러스 스트로베리 스무디 (R),1,1,0,TRUE
스무디_피넛 파워 플러스 스트로베리 스무디 (S),1,1,0,TRUE
스무디_피넛버터 밀크 쉐이크,1,1,0,TRUE
스무디_피스타치오 빽스치노,1,1,0,TRUE
스무디_피스타치오 빽스치노 소프트,1,1,0,TRUE
스무디_피스타치오 스무디 (XL),1,1,0,TRUE
스무디_피스타치오 아몬드 프라페,1,1,0,TRUE
스무디_피스타치오 코코 스무디,1,1,0,TRUE
스무디_피치 딸기 크러쉬,1,1,0,TRUE
스무디_피치 슬라이스 플러스 스무디 (L),1,1,0,TRUE
스무디_피치 슬라이스 플러스 스무디 (R),1,1,0,TRUE
스무디_피치 슬라이스 플러스 스무디 (S),1,1,0,TRUE
스무디_피카피카 망고피카츄,1,1,0,TRUE
스무디_하동녹차 프라페,1,1,0,TRUE
스무디_하이프로틴 아몬드 모카 스무디 (L),1,1,0,TRUE
스무디_하이프로틴 아몬드 모카 스무디 (R),1,1,0,TRUE
스무디_하이프로틴 아몬드 모카 스무디 (S),1,1,0,TRUE
스무디_하이프로틴 아몬드 바나나 스무디 (L),1,1,0,TRUE
스무디_하이프로틴 아몬드 바나나 스무디 (R),1,1,0,TRUE
스무디_하이프로틴 아몬드 바나나 스무디 (S),1,1,0,TRUE
스무디_한라봉 스노우,1,1,0,TRUE
스무디_허니 월넛치노,1,1,0,TRUE
스무디_현미 밀크 쉐이크,1,1,0,TRUE
스무디_화이트 초콜릿 모카 프라푸치노 (Tall),1,1,0,TRUE
스무디_화이트 타이거 프라푸치노 (Grande),1,1,0,TRUE
스무디_화이트 프로스트 (L),1,1,0,TRUE
스무디_화이트 프로스트 (R),1,1,0,TRUE
스무디_흑당 스무디,1,1,0,TRUE
스무디_흰둥이 바닐라 밀크 쉐이크,1,1,0,TRUE
스무디_히비스커스펀치슬러쉬,1,1,0,TRUE
스콘_건포도 스콘,1,1,0,TRUE
스콘_고메버터 스콘,1,1,0,TRUE
스콘_녹차 마카다미아 스콘,1,1,0,TRUE
스콘_더블치즈 스콘,1,1,0,TRUE
스콘_라즈베리 스콘,1,1,0,TRUE
스콘_라즈베리잼&크림 스콘,1,1,0,TRUE
스콘_리얼초코 스콘,1,1,0,TRUE
스콘_무화과 스콘,1,1,0,TRUE
스콘_무화과스콘,1,1,0,TRUE
스콘_미니 클래식 스콘,1,1,0,TRUE
스콘_밀크 스콘,1,1,0,TRUE
스콘_바질 스콘,1,1,0,TRUE
스콘_블루베리 스콘,1,1,0,TRUE
스콘_스콘 건포도,1,1,0,TRUE
스콘_스콘 시나몬호두,1,1,0,TRUE
스콘_아몬드 달고나 스콘,1,1,0,TRUE
스콘_아몬드 스콘,1,1,0,TRUE
스콘_앙버터 스콘,1,1,0,TRUE
스콘_애플시나몬 스콘,1,1,0,TRUE
스콘_얼그레이 스콘,1,1,0,TRUE
스콘_오리지널버터,1,1,0,TRUE
스콘_제주봄빛말차 스콘,1,1,0,TRUE
스콘_초코 스콘,1,1,0,TRUE
스콘_초코칩 스콘,1,1,0,TRUE
스콘_치즈 넛츠 스콘,1,1,0,TRUE
스콘_크랜베리 미니 스콘,1,1,0,TRUE
스콘_클래식 스콘,1,1,0,TRUE
스콘_트리플 미니 스콘,1,1,0,TRUE
스콘_플레인 미니 스콘,1,1,0,TRUE
스콘_피넛 쑥 떡 스콘,1,1,0,TRUE
스테이크_간편조리세트_그레이프 소스 스테이크,1,1,0,TRUE
스테이크_간편조리세트_뉴욕스테이크&크림뇨끼,1,1,0,TRUE
스테이크_간편조리세트_부채살 찹스테이크,1,1,0,TRUE
스테이크_간편조리세트_블랙라벨 스테이크 부채살,1,1,0,TRUE
스테이크_간편조리세트_비프찹스테이크,1,1,0,TRUE
스테이크_간편조리세트_시그니처 스테이크 부채살,1,1,0,TRUE
스테이크_간편조리세트_시그니처찹스테이크,1,1,0,TRUE
스테이크_간편조리세트_파빌리온 양갈비 스테이크,1,1,0,TRUE
스테이크_간편조리세트_프라임스테이크 부채살,1,1,0,TRUE
스테이크_닭다리살 스테이크 극한왕갈비맛 (1개),1,1,0,TRUE
스테이크_닭다리살 스테이크 통다리바비큐맛 (1개),1,1,0,TRUE
스테이크_소등심,1,1,0,TRUE
스테이크_소안심,1,1,0,TRUE
스파게티_간편조리세트_감바스알리오올리오,1,1,0,TRUE
스파게티_간편조리세트_바질크림 빠네 파스타,1,1,0,TRUE
스파게티_간편조리세트_베이컨까르보나라,1,1,0,TRUE
스파게티_간편조리세트_볼로네제라구파스타,1,1,0,TRUE
스파게티_간편조리세트_쉬림프 크림파스타,1,1,0,TRUE
스파게티_간편조리세트_알리오올리오파스타,1,1,0,TRUE
스파게티_간편조리세트_에그인헬파스타,1,1,0,TRUE
스파게티_간편조리세트_오마이갓파스타,1,1,0,TRUE
스파게티_간편조리세트_톡톡크림 빠네 파스타,1,1,0,TRUE
스파게티_간편조리세트_트러플 크림 파스타,1,1,0,TRUE
스파게티_간편조리세트_할라피뇨베이컨파스타,1,1,0,TRUE
스파게티_간편조리세트_핫매콤크림파스타,1,1,0,TRUE
스파게티_간편조리세트_해장파스타,1,1,0,TRUE
스파게티_까르보나라소스,1,1,0,TRUE
스파게티_뇨끼,1,1,0,TRUE
스파게티_로제소스,1,1,0,TRUE
스파게티_미트 토마토 파스타,1,1,0,TRUE
스파게티_미트볼,1,1,0,TRUE
스파게티_미트소스,1,1,0,TRUE
스파게티_베이컨 크림 파스타,1,1,0,TRUE
스파게티_쉬림프 로제 파스타,1,1,0,TRUE
스파게티_오일소스,1,1,0,TRUE
스파게티_크림소스,1,1,0,TRUE
스파게티_해물_크림소스,1,1,0,TRUE
스파게티_해물_토마토소스,1,1,0,TRUE
스프_감자,1,1,0,TRUE
스프_단호박 크림 수프,1,1,0,TRUE
스프_소고기,1,1,0,TRUE
스프_양송이 수프,1,1,0,TRUE
스프_옥수수,1,1,0,TRUE
스프_콘 수프,1,1,0,TRUE
스프_크림,1,1,0,TRUE
스프_토마토 로제 수프,1,1,0,TRUE
스프_트러플 머쉬룸 수프,1,1,0,TRUE
스프_트러플 머쉬룸 수프볼,1,1,0,TRUE
시금치나물_소금,1,1,0,TRUE
시래기나물_간장_소금,1,1,0,TRUE
시래기나물무침,1,1,0,TRUE
시루떡_녹두,1,1,0,TRUE
시리얼_무슬리,1,1,0,TRUE
시리얼_우유,1,1,0,TRUE
식빵,1,1,0,TRUE
식빵_64겹 페스트리 식빵,1,1,0,TRUE
식빵_72겹의정성데니쉬 식빵,1,1,0,TRUE
식빵_NEW 모닝토스트,1,1,0,TRUE
식빵_NEW 밤식빵,1,1,0,TRUE
식빵_NEW 밤식빵 (H),1,1,0,TRUE
식빵_고구마가달구마,1,1,0,TRUE
식빵_고구마슈크림식빵,1,1,0,TRUE
식빵_고소담백더치 브레드,1,1,0,TRUE
식빵_고소한 소보루데니쉬식빵,1,1,0,TRUE
식빵_고소한 소보루데니쉬식빵 (H),1,1,0,TRUE
식빵_고소함이톡톡곡물 식빵,1,1,0,TRUE
식빵_공주밤 식빵,1,1,0,TRUE
식빵_굿모닝 식빵,1,1,0,TRUE
식빵_달콤향긋한시나몬식빵,1,1,0,TRUE
식빵_담백하고 쫄깃한 뜯어먹는 식빵,1,1,0,TRUE
식빵_담백하고 쫄깃한 뜯어먹는 식빵 (H),1,1,0,TRUE
식빵_더블롤치즈 식빵,1,1,0,TRUE
식빵_더블롤치즈 식빵 (소),1,1,0,TRUE
식빵_데니쉬식빵,1,1,0,TRUE
식빵_뜯어먹는 쫄깃하고담백한식빵,1,1,0,TRUE
식빵_뜯어먹는롤치즈브레드,1,1,0,TRUE
식빵_뜯어먹는롤치즈브레드 (H),1,1,0,TRUE
식빵_뜯어먹는롤치즈식빵,1,1,0,TRUE
식빵_뜯어먹는밤식빵,1,1,0,TRUE
식빵_뜯어먹는밤식빵 (H),1,1,0,TRUE
식빵_뜯어먹는크랜베리식빵,1,1,0,TRUE
식빵_뜯어먹는크랜베리식빵 (H),1,1,0,TRUE
식빵_러스크,1,1,0,TRUE
식빵_롤치즈식빵,1,1,0,TRUE
식빵_마구마구밤 식빵,1,1,0,TRUE
식빵_마구마구밤 식빵 (소),1,1,0,TRUE
식빵_모닝토스트,1,1,0,TRUE
식빵_모카크림식빵,1,1,0,TRUE
식빵_모카크림식빵 (H),1,1,0,TRUE
식빵_모카패스트리 식빵,1,1,0,TRUE
식빵_무화과깜빠뉴 식빵,1,1,0,TRUE
식빵_미니모카패스트리 식빵,1,1,0,TRUE
식빵_밀크후레쉬 식빵,1,1,0,TRUE
식빵_밤식빵,1,1,0,TRUE
식빵_밤식빵 (H),1,1,0,TRUE
식빵_밤콩달콩 두유 브레드,1,1,0,TRUE
식빵_밤페스트리 식빵,1,1,0,TRUE
식빵_부드럽고촉촉한 식빵,1,1,0,TRUE
식빵_브리오슈 식빵,1,1,0,TRUE
식빵_블랙올리브탕종식빵,1,1,0,TRUE
식빵_블루베리요거트롤,1,1,0,TRUE
식빵_뺑드미 식빵,1,1,0,TRUE
식빵_상미종 생식빵,1,1,0,TRUE
식빵_소보루듬뿍데니쉬식빵,1,1,0,TRUE
식빵_소화가 잘되는 식빵,1,1,0,TRUE
식빵_순수한맛순우유 식빵,1,1,0,TRUE
식빵_스위트밀크식빵,1,1,0,TRUE
식빵_스위트밀크식빵 (소),1,1,0,TRUE
식빵_스윗 밀크 브레드,1,1,0,TRUE
식빵_시나몬롤식빵,1,1,0,TRUE
식빵_시나몬모닝토스트,1,1,0,TRUE
식빵_아침엔보리 쌀롤 (6개입),1,1,0,TRUE
식빵_압구정 식빵,1,1,0,TRUE
식빵_오늘도 소식,1,1,0,TRUE
식빵_오렌지 크림치즈롤,1,1,0,TRUE
식빵_옥수수 식빵,1,1,0,TRUE
식빵_인생 식빵,1,1,0,TRUE
식빵_착한빵 식통밀식빵,1,1,0,TRUE
식빵_착한빵식 통밀빵,1,1,0,TRUE
식빵_촉촉함은 담은 쫄깃한 식빵,1,1,0,TRUE
식빵_촉촉함을 담은 쫄깃한 식빵,1,1,0,TRUE
식빵_카야넛 쌀식빵,1,1,0,TRUE
식빵_크랜베리캄파뉴 식빵,1,1,0,TRUE
식빵_통밀 씨드 식빵,1,1,0,TRUE
식빵_통밀식빵,1,1,0,TRUE
식빵_통밤가득밤 식빵,1,1,0,TRUE
식빵_페스트리 식빵,1,1,0,TRUE
식빵_피칸시나몬롤,1,1,0,TRUE
식혜,1,1,0,TRUE
식혜_단호박 식혜,1,1,0,TRUE
식혜_식혜 아이스(ICED),1,1,0,TRUE
식혜_얼음동동 식혜,1,1,0,TRUE
쌀죽(흰죽)_삼광,1,1,0,TRUE
쌀죽(흰죽)_새일미,1,1,0,TRUE
쌀죽(흰죽)_신동진,1,1,0,TRUE
쌀죽(흰죽)_오대,1,1,0,TRUE
쌀죽(흰죽)_칠분도미,1,1,0,TRUE
쌍화차_쌍화차 아이스(ICED),1,1,0,TRUE
쌍화차_쌍화차 핫(HOT),1,1,0,TRUE
쑥갓나물_모듬채소,1,1,0,TRUE
쑥갓나물_소금,1,1,0,TRUE
쑥갓나물무침,1,1,0,TRUE
쑥갓무침,1,1,0,TRUE
쑥떡,1,1,0,TRUE
쑥전(부침개),1,1,0,TRUE
씀바귀나물,1,1,0,TRUE
씀바귀나물무침,1,1,0,TRUE
아구탕,1,1,0,TRUE
아귀지리,1,1,0,TRUE
아귀찜_간편조리세트_쫀득쫀득아귀찜,1,1,0,TRUE
아욱 된장국_건새우,1,1,0,TRUE
아이스 카페라떼,1,1,0,TRUE
아이스 카페라떼_시럽,1,1,0,TRUE
아이스 카페라떼_카라멜,1,1,0,TRUE
아이스 카페모카,1,1,0,TRUE
아이스 카페모카_카라멜,1,1,0,TRUE
아이스 카페모카_카라멜_휘핑크림,1,1,0,TRUE
아이스 카페모카_휘핑크림,1,1,0,TRUE
아이스크림_31 올스타 아이스크림,1,1,0,TRUE
아이스크림_31요거트 아이스크림,1,1,0,TRUE
아이스크림_구름 속 시나모롤 아이스크림,1,1,0,TRUE
아이스크림_그릭요거트,1,1,0,TRUE
아이스크림_그린티 젤라또,1,1,0,TRUE
아이스크림_그린티 티라미수 젤라또,1,1,0,TRUE
아이스크림_꿀 자몽 젤라또,1,1,0,TRUE
아이스크림_끼리크림치즈앤스트로베리 아이스크림 레디팩,1,1,0,TRUE
아이스크림_너는참달고나 아이스크림 레디팩,1,1,0,TRUE
아이스크림_노말한소프트 아이스크림,1,1,0,TRUE
아이스크림_녹차 아이스크림,1,1,0,TRUE
아이스크림_뉴욕치즈 케이크 아이스크림,1,1,0,TRUE
아이스크림_뉴욕치즈 케이크 아이스크림 레디팩,1,1,0,TRUE
아이스크림_뉴욕치즈케이크아츄,1,1,0,TRUE
아이스크림_다크 초코 나이트 아이스크림,1,1,0,TRUE
아이스크림_다크초코렛 젤라또,1,1,0,TRUE
아이스크림_다크초콜릿 (더블),1,1,0,TRUE
아이스크림_다크초콜릿 (싱글),1,1,0,TRUE
아이스크림_달고나크런치 아이스크림,1,1,0,TRUE
아이스크림_더블 초코 바나나 젤라또,1,1,0,TRUE
아이스크림_데코콘 아이스크림,1,1,0,TRUE
아이스크림_디노 젤리 아이스크림,1,1,0,TRUE
아이스크림_딸기 (싱글),1,1,0,TRUE
아이스크림_딸기 라떼 젤라또,1,1,0,TRUE
아이스크림_딸기 솔베 젤라또,1,1,0,TRUE
아이스크림_딸기 아이스드림,1,1,0,TRUE
아이스크림_딸기 요거트 젤라또,1,1,0,TRUE
아이스크림_딸기 파르페,1,1,0,TRUE
아이스크림_딸기라떼 젤라또,1,1,0,TRUE
아이스크림_땅콩 바나나 젤라또,1,1,0,TRUE
아이스크림_라떼 젤라또,1,1,0,TRUE
아이스크림_라이언망고 마카롱 아이스크림,1,1,0,TRUE
아이스크림_러브미 아이스크림,1,1,0,TRUE
아이스크림_럭키카라멜터틀 아이스크림,1,1,0,TRUE
아이스크림_레드 라즈베리 소르베 아이스크림,1,1,0,TRUE
아이스크림_레드 포레스트 젤라또,1,1,0,TRUE
아이스크림_레몬 젤라또,1,1,0,TRUE
아이스크림_레인보우 아이스크림,1,1,0,TRUE
아이스크림_레인보우샤베트 아이스크림,1,1,0,TRUE
아이스크림_로얄밀크티파르페 아이스(ICED) (Short),1,1,0,TRUE
아이스크림_로투스비스코프 아이스크림 레디팩,1,1,0,TRUE
아이스크림_리얼초콜릿오버로드 요거트아이스크림,1,1,0,TRUE
아이스크림_리코타 젤라또,1,1,0,TRUE
아이스크림_리코타치즈 (더블),1,1,0,TRUE
아이스크림_리코타치즈 (싱글),1,1,0,TRUE
아이스크림_리코타치즈 아포가토,1,1,0,TRUE
아이스크림_마법사의 할로윈 아이스크림,1,1,0,TRUE
아이스크림_마스카포네치즈 젤라또,1,1,0,TRUE
아이스크림_마시는 요거트,1,1,0,TRUE
아이스크림_망고 (더블),1,1,0,TRUE
아이스크림_망고 라떼 젤라또,1,1,0,TRUE
아이스크림_망고 솔베 젤라또,1,1,0,TRUE
아이스크림_망고 아이스드림,1,1,0,TRUE
아이스크림_망고 요거트 젤라또,1,1,0,TRUE
아이스크림_망고탱고 아이스크림,1,1,0,TRUE
아이스크림_망고탱고 아이스크림 레디팩,1,1,0,TRUE
아이스크림_망고패션 젤라또,1,1,0,TRUE
아이스크림_메이플아츄,1,1,0,TRUE
아이스크림_멜론 젤라또,1,1,0,TRUE
아이스크림_멜론멍키카바나나 요거트아이스크림,1,1,0,TRUE
아이스크림_몬스터 아이스크림,1,1,0,TRUE
"아이스크림_미니 스노우모찌(그린티, 스트로베리, 망고)",1,1,0,TRUE
아이스크림_민트 초코 젤라또,1,1,0,TRUE
아이스크림_민트초코칩 아이스크림,1,1,0,TRUE
아이스크림_민트초콜릿칩 아이스크림,1,1,0,TRUE
아이스크림_민트초콜릿칩 아이스크림 레디팩,1,1,0,TRUE
아이스크림_밀크 아이스크림,1,1,0,TRUE
아이스크림_밀크 아포가토,1,1,0,TRUE
아이스크림_바나나 속 초코칩 젤라또,1,1,0,TRUE
아이스크림_바나나 젤라또,1,1,0,TRUE
아이스크림_바나나 품은 헤이즐넛 초코렛 젤라또,1,1,0,TRUE
아이스크림_바나나쥬빌레 아이스크림,1,1,0,TRUE
아이스크림_바닐라 (더블),1,1,0,TRUE
아이스크림_바닐라 (싱글),1,1,0,TRUE
아이스크림_바닐라 빈 젤라또,1,1,0,TRUE
아이스크림_바닐라 아이스크림,1,1,0,TRUE
아이스크림_바닐라 젤라또,1,1,0,TRUE
아이스크림_바닐라 클래식 아이스크림,1,1,0,TRUE
아이스크림_바닐라아몬드 크런치 아이스크림,1,1,0,TRUE
아이스크림_바닐라아포가토,1,1,0,TRUE
아이스크림_바닐라품었슈,1,1,0,TRUE
아이스크림_바람과함께사라지다 아이스크림,1,1,0,TRUE
아이스크림_벅스 버니버니 당근당근 아이스크림,1,1,0,TRUE
아이스크림_벌집꿀허니넛 요거트아이스크림,1,1,0,TRUE
아이스크림_베리베리스트로베리 아이스크림,1,1,0,TRUE
아이스크림_베리베리스트로베리 아이스크림 레디팩,1,1,0,TRUE
아이스크림_보이즌 베리드림 아이스크림,1,1,0,TRUE
아이스크림_복숭아 젤라또,1,1,0,TRUE
아이스크림_블랙 소르베 아이스크림,1,1,0,TRUE
아이스크림_블록팩 뉴욕치즈 케이크 아이스크림,1,1,0,TRUE
아이스크림_블록팩 바람과함께사라지다 아이스크림,1,1,0,TRUE
아이스크림_블록팩 슈팅스타 아이스크림,1,1,0,TRUE
아이스크림_블록팩 아몬드봉봉 아이스크림,1,1,0,TRUE
아이스크림_블록팩 엄마는외계인 아이스크림,1,1,0,TRUE
아이스크림_블록팩 이상한나라의솜사탕 아이스크림,1,1,0,TRUE
아이스크림_블록팩 체리쥬빌레 아이스크림,1,1,0,TRUE
아이스크림_블록팩 초콜릿무스 아이스크림,1,1,0,TRUE
아이스크림_블록팩 쿠키앤크림 아이스크림,1,1,0,TRUE
아이스크림_블루밍 콜드브루 리코타치즈 아포가토,1,1,0,TRUE
아이스크림_블루밍 콜드브루 바닐라 아포가토,1,1,0,TRUE
아이스크림_블루베리 라떼 젤라또,1,1,0,TRUE
아이스크림_블루베리 솔베 젤라또,1,1,0,TRUE
아이스크림_블루베리 요거트 젤라또,1,1,0,TRUE
아이스크림_블루베리 치즈 아이스크림,1,1,0,TRUE
아이스크림_사랑에 빠진 딸기 아이스크림,1,1,0,TRUE
아이스크림_소소한행복 그릭요거트,1,1,0,TRUE
아이스크림_소프트 아이스크림,1,1,0,TRUE
아이스크림_소프트 아이스크림 (컵),1,1,0,TRUE
아이스크림_소프트 아이스크림 (콘),1,1,0,TRUE
아이스크림_솔티드 카라멜 젤라또,1,1,0,TRUE
아이스크림_솔티드 카초멜리아 젤라또,1,1,0,TRUE
아이스크림_솜사탕 젤라또,1,1,0,TRUE
아이스크림_수퍼 펭귄 시리얼 아이스크림,1,1,0,TRUE
아이스크림_슈팅스타 아이스크림,1,1,0,TRUE
아이스크림_슈팅스타 아이스크림 레디팩,1,1,0,TRUE
아이스크림_스트라치아텔라 젤라또,1,1,0,TRUE
아이스크림_스트로베리 아이스크림,1,1,0,TRUE
아이스크림_스트로베리 치즈 아이스크림,1,1,0,TRUE
아이스크림_스트로베리파라다이스 요거트아이스크림,1,1,0,TRUE
아이스크림_스틱바민트쿠앤크 아이스크림,1,1,0,TRUE
아이스크림_스틱바초코그린티 아이스크림,1,1,0,TRUE
아이스크림_시그니처 콜드브루 리코타치즈 아포가토,1,1,0,TRUE
아이스크림_시그니처 콜드브루 바닐라 아포가토,1,1,0,TRUE
아이스크림_시나몬그래그래바나밤 요거트아이스크림,1,1,0,TRUE
아이스크림_시카고팝콘 아이스크림,1,1,0,TRUE
아이스크림_싱가포르의아침 그릭요거트,1,1,0,TRUE
아이스크림_쌀떡궁합 아이스크림,1,1,0,TRUE
아이스크림_썬대,1,1,0,TRUE
아이스크림_아몬드봉봉 아이스크림,1,1,0,TRUE
아이스크림_아이스 노티드 우유 생크림 아이스크림,1,1,0,TRUE
아이스크림_아이스 노티드 클래식 바닐라 아이스크림,1,1,0,TRUE
아이스크림_아이스마카롱 체리쥬빌레,1,1,0,TRUE
아이스크림_아이스마카롱 쿠키앤크림,1,1,0,TRUE
아이스크림_아이스죠리퐁 아이스크림 레디팩,1,1,0,TRUE
아이스크림_아이스크림,1,1,0,TRUE
아이스크림_아이스크림롤 바닐라,1,1,0,TRUE
아이스크림_아이스크림롤 초콜릿,1,1,0,TRUE
아이스크림_아이스크림츄러스,1,1,0,TRUE
아이스크림_아임베리파인 요거트아이스크림,1,1,0,TRUE
아이스크림_아츄 아이스크림,1,1,0,TRUE
아이스크림_아포가토,1,1,0,TRUE
아이스크림_알폰소 망고 아이스크림,1,1,0,TRUE
아이스크림_애플 민트 아이스크림,1,1,0,TRUE
아이스크림_엄마는외계인 아이스크림,1,1,0,TRUE
아이스크림_에스프레소 (더블),1,1,0,TRUE
아이스크림_에스프레소 (싱글),1,1,0,TRUE
아이스크림_에스프레소 앤 크림 아이스크림,1,1,0,TRUE
아이스크림_연유꿀자몽플라츠 요거트아이스크림,1,1,0,TRUE
아이스크림_연유베리플라츠 요거트아이스크림,1,1,0,TRUE
아이스크림_오란다 요거트,1,1,0,TRUE
아이스크림_오레오 아츄,1,1,0,TRUE
아이스크림_오레오 쿠키 앤 크림치즈 아이스크림,1,1,0,TRUE
아이스크림_오레오쿠키앤카라멜 아이스크림 레디팩,1,1,0,TRUE
아이스크림_오레오쿠키앤크림 아이스크림 레디팩,1,1,0,TRUE
아이스크림_와이키키망고비치 요거트아이스크림,1,1,0,TRUE
아이스크림_요거트 (더블),1,1,0,TRUE
아이스크림_요거트 (싱글),1,1,0,TRUE
아이스크림_요거트 아이스크림 (3인),1,1,0,TRUE
아이스크림_요거트 젤라또,1,1,0,TRUE
아이스크림_요거트아이스크림,1,1,0,TRUE
아이스크림_요아정 아이스크림,1,1,0,TRUE
아이스크림_월넛 아이스크림,1,1,0,TRUE
아이스크림_월넛버터 스카치 아이스크림,1,1,0,TRUE
아이스크림_유기농 아이스크림 바닐라,1,1,0,TRUE
아이스크림_유기농 아이스크림 초콜릿,1,1,0,TRUE
아이스크림_이상한나라의솜사탕 아이스크림,1,1,0,TRUE
아이스크림_인절미 아이스크림,1,1,0,TRUE
아이스크림_인절미 아츄,1,1,0,TRUE
아이스크림_자모카아몬드훠지 아이스크림,1,1,0,TRUE
아이스크림_자바 칩 바닐라 아포가토,1,1,0,TRUE
아이스크림_자바 칩 유기농 아이스크림 바닐라,1,1,0,TRUE
아이스크림_자바 칩 유기농 아이스크림 초콜릿,1,1,0,TRUE
아이스크림_자바 칩 초콜릿 아포가토,1,1,0,TRUE
아이스크림_제주녹차 (더블),1,1,0,TRUE
아이스크림_제주녹차 (싱글),1,1,0,TRUE
아이스크림_쫀떡궁합 아이스크림,1,1,0,TRUE
아이스크림_찰떡꽁떡 아이스크림,1,1,0,TRUE
아이스크림_찰떡이구마 아이스크림,1,1,0,TRUE
아이스크림_찰떡팥 젤라또 (더블),1,1,0,TRUE
아이스크림_찰떡팥 젤라또 (싱글),1,1,0,TRUE
아이스크림_청포도 아이스크림,1,1,0,TRUE
아이스크림_체리쥬빌레 아이스크림,1,1,0,TRUE
아이스크림_체리쥬빌레 아이스크림 레디팩,1,1,0,TRUE
아이스크림_초코 아몬드 봉봉 아이스크림,1,1,0,TRUE
아이스크림_초코 퐁당 쿠키런 아이스크림,1,1,0,TRUE
아이스크림_초코나무숲 아이스크림,1,1,0,TRUE
아이스크림_초코넛 마카다미아 아이스크림,1,1,0,TRUE
아이스크림_초코렛 젤라또,1,1,0,TRUE
아이스크림_초코릿 엑스타시 아이스크림,1,1,0,TRUE
아이스크림_초코아츄 아이스크림,1,1,0,TRUE
아이스크림_초코야 민트해 아이스크림,1,1,0,TRUE
아이스크림_초코크런치 젤라또,1,1,0,TRUE
아이스크림_초콜릿 아이스크림,1,1,0,TRUE
아이스크림_초콜릿 아포가토,1,1,0,TRUE
아이스크림_초콜릿 칩 아이스크림,1,1,0,TRUE
아이스크림_초콜릿무스 아이스크림,1,1,0,TRUE
아이스크림_초콜릿파르페 아이스(ICED) (Short),1,1,0,TRUE
아이스크림_춘식이가 반할수박에 아이스크림,1,1,0,TRUE
아이스크림_치즈케이크마카롱판타지 요거트아이스크림,1,1,0,TRUE
아이스크림_카라멜 아이스크림,1,1,0,TRUE
아이스크림_카라멜 젤라또,1,1,0,TRUE
아이스크림_카초멜리아 젤라또,1,1,0,TRUE
아이스크림_카페 모카 젤라또,1,1,0,TRUE
아이스크림_카페 에스프레소 아이스크림,1,1,0,TRUE
아이스크림_캠핑 앤 스모어 아이스크림,1,1,0,TRUE
아이스크림_컬러후레이크 아이스크림,1,1,0,TRUE
아이스크림_코코넛허니시트러스 요거트아이스크림,1,1,0,TRUE
아이스크림_콘 아이스크림,1,1,0,TRUE
아이스크림_콜드브루 리코타치즈 아포가토 디카페인,1,1,0,TRUE
아이스크림_콜드브루 바닐라 아포가토 디카페인,1,1,0,TRUE
아이스크림_쿠키 & 크림 젤라또,1,1,0,TRUE
아이스크림_쿠키 아이스크림,1,1,0,TRUE
아이스크림_크리미 요거트 젤라또,1,1,0,TRUE
아이스크림_키위 아이스드림,1,1,0,TRUE
아이스크림_투둠초콜릿 프레첼 아이스크림,1,1,0,TRUE
아이스크림_트리플민초 아이스크림 레디팩,1,1,0,TRUE
아이스크림_티라미수 밀크 아이스크림,1,1,0,TRUE
아이스크림_파핑파핑 바나나 아이스크림,1,1,0,TRUE
아이스크림_팝핑 스타 라이즈 아이스크림,1,1,0,TRUE
아이스크림_퐁스크림,1,1,0,TRUE
아이스크림_프룻포레스트 요거트 아이스크림,1,1,0,TRUE
아이스크림_프릳츠 커피 아이스크림,1,1,0,TRUE
아이스크림_플레인 밀크 아이스크림,1,1,0,TRUE
아이스크림_플레인 요거트 아이스크림,1,1,0,TRUE
아이스크림_플레인 요거트 아이스크림(2인),1,1,0,TRUE
아이스크림_피나콜라다 아이스크림,1,1,0,TRUE
아이스크림_피넛버터 & 젤리 젤라또,1,1,0,TRUE
아이스크림_피스타치오아몬드 아이스크림,1,1,0,TRUE
아이스크림_피치 요거트 아이스크림,1,1,0,TRUE
아이스크림_하루한번하늘 그릭요거트,1,1,0,TRUE
아이스크림_한입 요거트 딸기,1,1,0,TRUE
아이스크림_한입 요거트 망고,1,1,0,TRUE
아이스크림_한입 요거트 복숭아,1,1,0,TRUE
아이스크림_한입 요거트 트로피칼,1,1,0,TRUE
아이스크림_한입 요거트 파인애플,1,1,0,TRUE
아이스크림_허니 레몬 젤라또,1,1,0,TRUE
아이스크림_헤이즐넛초콜렛 젤라또,1,1,0,TRUE
아이스크림_호키포키 바닐라 아이스크림,1,1,0,TRUE
아이스크림_홍시 아이스드림,1,1,0,TRUE
아이스크림_화이트초콜릿라즈베리 아이스크림,1,1,0,TRUE
아이스크림_흑당 아이스크림,1,1,0,TRUE
아이스크림_흑당아츄 아이스크림,1,1,0,TRUE
아이스티_NEW복숭아아이스티,1,1,0,TRUE
아이스티_달콤아이스티,1,1,0,TRUE
아이스티_달콤아이스티 아이스(ICED) 빽사이즈,1,1,0,TRUE
아이스티_디카페인 아샷추 아이스티,1,1,0,TRUE
아이스티_딸기 아이스티,1,1,0,TRUE
아이스티_라즈베리 아이스티 (R),1,1,0,TRUE
아이스티_라즈베리 아이스티 (V),1,1,0,TRUE
아이스티_레몬 아이스티 (EX),1,1,0,TRUE
아이스티_레몬 아이스티 (L),1,1,0,TRUE
아이스티_레몬 아이스티 (M),1,1,0,TRUE
아이스티_레몬 크러쉬 아이스티 (XL),1,1,0,TRUE
아이스티_로즈 오로라 아이스티,1,1,0,TRUE
아이스티_리치 히비 빅 아이스티 (V),1,1,0,TRUE
아이스티_복숭아 아이스티 (EX),1,1,0,TRUE
아이스티_복숭아 아이스티 (M),1,1,0,TRUE
아이스티_복숭아 아이스티 (R),1,1,0,TRUE
아이스티_복숭아 아이스티 (V),1,1,0,TRUE
아이스티_복숭아 크러쉬 아이스티 (XL),1,1,0,TRUE
아이스티_복숭아숭숭 아이스(ICED) (L),1,1,0,TRUE
아이스티_복숭아아이스티,1,1,0,TRUE
아이스티_복숭아아이스티 (L),1,1,0,TRUE
아이스티_복숭아아이스티 (XL),1,1,0,TRUE
아이스티_복숭아아이스티 아이스(ICED),1,1,0,TRUE
아이스티_샤인 매실 아이스티,1,1,0,TRUE
아이스티_아이스티 복숭아 (L),1,1,0,TRUE
아이스티_아이스티 복숭아 (R),1,1,0,TRUE
아이스티_아이스티 샷추가 (L),1,1,0,TRUE
아이스티_아이스티 샷추가 (XL),1,1,0,TRUE
아이스티_아이스티샷추가 아샷추,1,1,0,TRUE
아이스티_아이스티샷추가 아샷추 빽사이즈,1,1,0,TRUE
아이스티_애플망고 아이스티,1,1,0,TRUE
아이스티_자두 아이스티 (L),1,1,0,TRUE
아이스티_자두 아이스티 (M),1,1,0,TRUE
아이스티_자이언트 아이스티,1,1,0,TRUE
아이스티_청귤 자스민 빅 아이스티 (V),1,1,0,TRUE
아이스티_청포도 민트 빅 아이스티 (V),1,1,0,TRUE
아이스티_청포도 아이스티,1,1,0,TRUE
아이스티_피치 우롱 빅 아이스티 (V),1,1,0,TRUE
아이스티_피치아이스티,1,1,0,TRUE
알밥_간편조리세트_갑오징어알뚝밥,1,1,0,TRUE
알탕_해물,1,1,0,TRUE
앙금빵_고구마앙금빵,1,1,0,TRUE
앙금빵_마구마구 고구마,1,1,0,TRUE
앙금빵_앙금빵의 정석 망고,1,1,0,TRUE
앙금빵_앙금빵의 정석 메론,1,1,0,TRUE
앙금빵_앙버터 라우겐,1,1,0,TRUE
앙금빵_앙버터빵,1,1,0,TRUE
앙금빵_완두 앙금빵,1,1,0,TRUE
앙금빵_완두앙금빵,1,1,0,TRUE
앙금빵_완전소중한완두 앙금빵,1,1,0,TRUE
앙금빵_적앙금트위스트(갈비빵),1,1,0,TRUE
앙금빵_찹쌀앙금빵,1,1,0,TRUE
애호박 된장국,1,1,0,TRUE
애호박죽,1,1,0,TRUE
애호박찌개,1,1,0,TRUE
애호박찌개_두부,1,1,0,TRUE
액상커피_커피가루(중량1g),1,1,0,TRUE
액상커피_커피가루_설탕(중량2.7g),1,1,0,TRUE
액상커피_커피가루_설탕_크림(중량12g),1,1,0,TRUE
야채빵_맛살크림 샐러드,1,1,0,TRUE
야채빵_야채 샐러드,1,1,0,TRUE
야채빵_야채넣은 롤빵,1,1,0,TRUE
야채빵_양파꽃이피었습니다,1,1,0,TRUE
야채빵_에그마요 샐러드,1,1,0,TRUE
야채빵_올리브야채 브레드,1,1,0,TRUE
야채빵_햄야채롤 (6개입),1,1,0,TRUE
야채빵_햄야채롤 (8개입),1,1,0,TRUE
약과,1,1,0,TRUE
양념 도토리묵,1,1,0,TRUE
양념 바지락젓,1,1,0,TRUE
양념 새우젓,1,1,0,TRUE
양념 오징어젓_낙지,1,1,0,TRUE
양념두부,1,1,0,TRUE
양념채김치,1,1,0,TRUE
양배추 된장국,1,1,0,TRUE
양배추김치,1,1,0,TRUE
양태구이,1,1,0,TRUE
양파 소고기전,1,1,0,TRUE
양파링튀김,1,1,0,TRUE
양파장아찌,1,1,0,TRUE
어묵국(어묵탕),1,1,0,TRUE
어묵국(어묵탕)_간편조리세트_프리미엄 이자카야어묵탕,1,1,0,TRUE
어묵국(어묵탕)_고춧가루,1,1,0,TRUE
어묵국(어묵탕)_츠쿠네 어묵탕,1,1,0,TRUE
어묵국물,1,1,0,TRUE
어묵볶음_어묵,1,1,0,TRUE
어육소시지전,1,1,0,TRUE
어죽,1,1,0,TRUE
어탕,1,1,0,TRUE
에이드_그린애플 스파클링 에이드,1,1,0,TRUE
에이드_깔라만시 팝핑 (L),1,1,0,TRUE
에이드_깔라만시 팝핑 (R),1,1,0,TRUE
에이드_딸기 듬뿍 스파클링,1,1,0,TRUE
에이드_딸기 스파클링 에이드,1,1,0,TRUE
에이드_딸기 아사이 레모네이드 스타벅스 리프레셔 (Tall),1,1,0,TRUE
에이드_딸기 에이드,1,1,0,TRUE
에이드_딸기 에이드 (L),1,1,0,TRUE
에이드_딸기 에이드 (M),1,1,0,TRUE
에이드_딸기레몬 에이드,1,1,0,TRUE
에이드_라임 모히또 (L),1,1,0,TRUE
에이드_라임 모히또 (ML),1,1,0,TRUE
에이드_라임 에이드,1,1,0,TRUE
에이드_라임민트 에이드,1,1,0,TRUE
에이드_라임에이드,1,1,0,TRUE
에이드_러브 미,1,1,0,TRUE
에이드_레드자몽 스파클링 에이드,1,1,0,TRUE
에이드_레모 네이드,1,1,0,TRUE
에이드_레몬 스파클링 (L),1,1,0,TRUE
에이드_레몬 스파클링 (V),1,1,0,TRUE
에이드_레몬 스파클링 에이드,1,1,0,TRUE
에이드_레몬 에이드 (EX),1,1,0,TRUE
에이드_레몬 에이드 (M),1,1,0,TRUE
에이드_레몬 에이드 (ML),1,1,0,TRUE
에이드_레몬 에이드 (R),1,1,0,TRUE
에이드_레몬 에이드 (XL),1,1,0,TRUE
에이드_레몬딸기 에이드,1,1,0,TRUE
에이드_로즈 갤럭시 에이드,1,1,0,TRUE
에이드_리얼 에이드 레몬,1,1,0,TRUE
에이드_리얼 에이드 복숭아,1,1,0,TRUE
에이드_리얼 에이드 자몽,1,1,0,TRUE
에이드_마이 몽키,1,1,0,TRUE
에이드_매머드 에이드,1,1,0,TRUE
에이드_메가 에이드,1,1,0,TRUE
에이드_메론소다 에이드,1,1,0,TRUE
에이드_미초(석류) 에이드,1,1,0,TRUE
에이드_배 에이드,1,1,0,TRUE
에이드_복숭아 에이드 (Max),1,1,0,TRUE
에이드_복숭아 에이드 (R),1,1,0,TRUE
에이드_복숭아 자두 스파클링,1,1,0,TRUE
에이드_블루파인 에이드,1,1,0,TRUE
에이드_삼라봉 에이드,1,1,0,TRUE
에이드_샤인 망고 에이드,1,1,0,TRUE
에이드_샤인머스캣 스파클링 에이드,1,1,0,TRUE
에이드_샤인머스캣 에이드,1,1,0,TRUE
에이드_샤인머스캣청포도 에이드 (L),1,1,0,TRUE
에이드_샤인머스캣청포도 에이드 (Max),1,1,0,TRUE
에이드_샤인코코 에이드,1,1,0,TRUE
에이드_선샤인청귤 에이드 (L),1,1,0,TRUE
에이드_선샤인청귤 에이드 (Max),1,1,0,TRUE
에이드_선샤인청사과 에이드 (L),1,1,0,TRUE
에이드_선샤인청사과 에이드 (Max),1,1,0,TRUE
에이드_선셋 에이드,1,1,0,TRUE
에이드_솔라 에이드,1,1,0,TRUE
에이드_스위티 파이,1,1,0,TRUE
에이드_스파클링 고흥유자 레몬 캐모마일,1,1,0,TRUE
에이드_스파클링 망고,1,1,0,TRUE
에이드_스파클링 망고 캐모마일,1,1,0,TRUE
에이드_스파클링 베리,1,1,0,TRUE
에이드_스파클링 제주 레몬 스웨디쉬,1,1,0,TRUE
에이드_애플망고 선셋티 에이드,1,1,0,TRUE
에이드_애플망고 스파클링 에이드,1,1,0,TRUE
에이드_오렌지 스파클링 에이드,1,1,0,TRUE
에이드_오렌지 에이드,1,1,0,TRUE
에이드_오렌지 크러쉬드 에이드,1,1,0,TRUE
에이드_유니콘매직 에이드 블루,1,1,0,TRUE
에이드_유니콘매직 에이드 핑크,1,1,0,TRUE
에이드_유자 에이드,1,1,0,TRUE
에이드_유자 에이드 (L),1,1,0,TRUE
에이드_유자 에이드 (ML),1,1,0,TRUE
에이드_유자레이드,1,1,0,TRUE
에이드_자두 에이드,1,1,0,TRUE
에이드_자두 에이드 (L),1,1,0,TRUE
에이드_자몽 스파클링 (L),1,1,0,TRUE
에이드_자몽 스파클링 (V),1,1,0,TRUE
에이드_자몽 스파클링 에이드,1,1,0,TRUE
에이드_자몽 에이드 (EX),1,1,0,TRUE
에이드_자몽 에이드 (M),1,1,0,TRUE
에이드_자몽 에이드 (ML),1,1,0,TRUE
에이드_자몽 에이드 (R),1,1,0,TRUE
에이드_자몽 에이드 (XL),1,1,0,TRUE
에이드_자몽 파인 스파클링,1,1,0,TRUE
에이드_자몽 히비스커스티 에이드 (L),1,1,0,TRUE
에이드_자몽라임 에이드,1,1,0,TRUE
에이드_장수 오미자 에이드,1,1,0,TRUE
에이드_제주 한라봉 에이드,1,1,0,TRUE
에이드_제주 한라봉 크러쉬드 에이드,1,1,0,TRUE
에이드_제주청귤 에이드,1,1,0,TRUE
에이드_청귤 에이드 (L),1,1,0,TRUE
에이드_청귤 에이드 (M),1,1,0,TRUE
에이드_청자스페셜,1,1,0,TRUE
에이드_청포도 스파클링,1,1,0,TRUE
에이드_청포도 스파클링 (L),1,1,0,TRUE
에이드_청포도 스파클링 (V),1,1,0,TRUE
에이드_청포도 에이드 (EX),1,1,0,TRUE
에이드_청포도 에이드 (M),1,1,0,TRUE
에이드_청포도 에이드 (ML),1,1,0,TRUE
에이드_청포도 에이드 (XL),1,1,0,TRUE
에이드_청포도 펄 에이드,1,1,0,TRUE
에이드_청포도블라썸,1,1,0,TRUE
에이드_체리 레몬 에이드,1,1,0,TRUE
에이드_체리콕 에이드,1,1,0,TRUE
에이드_코코 에이드 청포도,1,1,0,TRUE
에이드_크림소다 에이드,1,1,0,TRUE
에이드_패션프루츠 에이드,1,1,0,TRUE
에이드_포레스트 에이드,1,1,0,TRUE
에이드_폭탄 에이드,1,1,0,TRUE
에이드_핑크리치 에이드 (L),1,1,0,TRUE
에이드_핑크리치 에이드 (XL),1,1,0,TRUE
에이드_한라 자몽 에이드,1,1,0,TRUE
에이드_한라봉 스파클링 에이드,1,1,0,TRUE
에이드_한라봉 에이드 (L),1,1,0,TRUE
에이드_한라봉 에이드 (R),1,1,0,TRUE
에이드_히비스엘더에이드,1,1,0,TRUE
연두부찌개,1,1,0,TRUE
연어롤,1,1,0,TRUE
연어튀김,1,1,0,TRUE
연잎밥,1,1,0,TRUE
연포탕,1,1,0,TRUE
열무 겉절이,1,1,0,TRUE
열무김치,1,1,0,TRUE
열무나물,1,1,0,TRUE
열무물김치,1,1,0,TRUE
열무얼갈이김치,1,1,0,TRUE
오겹살구이_돼지고기,1,1,0,TRUE
오리 간장불고기,1,1,0,TRUE
오리감자죽,1,1,0,TRUE
오리고기구이,1,1,0,TRUE
오리볶음,1,1,0,TRUE
오리죽,1,1,0,TRUE
오므라이스_수플레 오믈렛 라이스,1,1,0,TRUE
오미자차_감귤 오미자차 아이스(ICED),1,1,0,TRUE
오미자차_감귤 오미자차 핫(HOT),1,1,0,TRUE
오미자차_문경오미자차,1,1,0,TRUE
오미자차_문경오미자티 아이스(ICED),1,1,0,TRUE
오미자차_문경오미자티 핫(HOT),1,1,0,TRUE
오븐스파게티,1,1,0,TRUE
오이 물김치,1,1,0,TRUE
오이 미역냉국,1,1,0,TRUE
오이모듬무침,1,1,0,TRUE
오이무침_부추,1,1,0,TRUE
오이부추무침,1,1,0,TRUE
오이생채_오이만,1,1,0,TRUE
오이지무침_고추,1,1,0,TRUE
오징어미역초무침,1,1,0,TRUE
오징어산적,1,1,0,TRUE
오징어젓_양념,1,1,0,TRUE
오징어찜,1,1,0,TRUE
오징어채무침_채소,1,1,0,TRUE
오징어채조림,1,1,0,TRUE
오징어튀김_오감볼,1,1,0,TRUE
오징어튀김_오징어튀김 (3개),1,1,0,TRUE
오징어튀김_통오징어튀김,1,1,0,TRUE
오징어포조림,1,1,0,TRUE
옥돔구이,1,1,0,TRUE
옥수수_찐옥수수,1,1,0,TRUE
옥수수구이,1,1,0,TRUE
옥수수구이_치즈,1,1,0,TRUE
올갱이국,1,1,0,TRUE
올갱이국수,1,1,0,TRUE
와플_17곡 와플,1,1,0,TRUE
와플_17곡 크로플,1,1,0,TRUE
와플_THE한 인절미 와플,1,1,0,TRUE
와플_THE한 초코 와플,1,1,0,TRUE
와플_THE한 티라미수 와플,1,1,0,TRUE
와플_THE한 플레인 와플,1,1,0,TRUE
와플_가나슈 와플,1,1,0,TRUE
와플_고구마 와플,1,1,0,TRUE
와플_그린티 아이스크림 와플,1,1,0,TRUE
와플_꿀호떡 크로플,1,1,0,TRUE
와플_녹차와플&젤라또,1,1,0,TRUE
와플_누텔라 아이스크림 와플,1,1,0,TRUE
와플_누텔라 와플,1,1,0,TRUE
와플_누텔라딸기 와플,1,1,0,TRUE
와플_누텔라바나나 와플,1,1,0,TRUE
와플_누텔라초코 와플,1,1,0,TRUE
와플_누텔라크림치즈 와플,1,1,0,TRUE
와플_누텔라키위 와플,1,1,0,TRUE
와플_단팥 아이스크림 와플,1,1,0,TRUE
와플_단팥생크림 와플,1,1,0,TRUE
와플_더치카라멜 와플,1,1,0,TRUE
와플_돼지바크런치 와플,1,1,0,TRUE
와플_딸기 크로플,1,1,0,TRUE
와플_딸기누텔라 와플,1,1,0,TRUE
와플_딸기누텔라젤라또 와플,1,1,0,TRUE
와플_딸기듬뿍 와플,1,1,0,TRUE
와플_딸기범벅젤라또 와플,1,1,0,TRUE
와플_딸기잼 와플,1,1,0,TRUE
와플_딸기커스타드 와플,1,1,0,TRUE
와플_딸기케이크 와플,1,1,0,TRUE
와플_딸기크림 크로플,1,1,0,TRUE
와플_땅콩딸기생크림 와플,1,1,0,TRUE
와플_라즈베리바나나 와플,1,1,0,TRUE
와플_로투스 아이스크림 와플,1,1,0,TRUE
와플_로투스 와플,1,1,0,TRUE
와플_루비자몽생크림 와플,1,1,0,TRUE
와플_루토스생크림 와플,1,1,0,TRUE
와플_리얼빼빼로 와플,1,1,0,TRUE
와플_리얼초코 아이스크림 와플,1,1,0,TRUE
와플_말차티라미수 와플,1,1,0,TRUE
와플_망고 아이스크림 와플,1,1,0,TRUE
와플_망고범벅 와플,1,1,0,TRUE
와플_망고잼 와플,1,1,0,TRUE
와플_망고크림치즈 와플,1,1,0,TRUE
와플_맥치플 맥앤치즈피자 와플,1,1,0,TRUE
와플_메이플 와플,1,1,0,TRUE
와플_메이플 월넛 크림치즈 크로플,1,1,0,TRUE
와플_메이플시나몬 와플,1,1,0,TRUE
와플_메이플아몬드 와플,1,1,0,TRUE
와플_미니 와플,1,1,0,TRUE
와플_민트초코 아이스크림 와플,1,1,0,TRUE
와플_민트초코 크로플,1,1,0,TRUE
와플_밀크카라멜 와플,1,1,0,TRUE
와플_바나나 와플,1,1,0,TRUE
와플_바나나생크림누텔라 와플,1,1,0,TRUE
와플_바닐라 아이스크림 와플,1,1,0,TRUE
와플_바질 할라피뇨 크림치즈 크로플,1,1,0,TRUE
와플_베리 아이스크림 크로플,1,1,0,TRUE
와플_베리 크림치즈 크로플,1,1,0,TRUE
와플_베리베리 와플,1,1,0,TRUE
와플_베리베리젤라또 와플,1,1,0,TRUE
와플_베리크런치 아이스크림 와플,1,1,0,TRUE
와플_베이컨콘치즈 와플,1,1,0,TRUE
와플_베치플 베이직치즈피자 와플,1,1,0,TRUE
와플_벨지움 와플,1,1,0,TRUE
와플_복숭아잼 와플,1,1,0,TRUE
와플_불고기피자 와플,1,1,0,TRUE
와플_불치플 불고기치즈피자 와플,1,1,0,TRUE
와플_브라운치즈 와플,1,1,0,TRUE
와플_블루베리 아이스크림 와플,1,1,0,TRUE
와플_블루베리 크로플,1,1,0,TRUE
와플_블루베리 크림치즈 크로플,1,1,0,TRUE
와플_블루베리범벅 와플,1,1,0,TRUE
와플_블루베리생크림 와플,1,1,0,TRUE
와플_블루베리와플&젤라또,1,1,0,TRUE
와플_블루베리잼 와플,1,1,0,TRUE
와플_블루베리젤라또 와플,1,1,0,TRUE
와플_사과 와플,1,1,0,TRUE
와플_생딸기생크림 와플,1,1,0,TRUE
와플_생체리생크림 와플,1,1,0,TRUE
와플_생초콜릿생크림 와플,1,1,0,TRUE
와플_생크림 딸기 망고 와플,1,1,0,TRUE
와플_생크림 딸기 와플,1,1,0,TRUE
와플_생크림 망고 와플,1,1,0,TRUE
와플_생크림 크로플,1,1,0,TRUE
와플_생크림누텔라 와플,1,1,0,TRUE
와플_스노우 와플,1,1,0,TRUE
와플_스페셜마마 와플,1,1,0,TRUE
와플_스프링클빼빼로 와플,1,1,0,TRUE
와플_시나몬 크로플,1,1,0,TRUE
와플_시나몬카라멜 와플,1,1,0,TRUE
와플_싸만코젤라또 와플,1,1,0,TRUE
와플_아몬드빼빼로 와플,1,1,0,TRUE
와플_아몬드카라멜 아이스크림 와플,1,1,0,TRUE
와플_애플생크림 와플,1,1,0,TRUE
와플_애플시나몬 와플,1,1,0,TRUE
와플_애플시나몬와플,1,1,0,TRUE
와플_오레오누텔라 와플,1,1,0,TRUE
와플_오레오누텔라젤라또 와플,1,1,0,TRUE
와플_젤라또 와플,1,1,0,TRUE
와플_젤라또 크로플바,1,1,0,TRUE
와플_젤라또약과 와플,1,1,0,TRUE
와플_청포도생크림 와플,1,1,0,TRUE
와플_체다치즈 크로플,1,1,0,TRUE
와플_체리크림치즈 와플,1,1,0,TRUE
와플_초코벌집 와플,1,1,0,TRUE
와플_초코범벅젤라또 와플,1,1,0,TRUE
와플_초코생크림 와플,1,1,0,TRUE
와플_초코아몬드 와플,1,1,0,TRUE
와플_초코와플&젤라또,1,1,0,TRUE
와플_초코칩 와플,1,1,0,TRUE
와플_초코카라멜 와플,1,1,0,TRUE
와플_초코카라멜 크로플,1,1,0,TRUE
와플_초코퐁듀 와플,1,1,0,TRUE
와플_치즈 크로플,1,1,0,TRUE
와플_치즈범벅 와플,1,1,0,TRUE
와플_치즈케이크&크랜베리 와플,1,1,0,TRUE
와플_치즈케이크누텔라젤라또 와플,1,1,0,TRUE
와플_카라멜 시나몬 크로플바,1,1,0,TRUE
와플_카라멜월넛 와플,1,1,0,TRUE
와플_카야 크로플,1,1,0,TRUE
와플_카야잼 와플,1,1,0,TRUE
와플_커스타드 와플,1,1,0,TRUE
와플_콘치즈 와플,1,1,0,TRUE
와플_콤비네이션 와플,1,1,0,TRUE
와플_쿠키빼빼로 와플,1,1,0,TRUE
와플_크런치딸기잼 와플,1,1,0,TRUE
와플_크런치딸기잼젤라또 와플,1,1,0,TRUE
와플_크런키빼빼로 와플,1,1,0,TRUE
와플_크로플,1,1,0,TRUE
와플_크림 와플,1,1,0,TRUE
와플_크림젤라또 와플,1,1,0,TRUE
와플_크림치즈딸기 와플,1,1,0,TRUE
와플_크림통팥 와플,1,1,0,TRUE
와플_클래식 마롱 와플,1,1,0,TRUE
와플_클래식 블루베리 와플,1,1,0,TRUE
와플_클래식 플레인 와플,1,1,0,TRUE
와플_토피넛 아이스크림 크로플,1,1,0,TRUE
와플_토피넛 크로플,1,1,0,TRUE
와플_통망고 와플,1,1,0,TRUE
와플_통블루베리 와플,1,1,0,TRUE
와플_통사과 와플,1,1,0,TRUE
와플_트리플 치즈 크로플,1,1,0,TRUE
와플_파인애플 와플,1,1,0,TRUE
와플_팥스노우 와플,1,1,0,TRUE
와플_페퍼로리 와플,1,1,0,TRUE
와플_포테이토 와플,1,1,0,TRUE
와플_프레인 와플,1,1,0,TRUE
와플_프렌치 아이스크림 와플,1,1,0,TRUE
와플_플레인 크로플바,1,1,0,TRUE
와플_플레인시나몬 크로플,1,1,0,TRUE
와플_플레인와플,1,1,0,TRUE
와플_플레인와플&젤라또,1,1,0,TRUE
와플_피넛버터누텔라 와플,1,1,0,TRUE
와플_허니브레드 와플,1,1,0,TRUE
와플_호두고구마 와플,1,1,0,TRUE
완자전_돼지고기,1,1,0,TRUE
완자전_소고기,1,1,0,TRUE
완자전_소고기(동그랑땡/육원전),1,1,0,TRUE
완자전_참치,1,1,0,TRUE
완자전_해물,1,1,0,TRUE
요구르트(액상)_그래놀라 요거트,1,1,0,TRUE
요구르트(액상)_그릭요거트,1,1,0,TRUE
요구르트(액상)_딸기요거트,1,1,0,TRUE
요구르트(액상)_마시는요거트 딸기,1,1,0,TRUE
요구르트(액상)_마시는요거트 블루베리,1,1,0,TRUE
요구르트(액상)_마시는요거트 플레인,1,1,0,TRUE
요구르트(액상)_망고 요구르트+화이트펄 (J),1,1,0,TRUE
요구르트(액상)_망고 요구르트+화이트펄 (L),1,1,0,TRUE
요구르트(액상)_망고요거트,1,1,0,TRUE
요구르트(액상)_망고요구르트 (J),1,1,0,TRUE
요구르트(액상)_망고요구르트 (L),1,1,0,TRUE
요구르트(액상)_블루베리 요거트,1,1,0,TRUE
요구르트(액상)_블루베리 요거트 병음료,1,1,0,TRUE
요구르트(액상)_자몽요구르트 (J),1,1,0,TRUE
요구르트(액상)_자몽요구르트 (L),1,1,0,TRUE
요구르트(액상)_치아씨드 요거트 병음료,1,1,0,TRUE
요구르트(액상)_플레인요거트,1,1,0,TRUE
요구르트(호상)_그릭요거 망고놀라,1,1,0,TRUE
요구르트(호상)_오가닉 프로틴 그릭 요거트 & 그래놀라,1,1,0,TRUE
요구르트(호상)_플레인그릭요거트,1,1,0,TRUE
요구르트(호상)_허니바나나그릭요거트,1,1,0,TRUE
우거지나물무침,1,1,0,TRUE
우동_간편조리세트_쫄우동,1,1,0,TRUE
우동_김치,1,1,0,TRUE
우동_배추김치,1,1,0,TRUE
우동_삼선,1,1,0,TRUE
우동_중식,1,1,0,TRUE
우동_해물,1,1,0,TRUE
우동볶음,1,1,0,TRUE
우럭튀김,1,1,0,TRUE
우럭회덮밥_양념장,1,1,0,TRUE
우롱차_우롱티 아이스(ICED) (J),1,1,0,TRUE
우롱차_우롱티 아이스(ICED) (L),1,1,0,TRUE
우롱차_우롱티 핫(HOT),1,1,0,TRUE
우롱차_우롱티 핫(HOT) (J),1,1,0,TRUE
우롱차_우롱티 핫(HOT) (L),1,1,0,TRUE
우롱차_피치 우롱티 아이스(ICED) (L),1,1,0,TRUE
우롱차_피치 우롱티 아이스(ICED) (ML),1,1,0,TRUE
우롱차_피치 우롱티 핫(HOT) (ML),1,1,0,TRUE
우롱차_피치우롱 아이스(ICED),1,1,0,TRUE
우롱차_피치우롱 핫(HOT),1,1,0,TRUE
우엉 양념구이,1,1,0,TRUE
우유_딸기,1,1,0,TRUE
우유_스팀 우유 (Tall),1,1,0,TRUE
우유_우유 (Tall),1,1,0,TRUE
우유튀김_우유튀김,1,1,0,TRUE
월남쌈,1,1,0,TRUE
월남쌈_간편조리세트_불고기월남쌈,1,1,0,TRUE
월남쌈_간편조리세트_소고기야채말이,1,1,0,TRUE
월남쌈_간편조리세트_훈제오리월남쌈,1,1,0,TRUE
웨이퍼_크리스피초콜릿웨이퍼,1,1,0,TRUE
유과,1,1,0,TRUE
유부국,1,1,0,TRUE
유부조림,1,1,0,TRUE
유자차_고흥 유자 레몬 캐모마일티,1,1,0,TRUE
유자차_고흥 유자차 아이스(ICED),1,1,0,TRUE
유자차_고흥 유자차 핫(HOT),1,1,0,TRUE
유자차_고흥유자 아이스(ICED),1,1,0,TRUE
유자차_고흥유자 핫(HOT),1,1,0,TRUE
유자차_고흥유자차 (L),1,1,0,TRUE
유자차_고흥유자차 (R),1,1,0,TRUE
유자차_레몬 유자티 아이스(ICED),1,1,0,TRUE
유자차_레몬 유자티 핫(HOT),1,1,0,TRUE
유자차_맑은 유자 플럼티,1,1,0,TRUE
유자차_사과유자차,1,1,0,TRUE
유자차_사과유자차 아이스(ICED),1,1,0,TRUE
유자차_사과유자차 핫(HOT),1,1,0,TRUE
유자차_상그리아 유자티 아이스(ICED),1,1,0,TRUE
유자차_상그리아 유자티 핫(HOT),1,1,0,TRUE
유자차_유자 민트티 아이스(ICED) (Tall),1,1,0,TRUE
유자차_유자 민트티 핫(HOT) (Tall),1,1,0,TRUE
유자차_유자 캐모마일 아이스(ICED),1,1,0,TRUE
유자차_유자 캐모마일 핫(HOT),1,1,0,TRUE
유자차_유자 피나콜라다,1,1,0,TRUE
유자차_유자 피나콜라다 아이스(ICED),1,1,0,TRUE
유자차_유자 피나콜라다 핫(HOT),1,1,0,TRUE
유자차_유자레몬티 아이스(ICED),1,1,0,TRUE
유자차_유자레몬티 아이스(ICED) (R),1,1,0,TRUE
유자차_유자레몬티 핫(HOT),1,1,0,TRUE
유자차_유자레몬티 핫(HOT) (L),1,1,0,TRUE
유자차_유자레몬티 핫(HOT) (R),1,1,0,TRUE
유자차_유자차 아이스(ICED) (M),1,1,0,TRUE
유자차_유자차 아이스(ICED) (ML),1,1,0,TRUE
유자차_유자차 핫(HOT) (M),1,1,0,TRUE
유자차_유자차 핫(HOT) (ML),1,1,0,TRUE
유자차_유자티 아이스(ICED),1,1,0,TRUE
유자차_유자티 핫(HOT),1,1,0,TRUE
유채김치,1,1,0,TRUE
유채나물_된장,1,1,0,TRUE
유채물김치,1,1,0,TRUE
육회비빔밥,1,1,0,TRUE
율무죽,1,1,0,TRUE
은대구구이,1,1,0,TRUE
인절미,1,1,0,TRUE
인절미_콩고물,1,1,0,TRUE
인절미_팥고물,1,1,0,TRUE
잉어 매운탕,1,1,0,TRUE
자몽차_꿀 자몽티 아이스(ICED),1,1,0,TRUE
자몽차_꿀 자몽티 핫(HOT),1,1,0,TRUE
자몽차_꿀자몽티,1,1,0,TRUE
자몽차_루비자몽 아이스(ICED),1,1,0,TRUE
자몽차_루비자몽 핫(HOT),1,1,0,TRUE
자몽차_시트러스자몽 아이스(ICED),1,1,0,TRUE
자몽차_오렌지자몽티 아이스(ICED) (L),1,1,0,TRUE
자몽차_오렌지자몽티 아이스(ICED) (R),1,1,0,TRUE
자몽차_오렌지자몽티 핫(HOT) (L),1,1,0,TRUE
자몽차_자몽 네이블 오렌지 아이스(ICED),1,1,0,TRUE
자몽차_자몽 네이블 오렌지 핫(HOT),1,1,0,TRUE
자몽차_자몽 네이블오렌지,1,1,0,TRUE
자몽차_자몽블랙티,1,1,0,TRUE
자몽차_자몽차 (L),1,1,0,TRUE
자몽차_자몽차 (R),1,1,0,TRUE
자몽차_자몽차 아이스(ICED),1,1,0,TRUE
자몽차_자몽차 아이스(ICED) (M),1,1,0,TRUE
자몽차_자몽차 아이스(ICED) (ML),1,1,0,TRUE
자몽차_자몽차 핫(HOT),1,1,0,TRUE
자몽차_자몽차 핫(HOT) (M),1,1,0,TRUE
자몽차_자몽차 핫(HOT) (ML),1,1,0,TRUE
자몽차_캐모마일 자몽 릴렉싱티,1,1,0,TRUE
자몽차_허니 자몽티,1,1,0,TRUE
자몽차_허니몽 아이스(ICED),1,1,0,TRUE
자몽차_허니몽 핫(HOT),1,1,0,TRUE
자몽차_홍자몽차 아이스(ICED),1,1,0,TRUE
자몽차_홍자몽차 핫(HOT),1,1,0,TRUE
자몽홍차_꿀 자몽 블랙티,1,1,0,TRUE
자몽홍차_오렌지자몽블랙티 아이스(ICED),1,1,0,TRUE
자몽홍차_오렌지자몽블랙티 핫(HOT),1,1,0,TRUE
자몽홍차_자몽 허니 블랙티 아이스(ICED) (Tall),1,1,0,TRUE
자몽홍차_자몽 허니 블랙티 핫(HOT) (Tall),1,1,0,TRUE
자몽홍차_자몽허니블랙티 핫(HOT),1,1,0,TRUE
자몽홍차_허니 자몽 블랙티,1,1,0,TRUE
자몽홍차_허니자몽블랙티,1,1,0,TRUE
자장면_삼선,1,1,0,TRUE
잔멸치 튀김,1,1,0,TRUE
잔멸치볶음_모듬,1,1,0,TRUE
잔멸치볶음_잔멸치,1,1,0,TRUE
잔멸치볶음_홍고추_풋고추,1,1,0,TRUE
잡채,1,1,0,TRUE
잡채_고추,1,1,0,TRUE
잡채_버섯,1,1,0,TRUE
잡채_부추,1,1,0,TRUE
잡채_어묵,1,1,0,TRUE
잡채_콩나물,1,1,0,TRUE
잡탕전골,1,1,0,TRUE
장떡,1,1,0,TRUE
장어 양념구이_들깨,1,1,0,TRUE
장어 초밥,1,1,0,TRUE
장어구이_붕장어_소금,1,1,0,TRUE
장어구이_소금,1,1,0,TRUE
장어구이_양념,1,1,0,TRUE
장어탕,1,1,0,TRUE
장조림_달걀,1,1,0,TRUE
장조림_소고기,1,1,0,TRUE
장조림_우엉,1,1,0,TRUE
쟁반짜장,1,1,0,TRUE
적어조림,1,1,0,TRUE
전갱이구이,1,1,0,TRUE
전복탕,1,1,0,TRUE
전어구이,1,1,0,TRUE
전어조림,1,1,0,TRUE
절편,1,1,0,TRUE
절편_쑥,1,1,0,TRUE
젤리_베어리스타 오가닉 젤리,1,1,0,TRUE
젤리_트로피컬원더젤리,1,1,0,TRUE
조개구이_키조개,1,1,0,TRUE
조개국,1,1,0,TRUE
조개국_바지락,1,1,0,TRUE
조개젓_양념,1,1,0,TRUE
조개탕,1,1,0,TRUE
조기조림,1,1,0,TRUE
주꾸미볶음_채소,1,1,0,TRUE
주꾸미삼겹살,1,1,0,TRUE
주먹밥_까르보나라 구운주먹밥,1,1,0,TRUE
주먹밥_매콤 로제 구운주먹밥,1,1,0,TRUE
주먹밥_멸치,1,1,0,TRUE
주먹밥_배추김치,1,1,0,TRUE
주먹밥_소고기,1,1,0,TRUE
주먹밥_참치,1,1,0,TRUE
죽순볶음_소고기,1,1,0,TRUE
중식우동,1,1,0,TRUE
중식잡채,1,1,0,TRUE
증편,1,1,0,TRUE
지리탕_대구,1,1,0,TRUE
지리탕_복,1,1,0,TRUE
짜장밥_오징어,1,1,0,TRUE
짬뽕_간편조리세트_나가사키 짬뽕탕,1,1,0,TRUE
짬뽕_간편조리세트_통오징어짬뽕탕,1,1,0,TRUE
짬뽕_굴,1,1,0,TRUE
짬뽕_백짬뽕,1,1,0,TRUE
짬뽕_삼선,1,1,0,TRUE
짬뽕_차돌박이,1,1,0,TRUE
짬뽕라면,1,1,0,TRUE
쫄볶이,1,1,0,TRUE
차돌박이구이_소고기,1,1,0,TRUE
찰떡빵_베이크치즈 크림치즈 찰떡,1,1,0,TRUE
찰떡빵_블루베리 크림치즈 찰떡,1,1,0,TRUE
찰떡빵_스트로베리 크림치즈 찰떡,1,1,0,TRUE
찰떡빵_쑥떡쑥떡콩쑥이,1,1,0,TRUE
찰떡빵_연유콩떡빵,1,1,0,TRUE
찰떡빵_우리찹쌀모카찰떡빵,1,1,0,TRUE
찰떡빵_울퉁불퉁왕찰떡빵 (대),1,1,0,TRUE
찰떡빵_울퉁불퉁왕찰떡빵 (소),1,1,0,TRUE
찰떡빵_쫀득찹쌀 브레드,1,1,0,TRUE
찰떡빵_찹쌀고구마,1,1,0,TRUE
찰시루떡,1,1,0,TRUE
참깨죽,1,1,0,TRUE
참나물 겉절이_간장,1,1,0,TRUE
참나물 겉절이_고춧가루,1,1,0,TRUE
참치 완자전,1,1,0,TRUE
참치구이_머리,1,1,0,TRUE
참치덮밥,1,1,0,TRUE
참치회덮밥_양념장,1,1,0,TRUE
찹쌀죽,1,1,0,TRUE
채소 꼬치구이,1,1,0,TRUE
청경채나물,1,1,0,TRUE
청국장찌개_간편조리세트_영월식 청국장,1,1,0,TRUE
청국장찌개_간편조리세트_우삼겹 청국장찌개,1,1,0,TRUE
청국장찌개_두부_채소,1,1,0,TRUE
청국장찌개_모듬,1,1,0,TRUE
청국장찌개_해물,1,1,0,TRUE
청어구이,1,1,0,TRUE
청포묵국,1,1,0,TRUE
초당순두부,1,1,0,TRUE
초밥_광어,1,1,0,TRUE
초밥_농어,1,1,0,TRUE
초밥_문어,1,1,0,TRUE
초밥_새우,1,1,0,TRUE
초밥_연어,1,1,0,TRUE
초밥_장어,1,1,0,TRUE
초밥_한치,1,1,0,TRUE
초코소라빵,1,1,0,TRUE
초콜릿_로고 코인 다크 초콜릿 골드,1,1,0,TRUE
초콜릿_로고 코인 밀크 초콜릿 실버,1,1,0,TRUE
초콜릿_로스티드 아몬드 앤 초콜릿,1,1,0,TRUE
초콜릿_로스티드 헤이즐넛 초콜릿,1,1,0,TRUE
초콜릿_로아커 초콜릿 클래식 다크,1,1,0,TRUE
초콜릿_로아커 초콜릿 클래식 밀크,1,1,0,TRUE
초콜릿_리저브 초콜릿 세트,1,1,0,TRUE
초콜릿_마이 스위티 까페,1,1,0,TRUE
초콜릿_마이 스위티 브라운,1,1,0,TRUE
총각김치,1,1,0,TRUE
취나물_취나물(마른것),1,1,0,TRUE
츄러스_고구마 필링 롱츄,1,1,0,TRUE
츄러스_달콤 허니버터 스틱츄,1,1,0,TRUE
츄러스_레인보우 초코 링츄,1,1,0,TRUE
츄러스_바삭 후레이크 링츄,1,1,0,TRUE
츄러스_버터 갈릭 스틱츄,1,1,0,TRUE
츄러스_슈크림 필링 롱츄,1,1,0,TRUE
츄러스_스틱 츄러스,1,1,0,TRUE
츄러스_스틱츄,1,1,0,TRUE
츄러스_스페셜링츄 세트 (8개입),1,1,0,TRUE
츄러스_스페셜스틱 세트 (10개입),1,1,0,TRUE
츄러스_시나몬츄라이,1,1,0,TRUE
츄러스_쌍쌍 츄로스,1,1,0,TRUE
츄러스_아몬드초코 링츄,1,1,0,TRUE
츄러스_어니언츄라이,1,1,0,TRUE
츄러스_오레오 롱츄,1,1,0,TRUE
츄러스_오레오 스틱츄,1,1,0,TRUE
츄러스_오레오 초코 링츄,1,1,0,TRUE
츄러스_오리지널 롱츄,1,1,0,TRUE
츄러스_오리지널 링츄,1,1,0,TRUE
츄러스_쫀듸기,1,1,0,TRUE
츄러스_초코필링츄,1,1,0,TRUE
츄러스_초콜릿 스틱츄,1,1,0,TRUE
츄러스_초콜릿 필링 롱츄,1,1,0,TRUE
츄러스_츄러스 바바리안 크림,1,1,0,TRUE
츄러스_츄로독,1,1,0,TRUE
츄러스_치즈 스틱츄,1,1,0,TRUE
츄러스_치즈 시즈닝 링츄,1,1,0,TRUE
츄러스_치즈스틱츄,1,1,0,TRUE
츄러스_치즈츄러스,1,1,0,TRUE
츄러스_컵츄볶이,1,1,0,TRUE
츄러스_케이준츄라이,1,1,0,TRUE
츄러스_콘소메 스틱츄,1,1,0,TRUE
츄러스_크리미 인절미 링츄,1,1,0,TRUE
츄러스_크림치즈 필링 롱츄,1,1,0,TRUE
츄러스_톡톡 슈팅스타 링츄,1,1,0,TRUE
츄러스_흑임자 링츄,1,1,0,TRUE
치아바타_갈릭 고르곤 치아바타,1,1,0,TRUE
치아바타_감자 치아바타,1,1,0,TRUE
치아바타_데일리 치아바타,1,1,0,TRUE
치아바타_미니 치아바타,1,1,0,TRUE
치아바타_블랙올리브치즈 치아바타,1,1,0,TRUE
치아바타_시금치 치아바타,1,1,0,TRUE
치아바타_올리브 치아바타,1,1,0,TRUE
치아바타_콘치즈 치아바타,1,1,0,TRUE
치아바타_페페로니 치아바타,1,1,0,TRUE
치즈_블루베리 크림치즈,1,1,0,TRUE
치즈_초코청크 크림치즈,1,1,0,TRUE
치즈_플레인 크림치즈,1,1,0,TRUE
치즈_허브갈릭 크림치즈,1,1,0,TRUE
치즈볼,1,1,0,TRUE
치즈볼_고르곤 치즈볼,1,1,0,TRUE
치즈볼_로제크림치즈볼 (6개),1,1,0,TRUE
치즈볼_모짜감짜 오리지널,1,1,0,TRUE
치즈볼_밀크치즈볼,1,1,0,TRUE
치즈볼_치즈볼 오리지널,1,1,0,TRUE
치즈볼_치즈쫀득볼,1,1,0,TRUE
치즈볼_트리플치즈볼 (6개),1,1,0,TRUE
치즈볼_퐁듀 치즈볼,1,1,0,TRUE
치즈빵_고다치즈와 체다치즈를 넣은 롤치즈빵,1,1,0,TRUE
치즈빵_고소짭짤 햄치즈브레드,1,1,0,TRUE
치즈빵_깨알치즈감자볼,1,1,0,TRUE
치즈빵_다시만난크림치즈,1,1,0,TRUE
치즈빵_달콤한고르곤졸라,1,1,0,TRUE
치즈빵_동글동글순치즈,1,1,0,TRUE
치즈빵_먹물퐁당감자치즈,1,1,0,TRUE
치즈빵_모짜렐라 치즈볼,1,1,0,TRUE
치즈빵_모찌모찌치즈스틱,1,1,0,TRUE
치즈빵_미니크림치즈호두빵,1,1,0,TRUE
치즈빵_미니크림치즈호두빵 (8개입),1,1,0,TRUE
치즈빵_미니호두아몬드크림치즈빵 (5개입),1,1,0,TRUE
치즈빵_미엘 고르곤졸라,1,1,0,TRUE
치즈빵_빙빙크림치즈,1,1,0,TRUE
치즈빵_순진크림치즈빵,1,1,0,TRUE
치즈빵_쉑쉑모찌볼 어니언 (1개입),1,1,0,TRUE
치즈빵_쉑쉑모찌볼 어니언 (3개입),1,1,0,TRUE
치즈빵_쉑쉑모찌볼 어니언 (6개입),1,1,0,TRUE
치즈빵_쉑쉑모찌볼 어니언 (9개입),1,1,0,TRUE
치즈빵_양파치즈브레드,1,1,0,TRUE
치즈빵_쫀득치즈스틱,1,1,0,TRUE
치즈빵_쫀득치즈스틱 (3개입),1,1,0,TRUE
치즈빵_처음만난크림치즈,1,1,0,TRUE
치즈빵_치즈 앤 치즈 블랑,1,1,0,TRUE
치즈빵_치즈 퐁듀,1,1,0,TRUE
치즈빵_치즈 푸가스,1,1,0,TRUE
치즈빵_치즈감자봉,1,1,0,TRUE
치즈빵_치즈방앗간,1,1,0,TRUE
치즈빵_치즈퐁듀,1,1,0,TRUE
치즈빵_카스타드화이트치즈볼,1,1,0,TRUE
치즈빵_카스타드화이트치즈볼 (3개입),1,1,0,TRUE
치즈빵_카스타드화이트치즈볼 (4개입),1,1,0,TRUE
치즈빵_카스타드화이트치즈볼 (5개입),1,1,0,TRUE
치즈빵_크랜베리애플크림치즈,1,1,0,TRUE
치즈빵_크림치즈 살라망드,1,1,0,TRUE
치즈빵_크림치즈월넛 브레드,1,1,0,TRUE
치즈빵_크림치즈호두빵,1,1,0,TRUE
치즈빵_톡톡콘치즈브레드,1,1,0,TRUE
치즈빵_톡톡콘치즈브레드 (2개입),1,1,0,TRUE
치즈빵_트리플 치즈,1,1,0,TRUE
치즈빵_트리플치즈캐슈넛,1,1,0,TRUE
치즈빵_트리플치즈캐슈넛&스위트콘크림치즈,1,1,0,TRUE
치즈빵_파르메산,1,1,0,TRUE
치즈빵_한조각씩크림치즈호두빵,1,1,0,TRUE
치즈빵_햄치즈조리빵,1,1,0,TRUE
치즈빵_호두아몬드크림치즈빵,1,1,0,TRUE
치즈빵_화이트치즈볼 (1개입),1,1,0,TRUE
치즈빵_화이트치즈볼 (2개입),1,1,0,TRUE
치즈빵_화이트치즈볼 (3개입),1,1,0,TRUE
치즈빵_화이트치즈볼 (4개입),1,1,0,TRUE
치즈빵_화이트치즈볼 (5개입),1,1,0,TRUE
치즈빵_후라잉치즈감자볼,1,1,0,TRUE
치즈스틱_롱치즈스틱 (1개),1,1,0,TRUE
치즈스틱_순수치즈스틱,1,1,0,TRUE
치커리무침,1,1,0,TRUE
치킨가스,1,1,0,TRUE
칠면조구이,1,1,0,TRUE
카레라이스,1,1,0,TRUE
카레라이스_두부,1,1,0,TRUE
카레라이스_소고기,1,1,0,TRUE
카레라이스_오징어,1,1,0,TRUE
카레라이스_채소,1,1,0,TRUE
카레소스_간편조리세트_키마카레&치즈키마카레,1,1,0,TRUE
카레소스_치킨마크니 찍먹커리,1,1,0,TRUE
카스텔라,1,1,0,TRUE
카스텔라_민트초코 생크림 카스텔라,1,1,0,TRUE
카스텔라_베리베리 카스텔라,1,1,0,TRUE
카스텔라_부드러운 생크림 카스텔라,1,1,0,TRUE
카스텔라_생크림 카스텔라,1,1,0,TRUE
카스텔라_우리 흑米 카스텔라,1,1,0,TRUE
카스텔라_우리米 카스텔라,1,1,0,TRUE
카스텔라_우유생크림 카스테라,1,1,0,TRUE
카스텔라_우유크림 카스테라,1,1,0,TRUE
카스텔라_우유크림카스테라,1,1,0,TRUE
카스텔라_촉촉한 쌀카스테라 녹차,1,1,0,TRUE
카스텔라_촉촉한 쌀카스테라 플레인,1,1,0,TRUE
카스텔라_카스테라구마,1,1,0,TRUE
카스텔라_카스텔라우유스틱 브레드,1,1,0,TRUE
카스텔라_큐브 라이스 카스텔라,1,1,0,TRUE
카스텔라_폭신한 생크림 카스텔라,1,1,0,TRUE
카스텔라_폭탄 카스테라,1,1,0,TRUE
카스텔라_플레인 카스테라,1,1,0,TRUE
카스텔라_후레쉬카스텔라,1,1,0,TRUE
카페라떼,1,1,0,TRUE
카페라떼_시럽,1,1,0,TRUE
카페라떼_카라멜,1,1,0,TRUE
카페모카,1,1,0,TRUE
카페모카_카라멜,1,1,0,TRUE
카페모카_카라멜_휘핑크림,1,1,0,TRUE
카페모카_휘핑크림,1,1,0,TRUE
칼국수_간편조리세트_닭한마리와 칼국수,1,1,0,TRUE
칼국수_간편조리세트_세숫대야 바지락칼국수,1,1,0,TRUE
칼국수_간편조리세트_원주식장칼국수,1,1,0,TRUE
칼국수_간편조리세트_장칼국수,1,1,0,TRUE
캔디_씨프렌즈 캔디,1,1,0,TRUE
캔디_아몬드 토피넛 캔디,1,1,0,TRUE
캘리포니아롤,1,1,0,TRUE
커피(타먹는커피),1,1,0,TRUE
커피_과테말라 누에보 오리엔테,1,1,0,TRUE
커피_그린티 카페 라떼 아이스(ICED),1,1,0,TRUE
커피_그린티 카페 라떼 핫(HOT),1,1,0,TRUE
커피_그린티더블샷 아이스(ICED),1,1,0,TRUE
커피_그린티더블샷 핫(HOT),1,1,0,TRUE
커피_그린티도피오 라떼 아이스(ICED),1,1,0,TRUE
커피_그린티도피오 라떼 핫(HOT),1,1,0,TRUE
커피_꼰대 라떼 아이스(ICED),1,1,0,TRUE
커피_꼰대 라떼 핫(HOT),1,1,0,TRUE
커피_꿀 다크리카노 아이스(ICED),1,1,0,TRUE
커피_꿀 다크리카노 핫(HOT),1,1,0,TRUE
커피_꿀 라떼 아이스(ICED),1,1,0,TRUE
커피_꿀 라떼 아이스(ICED) (L),1,1,0,TRUE
커피_꿀 라떼 아이스(ICED) (M),1,1,0,TRUE
커피_꿀 라떼 핫(HOT),1,1,0,TRUE
커피_꿀 라떼 핫(HOT) (L),1,1,0,TRUE
커피_꿀 라떼 핫(HOT) (M),1,1,0,TRUE
커피_꿀 커피 아이스(ICED),1,1,0,TRUE
커피_꿀 커피 핫(HOT),1,1,0,TRUE
커피_꿀메리카노 I’m B 아이스(ICED) (L),1,1,0,TRUE
커피_꿀메리카노 I’m B 아이스(ICED) (M),1,1,0,TRUE
커피_꿀메리카노 I’m B 핫(HOT) (L),1,1,0,TRUE
커피_꿀메리카노 I’m B 핫(HOT) (M),1,1,0,TRUE
커피_꿀메리카노 I’m D 아이스(ICED) (L),1,1,0,TRUE
커피_꿀메리카노 I’m D 아이스(ICED) (M),1,1,0,TRUE
커피_꿀메리카노 I’m D 핫(HOT) (L),1,1,0,TRUE
커피_꿀메리카노 I’m D 핫(HOT) (M),1,1,0,TRUE
커피_꿀아메리카노 아이스(ICED),1,1,0,TRUE
커피_꿀아메리카노 핫(HOT),1,1,0,TRUE
커피_나이트로 바닐라 크림 (Tall),1,1,0,TRUE
커피_나이트로 콜드 브루 (Tall),1,1,0,TRUE
커피_낭만 달고나 카페 라떼 아이스(ICED),1,1,0,TRUE
커피_낭만 달고나 카페 라떼 핫(HOT),1,1,0,TRUE
커피_넘버원모카 아이스(ICED) (L),1,1,0,TRUE
커피_넘버원모카 아이스(ICED) (R),1,1,0,TRUE
커피_넘버원모카 핫(HOT) (L),1,1,0,TRUE
커피_넘버원모카 핫(HOT) (R),1,1,0,TRUE
커피_녹차 샷 라떼 아이스(ICED),1,1,0,TRUE
커피_녹차 샷 라떼 핫(HOT),1,1,0,TRUE
커피_니트로 콜드브루,1,1,0,TRUE
커피_니트로커피,1,1,0,TRUE
커피_달고나 아인슈페너 아이스(ICED),1,1,0,TRUE
커피_달고나 콜드브루 라떼 아이스(ICED),1,1,0,TRUE
커피_달고나 콜드브루 라떼 핫(HOT),1,1,0,TRUE
커피_달고나 크림커피 아이스(ICED),1,1,0,TRUE
커피_달고나카페 라떼 아이스(ICED) (L),1,1,0,TRUE
커피_달고나카페 라떼 아이스(ICED) (Max),1,1,0,TRUE
커피_달고나카페 라떼 아이스(ICED) (R),1,1,0,TRUE
커피_달고나카페 라떼 핫(HOT) (L),1,1,0,TRUE
커피_달고나카페 라떼 핫(HOT) (R),1,1,0,TRUE
커피_달고나커피,1,1,0,TRUE
커피_달고나커피 아이스(ICED),1,1,0,TRUE
커피_달고나커피 핫(HOT),1,1,0,TRUE
커피_달달연유 라떼 아이스(ICED),1,1,0,TRUE
커피_달달연유 라떼 핫(HOT),1,1,0,TRUE
커피_더벤티사이즈 디카페인 아메리카노 아이스(ICED),1,1,0,TRUE
커피_더벤티사이즈 디카페인 카페 라떼 아이스(ICED),1,1,0,TRUE
커피_더벤티사이즈 믹스커피 아이스(ICED),1,1,0,TRUE
커피_더벤티사이즈 아메리카노 아이스(ICED),1,1,0,TRUE
커피_더벤티사이즈 카페 라떼 아이스(ICED),1,1,0,TRUE
커피_더블 모카 라떼 아이스(ICED) (K(코끼리)),1,1,0,TRUE
커피_더블 모카 라떼 아이스(ICED) (L),1,1,0,TRUE
커피_더블 모카 라떼 아이스(ICED) (R),1,1,0,TRUE
커피_더블 모카 라떼 핫(HOT) (K(코끼리)),1,1,0,TRUE
커피_더블 모카 라떼 핫(HOT) (L),1,1,0,TRUE
커피_더블 모카 라떼 핫(HOT) (R),1,1,0,TRUE
커피_더블 베네브루 디카페인 (S),1,1,0,TRUE
커피_더블 베네브루 블루밍 (S),1,1,0,TRUE
커피_더블 베네브루 시그니처 (S),1,1,0,TRUE
커피_더블돌체 라떼 아이스(ICED) (L),1,1,0,TRUE
커피_더블돌체 라떼 아이스(ICED) (R),1,1,0,TRUE
커피_더블돌체 라떼 핫(HOT) (L),1,1,0,TRUE
커피_더블돌체 라떼 핫(HOT) (R),1,1,0,TRUE
커피_더블샷 바닐라 딜라이트 아이스(ICED),1,1,0,TRUE
커피_더블샷 바닐라 딜라이트 핫(HOT),1,1,0,TRUE
커피_더블에스프레소,1,1,0,TRUE
커피_더치 라떼,1,1,0,TRUE
커피_더치 블랙 에티오피아 예가체프,1,1,0,TRUE
커피_더치 블랙 케냐AA,1,1,0,TRUE
커피_더치 썬셋,1,1,0,TRUE
커피_더치 오션,1,1,0,TRUE
커피_더치라떼 아이스(ICED),1,1,0,TRUE
커피_더치아메리카노,1,1,0,TRUE
커피_더치커피 핫(HOT),1,1,0,TRUE
커피_데일리오트코코넛 라떼 아이스(ICED) (L),1,1,0,TRUE
커피_데일리오트코코넛 라떼 아이스(ICED) (Max),1,1,0,TRUE
커피_데일리오트코코넛 라떼 아이스(ICED) (R),1,1,0,TRUE
커피_데일리오트코코넛 라떼 핫(HOT) (L),1,1,0,TRUE
커피_데일리오트코코넛 라떼 핫(HOT) (R),1,1,0,TRUE
커피_돌체 라떼 아이스(ICED) (M),1,1,0,TRUE
커피_돌체 라떼 아이스(ICED) (ML),1,1,0,TRUE
커피_돌체 라떼 핫(HOT) (L),1,1,0,TRUE
커피_돌체 라떼 핫(HOT) (M),1,1,0,TRUE
커피_돌체 라떼 핫(HOT) (ML),1,1,0,TRUE
커피_돌체 카페 라떼 아이스(ICED) (J),1,1,0,TRUE
커피_돌체 카페 라떼 아이스(ICED) (L),1,1,0,TRUE
커피_돌체 카페 라떼 핫(HOT) (J),1,1,0,TRUE
커피_돌체 카페 라떼 핫(HOT) (L),1,1,0,TRUE
커피_돌체 카푸치노 N2,1,1,0,TRUE
커피_돌체 콜드 브루 (Tall),1,1,0,TRUE
커피_돌체 콜드 브루 라떼 아이스(ICED),1,1,0,TRUE
커피_돌체 콜드브루 라떼,1,1,0,TRUE
커피_돌체 콜드브루 라떼 디카페인 아이스(ICED) (L),1,1,0,TRUE
커피_돌체 콜드브루 라떼 디카페인 아이스(ICED) (M),1,1,0,TRUE
커피_돌체 콜드브루 라떼 디카페인 핫(HOT) (L),1,1,0,TRUE
커피_돌체 콜드브루 라떼 디카페인 핫(HOT) (M),1,1,0,TRUE
커피_돌체 콜드브루 라떼 아이스(ICED),1,1,0,TRUE
커피_돌체 콜드브루 라떼 아이스(ICED) (L),1,1,0,TRUE
커피_돌체 콜드브루 라떼 아이스(ICED) (M),1,1,0,TRUE
커피_돌체 콜드브루 라떼 핫(HOT) (L),1,1,0,TRUE
커피_돌체 콜드브루 라떼 핫(HOT) (M),1,1,0,TRUE
커피_돌체 콜드브루 아이스(ICED),1,1,0,TRUE
커피_돌체라떼 아이스(ICED),1,1,0,TRUE
커피_돌체콜드브루 아이스(ICED),1,1,0,TRUE
커피_듀얼브루 디카페인 아메리치노 라떼 아이스(ICED),1,1,0,TRUE
커피_듀얼브루 디카페인 아메리치노 아이스(ICED),1,1,0,TRUE
커피_듀얼브루 디카페인 아메리카노 아이스(ICED),1,1,0,TRUE
커피_듀얼브루 디카페인 아메리카노 핫(HOT),1,1,0,TRUE
커피_듀얼브루 디카페인 카페 라떼 아이스(ICED),1,1,0,TRUE
커피_듀얼브루 디카페인 카페 라떼 핫(HOT),1,1,0,TRUE
커피_디카페인 꿀 라떼 아이스(ICED),1,1,0,TRUE
커피_디카페인 꿀 라떼 핫(HOT),1,1,0,TRUE
커피_디카페인 꿀 커피 아이스(ICED),1,1,0,TRUE
커피_디카페인 꿀 커피 핫(HOT),1,1,0,TRUE
커피_디카페인 니트로 커피,1,1,0,TRUE
커피_디카페인 달고나 콜드브루 라떼 아이스(ICED),1,1,0,TRUE
커피_디카페인 달고나 콜드브루 라떼 핫(HOT),1,1,0,TRUE
커피_디카페인 돌체 콜드브루 라떼 아이스(ICED),1,1,0,TRUE
커피_디카페인 밀크카라멜마키아또 아이스(ICED),1,1,0,TRUE
커피_디카페인 밀크카라멜마키아또 핫(HOT),1,1,0,TRUE
커피_디카페인 바나나 달달 커피 아이스(ICED),1,1,0,TRUE
커피_디카페인 바나나 달달 커피 핫(HOT),1,1,0,TRUE
커피_디카페인 바나리카노 아이스(ICED),1,1,0,TRUE
커피_디카페인 바닐라 딜라이트 아이스(ICED),1,1,0,TRUE
커피_디카페인 바닐라 딜라이트 핫(HOT),1,1,0,TRUE
커피_디카페인 바닐라 크림콜드브루 아이스(ICED),1,1,0,TRUE
커피_디카페인 바닐라딥라떼 아이스(ICED),1,1,0,TRUE
커피_디카페인 바닐라딥라떼 핫(HOT),1,1,0,TRUE
커피_디카페인 버블 흑당 콜드브루,1,1,0,TRUE
커피_디카페인 버블 흑당 콜드브루 (EX),1,1,0,TRUE
커피_디카페인 베트남 연유 커피 아이스(ICED),1,1,0,TRUE
커피_디카페인 시나몬라떼 아이스(ICED),1,1,0,TRUE
커피_디카페인 시나몬라떼 핫(HOT),1,1,0,TRUE
커피_디카페인 아몬드 라떼 아이스(ICED),1,1,0,TRUE
커피_디카페인 아몬드 라떼 핫(HOT),1,1,0,TRUE
커피_디카페인 아인슈페너 핫(HOT),1,1,0,TRUE
커피_디카페인 에스프레소 핫(HOT),1,1,0,TRUE
커피_디카페인 연유 콜드브루,1,1,0,TRUE
커피_디카페인 연유 콜드브루 (EX),1,1,0,TRUE
커피_디카페인 연유 콜드브루 플로트 (L),1,1,0,TRUE
커피_디카페인 연유 콜드브루 플로트 (R),1,1,0,TRUE
커피_디카페인 연유 콜드브루 플로트 (V),1,1,0,TRUE
커피_디카페인 오트카페 라떼 아이스(ICED),1,1,0,TRUE
커피_디카페인 오트카페 라떼 핫(HOT),1,1,0,TRUE
커피_디카페인 제로슈가 스위트 아메리카노 아이스(ICED),1,1,0,TRUE
커피_디카페인 제로슈가 스위트 아메리카노 핫(HOT),1,1,0,TRUE
커피_디카페인 카라멜마끼야또 아이스(ICED),1,1,0,TRUE
커피_디카페인 카라멜마끼야또 핫(HOT),1,1,0,TRUE
커피_디카페인 카페 모카 아이스(ICED),1,1,0,TRUE
커피_디카페인 카페 모카 핫(HOT),1,1,0,TRUE
커피_디카페인 콜드브루,1,1,0,TRUE
커피_디카페인 콜드브루 라떼 (EX),1,1,0,TRUE
커피_디카페인 콜드브루 라떼 (L),1,1,0,TRUE
커피_디카페인 콜드브루 라떼 (R),1,1,0,TRUE
커피_디카페인 콜드브루 라떼 (V),1,1,0,TRUE
커피_디카페인 콜드브루 라떼 아이스(ICED) (L),1,1,0,TRUE
커피_디카페인 콜드브루 라떼 아이스(ICED) (ML),1,1,0,TRUE
커피_디카페인 콜드브루 라떼 연유,1,1,0,TRUE
커피_디카페인 콜드브루 라떼 흑당,1,1,0,TRUE
커피_디카페인 콜드브루 아메리카노,1,1,0,TRUE
커피_디카페인 콜드브루 아메리카노 (EX),1,1,0,TRUE
커피_디카페인 콜드브루 아메리카노 (L),1,1,0,TRUE
커피_디카페인 콜드브루 아메리카노 (R),1,1,0,TRUE
커피_디카페인 콜드브루 아메리카노 (V),1,1,0,TRUE
커피_디카페인 콜드브루 아이스(ICED) (L),1,1,0,TRUE
커피_디카페인 콜드브루 아이스(ICED) (ML),1,1,0,TRUE
커피_디카페인 콜드브루 아인슈페너,1,1,0,TRUE
커피_디카페인 콜드브루 아인슈페너 아이스(ICED),1,1,0,TRUE
커피_디카페인 콜드브루 크림넛,1,1,0,TRUE
커피_디카페인 콜드브루 티라미수,1,1,0,TRUE
커피_디카페인 콜드브루 핫(HOT),1,1,0,TRUE
커피_디카페인 콜드브루 화이트비엔나,1,1,0,TRUE
커피_디카페인 크리미 라떼 아이스(ICED),1,1,0,TRUE
커피_디카페인 피스타치오 카페 라떼 아이스(ICED),1,1,0,TRUE
커피_디카페인 피스타치오 카페 라떼 핫(HOT),1,1,0,TRUE
커피_디카페인 허니아메리카노 아이스(ICED),1,1,0,TRUE
커피_디카페인 허니아메리카노 핫(HOT),1,1,0,TRUE
커피_디카페인 헤이즐넛 라떼 아이스(ICED),1,1,0,TRUE
커피_디카페인 헤이즐넛 라떼 핫(HOT),1,1,0,TRUE
커피_디카페인 헤이즐넛 커피 아이스(ICED),1,1,0,TRUE
커피_디카페인 헤이즐넛 커피 핫(HOT),1,1,0,TRUE
커피_디카페인 헤이즐넛 크림콜드브루 아이스(ICED),1,1,0,TRUE
커피_디카페인 헤이즐넛딥라떼 아이스(ICED),1,1,0,TRUE
커피_디카페인 헤이즐넛딥라떼 핫(HOT),1,1,0,TRUE
커피_디카페인 헤이즐넛아메리카노 아이스(ICED),1,1,0,TRUE
커피_디카페인 헤이즐넛아메리카노 핫(HOT),1,1,0,TRUE
커피_디카페인 흑당 콜드브루,1,1,0,TRUE
커피_디카페인 흑당 콜드브루 (EX),1,1,0,TRUE
커피_디카페인라떼 아이스(ICED),1,1,0,TRUE
커피_디카페인라떼 핫(HOT),1,1,0,TRUE
커피_디카페인커피 아이스(ICED),1,1,0,TRUE
커피_디카페인커피 핫(HOT),1,1,0,TRUE
커피_딥초콜릿 카페 라떼,1,1,0,TRUE
커피_라떼 달구나 아이스(ICED) (L),1,1,0,TRUE
커피_라떼 달구나 아이스(ICED) (ML),1,1,0,TRUE
커피_라떼 달구나 핫(HOT) (ML),1,1,0,TRUE
커피_라벤더 블론드 스타벅스 더블 샷,1,1,0,TRUE
커피_라벤더 카페 브레베 아이스(ICED) (Tall),1,1,0,TRUE
커피_라벤더 카페 브레베 핫(HOT) (Tall),1,1,0,TRUE
커피_럼 샷 코르타도 (Short),1,1,0,TRUE
커피_레몬아메리카노 아이스(ICED),1,1,0,TRUE
커피_레트로 커피 아이스(ICED) (L),1,1,0,TRUE
커피_레트로 커피 아이스(ICED) (ML),1,1,0,TRUE
커피_레트로 커피 핫(HOT) (ML),1,1,0,TRUE
커피_롱블랫 아이스(ICED) (Short),1,1,0,TRUE
커피_롱블랫 핫(HOT) (Short),1,1,0,TRUE
커피_리스트레또 딜라이트 아이스(ICED),1,1,0,TRUE
커피_리스트레또 딜라이트 핫(HOT),1,1,0,TRUE
커피_리얼바닐라빈 아이스(ICED),1,1,0,TRUE
커피_리얼바닐라빈 핫(HOT),1,1,0,TRUE
커피_메가리카노 아이스(ICED),1,1,0,TRUE
커피_모카 더블 베네프레소 (S),1,1,0,TRUE
커피_모카 카페 라떼 아이스(ICED) (J),1,1,0,TRUE
커피_모카 카페 라떼 아이스(ICED) (L),1,1,0,TRUE
커피_모카 카페 라떼 핫(HOT) (J),1,1,0,TRUE
커피_모카 카페 라떼 핫(HOT) (L),1,1,0,TRUE
커피_민트모카 아이스(ICED) (L),1,1,0,TRUE
커피_민트모카 아이스(ICED) (R),1,1,0,TRUE
커피_민트모카 핫(HOT) (L),1,1,0,TRUE
커피_민트모카 핫(HOT) (R),1,1,0,TRUE
커피_민트카페모카 아이스(ICED),1,1,0,TRUE
커피_민트카페모카 아이스(ICED) (L),1,1,0,TRUE
커피_민트카페모카 아이스(ICED) (R),1,1,0,TRUE
커피_민트카페모카 핫(HOT),1,1,0,TRUE
커피_민트카페모카 핫(HOT) (L),1,1,0,TRUE
커피_민트카페모카 핫(HOT) (R),1,1,0,TRUE
커피_밀크카라멜마키아또 아이스(ICED),1,1,0,TRUE
커피_밀크카라멜마키아또 핫(HOT),1,1,0,TRUE
커피_바나나 달달 커피 아이스(ICED),1,1,0,TRUE
커피_바나나 달달 커피 핫(HOT),1,1,0,TRUE
커피_바나리카노 아이스(ICED),1,1,0,TRUE
커피_바닐라 더블 베네프레소 (S),1,1,0,TRUE
커피_바닐라 라떼 마끼아또 아이스(ICED) (L),1,1,0,TRUE
커피_바닐라 라떼 마끼아또 아이스(ICED) (R),1,1,0,TRUE
커피_바닐라 라떼 마끼아또 아이스(ICED) (V),1,1,0,TRUE
커피_바닐라 라떼 마끼아또 핫(HOT) (L),1,1,0,TRUE
커피_바닐라 라떼 마끼아또 핫(HOT) (R),1,1,0,TRUE
커피_바닐라 라떼 아이스(ICED) (EX),1,1,0,TRUE
커피_바닐라 라떼 아이스(ICED) (K(코끼리)),1,1,0,TRUE
커피_바닐라 라떼 아이스(ICED) (M),1,1,0,TRUE
커피_바닐라 라떼 아이스(ICED) (ML),1,1,0,TRUE
커피_바닐라 라떼 핫(HOT) (EX),1,1,0,TRUE
커피_바닐라 라떼 핫(HOT) (K(코끼리)),1,1,0,TRUE
커피_바닐라 라떼 핫(HOT) (M),1,1,0,TRUE
커피_바닐라 라떼 핫(HOT) (ML),1,1,0,TRUE
커피_바닐라 빈 라떼 아이스(ICED),1,1,0,TRUE
커피_바닐라 빈 라떼 아이스(ICED) (Tall),1,1,0,TRUE
커피_바닐라 빈 라떼 핫(HOT),1,1,0,TRUE
커피_바닐라 빈 라떼 핫(HOT) (Tall),1,1,0,TRUE
커피_바닐라 스타벅스 더블 샷,1,1,0,TRUE
커피_바닐라 카페 라떼 아이스(ICED) (J),1,1,0,TRUE
커피_바닐라 카페 라떼 아이스(ICED) (L),1,1,0,TRUE
커피_바닐라 카페 라떼 핫(HOT) (J),1,1,0,TRUE
커피_바닐라 카페 라떼 핫(HOT) (L),1,1,0,TRUE
커피_바닐라 콜드브루 아이스(ICED),1,1,0,TRUE
커피_바닐라 크림 콜드 브루 (Tall),1,1,0,TRUE
커피_바닐라 크림콜드브루 아이스(ICED),1,1,0,TRUE
커피_바닐라 플랫 화이트 (Tall),1,1,0,TRUE
커피_바닐라다크리카노 아이스(ICED),1,1,0,TRUE
커피_바닐라다크리카노 핫(HOT),1,1,0,TRUE
커피_바닐라딜라이트 아이스(ICED),1,1,0,TRUE
커피_바닐라딜라이트 핫(HOT),1,1,0,TRUE
커피_바닐라딥 라떼 아이스(ICED),1,1,0,TRUE
커피_바닐라딥 라떼 핫(HOT),1,1,0,TRUE
커피_바닐라아메리카노 아이스(ICED),1,1,0,TRUE
커피_바닐라아메리카노 핫(HOT),1,1,0,TRUE
커피_바닐라카페 라떼 아이스(ICED) (L),1,1,0,TRUE
커피_바닐라카페 라떼 아이스(ICED) (Max),1,1,0,TRUE
커피_바닐라카페 라떼 아이스(ICED) (R),1,1,0,TRUE
커피_바닐라카페 라떼 핫(HOT) (L),1,1,0,TRUE
커피_바닐라카페 라떼 핫(HOT) (R),1,1,0,TRUE
커피_바닐라크림 콜드브루 아이스(ICED),1,1,0,TRUE
커피_버블흑당콜드브루,1,1,0,TRUE
커피_버터스카치 라떼 아이스(ICED),1,1,0,TRUE
커피_버터스카치 라떼 핫(HOT),1,1,0,TRUE
커피_버터스카치폼 아인슈페너 아이스(ICED),1,1,0,TRUE
커피_버터스카치폼 아인슈페너 핫(HOT),1,1,0,TRUE
커피_베네캣 달고나 라떼 아이스(ICED) (R),1,1,0,TRUE
커피_베네캣 달고나 라떼 핫(HOT) (R),1,1,0,TRUE
커피_베트남 연유 커피 아이스(ICED),1,1,0,TRUE
커피_벨벳 다크 모카 나이트로 (Tall),1,1,0,TRUE
커피_브라운슈가 버블 라떼,1,1,0,TRUE
커피_브라질 만티게이라 BSCA,1,1,0,TRUE
커피_브루잉 블라썸,1,1,0,TRUE
커피_브루잉 블랙와인,1,1,0,TRUE
커피_브루잉 아리차,1,1,0,TRUE
커피_브루잉 케냐AA,1,1,0,TRUE
커피_브루잉 콜롬비아,1,1,0,TRUE
커피_블랙펄 카페 라떼 아이스(ICED),1,1,0,TRUE
커피_블론드 바닐라 더블 샷 마키아또 아이스(ICED) (Tall),1,1,0,TRUE
커피_블론드 바닐라 더블 샷 마키아또 핫(HOT) (Tall),1,1,0,TRUE
커피_블루밍 콜드브루 (L),1,1,0,TRUE
커피_블루밍 콜드브루 (R),1,1,0,TRUE
커피_블루밍 콜드브루 라떼 (L),1,1,0,TRUE
커피_블루밍 콜드브루 라떼 (R),1,1,0,TRUE
커피_블루밍 콜드브루 라일락 바닐라빈 라떼 (L),1,1,0,TRUE
커피_블루밍 콜드브루 라일락 바닐라빈 라떼 (R),1,1,0,TRUE
커피_블루밍 콜드브루 모카 프라페노 (L),1,1,0,TRUE
커피_블루밍 콜드브루 모카 프라페노 (R),1,1,0,TRUE
커피_블루밍 콜드브루 카라멜 마끼아또 (L),1,1,0,TRUE
커피_블루밍 콜드브루 카라멜 마끼아또 (R),1,1,0,TRUE
커피_블루스노우모카 아이스(ICED) (L),1,1,0,TRUE
커피_블루스노우모카 아이스(ICED) (R),1,1,0,TRUE
커피_블루스노우모카 핫(HOT) (L),1,1,0,TRUE
커피_블루스노우모카 핫(HOT) (R),1,1,0,TRUE
커피_비닐라 라떼 아이스(ICED),1,1,0,TRUE
커피_빅포즈 아메리카노,1,1,0,TRUE
커피_빽’s 카페 라떼 아이스(ICED),1,1,0,TRUE
커피_빽’s 카페 라떼 아이스(ICED) 빽사이즈,1,1,0,TRUE
커피_빽’s 카페 라떼 핫(HOT),1,1,0,TRUE
커피_사케라또 비안코 오버 아이스(ICED) (Tall),1,1,0,TRUE
커피_사케라또 아포가토 (Tall),1,1,0,TRUE
커피_샥 라떼 아이스(ICED),1,1,0,TRUE
커피_샷 토피넛 라떼 아이스(ICED),1,1,0,TRUE
커피_샷 토피넛 라떼 핫(HOT),1,1,0,TRUE
커피_솔티카라멜크림 라떼 아이스(ICED) (S),1,1,0,TRUE
커피_숏카페 라떼 아이스(ICED) (Short),1,1,0,TRUE
커피_숏카페 라떼 핫(HOT) (Short),1,1,0,TRUE
커피_스타벅스 돌체 라떼 아이스(ICED) (Tall),1,1,0,TRUE
커피_스타벅스 돌체 라떼 핫(HOT) (Tall),1,1,0,TRUE
커피_스파클링 시트러스 에스프레소 (Tall),1,1,0,TRUE
커피_스페니쉬연유카페 라떼 아이스(ICED) (L),1,1,0,TRUE
커피_스페니쉬연유카페 라떼 아이스(ICED) (Max),1,1,0,TRUE
커피_스페니쉬연유카페 라떼 아이스(ICED) (R),1,1,0,TRUE
커피_스페니쉬연유카페 라떼 핫(HOT) (L),1,1,0,TRUE
커피_스페니쉬연유카페 라떼 핫(HOT) (R),1,1,0,TRUE
커피_스페셜티 바닐라 라떼 (R),1,1,0,TRUE
커피_스페셜티 아메리카노 (R),1,1,0,TRUE
커피_스페셜티 카라멜마끼아또 (R),1,1,0,TRUE
커피_스페셜티 카페 라떼 (R),1,1,0,TRUE
커피_스페셜티 카페모카 (R),1,1,0,TRUE
커피_스페셜티 카푸치노 (R),1,1,0,TRUE
커피_시그니처 더 블랙 콜드 브루 보틀,1,1,0,TRUE
커피_시그니처 콜드브루 (L),1,1,0,TRUE
커피_시그니처 콜드브루 (R),1,1,0,TRUE
커피_시그니처 콜드브루 라떼 (L),1,1,0,TRUE
커피_시그니처 콜드브루 라떼 (R),1,1,0,TRUE
커피_시그니처 콜드브루 라일락 바닐라빈 라떼 (L),1,1,0,TRUE
커피_시그니처 콜드브루 라일락 바닐라빈 라떼 (R),1,1,0,TRUE
커피_시그니처 콜드브루 모카 프라페노 (L),1,1,0,TRUE
커피_시그니처 콜드브루 모카 프라페노 (R),1,1,0,TRUE
커피_시그니처 콜드브루 바닐라 플로트 (R),1,1,0,TRUE
커피_시그니처 콜드브루 브라운 슈가 버블 라떼 (R),1,1,0,TRUE
커피_시그니처 콜드브루 오리지널 프라페노 (L),1,1,0,TRUE
커피_시그니처 콜드브루 오리지널 프라페노 (R),1,1,0,TRUE
커피_시그니처 콜드브루 카라멜 마끼아또 (L),1,1,0,TRUE
커피_시그니처 콜드브루 카라멜 마끼아또 (R),1,1,0,TRUE
커피_시그니처 콜드브루 카라멜 프라페노 (L),1,1,0,TRUE
커피_시그니처 콜드브루 카라멜 프라페노 (R),1,1,0,TRUE
커피_시그니처 콜드브루 티라미수 젤라또 프라페노 (R),1,1,0,TRUE
커피_시그니처 콜드브루 헤이즐넛 라떼 (L),1,1,0,TRUE
커피_시그니처 콜드브루 헤이즐넛 라떼 (R),1,1,0,TRUE
커피_시그니처 크림 커피 아이스(ICED) (R),1,1,0,TRUE
커피_시그니처아메리카노 아이스(ICED),1,1,0,TRUE
커피_시그니처아메리카노 핫(HOT),1,1,0,TRUE
커피_시그니처콜드브루 아이스(ICED),1,1,0,TRUE
커피_시나몬 라떼 아이스(ICED),1,1,0,TRUE
커피_시나몬 라떼 핫(HOT),1,1,0,TRUE
커피_시나몬 카페 라떼 아이스(ICED),1,1,0,TRUE
커피_시나몬 카페 라떼 핫(HOT),1,1,0,TRUE
커피_시나몬 크림 모카 (L),1,1,0,TRUE
커피_시나몬 크림 모카 (R),1,1,0,TRUE
커피_싱글오리진 동티모르,1,1,0,TRUE
커피_싱글오리진 동티모르 아이스(ICED),1,1,0,TRUE
커피_싱글오리진 디카페인,1,1,0,TRUE
커피_싱글오리진 디카페인 아이스(ICED),1,1,0,TRUE
커피_싱글오리진 스페셜티,1,1,0,TRUE
커피_싱글오리진 스페셜티 아이스(ICED),1,1,0,TRUE
커피_싱글오리진 시다모,1,1,0,TRUE
커피_싱글오리진 시다모 아이스(ICED),1,1,0,TRUE
커피_싱글오리진 예가체프,1,1,0,TRUE
커피_싱글오리진 예가체프 아이스(ICED),1,1,0,TRUE
커피_싱글오리진 케냐 AA,1,1,0,TRUE
커피_싱글오리진 케냐AA 아이스(ICED),1,1,0,TRUE
커피_싱글오리진 콜롬비아,1,1,0,TRUE
커피_싱글오리진 콜롬비아 아이스(ICED),1,1,0,TRUE
커피_아메리치노 라떼 아이스(ICED),1,1,0,TRUE
커피_아메리치노 아이스(ICED),1,1,0,TRUE
커피_아메리카노 1리터,1,1,0,TRUE
커피_아메리카노 I’m B 아이스(ICED) (L),1,1,0,TRUE
커피_아메리카노 I’m B 아이스(ICED) (M),1,1,0,TRUE
커피_아메리카노 I’m B 핫(HOT) (L),1,1,0,TRUE
커피_아메리카노 I’m B 핫(HOT) (M),1,1,0,TRUE
커피_아메리카노 I’m D 아이스(ICED) (L),1,1,0,TRUE
커피_아메리카노 I’m D 아이스(ICED) (M),1,1,0,TRUE
커피_아메리카노 I’m D 핫(HOT) (L),1,1,0,TRUE
커피_아메리카노 I’m D 핫(HOT) (M),1,1,0,TRUE
커피_아메리카노 다크퍼플 아이스(ICED) (K(코끼리)),1,1,0,TRUE
커피_아메리카노 다크퍼플 아이스(ICED) (L),1,1,0,TRUE
커피_아메리카노 다크퍼플 아이스(ICED) (R),1,1,0,TRUE
커피_아메리카노 다크퍼플 핫(HOT) (K(코끼리)),1,1,0,TRUE
커피_아메리카노 다크퍼플 핫(HOT) (L),1,1,0,TRUE
커피_아메리카노 다크퍼플 핫(HOT) (R),1,1,0,TRUE
커피_아메리카노 마일드 그린 아이스(ICED) (K(코끼리)),1,1,0,TRUE
커피_아메리카노 마일드 그린 아이스(ICED) (L),1,1,0,TRUE
커피_아메리카노 마일드 그린 아이스(ICED) (R),1,1,0,TRUE
커피_아메리카노 마일드 그린 핫(HOT) (K(코끼리)),1,1,0,TRUE
커피_아메리카노 마일드 그린 핫(HOT) (L),1,1,0,TRUE
커피_아메리카노 마일드 그린 핫(HOT) (R),1,1,0,TRUE
커피_아메리카노 아이스(ICED) (EX),1,1,0,TRUE
커피_아메리카노 아이스(ICED) (J),1,1,0,TRUE
커피_아메리카노 아이스(ICED) (S),1,1,0,TRUE
커피_아메리카노 아이스(ICED) (V),1,1,0,TRUE
커피_아메리카노 아이스(ICED) (XL),1,1,0,TRUE
커피_아메리카노 핫(HOT) (EX),1,1,0,TRUE
커피_아메리카노 핫(HOT) (J),1,1,0,TRUE
커피_아메리카노 핫(HOT) (S),1,1,0,TRUE
커피_아메리카노 핫(HOT) (XL),1,1,0,TRUE
커피_아메리키토 아이스(ICED) (Max),1,1,0,TRUE
커피_아몬드 라떼 아이스(ICED),1,1,0,TRUE
커피_아몬드 라떼 핫(HOT),1,1,0,TRUE
커피_아몬드 비엔나 커피,1,1,0,TRUE
커피_아몬드 크림 콜드브루,1,1,0,TRUE
커피_아이스크림 바닐라 라떼 아이스(ICED),1,1,0,TRUE
커피_아이스크림 카페 라떼 아이스(ICED),1,1,0,TRUE
커피_아이스크림 카페모카 아이스(ICED),1,1,0,TRUE
커피_아이스크림카페 라떼 아이스(ICED) (L),1,1,0,TRUE
커피_아이스크림카페 라떼 아이스(ICED) (Max),1,1,0,TRUE
커피_아이스크림카페 라떼 아이스(ICED) (R),1,1,0,TRUE
커피_아인슈페너,1,1,0,TRUE
커피_아인슈페너 라떼 아이스(ICED),1,1,0,TRUE
커피_아인슈페너 아이스(ICED) (R),1,1,0,TRUE
커피_아인슈페너 핫(HOT) (R),1,1,0,TRUE
커피_아포가또 (S),1,1,0,TRUE
커피_아포가토 (R),1,1,0,TRUE
커피_아포카토,1,1,0,TRUE
커피_앗메리카노 아이스(ICED),1,1,0,TRUE
커피_앗메리카노 아이스(ICED) 빽사이즈,1,1,0,TRUE
커피_앗메리카노 핫(HOT),1,1,0,TRUE
커피_약과 크림커피 아이스(ICED),1,1,0,TRUE
커피_약과 크림커피 핫(HOT),1,1,0,TRUE
커피_어른커피,1,1,0,TRUE
커피_에소프레소 핫(HOT) (더블),1,1,0,TRUE
커피_에소프레소 핫(HOT) (싱글),1,1,0,TRUE
커피_에스프레소 (L),1,1,0,TRUE
커피_에스프레소 (S),1,1,0,TRUE
커피_에스프레소 (Solo),1,1,0,TRUE
커피_에스프레소 도피오 (S),1,1,0,TRUE
커피_에스프레소 마끼아또 (S),1,1,0,TRUE
커피_에스프레소 마끼야토 핫(HOT),1,1,0,TRUE
커피_에스프레소 마키아또 (Solo),1,1,0,TRUE
커피_에스프레소 블랙 N2,1,1,0,TRUE
커피_에스프레소 콘 파나 (Solo),1,1,0,TRUE
커피_에스프레소 콘파냐,1,1,0,TRUE
커피_에스프레소 콘파냐 핫(HOT),1,1,0,TRUE
커피_에스프레소 토피넛 라떼 아이스(ICED) (L),1,1,0,TRUE
커피_에스프레소 토피넛 라떼 아이스(ICED) (R),1,1,0,TRUE
커피_에스프레소 토피넛 라떼 핫(HOT) (L),1,1,0,TRUE
커피_에스프레소 토피넛 라떼 핫(HOT) (R),1,1,0,TRUE
커피_에스프레소 핫(HOT),1,1,0,TRUE
커피_에스프레소 핫(HOT) (더블),1,1,0,TRUE
커피_에스프레소 핫(HOT) (싱글),1,1,0,TRUE
커피_에티오피아 게라,1,1,0,TRUE
커피_연라떼 아이스(ICED) (L),1,1,0,TRUE
커피_연라떼 아이스(ICED) (R),1,1,0,TRUE
커피_연라떼 핫(HOT) (L),1,1,0,TRUE
커피_연라떼 핫(HOT) (R),1,1,0,TRUE
커피_연유 카페 라떼 아이스(ICED),1,1,0,TRUE
커피_연유 카페 라떼 아이스(ICED) (EX),1,1,0,TRUE
커피_연유 카페 라떼 핫(HOT),1,1,0,TRUE
커피_연유 카페 라떼 핫(HOT) (EX),1,1,0,TRUE
커피_연유 콜드브루,1,1,0,TRUE
커피_연유 콜드브루 (EX),1,1,0,TRUE
커피_연유 콜드브루 플로트 (L),1,1,0,TRUE
커피_연유 콜드브루 플로트 (R),1,1,0,TRUE
커피_연유 콜드브루 플로트 (V),1,1,0,TRUE
커피_연유 크러쉬 카페 라떼 (XL),1,1,0,TRUE
커피_오늘의 커피 (Tall),1,1,0,TRUE
커피_오리엔탈 라떼 아이스(ICED),1,1,0,TRUE
커피_오리엔탈 라떼 핫(HOT),1,1,0,TRUE
커피_오션 클라우디 콜드브루,1,1,0,TRUE
커피_오트카페 라떼 아이스(ICED),1,1,0,TRUE
커피_오트카페 라떼 핫(HOT),1,1,0,TRUE
커피_원조커피 아이스(ICED),1,1,0,TRUE
커피_원조커피 아이스(ICED) 빽사이즈,1,1,0,TRUE
커피_원조커피 핫(HOT),1,1,0,TRUE
커피_자이언트 아메리카노 아이스(ICED),1,1,0,TRUE
커피_제로슈가 스위트 아메리카노 아이스(ICED),1,1,0,TRUE
커피_제로슈가 스위트 아메리카노 핫(HOT),1,1,0,TRUE
커피_제주 비자림 콜드 브루 (Grande),1,1,0,TRUE
커피_청자다방커피,1,1,0,TRUE
커피_초코 라떼,1,1,0,TRUE
커피_카라멜 라떼 마끼아또 아이스(ICED) (L),1,1,0,TRUE
커피_카라멜 라떼 마끼아또 아이스(ICED) (R),1,1,0,TRUE
커피_카라멜 라떼 마끼아또 아이스(ICED) (V),1,1,0,TRUE
커피_카라멜 라떼 마끼아또 핫(HOT) (L),1,1,0,TRUE
커피_카라멜 라떼 마끼아또 핫(HOT) (R),1,1,0,TRUE
커피_카라멜 라떼 아이스(ICED) (L),1,1,0,TRUE
커피_카라멜 라떼 아이스(ICED) (R),1,1,0,TRUE
커피_카라멜 라떼 핫(HOT) (L),1,1,0,TRUE
커피_카라멜 라떼 핫(HOT) (R),1,1,0,TRUE
커피_카라멜 마끼아또 아이스(ICED) (M),1,1,0,TRUE
커피_카라멜 마끼아또 핫(HOT) (M),1,1,0,TRUE
커피_카라멜 마끼야또 아이스(ICED),1,1,0,TRUE
커피_카라멜 마끼야또 핫(HOT),1,1,0,TRUE
커피_카라멜 마키아또 아이스(ICED),1,1,0,TRUE
커피_카라멜 마키아또 아이스(ICED) (Tall),1,1,0,TRUE
커피_카라멜 마키아또 핫(HOT),1,1,0,TRUE
커피_카라멜 마키아또 핫(HOT) (Tall),1,1,0,TRUE
커피_카라멜 카페 라떼 아이스(ICED) (J),1,1,0,TRUE
커피_카라멜 카페 라떼 아이스(ICED) (L),1,1,0,TRUE
커피_카라멜 카페 라떼 핫(HOT),1,1,0,TRUE
커피_카라멜 카페 라떼 핫(HOT) (J),1,1,0,TRUE
커피_카라멜 카페 라떼 핫(HOT) (L),1,1,0,TRUE
커피_카라멜마끼아또 아이스(ICED) (K(코끼리)),1,1,0,TRUE
커피_카라멜마끼아또 아이스(ICED) (ML),1,1,0,TRUE
커피_카라멜마끼아또 아이스(ICED) (R),1,1,0,TRUE
커피_카라멜마끼아또 핫(HOT) (K(코끼리)),1,1,0,TRUE
커피_카라멜마끼아또 핫(HOT) (L),1,1,0,TRUE
커피_카라멜마끼아또 핫(HOT) (ML),1,1,0,TRUE
커피_카라멜마끼아또 핫(HOT) (R),1,1,0,TRUE
커피_카라멜마끼아토,1,1,0,TRUE
커피_카라멜마끼야또 아이스(ICED) (EX),1,1,0,TRUE
커피_카라멜마끼야또 아이스(ICED) (L),1,1,0,TRUE
커피_카라멜마끼야또 아이스(ICED) (R),1,1,0,TRUE
커피_카라멜마끼야또 핫(HOT) (EX),1,1,0,TRUE
커피_카라멜마끼야또 핫(HOT) (L),1,1,0,TRUE
커피_카라멜마끼야또 핫(HOT) (R),1,1,0,TRUE
커피_카라멜마키아또 아이스(ICED),1,1,0,TRUE
커피_카라멜마키아또 아이스(ICED) (L),1,1,0,TRUE
커피_카라멜마키아또 아이스(ICED) (Max),1,1,0,TRUE
커피_카라멜마키아또 아이스(ICED) (R),1,1,0,TRUE
커피_카라멜마키아또 핫(HOT),1,1,0,TRUE
커피_카라멜마키아또 핫(HOT) (L),1,1,0,TRUE
커피_카라멜마키아또 핫(HOT) (R),1,1,0,TRUE
커피_카라멜모카 아이스(ICED) (L),1,1,0,TRUE
커피_카라멜모카 아이스(ICED) (R),1,1,0,TRUE
커피_카라멜모카 핫(HOT),1,1,0,TRUE
커피_카라멜모카 핫(HOT) (L),1,1,0,TRUE
커피_카라멜모카 핫(HOT) (R),1,1,0,TRUE
커피_카페 라떼 아이스(ICED) (EX),1,1,0,TRUE
커피_카페 라떼 아이스(ICED) (J),1,1,0,TRUE
커피_카페 라떼 아이스(ICED) (K(코끼리)),1,1,0,TRUE
커피_카페 라떼 아이스(ICED) (M),1,1,0,TRUE
커피_카페 라떼 아이스(ICED) (ML),1,1,0,TRUE
커피_카페 라떼 아이스(ICED) (Max),1,1,0,TRUE
커피_카페 라떼 아이스(ICED) (S),1,1,0,TRUE
커피_카페 라떼 아이스(ICED) (Tall),1,1,0,TRUE
커피_카페 라떼 아이스(ICED) (V),1,1,0,TRUE
커피_카페 라떼 핫(HOT) (EX),1,1,0,TRUE
커피_카페 라떼 핫(HOT) (J),1,1,0,TRUE
커피_카페 라떼 핫(HOT) (K(코끼리)),1,1,0,TRUE
커피_카페 라떼 핫(HOT) (M),1,1,0,TRUE
커피_카페 라떼 핫(HOT) (ML),1,1,0,TRUE
커피_카페 라떼 핫(HOT) (S),1,1,0,TRUE
커피_카페 라떼 핫(HOT) (Tall),1,1,0,TRUE
커피_카페 모카 아이스(ICED) (L),1,1,0,TRUE
커피_카페 모카 아이스(ICED) (R),1,1,0,TRUE
커피_카페 모카 아이스(ICED) (Tall),1,1,0,TRUE
커피_카페 모카 핫(HOT) (L),1,1,0,TRUE
커피_카페 모카 핫(HOT) (R),1,1,0,TRUE
커피_카페 모카 핫(HOT) (Tall),1,1,0,TRUE
커피_카페 시트러스,1,1,0,TRUE
커피_카페 아메리카노 아이스(ICED),1,1,0,TRUE
커피_카페 아메리카노 아이스(ICED) (Tall),1,1,0,TRUE
커피_카페 아메리카노 핫(HOT),1,1,0,TRUE
커피_카페 아메리카노 핫(HOT) (Tall),1,1,0,TRUE
커피_카페 연유다 아이스(ICED),1,1,0,TRUE
커피_카페 피에노,1,1,0,TRUE
커피_카페라떼,1,1,0,TRUE
커피_카페라떼 아이스(ICED),1,1,0,TRUE
커피_카페라떼 핫(HOT),1,1,0,TRUE
커피_카페모카 아이스(ICED) (EX),1,1,0,TRUE
커피_카페모카 아이스(ICED) (M),1,1,0,TRUE
커피_카페모카 아이스(ICED) (ML),1,1,0,TRUE
커피_카페모카 아이스(ICED) (Max),1,1,0,TRUE
커피_카페모카 아이스(ICED) (V),1,1,0,TRUE
커피_카페모카 핫(HOT) (EX),1,1,0,TRUE
커피_카페모카 핫(HOT) (M),1,1,0,TRUE
커피_카페모카 핫(HOT) (ML),1,1,0,TRUE
커피_카푸치노,1,1,0,TRUE
커피_카푸치노 (L),1,1,0,TRUE
커피_카푸치노 (R),1,1,0,TRUE
커피_카푸치노 아이스(ICED) (ML),1,1,0,TRUE
커피_카푸치노 아이스(ICED) (Tall),1,1,0,TRUE
커피_카푸치노 핫(HOT) (ML),1,1,0,TRUE
커피_카푸치노 핫(HOT) (Tall),1,1,0,TRUE
커피_커피 더블 베네프레소 (S),1,1,0,TRUE
커피_커피 스타벅스 더블 샷,1,1,0,TRUE
커피_커피 아이스(ICED) (Tall),1,1,0,TRUE
커피_케냐 니에리,1,1,0,TRUE
커피_콜드 브루 (Tall),1,1,0,TRUE
커피_콜드 브루 라떼 아이스(ICED),1,1,0,TRUE
커피_콜드 브루 몰트 (Tall),1,1,0,TRUE
커피_콜드 브루 아메리카노 아이스(ICED),1,1,0,TRUE
커피_콜드 브루 오트 라떼 (Tall),1,1,0,TRUE
커피_콜드 브루 플로트 (Tall),1,1,0,TRUE
커피_콜드브루 (L),1,1,0,TRUE
커피_콜드브루 (R),1,1,0,TRUE
커피_콜드브루 디카페인 (L),1,1,0,TRUE
커피_콜드브루 디카페인 (R),1,1,0,TRUE
커피_콜드브루 디카페인 라떼 아이스(ICED),1,1,0,TRUE
커피_콜드브루 디카페인 라떼 핫(HOT),1,1,0,TRUE
커피_콜드브루 디카페인 아이스(ICED) (L),1,1,0,TRUE
커피_콜드브루 디카페인 아이스(ICED) (M),1,1,0,TRUE
커피_콜드브루 디카페인 핫(HOT) (L),1,1,0,TRUE
커피_콜드브루 디카페인 핫(HOT) (M),1,1,0,TRUE
커피_콜드브루 딜라이트 아이스(ICED),1,1,0,TRUE
커피_콜드브루 라떼 (EX),1,1,0,TRUE
커피_콜드브루 라떼 (V),1,1,0,TRUE
커피_콜드브루 라떼 디카페인 (L),1,1,0,TRUE
커피_콜드브루 라떼 디카페인 (R),1,1,0,TRUE
커피_콜드브루 라떼 디카페인 아이스(ICED) (L),1,1,0,TRUE
커피_콜드브루 라떼 디카페인 아이스(ICED) (M),1,1,0,TRUE
커피_콜드브루 라떼 디카페인 핫(HOT) (L),1,1,0,TRUE
커피_콜드브루 라떼 디카페인 핫(HOT) (M),1,1,0,TRUE
커피_콜드브루 라떼 보틀,1,1,0,TRUE
커피_콜드브루 라떼 아이스(ICED) (M),1,1,0,TRUE
커피_콜드브루 라떼 아이스(ICED) (ML),1,1,0,TRUE
커피_콜드브루 라떼 아이스(ICED) (Max),1,1,0,TRUE
커피_콜드브루 라떼 아이스(ICED) (R),1,1,0,TRUE
커피_콜드브루 라떼 연유,1,1,0,TRUE
커피_콜드브루 라떼 핫(HOT),1,1,0,TRUE
커피_콜드브루 라떼 핫(HOT) (L),1,1,0,TRUE
커피_콜드브루 라떼 핫(HOT) (M),1,1,0,TRUE
커피_콜드브루 라떼 흑당,1,1,0,TRUE
커피_콜드브루 라일락 바닐라빈 라떼 디카페인 (L),1,1,0,TRUE
커피_콜드브루 라일락 바닐라빈 라떼 디카페인 (R),1,1,0,TRUE
커피_콜드브루 모카 프라페노 디카페인 (L),1,1,0,TRUE
커피_콜드브루 모카 프라페노 디카페인 (R),1,1,0,TRUE
커피_콜드브루 바닐라 라떼,1,1,0,TRUE
커피_콜드브루 바닐라 플로트 디카페인 (R),1,1,0,TRUE
커피_콜드브루 바닐라크림 아이스(ICED) (L),1,1,0,TRUE
커피_콜드브루 바닐라크림 아이스(ICED) (ML),1,1,0,TRUE
커피_콜드브루 브라운 슈가 버블 라떼 디카페인 (L),1,1,0,TRUE
커피_콜드브루 아메리카노 (EX),1,1,0,TRUE
커피_콜드브루 아메리카노 (L),1,1,0,TRUE
커피_콜드브루 아메리카노 (R),1,1,0,TRUE
커피_콜드브루 아메리카노 (V),1,1,0,TRUE
커피_콜드브루 아메리카노 보틀,1,1,0,TRUE
커피_콜드브루 아이스(ICED) (L),1,1,0,TRUE
커피_콜드브루 아이스(ICED) (M),1,1,0,TRUE
커피_콜드브루 아이스(ICED) (Max),1,1,0,TRUE
커피_콜드브루 아이스볼 라떼,1,1,0,TRUE
커피_콜드브루 아인슈페너,1,1,0,TRUE
커피_콜드브루 아인슈페너 아이스(ICED),1,1,0,TRUE
커피_콜드브루 연유 라떼,1,1,0,TRUE
커피_콜드브루 오리지널 프라페노 디카페인 (L),1,1,0,TRUE
커피_콜드브루 오리지널 프라페노 디카페인 (R),1,1,0,TRUE
커피_콜드브루 원액,1,1,0,TRUE
커피_콜드브루 카라멜 마끼아또,1,1,0,TRUE
커피_콜드브루 카라멜 마끼아또 디카페인 (L),1,1,0,TRUE
커피_콜드브루 카라멜 마끼아또 디카페인 (R),1,1,0,TRUE
커피_콜드브루 카라멜 프라페노 디카페인 (L),1,1,0,TRUE
커피_콜드브루 카라멜 프라페노 디카페인 (R),1,1,0,TRUE
커피_콜드브루 커피 아이스(ICED),1,1,0,TRUE
커피_콜드브루 크림넛,1,1,0,TRUE
커피_콜드브루 핫(HOT) (L),1,1,0,TRUE
커피_콜드브루 핫(HOT) (M),1,1,0,TRUE
커피_콜드브루 헤이즐넛 라떼 디카페인 (L),1,1,0,TRUE
커피_콜드브루 헤이즐넛 라떼 디카페인 (R),1,1,0,TRUE
커피_콜드브루 화이트 비엔나,1,1,0,TRUE
커피_콜드브루디카페인 아이스(ICED),1,1,0,TRUE
커피_콜드브루디카페인 핫(HOT),1,1,0,TRUE
커피_콜드브루라떼 아이스(ICED),1,1,0,TRUE
커피_콜드브루라떼 핫(HOT),1,1,0,TRUE
커피_콜드브루오리지널 아이스(ICED),1,1,0,TRUE
커피_콜드브루오리지널 핫(HOT),1,1,0,TRUE
커피_쿠키&크림 번버거 + 아메리카노 SET,1,1,0,TRUE
커피_큐브 라떼 아이스(ICED),1,1,0,TRUE
커피_큐브 아이스(ICED),1,1,0,TRUE
커피_크러쉬 아메리카노 (XL),1,1,0,TRUE
커피_크리미 라떼 아이스(ICED),1,1,0,TRUE
커피_클래식 아포가토 (Tall),1,1,0,TRUE
커피_토피넛 라떼 아이스(ICED),1,1,0,TRUE
커피_토피넛 샷 라떼 아이스(ICED),1,1,0,TRUE
커피_토피넛 샷 라떼 핫(HOT),1,1,0,TRUE
커피_티라미수 라떼,1,1,0,TRUE
커피_티라미수 라떼 아이스(ICED),1,1,0,TRUE
커피_티라미수 라떼 핫(HOT),1,1,0,TRUE
커피_티라미수 번버거 + 아메리카노 SET,1,1,0,TRUE
커피_프리미엄 블렌드 딥 라떼 아이스(ICED),1,1,0,TRUE
커피_프리미엄 블렌드 딥 라떼 핫(HOT),1,1,0,TRUE
커피_프리미엄 블렌드 아메리카노 아이스(ICED),1,1,0,TRUE
커피_프리미엄 블렌드 아메리카노 핫(HOT),1,1,0,TRUE
커피_플랫화이트 아이스(ICED),1,1,0,TRUE
커피_플랫화이트 핫(HOT),1,1,0,TRUE
커피_피넛 라떼 아이스(ICED),1,1,0,TRUE
커피_허니아메리카노 아이스(ICED),1,1,0,TRUE
커피_허니아메리카노 핫(HOT),1,1,0,TRUE
커피_허니큐브 아이스(ICED) (L),1,1,0,TRUE
커피_허니큐브 아이스(ICED) (R),1,1,0,TRUE
커피_헤이오트 라떼 아이스(ICED) (L),1,1,0,TRUE
커피_헤이오트 라떼 아이스(ICED) (R),1,1,0,TRUE
커피_헤이오트 라떼 아이스(ICED) (V),1,1,0,TRUE
커피_헤이오트 라떼 핫(HOT) (L),1,1,0,TRUE
커피_헤이오트 라떼 핫(HOT) (R),1,1,0,TRUE
커피_헤이즐넛,1,1,0,TRUE
커피_헤이즐넛 다크리카노 아이스(ICED),1,1,0,TRUE
커피_헤이즐넛 다크리카노 핫(HOT),1,1,0,TRUE
커피_헤이즐넛 딥 라떼 아이스(ICED),1,1,0,TRUE
커피_헤이즐넛 딥 라떼 핫(HOT),1,1,0,TRUE
커피_헤이즐넛 라떼 아이스(ICED) (M),1,1,0,TRUE
커피_헤이즐넛 라떼 아이스(ICED) (ML),1,1,0,TRUE
커피_헤이즐넛 라떼 아이스(ICED) (R),1,1,0,TRUE
커피_헤이즐넛 라떼 핫(HOT) (M),1,1,0,TRUE
커피_헤이즐넛 라떼 핫(HOT) (ML),1,1,0,TRUE
커피_헤이즐넛 라떼 핫(HOT) (R),1,1,0,TRUE
커피_헤이즐넛 스타벅스 더블 샷,1,1,0,TRUE
커피_헤이즐넛 아메리카노 I’m B 아이스(ICED) (L),1,1,0,TRUE
커피_헤이즐넛 아메리카노 I’m B 아이스(ICED) (M),1,1,0,TRUE
커피_헤이즐넛 아메리카노 I’m B 핫(HOT) (L),1,1,0,TRUE
커피_헤이즐넛 아메리카노 I’m B 핫(HOT) (M),1,1,0,TRUE
커피_헤이즐넛 아메리카노 I’m D 아이스(ICED) (L),1,1,0,TRUE
커피_헤이즐넛 아메리카노 I’m D 아이스(ICED) (M),1,1,0,TRUE
커피_헤이즐넛 아메리카노 I’m D 핫(HOT) (L),1,1,0,TRUE
커피_헤이즐넛 아메리카노 I’m D 핫(HOT) (M),1,1,0,TRUE
커피_헤이즐넛 카페 라떼 아이스(ICED),1,1,0,TRUE
커피_헤이즐넛 카페 라떼 핫(HOT),1,1,0,TRUE
커피_헤이즐넛 커피 아이스(ICED),1,1,0,TRUE
커피_헤이즐넛 커피 핫(HOT),1,1,0,TRUE
커피_헤이즐넛 크림콜드브루 아이스(ICED),1,1,0,TRUE
커피_헤이즐넛라떼 아이스(ICED),1,1,0,TRUE
커피_헤이즐넛라떼 핫(HOT),1,1,0,TRUE
커피_헤이즐넛아메리카노,1,1,0,TRUE
커피_헥사메리카노 아이스(ICED),1,1,0,TRUE
커피_헥사메리카노 핫(HOT),1,1,0,TRUE
커피_화이트 모카 핫(HOT) (L),1,1,0,TRUE
커피_화이트 모카 핫(HOT) (R),1,1,0,TRUE
커피_화이트 초콜렛 모카 아이스(ICED),1,1,0,TRUE
커피_화이트 초콜렛 모카 아이스(ICED) (EX),1,1,0,TRUE
커피_화이트 초콜렛 모카 핫(HOT),1,1,0,TRUE
커피_화이트 초콜렛 모카 핫(HOT) (EX),1,1,0,TRUE
커피_화이트 초콜릿 모카 아이스(ICED) (Tall),1,1,0,TRUE
커피_화이트 초콜릿 모카 핫(HOT) (Tall),1,1,0,TRUE
커피_화이트모카 아이스(ICED),1,1,0,TRUE
커피_화이트모카 아이스(ICED) (L),1,1,0,TRUE
커피_화이트모카 아이스(ICED) (R),1,1,0,TRUE
커피_화이트모카 핫(HOT),1,1,0,TRUE
커피_흑당 아인슈페너 아이스(ICED),1,1,0,TRUE
커피_흑당 아인슈페너 핫(HOT),1,1,0,TRUE
커피_흑당 카페라떼 아이스(ICED),1,1,0,TRUE
커피_흑당커피 아이스(ICED) (M),1,1,0,TRUE
커피_흑당콜드브루,1,1,0,TRUE
커피_흑당콜드브루 (EX),1,1,0,TRUE
커피_흑임자카페 라떼 아이스(ICED) (L),1,1,0,TRUE
커피_흑임자카페 라떼 아이스(ICED) (Max),1,1,0,TRUE
커피_흑임자카페 라떼 아이스(ICED) (R),1,1,0,TRUE
커피_흑임자카페 라떼 핫(HOT) (L),1,1,0,TRUE
커피_흑임자카페 라떼 핫(HOT) (R),1,1,0,TRUE
케이크_11겹 작은 바움쿠헨 케이크,1,1,0,TRUE
케이크_ITS 스윗콘 케이크,1,1,0,TRUE
케이크_ITS 티라미수 케이크,1,1,0,TRUE
케이크_TWG밀크티파운드 케이크,1,1,0,TRUE
케이크_The 촉촉 초콜릿 생크 림케이크,1,1,0,TRUE
케이크_가나슈초콜릿 케이크 (조각),1,1,0,TRUE
케이크_갸또쇼콜라 케이크,1,1,0,TRUE
케이크_고구마 케이크 (조각),1,1,0,TRUE
케이크_고구마 케이크 1호,1,1,0,TRUE
케이크_고구마 케이크 3호,1,1,0,TRUE
케이크_고구마건포도롤 케이크,1,1,0,TRUE
케이크_고구마무스 케이크,1,1,0,TRUE
케이크_고구마밀크생크림 케이크,1,1,0,TRUE
케이크_고구마반생크림반 케이크,1,1,0,TRUE
케이크_고구마스틱 케이크,1,1,0,TRUE
케이크_곰곰이너만생각해 케이크,1,1,0,TRUE
케이크_귀여운 노랑치즈 케이크,1,1,0,TRUE
케이크_그뤼에르치즈무스 케이크,1,1,0,TRUE
케이크_그린티 롤케이크,1,1,0,TRUE
케이크_기분이 초코 생크림,1,1,0,TRUE
케이크_까망베르 밀크치즈 케이크 (홀),1,1,0,TRUE
케이크_까망베르 케이크 (조각),1,1,0,TRUE
케이크_까망베르치즈 케이크 1호,1,1,0,TRUE
케이크_까망베르치즈 케이크 2호,1,1,0,TRUE
케이크_꿀고구마 생크림 케이크,1,1,0,TRUE
케이크_너트 브라우니,1,1,0,TRUE
케이크_녹차바스크치즈 케이크,1,1,0,TRUE
케이크_녹차티라미수 케이크,1,1,0,TRUE
케이크_뉴욕 치즈 케이크,1,1,0,TRUE
케이크_뉴욕슈치즈 케이크 (조각),1,1,0,TRUE
케이크_뉴욕치즈 케이크 (조각),1,1,0,TRUE
케이크_뉴욕치즈 케이크 케이크 (조각),1,1,0,TRUE
케이크_다크초코 케이크,1,1,0,TRUE
케이크_다크초콜릿 롤 케이크,1,1,0,TRUE
케이크_다크초콜릿 케이크,1,1,0,TRUE
케이크_다크포레누아 케이크,1,1,0,TRUE
케이크_다크피칸브라우니,1,1,0,TRUE
케이크_달콤 부드러운 호박고구마 케이크,1,1,0,TRUE
케이크_달토끼의 당근 케이크,1,1,0,TRUE
케이크_당 충전100 쇼콜라 케이크,1,1,0,TRUE
케이크_당근 케이크 (홀),1,1,0,TRUE
케이크_당근 크림치즈 케이크,1,1,0,TRUE
케이크_당근 현무암 케이크,1,1,0,TRUE
케이크_당근당근 케이크,1,1,0,TRUE
케이크_더 진한 캐롯 케이크 (조각),1,1,0,TRUE
케이크_더 진한 캐롯 케이크 (홀),1,1,0,TRUE
케이크_더블베리숲 치즈 케이크,1,1,0,TRUE
케이크_더블치즈 케이크,1,1,0,TRUE
케이크_더블퍼지 케이크,1,1,0,TRUE
케이크_더스퀘어 고구마 케이크,1,1,0,TRUE
케이크_더스퀘어 딸기요거트 케이크,1,1,0,TRUE
케이크_더스퀘어 딸기우유생크림 케이크,1,1,0,TRUE
케이크_더스퀘어 딸기초코생크림 케이크,1,1,0,TRUE
케이크_더스퀘어 라떼아트 케이크,1,1,0,TRUE
케이크_더스퀘어 순수(秀)우유 케이크,1,1,0,TRUE
케이크_데블스 초코 케이크,1,1,0,TRUE
케이크_돌체티라미수 케이크,1,1,0,TRUE
케이크_듀얼 치즈 케이크,1,1,0,TRUE
케이크_듬뿍생딸기생크림 케이크 (12CM),1,1,0,TRUE
케이크_듬뿍생딸기생크림 케이크 (15CM),1,1,0,TRUE
케이크_딸기 블라썸 케이크,1,1,0,TRUE
케이크_딸기 크레이프 케이크,1,1,0,TRUE
케이크_딸기&치즈 케이크 (조각),1,1,0,TRUE
케이크_딸기모찌 롤케이크,1,1,0,TRUE
케이크_딸기생크림 케이크 (조각),1,1,0,TRUE
케이크_딸기생크림 케이크 1호,1,1,0,TRUE
케이크_딸기생크림 케이크 2호,1,1,0,TRUE
케이크_딸기생크림카스테라,1,1,0,TRUE
케이크_딸기소보로컵 케이크,1,1,0,TRUE
케이크_딸기쉬폰 케이크,1,1,0,TRUE
케이크_딸기와우유 생크림 1호,1,1,0,TRUE
케이크_딸기와우유 생크림 2호,1,1,0,TRUE
케이크_딸기와우유 생크림 3호,1,1,0,TRUE
케이크_딸기요거생크림 케이크,1,1,0,TRUE
케이크_딸기요거생크림 케이크 (조각),1,1,0,TRUE
케이크_딸기우유생크림 케이크 (조각),1,1,0,TRUE
케이크_딸기크레이프 케이크,1,1,0,TRUE
케이크_딸기티라미수 케이크,1,1,0,TRUE
케이크_딸기포레누아 케이크,1,1,0,TRUE
케이크_떠먹는 마스카포네 티라미수 케이크,1,1,0,TRUE
케이크_떠먹는 스트로베리 초코크런치 케이크,1,1,0,TRUE
케이크_떠먹는 유자 티라미수 케이크,1,1,0,TRUE
케이크_떠먹는 커피쿠키 케이크,1,1,0,TRUE
케이크_떠먹는 쿠키앤크림 케이크,1,1,0,TRUE
케이크_떠먹는고구마밀크생크림 케이크,1,1,0,TRUE
케이크_떠먹는딸기레어치즈 케이크,1,1,0,TRUE
케이크_떠먹는블루베리요거트생크림 케이크,1,1,0,TRUE
케이크_떠먹는스트로베리초콜릿생크림 케이크,1,1,0,TRUE
케이크_떠먹는아이스박스 케이크,1,1,0,TRUE
케이크_라운드 쇼콜라 케이크,1,1,0,TRUE
케이크_라즈베리 쇼콜라 케이크,1,1,0,TRUE
케이크_레드벨벳 요거트 롤케이크,1,1,0,TRUE
케이크_레드벨벳 크림치즈 케이크,1,1,0,TRUE
케이크_레드벨벳크림치즈 케이크 (조각),1,1,0,TRUE
케이크_레몬 마스카포네 케이크,1,1,0,TRUE
케이크_레몬 슈가 파운드 케이크,1,1,0,TRUE
케이크_레몬 케이크,1,1,0,TRUE
케이크_레몬 파운드 케이크,1,1,0,TRUE
케이크_레몬치즈 케이크 (조각),1,1,0,TRUE
케이크_레이어 초코 케이크,1,1,0,TRUE
케이크_레인보우 케이크 (조각),1,1,0,TRUE
케이크_롤케이크,1,1,0,TRUE
케이크_리모네 케이크 (조각),1,1,0,TRUE
케이크_리모네 케이크 (홀),1,1,0,TRUE
케이크_리얼 카라멜 치즈 케이크 (조각),1,1,0,TRUE
케이크_리얼브라우니,1,1,0,TRUE
케이크_리얼생크림 케이크 2호,1,1,0,TRUE
케이크_리치 가나슈 케이크,1,1,0,TRUE
케이크_마스카포네 생크림 믹스드베리 케이크,1,1,0,TRUE
케이크_마스카포네 티라미수,1,1,0,TRUE
케이크_마스카포네생크림 케이크 자몽/오렌지,1,1,0,TRUE
케이크_마스카포네티라미수,1,1,0,TRUE
케이크_마스카포네티라미수 케이크,1,1,0,TRUE
케이크_마이넘버원,1,1,0,TRUE
케이크_마이투썸하트 케이크,1,1,0,TRUE
케이크_마카롱 케이크,1,1,0,TRUE
케이크_말렌카 케이크 월넛,1,1,0,TRUE
케이크_말렌카 케이크 코코아,1,1,0,TRUE
케이크_말차갸또 케이크,1,1,0,TRUE
케이크_맛있는 롤케이크,1,1,0,TRUE
케이크_맛있는딸기 롤케이크,1,1,0,TRUE
케이크_맛있는초코 롤케이크,1,1,0,TRUE
케이크_망고 크레이프 볼,1,1,0,TRUE
케이크_멘지락 쑥팥 생크림 케이크,1,1,0,TRUE
케이크_모어댄쿠키앤크림 케이크 1호,1,1,0,TRUE
케이크_모카케이크 2호,1,1,0,TRUE
케이크_몽쉘 케이크,1,1,0,TRUE
케이크_무화과파운드,1,1,0,TRUE
케이크_미니소프트 딸기치즈 케이크,1,1,0,TRUE
케이크_미니소프트 바나나치즈 케이크,1,1,0,TRUE
케이크_미니쌀보리찜 케이크,1,1,0,TRUE
케이크_미니쌀쑥찜 케이크,1,1,0,TRUE
케이크_미니쌀옥수수찜 케이크,1,1,0,TRUE
케이크_믹스드베리초콜릿생크림 케이크,1,1,0,TRUE
케이크_민트초코티라미수 케이크,1,1,0,TRUE
케이크_밀크생크림초콜릿수플레 케이크,1,1,0,TRUE
케이크_밀크생크림초콜릿수플레 케이크 (조각),1,1,0,TRUE
케이크_밀크티갸또 케이크,1,1,0,TRUE
케이크_밀키프로마쥬무스 딸기 케이크 (조각),1,1,0,TRUE
케이크_밀키프로마쥬무스 케이크 딸기,1,1,0,TRUE
케이크_밀키프로마쥬무스 케이크 믹스드베리,1,1,0,TRUE
케이크_밀키프로마쥬무스 케이크 청포도,1,1,0,TRUE
케이크_밀키프로마쥬무스 케이크 체리,1,1,0,TRUE
케이크_백년초콜릿 크런치 케이크,1,1,0,TRUE
케이크_버터파운드 케이크,1,1,0,TRUE
케이크_번트 치즈 케이크,1,1,0,TRUE
케이크_번트치즈 케이크,1,1,0,TRUE
케이크_베리치즈브라우니,1,1,0,TRUE
케이크_벨지안가나슈 케이크 (조각),1,1,0,TRUE
케이크_벨지안멜팅가니슈 케이크,1,1,0,TRUE
케이크_보랏빛 블루베리 쉬폰,1,1,0,TRUE
케이크_봄이쑥절미생크림 케이크,1,1,0,TRUE
케이크_부드러운 백설기찜 케이크,1,1,0,TRUE
케이크_부드러운 쑥찜 케이크,1,1,0,TRUE
케이크_부드러운 쿠키 앤 크림 케이크,1,1,0,TRUE
케이크_부드러운 티라미수 롤케이크,1,1,0,TRUE
케이크_부드러운그린티쉬폰 케이크 2호,1,1,0,TRUE
케이크_부드러운블루베리쉬폰,1,1,0,TRUE
케이크_부드러운블루베리쉬폰 케이크 2호,1,1,0,TRUE
케이크_블라썸그릭요거트무스 케이크,1,1,0,TRUE
케이크_블랙 롤케이크,1,1,0,TRUE
케이크_블랙쿠키 치즈 케이크 (조각),1,1,0,TRUE
케이크_블랙쿠키 치즈 케이크 (홀),1,1,0,TRUE
케이크_블랙쿠키 케이크,1,1,0,TRUE
케이크_블랙포레스트 케이크 (조각),1,1,0,TRUE
케이크_블레싱 레드베리 미니 케이크,1,1,0,TRUE
케이크_블레싱 초코베리 미니 케이크,1,1,0,TRUE
케이크_블레싱레드베리 (4단),1,1,0,TRUE
케이크_블레싱레드베리 케이크,1,1,0,TRUE
케이크_블레싱초코베리 케이크,1,1,0,TRUE
케이크_블루베리 롤케이크,1,1,0,TRUE
케이크_블루베리 치즈 스틱 케이크,1,1,0,TRUE
케이크_블루베리 쿠키 치즈 케이크,1,1,0,TRUE
케이크_블루베리 쿠키 치즈 케이크 (조각),1,1,0,TRUE
케이크_블루베리 크레이프 케이크,1,1,0,TRUE
케이크_블루베리 크림치즈 케이크,1,1,0,TRUE
케이크_블루베리스틱 케이크,1,1,0,TRUE
케이크_블루베리요거트 케이크,1,1,0,TRUE
케이크_블루베리요거트팡도르,1,1,0,TRUE
케이크_블루베리크로넛,1,1,0,TRUE
케이크_빅토리아 케이크,1,1,0,TRUE
케이크_쁘띠 까망베르 치즈 케이크,1,1,0,TRUE
케이크_쁘띠복숭아 케이크,1,1,0,TRUE
케이크_사르르 연유수플레,1,1,0,TRUE
케이크_산딸기크로넛,1,1,0,TRUE
케이크_상큼한 블루베리쉬폰,1,1,0,TRUE
케이크_상큼한 유자 케이크,1,1,0,TRUE
케이크_새코롬 돌코롬 한라봉 케이크,1,1,0,TRUE
케이크_새콤달콤후르츠파운드 케이크,1,1,0,TRUE
케이크_생딸기 레어치즈 타르트 (조각),1,1,0,TRUE
케이크_생딸기 프레지에,1,1,0,TRUE
케이크_생딸기요거트 케이크,1,1,0,TRUE
케이크_생딸기치즈 케이크,1,1,0,TRUE
케이크_생크림 롤케이크 플레인,1,1,0,TRUE
케이크_생크림 카스텔라 케이크,1,1,0,TRUE
케이크_생크림 케이크 1호A,1,1,0,TRUE
케이크_생크림 케이크 1호B,1,1,0,TRUE
케이크_생크림 케이크 2호A,1,1,0,TRUE
케이크_생크림 케이크 2호B,1,1,0,TRUE
케이크_생크림 케이크 3호A,1,1,0,TRUE
케이크_생크림 케이크 3호B,1,1,0,TRUE
케이크_생크림 케이크 4호A,1,1,0,TRUE
케이크_생크림 케이크 4호B,1,1,0,TRUE
케이크_생크림 케이크 5호A,1,1,0,TRUE
케이크_생크림 케이크 5호B,1,1,0,TRUE
케이크_생크림 케이크 6호A,1,1,0,TRUE
케이크_생크림 케이크 6호B,1,1,0,TRUE
케이크_생크림바스크치즈 케이크,1,1,0,TRUE
케이크_생크림소프트쉬폰 케이크,1,1,0,TRUE
케이크_생크림케이크,1,1,0,TRUE
케이크_세븐 레이어 가나슈 케이크,1,1,0,TRUE
케이크_세븐 레이어 가나슈 케이크 (조각),1,1,0,TRUE
케이크_세븐컬러스 조각 케이크,1,1,0,TRUE
케이크_소프트쁘띠파운드 케이크 (10입),1,1,0,TRUE
케이크_쇼콜라 그라데이션 케이크,1,1,0,TRUE
케이크_쇼콜라 로쉐 케이크,1,1,0,TRUE
케이크_쇼콜라 롤케이크,1,1,0,TRUE
케이크_쇼콜라 케이크,1,1,0,TRUE
케이크_쇼콜라 크레이프 케이크,1,1,0,TRUE
케이크_쇼콜라가나슈생크림 케이크,1,1,0,TRUE
케이크_수플레 치즈 케이크 (조각),1,1,0,TRUE
케이크_수플레 치즈 케이크 (홀),1,1,0,TRUE
케이크_수플레 치즈케이크,1,1,0,TRUE
케이크_순 우유 화이트 롤 케이크,1,1,0,TRUE
케이크_순 우유&초코 하프앤 하프 롤 케이크,1,1,0,TRUE
케이크_순매직딸기 케이크,1,1,0,TRUE
케이크_순매직베리 케이크,1,1,0,TRUE
케이크_순수 우유 케이크 (조각),1,1,0,TRUE
케이크_순수우유 카스테라 케이크,1,1,0,TRUE
케이크_순우유 허니 케이크,1,1,0,TRUE
케이크_순우유딸기무스 케이크,1,1,0,TRUE
케이크_쉬폰에반하다 케이크 딸기,1,1,0,TRUE
케이크_쉬폰에반하다 케이크 블루베리,1,1,0,TRUE
케이크_쉬폰에반하다 케이크 초코,1,1,0,TRUE
케이크_쉬폰에반하다 케이크 화이트,1,1,0,TRUE
케이크_슈크림 가득 바움쿠헨 케이크,1,1,0,TRUE
케이크_스노우화이트치즈 케이크,1,1,0,TRUE
케이크_스모키 번트 치즈 케이크,1,1,0,TRUE
케이크_스위트 쌀 롤,1,1,0,TRUE
케이크_스위트 초코쌀 롤,1,1,0,TRUE
케이크_스윗밀크 롤 케이크,1,1,0,TRUE
케이크_스윗크레이프 케이크,1,1,0,TRUE
케이크_스트로베리 굿굿 생크림,1,1,0,TRUE
케이크_스트로베리 바닐라스푼 케이크,1,1,0,TRUE
케이크_스트로베리 요거트 케이크,1,1,0,TRUE
케이크_스트로베리 크레이프 케이크,1,1,0,TRUE
케이크_스트로베리리치생크림 케이크,1,1,0,TRUE
케이크_스트로베리마스카포네티라미수 케이크,1,1,0,TRUE
케이크_스트로베리서프라이즈 케이크,1,1,0,TRUE
케이크_스트로베리쇼콜라갸또,1,1,0,TRUE
케이크_스트로베리초코 케이크,1,1,0,TRUE
케이크_스트로베리초콜릿생크림 케이크,1,1,0,TRUE
케이크_스트로베리포레누아 케이크,1,1,0,TRUE
케이크_스틱 치즈 케이크,1,1,0,TRUE
케이크_스틱 케이크 레드벨벳,1,1,0,TRUE
케이크_스틱 케이크 초콜릿,1,1,0,TRUE
케이크_시그니처 듀얼 케이크,1,1,0,TRUE
케이크_시나몬크로넛,1,1,0,TRUE
케이크_시카고치즈 케이크 2호,1,1,0,TRUE
케이크_시카도치즈 케이크 3호,1,1,0,TRUE
케이크_실키 롤케이크,1,1,0,TRUE
케이크_아메리칸 치즈 케이크,1,1,0,TRUE
케이크_애플 시나몬 치즈 케이크,1,1,0,TRUE
케이크_얼그레이 샌드케이크,1,1,0,TRUE
케이크_얼그레이 생크림 케이크,1,1,0,TRUE
케이크_얼그레이 쉬폰 케이크,1,1,0,TRUE
케이크_얼그레이 케이크 (조각),1,1,0,TRUE
케이크_얼그레이쇼콜라타르트 케이크,1,1,0,TRUE
케이크_얼그레이티라미수 케이크,1,1,0,TRUE
케이크_얼그레이화이트타르트 케이크,1,1,0,TRUE
케이크_오 마이 초코 케이크 (조각),1,1,0,TRUE
케이크_오 마이 초코 케이크 (홀),1,1,0,TRUE
케이크_오레오 크림치즈 케이크,1,1,0,TRUE
케이크_오레오티라미수 케이크,1,1,0,TRUE
케이크_오렌지쇼콜라파운드 케이크,1,1,0,TRUE
케이크_오리지널 티라미수 케이크,1,1,0,TRUE
케이크_오리지널 티라미수 케이크 (홀),1,1,0,TRUE
케이크_오리지널티라미수,1,1,0,TRUE
케이크_오색 치즈 크림 케이크,1,1,0,TRUE
케이크_오해피복숭아 케이크,1,1,0,TRUE
케이크_요거생크림 케이크 1호,1,1,0,TRUE
케이크_요거생크림 케이크 2호,1,1,0,TRUE
케이크_요거생크림 케이크 3호,1,1,0,TRUE
케이크_요거하트 케이크,1,1,0,TRUE
케이크_용감한쿠키카라멜마스카포네생크림 케이크,1,1,0,TRUE
케이크_우리당근 케이크 (미니),1,1,0,TRUE
케이크_우리쌀 막걸리로 만든 강낭콩참쑥빵,1,1,0,TRUE
케이크_우리쌀 막걸리로 만든 우리 오미자빵,1,1,0,TRUE
케이크_우리쌀베리무스 케이크,1,1,0,TRUE
케이크_우유 고구마케이크,1,1,0,TRUE
케이크_우유가득생크림 케이크 1호,1,1,0,TRUE
케이크_우유가득생크림 케이크 2호,1,1,0,TRUE
케이크_우유듬뿍생크림 케이크(블라썸) 1호,1,1,0,TRUE
케이크_우유듬뿍생크림 케이크(블라썸) 2호,1,1,0,TRUE
케이크_우유듬뿍생크림 케이크(블라썸) 3호,1,1,0,TRUE
케이크_우유듬뿍생크림 케이크(선샤인) 1호,1,1,0,TRUE
케이크_우유듬뿍생크림 케이크(선샤인) 2호,1,1,0,TRUE
케이크_우유듬뿍생크림 케이크(선샤인) 3호,1,1,0,TRUE
케이크_우유듬뿍생크림 케이크(선샤인) 6호,1,1,0,TRUE
케이크_우유퐁당생크림 케이크 1호,1,1,0,TRUE
케이크_우유퐁당생크림 케이크 2호,1,1,0,TRUE
케이크_유메이크리스마일(바닐라초콜릿카라멜무스) 케이크,1,1,0,TRUE
케이크_유메이크미스마일(바닐라초콜릿카라멜무스) 케이크 (조각),1,1,0,TRUE
케이크_유자 파운드 케이크,1,1,0,TRUE
케이크_이디야 티라미수 케이크,1,1,0,TRUE
케이크_인절미티라미수 케이크,1,1,0,TRUE
케이크_장미요거생크림 케이크 1호,1,1,0,TRUE
케이크_제주 녹차 생크림 롤케이크,1,1,0,TRUE
케이크_제주 땅콩 생크림 롤케이크,1,1,0,TRUE
케이크_진한 마스카포네 티라미스 케이크,1,1,0,TRUE
케이크_진한우유생크림 케이크 1호,1,1,0,TRUE
케이크_진한우유생크림 케이크 2호,1,1,0,TRUE
케이크_진한초코퍼지 케이크,1,1,0,TRUE
케이크_진한치즈 케이크 2호,1,1,0,TRUE
케이크_진한크림치즈 가득 클래식 치즈 케이크,1,1,0,TRUE
케이크_청담스타 얼 그레이 밀크 케이크,1,1,0,TRUE
케이크_청담스타 오 허니 케이크,1,1,0,TRUE
케이크_청순 밀크 샌드 케이크,1,1,0,TRUE
케이크_초코 블라썸 케이크,1,1,0,TRUE
케이크_초코 케이크 (조각),1,1,0,TRUE
케이크_초코 티라미수 케이크,1,1,0,TRUE
케이크_초코골드레이어,1,1,0,TRUE
케이크_초코모찌 롤케이크,1,1,0,TRUE
케이크_초코무스케이크,1,1,0,TRUE
케이크_초코미니 롤,1,1,0,TRUE
케이크_초코바닐라 마블쉬폰,1,1,0,TRUE
케이크_초코바스크치즈 케이크,1,1,0,TRUE
케이크_초코반 딸기반,1,1,0,TRUE
케이크_초코생크림 케이크 1호,1,1,0,TRUE
케이크_초코생크림 케이크 2호,1,1,0,TRUE
케이크_초코생크림 케이크 3호,1,1,0,TRUE
케이크_초코생크림뉴욕롤,1,1,0,TRUE
케이크_초코쉬폰 케이크,1,1,0,TRUE
케이크_초코스틱 케이크,1,1,0,TRUE
케이크_초코코팅 케이크 2호,1,1,0,TRUE
케이크_초코크런치생크림 케이크 1호,1,1,0,TRUE
케이크_초코크레이프 케이크,1,1,0,TRUE
케이크_초코크로넛,1,1,0,TRUE
케이크_초코티라미수 케이크,1,1,0,TRUE
케이크_초코파운드 케이크,1,1,0,TRUE
케이크_초콜릿듬뿍이파운드 케이크,1,1,0,TRUE
케이크_초콜릿머드 케이크 (조각),1,1,0,TRUE
케이크_초콜릿무스 케이크,1,1,0,TRUE
케이크_초콜릿케이크,1,1,0,TRUE
케이크_촉촉한미니치즈 케이크,1,1,0,TRUE
케이크_쵸코 무스 케이크,1,1,0,TRUE
케이크_쵸코 티라미수 케이크,1,1,0,TRUE
케이크_치즈스틱 케이크,1,1,0,TRUE
케이크_치즈케이크,1,1,0,TRUE
케이크_치즈타르트바움쿠헨 케이크,1,1,0,TRUE
케이크_카라멜크레이프 케이크,1,1,0,TRUE
케이크_칸탈로프 케이크 (조각),1,1,0,TRUE
케이크_칸탈로프 케이크 (홀),1,1,0,TRUE
케이크_캐롯 케이크,1,1,0,TRUE
케이크_케이크속에순우유 케이크,1,1,0,TRUE
케이크_케이크속에순우유 케이크 (조각),1,1,0,TRUE
케이크_콩티라미수 케이크,1,1,0,TRUE
케이크_콰트로 치즈 파운드 케이크,1,1,0,TRUE
케이크_쿠키 앤 크림 스틱 치즈 케이크,1,1,0,TRUE
케이크_쿠키 앤 크림 케이크,1,1,0,TRUE
케이크_쿠키앤크림 아이스박스 케이크,1,1,0,TRUE
케이크_쿠키앤크림 케이크,1,1,0,TRUE
케이크_쿨내진동 민트초코 케이크,1,1,0,TRUE
케이크_퀀즈캐롯 케이크,1,1,0,TRUE
케이크_퀀즈캐롯 케이크 (조각),1,1,0,TRUE
케이크_크런치 다크 초코 롤 케이크,1,1,0,TRUE
케이크_크런치 쿠키 마스카포네 케이크,1,1,0,TRUE
케이크_크레이프 에멘탈 치즈 케이크,1,1,0,TRUE
케이크_크림치즈 브리오슈 보스톡 케이크,1,1,0,TRUE
케이크_클라우드 치즈 케이크,1,1,0,TRUE
케이크_클래식 고구마 케이크,1,1,0,TRUE
케이크_클래식 치즈 케이크 (조각),1,1,0,TRUE
케이크_클래식가토쇼콜라 케이크,1,1,0,TRUE
케이크_클래식가토쇼콜라 케이크 (조각),1,1,0,TRUE
케이크_클래식쇼콜라,1,1,0,TRUE
케이크_클래식오브치즈 케이크,1,1,0,TRUE
케이크_클래식오브치즈 케이크 (조각),1,1,0,TRUE
케이크_투썸얼그레이밀크티쉬폰 케이크,1,1,0,TRUE
케이크_투썸얼그레이밀크티쉬폰 케이크 (조각),1,1,0,TRUE
케이크_트리플 베리 생크림 라운드 케이크,1,1,0,TRUE
케이크_트리플 베리 생크림 케이크,1,1,0,TRUE
케이크_트리플 베리 치즈 스윗박스 케이크,1,1,0,TRUE
케이크_트리플 초코 라운드 케이크,1,1,0,TRUE
케이크_트리플 초코 케이크,1,1,0,TRUE
케이크_트리플베리생크림 케이크,1,1,0,TRUE
케이크_트리플베리생크림 케이크 (조각),1,1,0,TRUE
케이크_트리플쇼콜라무스 케이크,1,1,0,TRUE
케이크_트리플쇼콜라무스 케이크 (조각),1,1,0,TRUE
케이크_티라미수 스푼 케이크,1,1,0,TRUE
케이크_티라미수컵 케이크,1,1,0,TRUE
케이크_티라미수케이크,1,1,0,TRUE
케이크_티라미수크레이프 케이크,1,1,0,TRUE
케이크_티라미슈 케이크,1,1,0,TRUE
케이크_티라미스 케이크 (조각),1,1,0,TRUE
케이크_파베쇼콜라 케이크,1,1,0,TRUE
케이크_파티생크림 케이크 5호A,1,1,0,TRUE
케이크_파티생크림 케이크 5호B,1,1,0,TRUE
케이크_파티팩고구마밀크생크림 케이크,1,1,0,TRUE
케이크_파티팩딸기레어치즈 케이크,1,1,0,TRUE
케이크_파티팩블루베리요거트생크림 케이크,1,1,0,TRUE
케이크_파티팩스트로베리초콜릿생크림 케이크,1,1,0,TRUE
케이크_파티팩아이스박스 케이크,1,1,0,TRUE
케이크_파티팩티라미수 케이크,1,1,0,TRUE
케이크_패밀리생크림 케이크 4호A,1,1,0,TRUE
케이크_패밀리생크림 케이크 4호B,1,1,0,TRUE
케이크_페스티벌생크림 케이크 6호A,1,1,0,TRUE
케이크_페스티벌생크림 케이크 6호B,1,1,0,TRUE
케이크_퐁당쇼콜라바움쿠헨 케이크,1,1,0,TRUE
케이크_프렌치 블루베리 치즈 케이크 (조각),1,1,0,TRUE
케이크_플라워베리생크림 케이크 1호,1,1,0,TRUE
케이크_플라워베리생크림 케이크 2호,1,1,0,TRUE
케이크_플라워베리생크림 케이크 3호,1,1,0,TRUE
케이크_플레인 치즈 스틱 케이크,1,1,0,TRUE
케이크_플레인바스크치즈 케이크,1,1,0,TRUE
케이크_피넛 크림 바나나 케이크,1,1,0,TRUE
케이크_필라델피아 치즈 케이크,1,1,0,TRUE
케이크_필라델피아치즈 케이크,1,1,0,TRUE
케이크_하츄핑도반한딸기생크림,1,1,0,TRUE
케이크_한라봉홍차 케이크,1,1,0,TRUE
케이크_한라산 녹차 치즈 바스크 케이크,1,1,0,TRUE
케이크_한라산 모카 수플레,1,1,0,TRUE
케이크_해피레인보우 케이크,1,1,0,TRUE
케이크_허니 케이크,1,1,0,TRUE
케이크_헤이즐넛마스카포네치즈 케이크,1,1,0,TRUE
케이크_헤이즐넛초콜릿 케이크,1,1,0,TRUE
케이크_호두 당근 케이크,1,1,0,TRUE
케이크_화이트 롤케이크,1,1,0,TRUE
케이크_화이트 생크림 케이크 (조각),1,1,0,TRUE
케이크_화이트 생크림 케이크 (홀),1,1,0,TRUE
케이크_화이트 치즈 무스 케이크,1,1,0,TRUE
케이크_화이트모찌 롤케이크,1,1,0,TRUE
케이크_화이트미니 롤,1,1,0,TRUE
케이크_화이트바닐라빈무스 케이크 (조각),1,1,0,TRUE
케이크_화이트생크림 케이크 1호,1,1,0,TRUE
케이크_화이트생크림 케이크 2호,1,1,0,TRUE
케이크_화이트생크림 케이크 3호,1,1,0,TRUE
케이크_화이트포레스트생크림 케이크,1,1,0,TRUE
케이크_흑임자 갸또 쇼콜라 케이크,1,1,0,TRUE
케이크_흑임자 크림 케이크,1,1,0,TRUE
케이크_흑임자바스크치즈 케이크,1,1,0,TRUE
케이크_히든하트레드벨벳 케이크,1,1,0,TRUE
코코아_시그니처 초콜릿 아이스(ICED) (Tall),1,1,0,TRUE
코코아_시그니처 초콜릿 핫(HOT) (Tall),1,1,0,TRUE
코코아_아이스 초코 아이스(ICED),1,1,0,TRUE
코코아_아이스 초콜릿 (L),1,1,0,TRUE
코코아_아이스 초콜릿 (R),1,1,0,TRUE
코코아_아이스초코 아이스(ICED),1,1,0,TRUE
코코아_초코 아이스(ICED),1,1,0,TRUE
코코아_초코 핫(HOT),1,1,0,TRUE
코코아_플러피 판다 초콜릿 아이스(ICED) (Grande),1,1,0,TRUE
코코아_플러피 판다 핫 초콜릿 핫(HOT) (Grande),1,1,0,TRUE
코코아_핫 초코 핫(HOT),1,1,0,TRUE
코코아_핫 초콜릿 (L),1,1,0,TRUE
코코아_핫 초콜릿 (R),1,1,0,TRUE
코코아_핫초코 아이스(ICED),1,1,0,TRUE
코코아_화이트초코 아이스(ICED),1,1,0,TRUE
코코아_화이트초코 핫(HOT),1,1,0,TRUE
콤부차_애플 히비스커스 콤부차 (L),1,1,0,TRUE
콤부차_애플 히비스커스 콤부차 (V),1,1,0,TRUE
콤부차_애플망고 콤부차 (L),1,1,0,TRUE
콤부차_애플망고 콤부차 (V),1,1,0,TRUE
콤부차_플레인 콤부차 (L),1,1,0,TRUE
콤부차_플레인 콤부차 (V),1,1,0,TRUE
콩나물국_고추,1,1,0,TRUE
콩나물국_김치,1,1,0,TRUE
콩나물국_무,1,1,0,TRUE
콩나물국_바지락,1,1,0,TRUE
콩나물국_콩나물,1,1,0,TRUE
콩나물무침_콩나물_고춧가루제외,1,1,0,TRUE
콩나물밥,1,1,0,TRUE
콩나물밥_돼지고기,1,1,0,TRUE
콩나물찌개,1,1,0,TRUE
콩나물찜_해물,1,1,0,TRUE
콩밥_강낭콩,1,1,0,TRUE
콩밥_검정콩,1,1,0,TRUE
콩밥_완두콩,1,1,0,TRUE
크로와상,1,1,0,TRUE
크로와상_AOP 버터 크라상,1,1,0,TRUE
크로와상_AOP버터 프렌치 크루아상,1,1,0,TRUE
크로와상_갈릭대파 크로와상,1,1,0,TRUE
크로와상_갈릭크림치즈 크로와상,1,1,0,TRUE
크로와상_거문 오름 크루아상,1,1,0,TRUE
크로와상_고구마크로,1,1,0,TRUE
크로와상_기분좋은 초콜릿 크로와상,1,1,0,TRUE
크로와상_꿀꿀바 크로와상,1,1,0,TRUE
크로와상_누네딸기 크로와상,1,1,0,TRUE
크로와상_누텔라 초코 바나나 크로와상,1,1,0,TRUE
크로와상_누텔라 크로와상,1,1,0,TRUE
크로와상_다크 초콜릿 크루아상,1,1,0,TRUE
크로와상_달콤한크림크라상,1,1,0,TRUE
크로와상_딸기우유 크로와상,1,1,0,TRUE
크로와상_레몬글레이즈 크로와상,1,1,0,TRUE
크로와상_로띠크로,1,1,0,TRUE
크로와상_리얼버터 오리지널 크로와상,1,1,0,TRUE
크로와상_마약옥수수 크로와상,1,1,0,TRUE
크로와상_말차 크로와상,1,1,0,TRUE
크로와상_메이플 크로와상,1,1,0,TRUE
크로와상_미니크라상,1,1,0,TRUE
크로와상_미니크로와상,1,1,0,TRUE
크로와상_민트초코 크로와상,1,1,0,TRUE
크로와상_버터 크루아상,1,1,0,TRUE
크로와상_블루베리아몬드 크루아상,1,1,0,TRUE
크로와상_블루베리크로,1,1,0,TRUE
크로와상_비스킷크림 크로와상,1,1,0,TRUE
크로와상_사과크로,1,1,0,TRUE
크로와상_산딸기크로,1,1,0,TRUE
크로와상_생크림 크로와상,1,1,0,TRUE
크로와상_생크림미니크로와상,1,1,0,TRUE
크로와상_소시지 크루아상,1,1,0,TRUE
크로와상_슈크림 크로와상,1,1,0,TRUE
크로와상_슈크림크로,1,1,0,TRUE
크로와상_스노우미니크라상,1,1,0,TRUE
크로와상_스위트포테이토 크로플,1,1,0,TRUE
크로와상_슬라이스햄치즈크로,1,1,0,TRUE
크로와상_아몬드 크로와상,1,1,0,TRUE
크로와상_아몬드 크루아상,1,1,0,TRUE
크로와상_앙버터 크로와상,1,1,0,TRUE
크로와상_앙버터 크로플,1,1,0,TRUE
크로와상_에그베이컨 크로와상,1,1,0,TRUE
크로와상_에그소시지 크로와상,1,1,0,TRUE
크로와상_에그포테이토 크로와상,1,1,0,TRUE
크로와상_오레오 크로와상,1,1,0,TRUE
크로와상_오리지널생크림크라상,1,1,0,TRUE
크로와상_오리지널크라상,1,1,0,TRUE
크로와상_인절미 크로와상,1,1,0,TRUE
크로와상_정통크로와상,1,1,0,TRUE
크로와상_초코생크림 크로와상,1,1,0,TRUE
크로와상_초코츄러스 크로와상,1,1,0,TRUE
크로와상_초코크런치 크로와상,1,1,0,TRUE
크로와상_초코트위스트크로,1,1,0,TRUE
크로와상_커스타드 크루아상,1,1,0,TRUE
크로와상_코코넛카야 크루아상,1,1,0,TRUE
크로와상_크랜베리크로,1,1,0,TRUE
크로와상_크림치즈 크로와상,1,1,0,TRUE
크로와상_토피넛 꽈루아상,1,1,0,TRUE
크로와상_통팥크로,1,1,0,TRUE
크로와상_티라미수 크로와상,1,1,0,TRUE
크로와상_팥생크림 크로와상,1,1,0,TRUE
크로와상_페페로니 크로플,1,1,0,TRUE
크로와상_프렌치크라상,1,1,0,TRUE
크로와상_플레인 꽈루아상,1,1,0,TRUE
크로와상_해시브라운 크로플,1,1,0,TRUE
크로와상_허니 고르곤졸라 크로와상,1,1,0,TRUE
크로와상_헤이즐넛초코 크로와상,1,1,0,TRUE
크로와상_후랑크 소세지 크로와상,1,1,0,TRUE
크로와상_흑당 크로플,1,1,0,TRUE
크로켓(고로케)_NEW김치 고로케,1,1,0,TRUE
크로켓(고로케)_NEW정통 고로케,1,1,0,TRUE
크로켓(고로케)_감자 고로케,1,1,0,TRUE
크로켓(고로케)_게살크림 고로케,1,1,0,TRUE
크로켓(고로케)_고구마 고로케,1,1,0,TRUE
크로켓(고로케)_고기가득부추 고로케,1,1,0,TRUE
크로켓(고로케)_고기야채 고로케,1,1,0,TRUE
크로켓(고로케)_까르보나라까망 고로케,1,1,0,TRUE
크로켓(고로케)_꽃맛살 고로케,1,1,0,TRUE
크로켓(고로케)_남해마늘로만든마늘치킨 고로케,1,1,0,TRUE
크로켓(고로케)_납작김치고로전,1,1,0,TRUE
크로켓(고로케)_단호박 고로케,1,1,0,TRUE
크로켓(고로케)_돼지갈비 고로케,1,1,0,TRUE
크로켓(고로케)_마늘치킨 고로케,1,1,0,TRUE
크로켓(고로케)_매콤마라모찌 (6개입),1,1,0,TRUE
크로켓(고로케)_매콤마요 감동란 코로케,1,1,0,TRUE
크로켓(고로케)_매콤아삭 고로케,1,1,0,TRUE
크로켓(고로케)_매콤에그마요 고로케,1,1,0,TRUE
크로켓(고로케)_매콤치킨 고로케,1,1,0,TRUE
크로켓(고로케)_매콤치킨커리 고로케,1,1,0,TRUE
크로켓(고로케)_명품잡채 고로케,1,1,0,TRUE
크로켓(고로케)_명품카레 고로케,1,1,0,TRUE
크로켓(고로케)_바삭쫄깃한 로제품은달걀,1,1,0,TRUE
크로켓(고로케)_볶음김치 고로케,1,1,0,TRUE
크로켓(고로케)_불고기피자 고로케,1,1,0,TRUE
크로켓(고로케)_슈크림 고로케,1,1,0,TRUE
크로켓(고로케)_야채 고로케,1,1,0,TRUE
크로켓(고로케)_야채감자 고로케,1,1,0,TRUE
크로켓(고로케)_어니언크림치즈 고로케,1,1,0,TRUE
크로켓(고로케)_오븐에구운 고로케,1,1,0,TRUE
크로켓(고로케)_옥수수치즈 고로케,1,1,0,TRUE
크로켓(고로케)_이탈리안 고로케,1,1,0,TRUE
크로켓(고로케)_잡채 고로케,1,1,0,TRUE
크로켓(고로케)_중화잡채 고로케,1,1,0,TRUE
크로켓(고로케)_채소,1,1,0,TRUE
크로켓(고로케)_추억의사라다 고로케,1,1,0,TRUE
크로켓(고로케)_치즈퐁당감자 고로케,1,1,0,TRUE
크로켓(고로케)_칠리꽃맛살 고로케,1,1,0,TRUE
크로켓(고로케)_크림치즈 고로케,1,1,0,TRUE
크로켓(고로케)_피자 고로케,1,1,0,TRUE
크로켓(고로케)_하와이안 비프,1,1,0,TRUE
크로켓(고로케)_화끈한 마라고로케,1,1,0,TRUE
크로플_감당해봐 대왕크로플,1,1,0,TRUE
크로플_내맘담은 종합과자세트 크로플,1,1,0,TRUE
크로플_녹차 아이스크림 크로플,1,1,0,TRUE
크로플_누텔라 아이스크림 크로플,1,1,0,TRUE
크로플_누텔라 위에 뛰노는 큐브치즈 크로플,1,1,0,TRUE
크로플_누텔라 초코 딸기 크로플,1,1,0,TRUE
크로플_누텔라 초코 바나나 크로플,1,1,0,TRUE
크로플_누텔라 초코듬뿍 딸기 크로플 딸기청,1,1,0,TRUE
크로플_누텔라 초코듬뿍 마시멜로 크로플,1,1,0,TRUE
크로플_누텔라 초코듬뿍 바나나 크로플,1,1,0,TRUE
크로플_누텔라 초코듬뿍 크로플,1,1,0,TRUE
크로플_누텔라 초코범벅에 미치다,1,1,0,TRUE
크로플_누텔라 초코범벅에 미치다 딸기,1,1,0,TRUE
크로플_누텔라 초코범벅에 미치다 바나나,1,1,0,TRUE
크로플_누텔라 초코범벅에 미치다 생딸기&바나나,1,1,0,TRUE
크로플_누텔라 초코범벅에 미치다 이쁜 너를 위한 생딸기,1,1,0,TRUE
크로플_누텔라크로플,1,1,0,TRUE
크로플_누텔라크림치즈 크로플,1,1,0,TRUE
크로플_눈꽃 브라운치즈 크로플,1,1,0,TRUE
크로플_눈꽃 카스텔라 범벅 크로플 생크림 카스텔라,1,1,0,TRUE
크로플_눈꽃 카스텔라 범벅 크로플 커스터드 카스텔라,1,1,0,TRUE
크로플_단팥생크림 크로플,1,1,0,TRUE
크로플_달콤고소 인절미 크로플,1,1,0,TRUE
크로플_딸기크림 크로플,1,1,0,TRUE
크로플_땅콩범벅이 고소한 초코 크로플,1,1,0,TRUE
크로플_로투스 크로플 생크림,1,1,0,TRUE
크로플_로투스 크로플 초코커스터드크림,1,1,0,TRUE
크로플_로투스 크로플 커스터드크림,1,1,0,TRUE
크로플_루비자몽생크림 크로플,1,1,0,TRUE
크로플_리얼초코 아이스크림 크로플,1,1,0,TRUE
크로플_마약크림 딸기 크로플,1,1,0,TRUE
크로플_마약크림 브륄레 크로플,1,1,0,TRUE
크로플_마약크림 티라미슈 크로플,1,1,0,TRUE
크로플_말차티라미수 크로플,1,1,0,TRUE
크로플_매력무엇 돼지바 크로플,1,1,0,TRUE
크로플_메이플 크로플,1,1,0,TRUE
크로플_목구멍이 포도 청포도 크로플 생크림,1,1,0,TRUE
크로플_목구멍이 포도청포도 크로플 커스터드크림,1,1,0,TRUE
크로플_바나나누텔라 크로플,1,1,0,TRUE
크로플_바나나생크림누텔라 크로플,1,1,0,TRUE
크로플_버터 크로플,1,1,0,TRUE
크로플_베리크런치 아이스크림 크로플,1,1,0,TRUE
크로플_붕X싸만코 크로플,1,1,0,TRUE
크로플_붕어둥절 붕어싸만코 크로플,1,1,0,TRUE
크로플_브라운치즈 아이스크림 크로플,1,1,0,TRUE
크로플_블루베리 아이스크림 크로플,1,1,0,TRUE
크로플_블루베리생크림 크로플,1,1,0,TRUE
크로플_블루베리요거트 아이스크림 크로플,1,1,0,TRUE
크로플_블루베리크림 크로플,1,1,0,TRUE
크로플_블루베리크림치즈 크로플,1,1,0,TRUE
크로플_사과품은 크로플,1,1,0,TRUE
크로플_생딸기생크림 크로플,1,1,0,TRUE
크로플_생초콜릿생크림 크로플,1,1,0,TRUE
크로플_생크림 고구마구마 크로플,1,1,0,TRUE
크로플_생크림 과일폭탄 크로플,1,1,0,TRUE
크로플_생크림 돼지바 크로플,1,1,0,TRUE
크로플_생크림 듬뿍 딸기 크로플 딸기청,1,1,0,TRUE
크로플_생크림 듬뿍 딸기 크로플 생딸기,1,1,0,TRUE
크로플_생크림 듬뿍 망고 크로플,1,1,0,TRUE
크로플_생크림 듬뿍 블루베리 크로플,1,1,0,TRUE
크로플_생크림 딸기 크로플,1,1,0,TRUE
크로플_생크림 딸기잼 크로플,1,1,0,TRUE
크로플_생크림 로투스 크로플,1,1,0,TRUE
크로플_생크림 망고 크로플,1,1,0,TRUE
크로플_생크림 망고치즈케이크 크로플,1,1,0,TRUE
크로플_생크림 블루베리 크로플,1,1,0,TRUE
크로플_생크림 샤인머스캣 크로플,1,1,0,TRUE
크로플_생크림 애플잼 크로플,1,1,0,TRUE
크로플_생크림 오레오 크로플,1,1,0,TRUE
크로플_생크림 위에 뛰노는 큐브퐁듀 크로플,1,1,0,TRUE
크로플_생크림 큐브망고 크로스 크로플,1,1,0,TRUE
크로플_생크림 큐브블루베리 크로스 크로플,1,1,0,TRUE
크로플_생크림 크로플,1,1,0,TRUE
크로플_생크림누텔라 크로플,1,1,0,TRUE
크로플_생크림인절미 크로플,1,1,0,TRUE
크로플_아몬드카라멜 아이스크림 크로플,1,1,0,TRUE
크로플_앙증맞은 앙버터 크로플,1,1,0,TRUE
크로플_애플사과 시나몬 크로플,1,1,0,TRUE
크로플_애플생크림 크로플,1,1,0,TRUE
크로플_애플시나몬 크로플,1,1,0,TRUE
크로플_약과 크림 크로플,1,1,0,TRUE
크로플_오레오 크로플 생크림,1,1,0,TRUE
크로플_오레오 크로플 초코커스터드크림,1,1,0,TRUE
크로플_오레오 크로플 커스터드크림,1,1,0,TRUE
크로플_오레오생크림 크로플,1,1,0,TRUE
크로플_와플보다 맛있는 플레인 크로플 빵,1,1,0,TRUE
크로플_인생팥 크로플,1,1,0,TRUE
크로플_인절미 연유 크로플,1,1,0,TRUE
크로플_인절미 크로플,1,1,0,TRUE
크로플_전여친 생각 크로플 생크림,1,1,0,TRUE
크로플_전여친 생각 크로플 크림치즈,1,1,0,TRUE
크로플_체다치즈 크로플,1,1,0,TRUE
크로플_초땅 반반크로스 크로플,1,1,0,TRUE
크로플_초코 크로플,1,1,0,TRUE
크로플_초코벌집 크로플,1,1,0,TRUE
크로플_초코크림 크로플,1,1,0,TRUE
크로플_초코퐁듀 크로플,1,1,0,TRUE
크로플_치즈몽땅 크로플,1,1,0,TRUE
크로플_치즈범벅 크로플,1,1,0,TRUE
크로플_카라멜 브라운치즈 크로플,1,1,0,TRUE
크로플_카라멜 크로플,1,1,0,TRUE
크로플_카야치즈 크로플,1,1,0,TRUE
크로플_카이막 크로플,1,1,0,TRUE
크로플_커스터드 브륄레 크로플,1,1,0,TRUE
크로플_커스터드에 반한 딸기 크로플 딸기청,1,1,0,TRUE
크로플_커스터드에 반한 딸기 크로플 생딸기,1,1,0,TRUE
크로플_크림치즈 엎은 누텔라 크로플,1,1,0,TRUE
크로플_크림치즈 크로플,1,1,0,TRUE
크로플_크림치즈&누텔라 크로플,1,1,0,TRUE
크로플_티라미수 크로플,1,1,0,TRUE
크로플_티라미수 크로플 생크림,1,1,0,TRUE
크로플_티라미수 크로플 초코커스터드 크림,1,1,0,TRUE
크로플_티라미수 크로플 커스터드 크림,1,1,0,TRUE
크로플_티라미수크림 크로플,1,1,0,TRUE
크로플_프렌치 아이스크림 크로플,1,1,0,TRUE
크로플_플레인크로플,1,1,0,TRUE
크로플_호호불어 호떡 크로플,1,1,0,TRUE
크로플_황치즈크림에 스며든 뽀또 크로플,1,1,0,TRUE
크로플_황치즈크림위에 뛰노는 큐브치즈 크로플,1,1,0,TRUE
크림빵_고소한 흑임자크림빵,1,1,0,TRUE
크림빵_골든크림메론빵,1,1,0,TRUE
크림빵_까까웨뜨,1,1,0,TRUE
크림빵_나눠먹는크림빵,1,1,0,TRUE
크림빵_단팥생크림빵,1,1,0,TRUE
크림빵_단팥크림빵,1,1,0,TRUE
크림빵_단팥크림코팡,1,1,0,TRUE
크림빵_단호박 미니 붕어빵,1,1,0,TRUE
크림빵_동글동글순우유롤,1,1,0,TRUE
크림빵_딸기샌드케이크 크림빵,1,1,0,TRUE
크림빵_딸기흑임자크림빵,1,1,0,TRUE
크림빵_땅콩크림빵,1,1,0,TRUE
크림빵_리얼초코소라빵,1,1,0,TRUE
크림빵_매직모카크림빵,1,1,0,TRUE
크림빵_메론크림빵,1,1,0,TRUE
크림빵_민트초코 생크림 브레드,1,1,0,TRUE
크림빵_밀크크림브레드,1,1,0,TRUE
크림빵_바닐라 우유 크림슈,1,1,0,TRUE
크림빵_바닐라슈,1,1,0,TRUE
크림빵_바닐라크로캉롱슈,1,1,0,TRUE
크림빵_보슬보슬옥수수크림빵,1,1,0,TRUE
크림빵_부드러운모카크림빵,1,1,0,TRUE
크림빵_부드러운후레쉬크림샌드빵,1,1,0,TRUE
크림빵_브리오슈슈크레,1,1,0,TRUE
크림빵_생크림메론크림빵,1,1,0,TRUE
크림빵_생크림빵,1,1,0,TRUE
"크림빵_순,딸기산도",1,1,0,TRUE
크림빵_순진우유크림빵,1,1,0,TRUE
크림빵_슈크림 콩빵,1,1,0,TRUE
크림빵_스노우쿠키슈,1,1,0,TRUE
크림빵_스마일슈크림빵,1,1,0,TRUE
크림빵_시원하게 즐기는 메론빵,1,1,0,TRUE
크림빵_아몬드슈,1,1,0,TRUE
크림빵_아이스슈,1,1,0,TRUE
크림빵_아이스허니와앙슈,1,1,0,TRUE
크림빵_어니언크런치,1,1,0,TRUE
크림빵_어둠의다크초코통통,1,1,0,TRUE
크림빵_연유크림브레드,1,1,0,TRUE
크림빵_옥수수콘크림샌드,1,1,0,TRUE
크림빵_왕구름크림빵,1,1,0,TRUE
크림빵_요구르트 슈스틱,1,1,0,TRUE
크림빵_우유버터브레드,1,1,0,TRUE
크림빵_우유생크림빵,1,1,0,TRUE
크림빵_우유크림슈,1,1,0,TRUE
크림빵_인생 딸기생크림빵,1,1,0,TRUE
크림빵_자색고구마 미니 붕어빵,1,1,0,TRUE
크림빵_진한쌀크림빵,1,1,0,TRUE
크림빵_초코 미니 붕어빵,1,1,0,TRUE
크림빵_초코 슈스틱,1,1,0,TRUE
크림빵_초코가나슈크림빵,1,1,0,TRUE
크림빵_초코크로칸슈,1,1,0,TRUE
크림빵_초코크림아몬드볼,1,1,0,TRUE
크림빵_초콜릿크로캉롱슈,1,1,0,TRUE
크림빵_촉촉브래드,1,1,0,TRUE
크림빵_추억의 고구마생크림빵,1,1,0,TRUE
크림빵_치즈크림빵,1,1,0,TRUE
크림빵_치즈크림팡도르,1,1,0,TRUE
크림빵_카스타드롤,1,1,0,TRUE
크림빵_카페모카크림빵 (대),1,1,0,TRUE
크림빵_카페모카크림빵 (소),1,1,0,TRUE
크림빵_커스타드 크로칸 슈,1,1,0,TRUE
크림빵_쿠키슈 생크림,1,1,0,TRUE
크림빵_쿠키슈 커스터드초코크림,1,1,0,TRUE
크림빵_쿠키슈 커스터드크림,1,1,0,TRUE
크림빵_쿠키슈 황치즈크림,1,1,0,TRUE
크림빵_크리미 크로칸 슈,1,1,0,TRUE
크림빵_크리미크로칸슈,1,1,0,TRUE
크림빵_크림 치즈 크로칸 슈,1,1,0,TRUE
크림빵_크림듬뿍초코크림아몬드볼,1,1,0,TRUE
크림빵_크림소금빵,1,1,0,TRUE
크림빵_크림코르네,1,1,0,TRUE
크림빵_티라미수 크림 데니쉬,1,1,0,TRUE
크림빵_후레쉬연유크림,1,1,0,TRUE
크림빵_후레쉬연유크림빵,1,1,0,TRUE
크림빵_후레쉬크림샌드빵,1,1,0,TRUE
크림빵_후레쉬크림샌드빵 (소),1,1,0,TRUE
크림빵_흑당크림브레드,1,1,0,TRUE
키조개구이,1,1,0,TRUE
타르트_까망베르치즈 타르트,1,1,0,TRUE
타르트_뉴욕치즈타르트,1,1,0,TRUE
타르트_리얼 다크 타르트,1,1,0,TRUE
타르트_무화과타르트,1,1,0,TRUE
타르트_미니 타르트 4종 세트,1,1,0,TRUE
타르트_밀당 에그 타르트,1,1,0,TRUE
타르트_소프트 에그타르트,1,1,0,TRUE
타르트_씨앗타르트,1,1,0,TRUE
타르트_아몬드타르트,1,1,0,TRUE
타르트_에그 타르트,1,1,0,TRUE
타르트_오렌지타르트,1,1,0,TRUE
타르트_크림치즈 타르트,1,1,0,TRUE
타르트_패스트리에빠진에그푸딩,1,1,0,TRUE
타르트_호두듬뿍타르트,1,1,0,TRUE
타르트_호두타르트,1,1,0,TRUE
탄산음료_블랙티 레모네이드 피지오 (Tall),1,1,0,TRUE
탄산음료_블루캔디소다 아이스(ICED),1,1,0,TRUE
탄산음료_슬림 깔라만시 탄산수,1,1,0,TRUE
탄산음료_슬림 청포도 탄산수,1,1,0,TRUE
탄산음료_유자 패션 피지오 (Tall),1,1,0,TRUE
탄산음료_체리콕콕 아이스(ICED),1,1,0,TRUE
탄산음료_체리팡팡 아이스(ICED) (L),1,1,0,TRUE
탄산음료_쿨 라임 피지오 (Tall),1,1,0,TRUE
탄산음료_파인소다 아이스(ICED) (L),1,1,0,TRUE
탄산음료_패션 탱고티 레모네이드 피지오 (Tall),1,1,0,TRUE
탄탄면_간편조리세트_마라 탄탄면,1,1,0,TRUE
탕수육_간편조리세트_김치피자탕수육,1,1,0,TRUE
탕수육_새우,1,1,0,TRUE
토란대나물,1,1,0,TRUE
토란대나물무침,1,1,0,TRUE
토스트(식빵),1,1,0,TRUE
토스트_갈릭스틱토스트,1,1,0,TRUE
토스트_갈릭치즈토스트,1,1,0,TRUE
토스트_구운햄치즈 토스트,1,1,0,TRUE
토스트_누텔라 바나나 토스트,1,1,0,TRUE
토스트_더블 버터 카야 토스트,1,1,0,TRUE
토스트_마늘토스트,1,1,0,TRUE
토스트_몬테크리스토 (H),1,1,0,TRUE
토스트_스위트토스트,1,1,0,TRUE
토스트_오믈렛토스트,1,1,0,TRUE
토스트_인절미 카야 토스트,1,1,0,TRUE
토스트_인절미 토스트,1,1,0,TRUE
토스트_자색 고구마 카야 토스트,1,1,0,TRUE
토스트_전여친 생각 토스트,1,1,0,TRUE
토스트_촉촉한 허니버터토스트,1,1,0,TRUE
토스트_촉촉한햄치즈 토스트,1,1,0,TRUE
토스트_카라멜버터토스트,1,1,0,TRUE
토스트_카야 버터치즈 반반 토스트,1,1,0,TRUE
토스트_카야 토스트,1,1,0,TRUE
토스트_카야버터 토스트,1,1,0,TRUE
토스트_카야치즈 토스트,1,1,0,TRUE
토스트_통버터 프렌치토스트,1,1,0,TRUE
토스트_트리플 치즈 카야 토스트,1,1,0,TRUE
토스트_페퍼로니 피자 토스트,1,1,0,TRUE
토스트_햄 치즈 프렌치 토스트,1,1,0,TRUE
토스트_햄치즈 스크램블 토스트,1,1,0,TRUE
토스트_허니버터토스트,1,1,0,TRUE
톳나물무침,1,1,0,TRUE
파강회,1,1,0,TRUE
파김치,1,1,0,TRUE
파래무침_액젓,1,1,0,TRUE
파래무침_파래_무,1,1,0,TRUE
파래전,1,1,0,TRUE
파운드케이크,1,1,0,TRUE
파이/만주_겹겹이딸기파이,1,1,0,TRUE
파이/만주_다크초콜릿롤,1,1,0,TRUE
파이/만주_달콤한딸기롤파이,1,1,0,TRUE
파이/만주_달콤한딸기롤파이 (2개입),1,1,0,TRUE
파이/만주_달콤한딸기롤파이 (5개입),1,1,0,TRUE
파이/만주_딸기잼롤파이,1,1,0,TRUE
파이/만주_로스팅호두로더고소한호두파이 (조각),1,1,0,TRUE
파이/만주_리프파이,1,1,0,TRUE
파이/만주_링고파이,1,1,0,TRUE
파이/만주_만주,1,1,0,TRUE
파이/만주_미니고구마파이,1,1,0,TRUE
파이/만주_미니딸기필링파이,1,1,0,TRUE
파이/만주_미니애플파이,1,1,0,TRUE
파이/만주_미니크림치즈파이,1,1,0,TRUE
파이/만주_베이컨 치즈 팟파이,1,1,0,TRUE
파이/만주_블루베리 에그디쉬,1,1,0,TRUE
파이/만주_빨미까레 녹차,1,1,0,TRUE
파이/만주_빨미까레 초코,1,1,0,TRUE
파이/만주_빨미까레 쿠앤크,1,1,0,TRUE
파이/만주_뽀미파이 애플파이,1,1,0,TRUE
파이/만주_사과파이,1,1,0,TRUE
파이/만주_생크림 가득 파이,1,1,0,TRUE
파이/만주_스노우 화이트 애플 파이,1,1,0,TRUE
파이/만주_스틱파이,1,1,0,TRUE
파이/만주_쌀콩만주,1,1,0,TRUE
파이/만주_알밤파이만주,1,1,0,TRUE
파이/만주_연유슈크림애플파이,1,1,0,TRUE
파이/만주_이탈리안 에그디쉬,1,1,0,TRUE
파이/만주_주상절리 파이,1,1,0,TRUE
파이/만주_진한크림치즈롤파이,1,1,0,TRUE
파이/만주_치킨 팟파이,1,1,0,TRUE
파이/만주_크림치즈롤파이,1,1,0,TRUE
파이/만주_클래식애플파이,1,1,0,TRUE
파이/만주_파이만주,1,1,0,TRUE
파이/만주_파이콘,1,1,0,TRUE
파이/만주_플레인 에그디쉬,1,1,0,TRUE
파이/만주_하트 파이,1,1,0,TRUE
파이/만주_호두파이,1,1,0,TRUE
파전_굴_김치,1,1,0,TRUE
파전_돼지고기_김치,1,1,0,TRUE
팝콘,1,1,0,TRUE
팝콘_카라멜,1,1,0,TRUE
팟타이,1,1,0,TRUE
팟타이_간편조리세트_비프 팟타이,1,1,0,TRUE
팥빵_단팥소보로빵,1,1,0,TRUE
팥빵_단팥앙금롤브레드,1,1,0,TRUE
팥빵_미강빵,1,1,0,TRUE
팥빵_미니붕어빵 통팥,1,1,0,TRUE
팥빵_생크림 듬뿍이 단팥빵,1,1,0,TRUE
팥빵_생크림단팥빵,1,1,0,TRUE
팥빵_소보루단팥빵,1,1,0,TRUE
팥빵_연유크림만난단팥빵,1,1,0,TRUE
팥빵_완전소중한단팥빵,1,1,0,TRUE
팥빵_우리쌀앙버터브레드 (H),1,1,0,TRUE
팥빵_쫀득한 단팥빵,1,1,0,TRUE
팥빵_추억의 팥절미빵,1,1,0,TRUE
팥빵_팥 페스츄리 붕어빵,1,1,0,TRUE
팥빵_호두가오독오독씹히는단팥빵,1,1,0,TRUE
팥빵_호두단팥빵,1,1,0,TRUE
팥빵_호두통팥,1,1,0,TRUE
팥빵_호밀찰보리빵,1,1,0,TRUE
페이스트리_64겹골든페스츄리,1,1,0,TRUE
페이스트리_64겹페스트리,1,1,0,TRUE
페이스트리_갈릭고구마페스츄리,1,1,0,TRUE
페이스트리_갈릭페스트리,1,1,0,TRUE
페이스트리_낙엽페스트리,1,1,0,TRUE
페이스트리_넛츠크림치즈크럼블페이스트리,1,1,0,TRUE
페이스트리_딸기탑 마마츄리,1,1,0,TRUE
페이스트리_라즈베리 퐁당 마마츄리,1,1,0,TRUE
페이스트리_롤링 페이스트리,1,1,0,TRUE
페이스트리_마카다미아 데니쉬,1,1,0,TRUE
페이스트리_몽블랑 데니쉬,1,1,0,TRUE
페이스트리_몽블랑 플레인,1,1,0,TRUE
페이스트리_미니소시지페스츄리,1,1,0,TRUE
페이스트리_미니초코칩트위스트,1,1,0,TRUE
페이스트리_밤패스트리,1,1,0,TRUE
페이스트리_베이컨 포테이토 데니쉬,1,1,0,TRUE
페이스트리_베이컨&치즈패스트리,1,1,0,TRUE
페이스트리_블루베리 퐁당 마마츄리,1,1,0,TRUE
페이스트리_블루베리품은 소보로 페스트리,1,1,0,TRUE
페이스트리_비벼먹는 페스츄리 딸기,1,1,0,TRUE
페이스트리_비벼먹는 페스츄리 초콜릿,1,1,0,TRUE
페이스트리_뺑 오 쇼콜라,1,1,0,TRUE
페이스트리_뺑오쇼콜라,1,1,0,TRUE
페이스트리_생크림소보루페스트리,1,1,0,TRUE
페이스트리_소세지 페스츄리,1,1,0,TRUE
페이스트리_소시지 양파 페이스트리,1,1,0,TRUE
페이스트리_소시지페스트리,1,1,0,TRUE
페이스트리_슈크림데니쉬,1,1,0,TRUE
페이스트리_스위트갈릭고구마페스츄리,1,1,0,TRUE
페이스트리_스위트밤블랑,1,1,0,TRUE
페이스트리_스크류소시지,1,1,0,TRUE
페이스트리_시나몬페스트리,1,1,0,TRUE
페이스트리_에그베이컨페이스트리,1,1,0,TRUE
페이스트리_오렌지 페이스트리,1,1,0,TRUE
페이스트리_오름 치즈 케이츄리,1,1,0,TRUE
페이스트리_오코노미야키 페이스트리,1,1,0,TRUE
페이스트리_쟌슨빌소시지페이스트리,1,1,0,TRUE
페이스트리_정통소시지데니쉬,1,1,0,TRUE
페이스트리_쫀득한페스트리,1,1,0,TRUE
페이스트리_청포도 페이스트리,1,1,0,TRUE
페이스트리_초코 퐁당 마마츄리,1,1,0,TRUE
페이스트리_촉촉한몽블랑,1,1,0,TRUE
페이스트리_치즈소시지페스츄리,1,1,0,TRUE
페이스트리_콘 치즈 데니쉬,1,1,0,TRUE
페이스트리_쿠인아망,1,1,0,TRUE
페이스트리_퀸아망,1,1,0,TRUE
페이스트리_크림치즈데니쉬,1,1,0,TRUE
페이스트리_팥절미 페이스트리,1,1,0,TRUE
페이스트리_페이스트리 앙버터,1,1,0,TRUE
페이스트리_푀이테쇼콜라,1,1,0,TRUE
페이스트리_프렌치뀐아망,1,1,0,TRUE
페이스트리_햄감자말이페스트리,1,1,0,TRUE
페이스트리_허니볼,1,1,0,TRUE
페이스트리_허니치즈퐁당 마마츄리,1,1,0,TRUE
페이스트리_현무암돌빵,1,1,0,TRUE
페이스트리_회오리롱소시지패스트리,1,1,0,TRUE
풋고추된장무침_풋고추,1,1,0,TRUE
풋고추볶음,1,1,0,TRUE
프레즐,1,1,0,TRUE
프레즐_갈릭 프레즐,1,1,0,TRUE
프레즐_갈릭스틱,1,1,0,TRUE
프레즐_고구마 프레즐,1,1,0,TRUE
프레즐_도그 프레즐,1,1,0,TRUE
프레즐_버터 프레첼,1,1,0,TRUE
프레즐_불고기 프레즐,1,1,0,TRUE
프레즐_시나몬슈가 프레즐,1,1,0,TRUE
프레즐_시나몬슈가스틱,1,1,0,TRUE
프레즐_아몬드 프레즐,1,1,0,TRUE
프레즐_아몬드스틱,1,1,0,TRUE
프레즐_아몬드크림치즈스틱,1,1,0,TRUE
프레즐_압구정 프레첼,1,1,0,TRUE
프레즐_어니언 프레즐,1,1,0,TRUE
프레즐_어니언스틱,1,1,0,TRUE
프레즐_오곡 프레즐,1,1,0,TRUE
프레즐_오리지날 프레즐,1,1,0,TRUE
프레즐_오리지널 프레즐,1,1,0,TRUE
프레즐_오리지널스틱,1,1,0,TRUE
프레즐_초코 프레즐,1,1,0,TRUE
프레즐_커스타드 프레즐,1,1,0,TRUE
프레즐_콘 샐러드 프레즐,1,1,0,TRUE
프레즐_콘 프레즐,1,1,0,TRUE
프레즐_크림치즈 프렛즐,1,1,0,TRUE
프레즐_크림치즈스틱,1,1,0,TRUE
프레즐_파마산허브 프레즐,1,1,0,TRUE
프레즐_프레즐,1,1,0,TRUE
프레즐_플레인 프레즐,1,1,0,TRUE
프레즐_할라피뇨 도그 프레즐,1,1,0,TRUE
프레즐_햄치즈 프레첼,1,1,0,TRUE
피자_12첩콤비네이션 피자 (L),1,1,0,TRUE
피자_12첩콤비네이션 피자 (R),1,1,0,TRUE
피자_1988 피자 (L),1,1,0,TRUE
피자_1992브로 피자 (L),1,1,0,TRUE
피자_2in1(한우불고기+밤스위트골드) 피자 (F),1,1,0,TRUE
피자_2in1(한우불고기+밤스위트골드) 피자 (L),1,1,0,TRUE
피자_2in1(한우불고기+밤스위트골드) 피자 (R),1,1,0,TRUE
피자_4색 피자 (L),1,1,0,TRUE
피자_4색 피자 (R),1,1,0,TRUE
피자_7번가스페셜 피자 골드스윗 (L),1,1,0,TRUE
피자_7번가스페셜 피자 골드스윗 (R),1,1,0,TRUE
피자_7번가스페셜 피자 리코타링 (L),1,1,0,TRUE
피자_7번가스페셜 피자 리코타링 (R),1,1,0,TRUE
피자_7번가스페셜 피자 석쇠 (L),1,1,0,TRUE
피자_7번가스페셜 피자 석쇠 (R),1,1,0,TRUE
피자_7번가스페셜 피자 씬도우 (L),1,1,0,TRUE
피자_7번가스페셜 피자 씬도우 (R),1,1,0,TRUE
피자_7번가스페셜 피자 씬바샤삭 (L),1,1,0,TRUE
피자_7번가스페셜 피자 씬바샤삭 (R),1,1,0,TRUE
피자_7번가스페셜 피자 치즈링 (L),1,1,0,TRUE
피자_7번가스페셜 피자 치즈링 (R),1,1,0,TRUE
피자_88페퍼로니 피자 (XL),1,1,0,TRUE
피자_BBQ리얼 시카고 피자 (L),1,1,0,TRUE
피자_BBQ불고기 피자 마니아 에어도우 (L),1,1,0,TRUE
피자_BBQ불고기 피자 마니아 에어도우 (M),1,1,0,TRUE
피자_BBQ불고기 피자 마니아 파마산엣지 (L),1,1,0,TRUE
피자_BBQ불고기 피자 마니아 파마산엣지 (M),1,1,0,TRUE
피자_LA BBQ 불고기 피자 씬 (L),1,1,0,TRUE
피자_LA BBQ 불고기 피자 오리지널 (L),1,1,0,TRUE
피자_LA BBQ 불고기 피자 오리지널 (M),1,1,0,TRUE
피자_LA BBQ 불고기 피자 오리지널 파마산 치즈 (L),1,1,0,TRUE
피자_LA BBQ 불고기 피자 오리지널 파마산 치즈 (M),1,1,0,TRUE
피자_LA BBQ 불고기 피자 팬 (L),1,1,0,TRUE
피자_LA BBQ불고기+페페로니 피자 씬 (L),1,1,0,TRUE
피자_LA BBQ불고기+페페로니 피자 오리지날 (L),1,1,0,TRUE
피자_LA BBQ불고기+페페로니 피자 오리지널 파마산엣지 (L),1,1,0,TRUE
피자_LA BBQ불고기+페페로니 피자 팬 (L),1,1,0,TRUE
피자_가든 스페셜 피자 골드링 (F),1,1,0,TRUE
피자_가든 스페셜 피자 골드링 (L),1,1,0,TRUE
피자_가든 스페셜 피자 골드링 (P),1,1,0,TRUE
피자_가든 스페셜 피자 골드링씬 (F),1,1,0,TRUE
피자_가든 스페셜 피자 씬 (F),1,1,0,TRUE
피자_가든 스페셜 피자 오리지널 (F),1,1,0,TRUE
피자_가든 스페셜 피자 오리지널 (L),1,1,0,TRUE
피자_가든 스페셜 피자 오리지널 (P),1,1,0,TRUE
피자_가든 스페셜 피자 오리지널 (R),1,1,0,TRUE
피자_가든 스페셜 피자 치즈롤 (F),1,1,0,TRUE
피자_가든 스페셜 피자 치즈롤 (L),1,1,0,TRUE
피자_가든 스페셜 피자 치즈롤 (P),1,1,0,TRUE
피자_가든스페셜 피자 (F),1,1,0,TRUE
피자_가든스페셜 피자 (L),1,1,0,TRUE
피자_가든스페셜 피자 (P),1,1,0,TRUE
피자_가든스페셜 피자 (R),1,1,0,TRUE
피자_갈릭 버터 쉬림프 피자 리치골드 (L),1,1,0,TRUE
피자_갈릭 버터 쉬림프 피자 리치골드 (M),1,1,0,TRUE
피자_갈릭 버터 쉬림프 피자 치즈크러스트 (L),1,1,0,TRUE
피자_갈릭 버터 쉬림프 피자 치즈크러스트 (M),1,1,0,TRUE
피자_갈릭베이컨체다치즈 피자 (L),1,1,0,TRUE
피자_갈릭베이컨포테이토 피자 (L),1,1,0,TRUE
피자_갈릭비프스테이크 피자 (L),1,1,0,TRUE
피자_갈릭비프스테이크 피자 (M),1,1,0,TRUE
피자_갈릭쉬림프 피자 오리지널 (M),1,1,0,TRUE
피자_갈릭스테이크 피자 오리지널 (M),1,1,0,TRUE
피자_갈릭스테이크쉬림프 피자 (L),1,1,0,TRUE
피자_갈릭페퍼스테이크 피자 (F),1,1,0,TRUE
피자_갈릭페퍼스테이크 피자 (L),1,1,0,TRUE
피자_갈릭페퍼스테이크 피자 (P),1,1,0,TRUE
피자_갈릭홀릭 피자 (L),1,1,0,TRUE
피자_갈릭홀릭 피자 (R),1,1,0,TRUE
피자_갈비앤치킨 피자 씬 (L),1,1,0,TRUE
피자_갈비앤치킨 피자 씬 (R),1,1,0,TRUE
피자_감자 피자,1,1,0,TRUE
피자_감자베이컨 피자 (L),1,1,0,TRUE
피자_감자별한웅큼피자 (L),1,1,0,TRUE
피자_강냉이털어 피자 (L),1,1,0,TRUE
피자_걱정말아요허니 피자 (L),1,1,0,TRUE
피자_게살크림 피자,1,1,0,TRUE
피자_고객의실수 피자 (L),1,1,0,TRUE
피자_고객의실수 피자 (R),1,1,0,TRUE
피자_고구마 베이컨 피자 (L),1,1,0,TRUE
피자_고구마 피자 (M),1,1,0,TRUE
피자_고구마 피자 (R),1,1,0,TRUE
피자_고구마 피자 (XL),1,1,0,TRUE
피자_고구마 피자 고구마크러스트 (L),1,1,0,TRUE
피자_고구마 피자 고구마크러스트 (R),1,1,0,TRUE
피자_고구마 피자 골드스윗 (L),1,1,0,TRUE
피자_고구마 피자 골드스윗 (R),1,1,0,TRUE
피자_고구마 피자 라이스골드 (F),1,1,0,TRUE
피자_고구마 피자 라이스골드 (L),1,1,0,TRUE
피자_고구마 피자 라이스골드 (R),1,1,0,TRUE
피자_고구마 피자 라이스바이트 (F),1,1,0,TRUE
피자_고구마 피자 라이스바이트 (L),1,1,0,TRUE
피자_고구마 피자 리코타링 (L),1,1,0,TRUE
피자_고구마 피자 리코타링 (R),1,1,0,TRUE
피자_고구마 피자 밀스크린 (L),1,1,0,TRUE
피자_고구마 피자 밀스크린 (R),1,1,0,TRUE
피자_고구마 피자 밀스크린고구마크러스트 (L),1,1,0,TRUE
피자_고구마 피자 밀스크린고구마크러스트 (R),1,1,0,TRUE
피자_고구마 피자 밀스크린체다크림크러스트 (L),1,1,0,TRUE
피자_고구마 피자 밀스크린체다크림크러스트 (R),1,1,0,TRUE
피자_고구마 피자 밀스크린치즈크러스트 (L),1,1,0,TRUE
피자_고구마 피자 밀스크린치즈크러스트 (R),1,1,0,TRUE
피자_고구마 피자 백미 (L),1,1,0,TRUE
피자_고구마 피자 백미 (R),1,1,0,TRUE
피자_고구마 피자 백미스크린 (L),1,1,0,TRUE
피자_고구마 피자 백미스크린 (R),1,1,0,TRUE
피자_고구마 피자 백미스크린치즈크러스트 (L),1,1,0,TRUE
피자_고구마 피자 백미스크린치즈크러스트 (R),1,1,0,TRUE
피자_고구마 피자 석쇠 (F),1,1,0,TRUE
피자_고구마 피자 씬 (L),1,1,0,TRUE
피자_고구마 피자 씬 (R),1,1,0,TRUE
피자_고구마 피자 씬도우 (L),1,1,0,TRUE
피자_고구마 피자 씬도우 (R),1,1,0,TRUE
피자_고구마 피자 씬바샤삭 (L),1,1,0,TRUE
피자_고구마 피자 씬바샤삭 (R),1,1,0,TRUE
피자_고구마 피자 체다크림크러스트 (L),1,1,0,TRUE
피자_고구마 피자 체다크림크러스트 (R),1,1,0,TRUE
피자_고구마 피자 치즈링 (L),1,1,0,TRUE
피자_고구마 피자 치즈링 (R),1,1,0,TRUE
피자_고구마 피자 치즈크러스트 (F),1,1,0,TRUE
피자_고구마 피자 팬 (F),1,1,0,TRUE
피자_고구마 피자 흑미스크린 (L),1,1,0,TRUE
피자_고구마 피자 흑미스크린 (R),1,1,0,TRUE
피자_고구마 피자 흑미스크린치즈크러스트 (L),1,1,0,TRUE
피자_고구마 피자 흑미스크린치즈크러스트 (R),1,1,0,TRUE
피자_고구마디럭스 피자,1,1,0,TRUE
피자_고구마랍스터볼크림 피자 (L),1,1,0,TRUE
피자_고구마무스 베이컨 피자 (L),1,1,0,TRUE
피자_고구마무스 피자,1,1,0,TRUE
피자_고구마무스 피자 (M),1,1,0,TRUE
피자_고구마무스 피자 (R),1,1,0,TRUE
피자_고구마베이컨 피자 (L),1,1,0,TRUE
피자_고구마스위트 피자 (L),1,1,0,TRUE
피자_고구마파인애플 피자 (L),1,1,0,TRUE
피자_고기농장 피자 (L),1,1,0,TRUE
피자_고기밭피자 (L),1,1,0,TRUE
피자_고기천국 피자 (L),1,1,0,TRUE
피자_고기천국 피자 (M),1,1,0,TRUE
피자_고르곤졸라 (L),1,1,0,TRUE
피자_고르곤졸라 피자 (M),1,1,0,TRUE
피자_고르곤졸라 피자 (R),1,1,0,TRUE
피자_고르곤졸라 피자 (XL),1,1,0,TRUE
피자_고르곤졸라 피자 골드스윗 (G),1,1,0,TRUE
피자_고르곤졸라 피자 골드스윗 (L),1,1,0,TRUE
피자_고르곤졸라 피자 골드스윗 (R),1,1,0,TRUE
피자_고르곤졸라 피자 리코타링 (G),1,1,0,TRUE
피자_고르곤졸라 피자 리코타링 (L),1,1,0,TRUE
피자_고르곤졸라 피자 리코타링 (R),1,1,0,TRUE
피자_고르곤졸라 피자 석쇠 (G),1,1,0,TRUE
피자_고르곤졸라 피자 석쇠 (L),1,1,0,TRUE
피자_고르곤졸라 피자 석쇠 (R),1,1,0,TRUE
피자_고르곤졸라 피자 씬도우 (L),1,1,0,TRUE
피자_고르곤졸라 피자 씬도우 (R),1,1,0,TRUE
피자_고르곤졸라 피자 씬바샤삭 (L),1,1,0,TRUE
피자_고르곤졸라 피자 씬바샤삭 (R),1,1,0,TRUE
피자_고르곤졸라 피자 치즈링 (G),1,1,0,TRUE
피자_고르곤졸라 피자 치즈링 (L),1,1,0,TRUE
피자_고르곤졸라 피자 치즈링 (R),1,1,0,TRUE
피자_고르목졸라 피자 (L),1,1,0,TRUE
피자_고르목졸라 피자 (M),1,1,0,TRUE
피자_고소포테이토 피자 (L),1,1,0,TRUE
피자_고스트페퍼로니 피자 (L),1,1,0,TRUE
피자_고추불고기 피자,1,1,0,TRUE
피자_고추장불고기 피자,1,1,0,TRUE
피자_골드고구마 피자 (L),1,1,0,TRUE
피자_골드고구마 피자 오리지널 (M),1,1,0,TRUE
피자_골드꿀고구마 피자 (L),1,1,0,TRUE
피자_골드바베큐치킨 피자 (L),1,1,0,TRUE
피자_골드바베큐필레 피자 (L),1,1,0,TRUE
피자_골드베스트 피자 (L),1,1,0,TRUE
피자_골드베이컨 피자 (L),1,1,0,TRUE
피자_골드불고기 피자 (L),1,1,0,TRUE
피자_골드스윗하새우 피자 (L),1,1,0,TRUE
피자_골드스테이크 피자 (L),1,1,0,TRUE
피자_골드스테이크불갈비 피자 (L),1,1,0,TRUE
피자_골드이탈리안치즈 피자 (L),1,1,0,TRUE
피자_골드체다소세지 피자 (L),1,1,0,TRUE
피자_골드콤비네이션 피자 (L),1,1,0,TRUE
피자_골드투움바파스타 피자 (L),1,1,0,TRUE
피자_골드트러플버섯 피자 (L),1,1,0,TRUE
피자_골드페파로니 피자 (L),1,1,0,TRUE
피자_골드포테이토 피자 (L),1,1,0,TRUE
피자_골드프리미엄 불고기 피자 (L),1,1,0,TRUE
피자_골드하와이언쉬림프 피자 (L),1,1,0,TRUE
피자_골드핫치킨 피자 (L),1,1,0,TRUE
피자_골든치즈볼 피자 (L),1,1,0,TRUE
피자_골든큐브스테이크 피자,1,1,0,TRUE
피자_과카몰리 비프 쉬림프 피자,1,1,0,TRUE
피자_관자네 온 새우 피자 (L),1,1,0,TRUE
피자_관자네 온 새우 피자 (M),1,1,0,TRUE
피자_국민반반 피자 (L),1,1,0,TRUE
피자_국민반반 피자 (R),1,1,0,TRUE
피자_궁중불고기 피자 (L),1,1,0,TRUE
피자_그라나콤비네이션 피자 (L),1,1,0,TRUE
피자_그린머쉬룸 피자 골드스윗 (L),1,1,0,TRUE
피자_그린머쉬룸 피자 골드스윗 (R),1,1,0,TRUE
피자_그린머쉬룸 피자 리코타링 (L),1,1,0,TRUE
피자_그린머쉬룸 피자 리코타링 (R),1,1,0,TRUE
피자_그린머쉬룸 피자 석쇠 (L),1,1,0,TRUE
피자_그린머쉬룸 피자 석쇠 (R),1,1,0,TRUE
피자_그린머쉬룸 피자 씬바샤삭 (L),1,1,0,TRUE
피자_그린머쉬룸 피자 씬바샤삭 (R),1,1,0,TRUE
피자_그린머쉬룸 피자 치즈링 (L),1,1,0,TRUE
피자_그린머쉬룸 피자 치즈링 (R),1,1,0,TRUE
피자_그린잇 식물성 가든 스페셜 피자 오리지널 (L),1,1,0,TRUE
피자_그린잇 식물성 마가리타 피자 오리지널 (L),1,1,0,TRUE
피자_그릴드비프 갈비천왕 피자,1,1,0,TRUE
피자_그릴드포크벨리 피자 (L),1,1,0,TRUE
피자_까르보나라 피자 (L),1,1,0,TRUE
피자_까르보네 피자,1,1,0,TRUE
피자_까르보치킨 피자 (L),1,1,0,TRUE
피자_깐쇼불갈비 피자 골드스윗 (L),1,1,0,TRUE
피자_깐쇼불갈비 피자 골드스윗 (R),1,1,0,TRUE
피자_깐쇼불갈비 피자 리코타링 (L),1,1,0,TRUE
피자_깐쇼불갈비 피자 리코타링 (R),1,1,0,TRUE
피자_깐쇼불갈비 피자 석쇠 (L),1,1,0,TRUE
피자_깐쇼불갈비 피자 석쇠 (R),1,1,0,TRUE
피자_깐쇼불갈비 피자 씬도우 (L),1,1,0,TRUE
피자_깐쇼불갈비 피자 씬도우 (R),1,1,0,TRUE
피자_깐쇼불갈비 피자 씬바샤삭 (L),1,1,0,TRUE
피자_깐쇼불갈비 피자 씬바샤삭 (R),1,1,0,TRUE
피자_깐쇼불갈비 피자 치즈링 (L),1,1,0,TRUE
피자_깐쇼불갈비 피자 치즈링 (R),1,1,0,TRUE
피자_깐쇼새우 피자,1,1,0,TRUE
피자_꽃 피자 (L),1,1,0,TRUE
피자_꽃길만 감자 피자,1,1,0,TRUE
피자_꽃맛살쉬림프 피자 (XL),1,1,0,TRUE
피자_꽉채운 페퍼로니 피자 (L),1,1,0,TRUE
피자_꽉채운 페퍼로니 피자 (R),1,1,0,TRUE
피자_꿀고구마 피자 (L),1,1,0,TRUE
피자_꿀고구마 피자 바이트 (L),1,1,0,TRUE
피자_꿈을 피자 (L),1,1,0,TRUE
피자_꿈을 피자 (R),1,1,0,TRUE
피자_나이스투미트유 피자 (L),1,1,0,TRUE
피자_나폴리 피자,1,1,0,TRUE
피자_나폴리슈림프 피자,1,1,0,TRUE
피자_날개 피자 (L),1,1,0,TRUE
피자_날밤새우게 피자 (L),1,1,0,TRUE
피자_날밤새우게 피자 (R),1,1,0,TRUE
피자_넌필수있어 피자 (L),1,1,0,TRUE
피자_놀부단호박 피자 골드스윗 (L),1,1,0,TRUE
피자_놀부단호박 피자 골드스윗 (R),1,1,0,TRUE
피자_놀부단호박 피자 리코타링 (L),1,1,0,TRUE
피자_놀부단호박 피자 리코타링 (R),1,1,0,TRUE
피자_놀부단호박 피자 석쇠 (L),1,1,0,TRUE
피자_놀부단호박 피자 석쇠 (R),1,1,0,TRUE
피자_놀부단호박 피자 씬도우 (L),1,1,0,TRUE
피자_놀부단호박 피자 씬도우 (R),1,1,0,TRUE
피자_놀부단호박 피자 치즈링 (L),1,1,0,TRUE
피자_놀부단호박 피자 치즈링 (R),1,1,0,TRUE
피자_눈꽃열차 피자 (L),1,1,0,TRUE
피자_눈꽃열차 피자 (R),1,1,0,TRUE
피자_눈꽃치즈 피자 (L),1,1,0,TRUE
피자_눈꽃치즈스테이크 피자 (L),1,1,0,TRUE
피자_뉴그릴드치킨 피자 고구마크러스트 (L),1,1,0,TRUE
피자_뉴그릴드치킨 피자 고구마크러스트 (R),1,1,0,TRUE
피자_뉴그릴드치킨 피자 밀스크린 (L),1,1,0,TRUE
피자_뉴그릴드치킨 피자 밀스크린 (R),1,1,0,TRUE
피자_뉴그릴드치킨 피자 밀스크린고구마크러스트 (L),1,1,0,TRUE
피자_뉴그릴드치킨 피자 밀스크린고구마크러스트 (R),1,1,0,TRUE
피자_뉴그릴드치킨 피자 밀스크린체다크림크러스트 (L),1,1,0,TRUE
피자_뉴그릴드치킨 피자 밀스크린체다크림크러스트 (R),1,1,0,TRUE
피자_뉴그릴드치킨 피자 밀스크린치즈크러스트 (L),1,1,0,TRUE
피자_뉴그릴드치킨 피자 밀스크린치즈크러스트 (R),1,1,0,TRUE
피자_뉴그릴드치킨 피자 백미스크린 (L),1,1,0,TRUE
피자_뉴그릴드치킨 피자 백미스크린 (R),1,1,0,TRUE
피자_뉴그릴드치킨 피자 백미스크린치즈크러스트 (L),1,1,0,TRUE
피자_뉴그릴드치킨 피자 백미스크린치즈크러스트 (R),1,1,0,TRUE
피자_뉴그릴드치킨 피자 씬 (L),1,1,0,TRUE
피자_뉴그릴드치킨 피자 씬 (R),1,1,0,TRUE
피자_뉴그릴드치킨 피자 체다크림크러스트 (L),1,1,0,TRUE
피자_뉴그릴드치킨 피자 체다크림크러스트 (R),1,1,0,TRUE
피자_뉴그릴드치킨 피자 치즈크러스트 (L),1,1,0,TRUE
피자_뉴그릴드치킨 피자 치즈크러스트 (R),1,1,0,TRUE
피자_뉴그릴드치킨 피자 팬 (L),1,1,0,TRUE
피자_뉴그릴드치킨 피자 팬 (R),1,1,0,TRUE
피자_뉴그릴드치킨 피자 흑미스크린 (L),1,1,0,TRUE
피자_뉴그릴드치킨 피자 흑미스크린 (R),1,1,0,TRUE
피자_뉴그릴드치킨 피자 흑미스크린치즈크러스트 (L),1,1,0,TRUE
피자_뉴그릴드치킨 피자 흑미스크린치즈크러스트 (R),1,1,0,TRUE
피자_뉴욕 오리진 피자 나폴리 (L),1,1,0,TRUE
피자_뉴욕 오리진 피자 나폴리 (M),1,1,0,TRUE
피자_뉴욕 오리진 피자 더블치즈 엣지 (L),1,1,0,TRUE
피자_뉴욕 오리진 피자 더블치즈 엣지 (M),1,1,0,TRUE
피자_뉴욕 오리진 피자 더블치즈 페퍼로니 엣지 (L),1,1,0,TRUE
피자_뉴욕 오리진 피자 더블치즈 페퍼로니 엣지 (M),1,1,0,TRUE
피자_뉴욕 오리진 피자 슈퍼시드 화이버 버스트 오리지널 (L),1,1,0,TRUE
피자_뉴욕 오리진 피자 슈퍼시드 화이버 오리지널 (L),1,1,0,TRUE
피자_뉴욕 오리진 피자 슈퍼시드 화이버 오리지널 (M),1,1,0,TRUE
피자_뉴욕 오리진 피자 슈화 더블 치즈 페퍼로니 엣지 (L),1,1,0,TRUE
피자_뉴욕 오리진 피자 슈화 더블 치즈 페퍼로니 엣지 (M),1,1,0,TRUE
피자_뉴욕 오리진 피자 씬 (L),1,1,0,TRUE
피자_뉴욕 오리진 피자 씬 (M),1,1,0,TRUE
피자_뉴욕 오리진 피자 오리지널 (L),1,1,0,TRUE
피자_뉴욕 오리진 피자 오리지널 (M),1,1,0,TRUE
피자_뉴욕 오리진 피자 치즈버스트 나폴리 (L),1,1,0,TRUE
피자_뉴욕 오리진 피자 치즈버스트 오리지널 (L),1,1,0,TRUE
피자_뉴욕 오리진 피자 트리플치즈버스트 엣지 (L),1,1,0,TRUE
피자_뉴욕베이컨체더 피자 (L),1,1,0,TRUE
피자_뉴욕소세지 피자 오리지널 (M),1,1,0,TRUE
피자_뉴욕스테이크 피자 (L),1,1,0,TRUE
피자_뉴욕페퍼로니 피자,1,1,0,TRUE
피자_뉴욕핫독 피자 (L),1,1,0,TRUE
피자_뉴욕핫독 피자 (R),1,1,0,TRUE
피자_뉴클리어 피자 (L),1,1,0,TRUE
피자_니가가라하와이 피자 (L),1,1,0,TRUE
피자_니가가라하와이 피자 (M),1,1,0,TRUE
피자_다넣었어 피자 (L),1,1,0,TRUE
피자_다이나믹고구마무스 피자 (L),1,1,0,TRUE
피자_단짠반반 피자 (L),1,1,0,TRUE
피자_단짠반반 피자 (R),1,1,0,TRUE
피자_단짠콘후라이 피자 (L),1,1,0,TRUE
피자_단짠콘후라이 피자 (M),1,1,0,TRUE
피자_단호박 피자 (M),1,1,0,TRUE
피자_단호박 피자 (R),1,1,0,TRUE
피자_단호박 피자 라이스골드 (F),1,1,0,TRUE
피자_단호박 피자 라이스골드 (L),1,1,0,TRUE
피자_단호박 피자 라이스골드 (R),1,1,0,TRUE
피자_단호박 피자 라이스바이트 (F),1,1,0,TRUE
피자_단호박 피자 라이스바이트 (L),1,1,0,TRUE
피자_단호박 피자 백미 (L),1,1,0,TRUE
피자_단호박 피자 백미 (R),1,1,0,TRUE
피자_단호박 피자 석쇠 (F),1,1,0,TRUE
피자_단호박 피자 석쇠 (L),1,1,0,TRUE
피자_단호박 피자 석쇠 (R),1,1,0,TRUE
피자_단호박 피자 치즈크러스트 (F),1,1,0,TRUE
피자_단호박 피자 치즈크러스트 (L),1,1,0,TRUE
피자_단호박 피자 치즈크러스트 (R),1,1,0,TRUE
피자_단호박 피자 팬 (F),1,1,0,TRUE
피자_단호박 피자 팬 (L),1,1,0,TRUE
피자_단호박 피자 팬 (R),1,1,0,TRUE
피자_달 피자 (L),1,1,0,TRUE
피자_달달고구마 피자 (L),1,1,0,TRUE
피자_달달고구마 피자 (M),1,1,0,TRUE
피자_달달옥수수 피자 씬 (L),1,1,0,TRUE
피자_달짝핫도그 피자 밀도우 (L),1,1,0,TRUE
피자_달짝핫도그 피자 밀도우 (R),1,1,0,TRUE
피자_달짝핫도그 피자 씬도우 (L),1,1,0,TRUE
피자_달짝핫도그 피자 씬도우 (R),1,1,0,TRUE
피자_달콤고구마 피자,1,1,0,TRUE
피자_달콤고구마 피자 (L),1,1,0,TRUE
피자_달콤구마 피자,1,1,0,TRUE
피자_달콤딥고구마 피자 밀도우 (L),1,1,0,TRUE
피자_달콤딥고구마 피자 밀도우 (R),1,1,0,TRUE
피자_달콤딥고구마 피자 씬도우 (L),1,1,0,TRUE
피자_달콤딥고구마 피자 씬도우 (R),1,1,0,TRUE
피자_달콤불고기 피자,1,1,0,TRUE
피자_달콤옥수수 피자,1,1,0,TRUE
피자_달콤한나의고구마피자(L),1,1,0,TRUE
피자_닭발 피자 (L),1,1,0,TRUE
피자_닭발 피자 (XL),1,1,0,TRUE
피자_닭안심살 피자,1,1,0,TRUE
피자_대만 콘 치즈 감자 피자 나폴리 (L),1,1,0,TRUE
피자_대만 콘 치즈 감자 피자 더블치즈 엣지 (L),1,1,0,TRUE
피자_대만 콘 치즈 감자 피자 더블치즈 페퍼로니 엣지 (L),1,1,0,TRUE
피자_대만 콘 치즈 감자 피자 슈퍼시드 화이버 버스트 오리지널 (L),1,1,0,TRUE
피자_대만 콘 치즈 감자 피자 슈퍼시드 화이버 오리지널 (L),1,1,0,TRUE
피자_대만 콘 치즈 감자 피자 슈화 더블치즈 페퍼로니 엣지 (L),1,1,0,TRUE
피자_대만 콘 치즈 감자 피자 씬 (L),1,1,0,TRUE
피자_대만 콘 치즈 감자 피자 오리지널 (L),1,1,0,TRUE
피자_대만 콘 치즈 감자 피자 치즈버스트 나폴리 (L),1,1,0,TRUE
피자_대만 콘 치즈 감자 피자 치즈버스트 오리지널 (L),1,1,0,TRUE
피자_대만감자 피자 (L),1,1,0,TRUE
피자_대새 피자 (L),1,1,0,TRUE
피자_대새 피자 (R),1,1,0,TRUE
피자_대왕페퍼로니 피자 (L),1,1,0,TRUE
피자_대왕햄 피자 (L),1,1,0,TRUE
피자_더블 치즈버거 피자 골드링 (F),1,1,0,TRUE
피자_더블 치즈버거 피자 골드링 (L),1,1,0,TRUE
피자_더블 치즈버거 피자 골드링 (P),1,1,0,TRUE
피자_더블 치즈버거 피자 골드링씬 (F),1,1,0,TRUE
피자_더블 치즈버거 피자 씬 (F),1,1,0,TRUE
피자_더블 치즈버거 피자 오리지널 (F),1,1,0,TRUE
피자_더블 치즈버거 피자 오리지널 (L),1,1,0,TRUE
피자_더블 치즈버거 피자 오리지널 (P),1,1,0,TRUE
피자_더블 치즈버거 피자 치즈롤 (F),1,1,0,TRUE
피자_더블 치즈버거 피자 치즈롤 (L),1,1,0,TRUE
피자_더블 치즈버거 피자 치즈롤 (P),1,1,0,TRUE
피자_더블갈릭바베큐 피자,1,1,0,TRUE
피자_더블바베큐 불고기 피자 밀도우 (L),1,1,0,TRUE
피자_더블바베큐 불고기 피자 밀도우 (R),1,1,0,TRUE
피자_더블바베큐 불고기 피자 씬도우 (L),1,1,0,TRUE
피자_더블바베큐 불고기 피자 씬도우 (R),1,1,0,TRUE
피자_더블바베큐피자 (L),1,1,0,TRUE
피자_더블불고기 피자 (L),1,1,0,TRUE
피자_더블불고기 피자 오리지널 (M),1,1,0,TRUE
피자_더블불고기폭탄 피자 (L),1,1,0,TRUE
피자_더블스테이크 피자 (L),1,1,0,TRUE
피자_더블스테이크 피자 (R),1,1,0,TRUE
피자_더블체다 치즈버거 피자 골드링 (F),1,1,0,TRUE
피자_더블체다 치즈버거 피자 골드링 (L),1,1,0,TRUE
피자_더블체다 치즈버거 피자 골드링 (P),1,1,0,TRUE
피자_더블체다 치즈버거 피자 골드링씬 (F),1,1,0,TRUE
피자_더블체다 치즈버거 피자 씬 (F),1,1,0,TRUE
피자_더블체다 치즈버거 피자 오리지널 (F),1,1,0,TRUE
피자_더블체다 치즈버거 피자 오리지널 (L),1,1,0,TRUE
피자_더블체다 치즈버거 피자 오리지널 (P),1,1,0,TRUE
피자_더블체다 치즈버거 피자 치즈롤 (F),1,1,0,TRUE
피자_더블체다 치즈버거 피자 치즈롤 (L),1,1,0,TRUE
피자_더블체다 치즈버거 피자 치즈롤 (P),1,1,0,TRUE
피자_더블체다치즈버거 피자 (F),1,1,0,TRUE
피자_더블체다치즈버거 피자 (L),1,1,0,TRUE
피자_더블체다치즈버거 피자 (P),1,1,0,TRUE
피자_더블치즈 스테이크 피자 리치골드 (L),1,1,0,TRUE
피자_더블치즈 스테이크 피자 리치골드 (M),1,1,0,TRUE
피자_더블치즈 스테이크 피자 치즈크러스트 (L),1,1,0,TRUE
피자_더블치즈 스테이크 피자 치즈크러스트 (M),1,1,0,TRUE
피자_더블치즈 피자 골드스윗 (G),1,1,0,TRUE
피자_더블치즈 피자 골드스윗 (L),1,1,0,TRUE
피자_더블치즈 피자 골드스윗 (R),1,1,0,TRUE
피자_더블치즈 피자 리코타링 (G),1,1,0,TRUE
피자_더블치즈 피자 리코타링 (L),1,1,0,TRUE
피자_더블치즈 피자 리코타링 (R),1,1,0,TRUE
피자_더블치즈 피자 석쇠 (G),1,1,0,TRUE
피자_더블치즈 피자 석쇠 (L),1,1,0,TRUE
피자_더블치즈 피자 석쇠 (R),1,1,0,TRUE
피자_더블치즈 피자 씬도우 (L),1,1,0,TRUE
피자_더블치즈 피자 씬도우 (R),1,1,0,TRUE
피자_더블치즈 피자 치즈링 (G),1,1,0,TRUE
피자_더블치즈 피자 치즈링 (L),1,1,0,TRUE
피자_더블치즈 피자 치즈링 (R),1,1,0,TRUE
피자_더블치즈버거 피자 (F),1,1,0,TRUE
피자_더블치즈버거 피자 (L),1,1,0,TRUE
피자_더블치즈버거 피자 (P),1,1,0,TRUE
피자_더블치즈베이컨 피자 (L),1,1,0,TRUE
피자_더블치즈불고기 피자 (L),1,1,0,TRUE
피자_더블치즈폭탄 피자 (L),1,1,0,TRUE
피자_더블콤비네이션 피자 (L),1,1,0,TRUE
피자_더블페파로니폭탄 피자 (L),1,1,0,TRUE
피자_더블페퍼로니 피자,1,1,0,TRUE
피자_더블페퍼로니 피자 (L),1,1,0,TRUE
피자_더블포크쉬림프 피자 (L),1,1,0,TRUE
피자_더블포테이토 피자 오리지널 (M),1,1,0,TRUE
피자_더블핫치킨폭탄 피자 (L),1,1,0,TRUE
피자_도이치 피자 밀도우 (L),1,1,0,TRUE
피자_도이치 피자 밀도우 (R),1,1,0,TRUE
피자_도이치 피자 씬도우 (L),1,1,0,TRUE
피자_도이치 피자 씬도우 (R),1,1,0,TRUE
피자_도이치바이트 피자,1,1,0,TRUE
피자_돈까스웨그 피자 (L),1,1,0,TRUE
피자_돈까스웨그 피자 (M),1,1,0,TRUE
피자_두둥 바이킹쉬림프 피자 (XL),1,1,0,TRUE
피자_듬뿍체다페파로니 피자 (L),1,1,0,TRUE
피자_디럭스(치즈) 피자 고구마크러스트 (L),1,1,0,TRUE
피자_디럭스(치즈) 피자 고구마크러스트 (R),1,1,0,TRUE
피자_디럭스(치즈) 피자 밀스크린 (L),1,1,0,TRUE
피자_디럭스(치즈) 피자 밀스크린 (R),1,1,0,TRUE
피자_디럭스(치즈) 피자 밀스크린고구마크러스트 (L),1,1,0,TRUE
피자_디럭스(치즈) 피자 밀스크린고구마크러스트 (R),1,1,0,TRUE
피자_디럭스(치즈) 피자 밀스크린체다크림크러스트 (L),1,1,0,TRUE
피자_디럭스(치즈) 피자 밀스크린체다크림크러스트 (R),1,1,0,TRUE
피자_디럭스(치즈) 피자 밀스크린치즈크러스트 (L),1,1,0,TRUE
피자_디럭스(치즈) 피자 밀스크린치즈크러스트 (R),1,1,0,TRUE
피자_디럭스(치즈) 피자 백미스크린 (L),1,1,0,TRUE
피자_디럭스(치즈) 피자 백미스크린 (R),1,1,0,TRUE
피자_디럭스(치즈) 피자 백미스크린치즈크러스트 (L),1,1,0,TRUE
피자_디럭스(치즈) 피자 백미스크린치즈크러스트 (R),1,1,0,TRUE
피자_디럭스(치즈) 피자 씬 (L),1,1,0,TRUE
피자_디럭스(치즈) 피자 씬 (R),1,1,0,TRUE
피자_디럭스(치즈) 피자 체다크림크러스트 (L),1,1,0,TRUE
피자_디럭스(치즈) 피자 체다크림크러스트 (R),1,1,0,TRUE
피자_디럭스(치즈) 피자 치즈크러스트 (L),1,1,0,TRUE
피자_디럭스(치즈) 피자 치즈크러스트 (R),1,1,0,TRUE
피자_디럭스(치즈) 피자 팬 (L),1,1,0,TRUE
피자_디럭스(치즈) 피자 팬 (R),1,1,0,TRUE
피자_디럭스(치즈) 피자 흑미스크린 (L),1,1,0,TRUE
피자_디럭스(치즈) 피자 흑미스크린 (R),1,1,0,TRUE
피자_디럭스(치즈) 피자 흑미스크린치즈크러스트 (L),1,1,0,TRUE
피자_디럭스(치즈) 피자 흑미스크린치즈크러스트 (R),1,1,0,TRUE
피자_디럭스치즈 피자 라이스골드 (F),1,1,0,TRUE
피자_디럭스치즈 피자 라이스골드 (L),1,1,0,TRUE
피자_디럭스치즈 피자 라이스골드 (R),1,1,0,TRUE
피자_디럭스치즈 피자 라이스바이트 (F),1,1,0,TRUE
피자_디럭스치즈 피자 라이스바이트 (L),1,1,0,TRUE
피자_디럭스치즈 피자 석쇠 (F),1,1,0,TRUE
피자_디럭스치즈 피자 석쇠 (L),1,1,0,TRUE
피자_디럭스치즈 피자 석쇠 (R),1,1,0,TRUE
피자_디럭스치즈 피자 치즈크러스트 (F),1,1,0,TRUE
피자_디럭스치즈 피자 치즈크러스트 (L),1,1,0,TRUE
피자_디럭스치즈 피자 치즈크러스트 (R),1,1,0,TRUE
피자_디럭스치즈 피자 팬 (F),1,1,0,TRUE
피자_디럭스치즈 피자 팬 (L),1,1,0,TRUE
피자_디럭스치즈 피자 팬 (R),1,1,0,TRUE
피자_디아블로 (L),1,1,0,TRUE
피자_디아블로 피자,1,1,0,TRUE
피자_디트로이트 더블페퍼로니 피자 (L),1,1,0,TRUE
피자_디트로이트 미티디럭스 피자 (L),1,1,0,TRUE
피자_디트로이트 하와이안 피자 (L),1,1,0,TRUE
피자_딜라이트치킨볼 피자 골드 (L),1,1,0,TRUE
피자_딜라이트치킨볼 피자 골드 (M),1,1,0,TRUE
피자_딜라이트치킨볼 피자 노엣지 (L),1,1,0,TRUE
피자_딜라이트치킨볼 피자 노엣지 (M),1,1,0,TRUE
피자_딜라이트치킨볼 피자 에그타르트 (L),1,1,0,TRUE
피자_딜라이트치킨볼 피자 에그타르트 (M),1,1,0,TRUE
피자_딜라이트치킨볼 피자 치즈캡 (L),1,1,0,TRUE
피자_딜라이트치킨볼 피자 치즈캡 (M),1,1,0,TRUE
피자_딜라이트치킨볼 피자 크림치즈 (L),1,1,0,TRUE
피자_딜라이트치킨볼 피자 크림치즈 (M),1,1,0,TRUE
피자_딥치즈 피자 (L),1,1,0,TRUE
피자_딥치즈고구마 피자 (L),1,1,0,TRUE
피자_딥치즈더블바베큐 피자 (L),1,1,0,TRUE
피자_딥치즈베이컨 피자,1,1,0,TRUE
피자_딥치즈불닭 피자 (L),1,1,0,TRUE
피자_딥치즈콤비네이션 피자 (L),1,1,0,TRUE
피자_딥치즈포테이토 피자 (L),1,1,0,TRUE
피자_딥치즈핫치킨 피자,1,1,0,TRUE
피자_땡초불고기 피자 (L),1,1,0,TRUE
피자_땡초참치마요 피자 (L),1,1,0,TRUE
피자_떡갈비 피자,1,1,0,TRUE
피자_라구미트볼 시카고 피자,1,1,0,TRUE
피자_라자냐 시카고 피자,1,1,0,TRUE
피자_라코타스테이크 피자 오리지널,1,1,0,TRUE
피자_랍스타 피자 라이스골드 (F),1,1,0,TRUE
피자_랍스타 피자 라이스골드 (L),1,1,0,TRUE
피자_랍스타 피자 라이스골드 (R),1,1,0,TRUE
피자_랍스타 피자 라이스바이트 (F),1,1,0,TRUE
피자_랍스타 피자 백미떡도우 (L),1,1,0,TRUE
피자_랍스타 피자 석쇠 (F),1,1,0,TRUE
피자_랍스타 피자 석쇠 (L),1,1,0,TRUE
피자_랍스타 피자 석쇠 (R),1,1,0,TRUE
피자_랍스타 피자 치즈크러스트 (F),1,1,0,TRUE
피자_랍스타 피자 치즈크러스트 (L),1,1,0,TRUE
피자_랍스타 피자 치즈크러스트 (R),1,1,0,TRUE
피자_랍스타 피자 팬 (F),1,1,0,TRUE
피자_랍스타 피자 팬 (L),1,1,0,TRUE
피자_랍스타 피자 팬 (R),1,1,0,TRUE
피자_랍스타미트 피자,1,1,0,TRUE
피자_레드불고기 피자 (L),1,1,0,TRUE
피자_레드핫치킨 피자,1,1,0,TRUE
피자_레드핫치킨 피자 (L),1,1,0,TRUE
피자_레드핫카니발 피자 (L),1,1,0,TRUE
피자_레드핫카니발 피자 (M),1,1,0,TRUE
피자_레드핫커리 피자 (L),1,1,0,TRUE
피자_로맨틱 하와이안 피자 밀도우 (L),1,1,0,TRUE
피자_로맨틱 하와이안 피자 밀도우 (R),1,1,0,TRUE
피자_로맨틱 하와이안 피자 씬도우 (L),1,1,0,TRUE
피자_로맨틱 하와이안 피자 씬도우 (R),1,1,0,TRUE
피자_로얄 립 스테이크 피자 골드바이트 (L),1,1,0,TRUE
피자_로얄 립 스테이크 피자 골드바이트 (M),1,1,0,TRUE
피자_로얄 립 스테이크 피자 노엣지 (L),1,1,0,TRUE
피자_로얄 립 스테이크 피자 노엣지 (M),1,1,0,TRUE
피자_로얄 립 스테이크 피자 리치골드 (L),1,1,0,TRUE
피자_로얄 립 스테이크 피자 리치골드 (M),1,1,0,TRUE
피자_로얄 립 스테이크 피자 치즈크러스트 (L),1,1,0,TRUE
피자_로얄 립 스테이크 피자 치즈크러스트 (M),1,1,0,TRUE
피자_로얄포테이토 피자,1,1,0,TRUE
피자_로제블랙소세지 피자,1,1,0,TRUE
피자_로즈 피자 밀도우 (L),1,1,0,TRUE
피자_로즈 피자 밀도우 (R),1,1,0,TRUE
피자_로즈 피자 씬도우 (L),1,1,0,TRUE
피자_로즈 피자 씬도우 (R),1,1,0,TRUE
피자_롤롤페파로니 피자 (L),1,1,0,TRUE
피자_리모 피자,1,1,0,TRUE
피자_리얼 더블 불고기 피자 (XL),1,1,0,TRUE
피자_리얼게살쉬림프 피자 (L),1,1,0,TRUE
피자_리얼단호박 피자 밀도우 (L),1,1,0,TRUE
피자_리얼단호박 피자 밀도우 (R),1,1,0,TRUE
피자_리얼단호박 피자 씬도우 (L),1,1,0,TRUE
피자_리얼단호박 피자 씬도우 (R),1,1,0,TRUE
피자_리얼랍스터스테이크 피자 골드스윗 (L),1,1,0,TRUE
피자_리얼랍스터스테이크 피자 리코타링 (L),1,1,0,TRUE
피자_리얼랍스터스테이크 피자 석쇠 (L),1,1,0,TRUE
피자_리얼랍스터스테이크 피자 씬도우 (L),1,1,0,TRUE
피자_리얼랍스터스테이크 피자 치즈링 (L),1,1,0,TRUE
피자_리얼미트 피자 (L),1,1,0,TRUE
피자_리얼불고기 피자 나폴리 (L),1,1,0,TRUE
피자_리얼불고기 피자 나폴리 (M),1,1,0,TRUE
피자_리얼불고기 피자 더블치즈 엣지 (L),1,1,0,TRUE
피자_리얼불고기 피자 더블치즈 엣지 (M),1,1,0,TRUE
피자_리얼불고기 피자 더블치즈 페퍼로니 엣지 (L),1,1,0,TRUE
피자_리얼불고기 피자 더블치즈 페퍼로니 엣지 (M),1,1,0,TRUE
피자_리얼불고기 피자 슈퍼시드 화이버 버스트 오리지널 (L),1,1,0,TRUE
피자_리얼불고기 피자 슈퍼시드 화이버 오리지널 (L),1,1,0,TRUE
피자_리얼불고기 피자 슈퍼시드 화이버 오리지널 (M),1,1,0,TRUE
피자_리얼불고기 피자 슈화 더블 치즈 페퍼로니 엣지 (L),1,1,0,TRUE
피자_리얼불고기 피자 슈화 더블 치즈 페퍼로니 엣지 (M),1,1,0,TRUE
피자_리얼불고기 피자 씬 (L),1,1,0,TRUE
피자_리얼불고기 피자 씬 (M),1,1,0,TRUE
피자_리얼불고기 피자 오리지널 (L),1,1,0,TRUE
피자_리얼불고기 피자 오리지널 (M),1,1,0,TRUE
피자_리얼불고기 피자 치즈버스트 나폴리 (L),1,1,0,TRUE
피자_리얼불고기 피자 치즈버스트 오리지널 (L),1,1,0,TRUE
피자_리얼불고기 피자 트리플치즈버스트 엣지 (L),1,1,0,TRUE
피자_리얼불고기피자 (L),1,1,0,TRUE
피자_리얼불콕 피자 (L),1,1,0,TRUE
피자_리얼불콕 피자 (R),1,1,0,TRUE
피자_리얼수제고구마 피자 (L),1,1,0,TRUE
피자_리얼시카고오리지널 피자 (L),1,1,0,TRUE
피자_리얼치즈 피자 밀도우 (L),1,1,0,TRUE
피자_리얼치즈 피자 밀도우 (R),1,1,0,TRUE
피자_리얼치즈 피자 씬도우 (L),1,1,0,TRUE
피자_리얼치즈 피자 씬도우 (R),1,1,0,TRUE
피자_리얼치즈피자 (L),1,1,0,TRUE
피자_리얼큐브달달구마 피자 (L),1,1,0,TRUE
피자_리얼페퍼로니피자(L),1,1,0,TRUE
피자_리얼핫도그 피자 (L),1,1,0,TRUE
피자_리얼핫도그 피자 (M),1,1,0,TRUE
피자_리치고구마치킨 피자 골드스윗 (L),1,1,0,TRUE
피자_리치고구마치킨 피자 골드스윗 (R),1,1,0,TRUE
피자_리치고구마치킨 피자 리코타링 (L),1,1,0,TRUE
피자_리치고구마치킨 피자 리코타링 (R),1,1,0,TRUE
피자_리치고구마치킨 피자 석쇠 (L),1,1,0,TRUE
피자_리치고구마치킨 피자 석쇠 (R),1,1,0,TRUE
피자_리치고구마치킨 피자 씬도우 (L),1,1,0,TRUE
피자_리치고구마치킨 피자 씬도우 (R),1,1,0,TRUE
피자_리치고구마치킨 피자 씬바샤삭 (L),1,1,0,TRUE
피자_리치고구마치킨 피자 씬바샤삭 (R),1,1,0,TRUE
피자_리치고구마치킨 피자 치즈링 (L),1,1,0,TRUE
피자_리치고구마치킨 피자 치즈링 (R),1,1,0,TRUE
피자_리치골드 피자 (L),1,1,0,TRUE
피자_리치골드 피자 (XL),1,1,0,TRUE
피자_리치킨 BBQ 피자 (L),1,1,0,TRUE
피자_리치킨 BBQ 피자 (M),1,1,0,TRUE
피자_리코타 페퍼로니 킹덤 피자 나폴리 (L),1,1,0,TRUE
피자_리코타 페퍼로니 킹덤 피자 나폴리 (M),1,1,0,TRUE
피자_리코타 페퍼로니 킹덤 피자 더블치즈 엣지 (L),1,1,0,TRUE
피자_리코타 페퍼로니 킹덤 피자 더블치즈 엣지 (M),1,1,0,TRUE
피자_리코타 페퍼로니 킹덤 피자 더블치즈 페퍼로니 엣지 (L),1,1,0,TRUE
피자_리코타 페퍼로니 킹덤 피자 더블치즈 페퍼로니 엣지 (M),1,1,0,TRUE
피자_리코타 페퍼로니 킹덤 피자 슈퍼시드 화이버 오리지널 (L),1,1,0,TRUE
피자_리코타 페퍼로니 킹덤 피자 슈퍼시드 화이버 오리지널 (M),1,1,0,TRUE
피자_리코타 페퍼로니 킹덤 피자 슈화 더블치즈 페퍼로니 엣지 (L),1,1,0,TRUE
피자_리코타 페퍼로니 킹덤 피자 슈화 더블치즈 페퍼로니 엣지 (M),1,1,0,TRUE
피자_리코타 페퍼로니 킹덤 피자 씬 (L),1,1,0,TRUE
피자_리코타 페퍼로니 킹덤 피자 씬 (M),1,1,0,TRUE
피자_리코타 페퍼로니 킹덤 피자 오리지널 (L),1,1,0,TRUE
피자_리코타 페퍼로니 킹덤 피자 오리지널 (M),1,1,0,TRUE
피자_리코타 페퍼로니 킹덤 피자 치즈버스트 나폴리 (L),1,1,0,TRUE
피자_리코타 페퍼로니 킹덤 피자 치즈버스트 오리지널 (L),1,1,0,TRUE
피자_리코타 페퍼로니 킹덤 피자 화이버 버스트 오리지널 (L),1,1,0,TRUE
피자_리코타 페퍼로니 킹덤 피자 화이버 엣지 오리지널 (L),1,1,0,TRUE
피자_리코타 페퍼로니 킹덤 피자 화이버 엣지 오리지널 (M),1,1,0,TRUE
피자_립스테이크 피자 더블치즈크러스트 (L),1,1,0,TRUE
피자_립스테이크 피자 더블치즈크러스트 (M),1,1,0,TRUE
피자_립스테이크 피자 리치골드 (L),1,1,0,TRUE
피자_립스테이크 피자 리치골드 (M),1,1,0,TRUE
피자_립스테이크 피자 프리미엄 오리지널 (L),1,1,0,TRUE
피자_립스테이크 피자 프리미엄 오리지널 (M),1,1,0,TRUE
피자_립스테이크 피자 프리첼 치즈 (L),1,1,0,TRUE
피자_립스테이크 피자 프리첼 치즈 (M),1,1,0,TRUE
피자_립스테이크&쉬림프 피자 더블치즈크러스트 (L),1,1,0,TRUE
피자_립스테이크&쉬림프 피자 리치골드 (L),1,1,0,TRUE
피자_립스테이크&쉬림프 피자 프리미엄 오리지널 (L),1,1,0,TRUE
피자_립스테이크&쉬림프 피자 프리첼 치즈 (L),1,1,0,TRUE
피자_립스테이크&케이준쉬림프 피자 골드바이트 (L),1,1,0,TRUE
피자_립스테이크&케이준쉬림프 피자 노엣지 (L),1,1,0,TRUE
피자_립스테이크&케이준쉬림프 피자 리치골드 (L),1,1,0,TRUE
피자_립스테이크&케이준쉬림프 피자 치즈크러스트 (L),1,1,0,TRUE
피자_립스테이크&케이준쉬림프 피자 콘치즈포켓 (L),1,1,0,TRUE
피자_마가리타 피자 (F),1,1,0,TRUE
피자_마가리타 피자 (L),1,1,0,TRUE
피자_마가리타 피자 (P),1,1,0,TRUE
피자_마가리타 피자 (R),1,1,0,TRUE
피자_마가리타 피자 골드링 (F),1,1,0,TRUE
피자_마가리타 피자 골드링 (L),1,1,0,TRUE
피자_마가리타 피자 골드링 (P),1,1,0,TRUE
피자_마가리타 피자 골드링씬 (F),1,1,0,TRUE
피자_마가리타 피자 씬 (F),1,1,0,TRUE
피자_마가리타 피자 오리지널 (F),1,1,0,TRUE
피자_마가리타 피자 오리지널 (L),1,1,0,TRUE
피자_마가리타 피자 오리지널 (P),1,1,0,TRUE
피자_마가리타 피자 오리지널 (R),1,1,0,TRUE
피자_마가리타 피자 치즈롤 (F),1,1,0,TRUE
피자_마가리타 피자 치즈롤 (L),1,1,0,TRUE
피자_마가리타 피자 치즈롤 (P),1,1,0,TRUE
피자_마늘통삼겹 피자 (L),1,1,0,TRUE
피자_마라 피자 골드스윗 (L),1,1,0,TRUE
피자_마라 피자 골드스윗 (R),1,1,0,TRUE
피자_마라 피자 리코타링 (L),1,1,0,TRUE
피자_마라 피자 리코타링 (R),1,1,0,TRUE
피자_마라 피자 마라링 (L),1,1,0,TRUE
피자_마라 피자 마라링 (R),1,1,0,TRUE
피자_마라 피자 석쇠 (L),1,1,0,TRUE
피자_마라 피자 석쇠 (R),1,1,0,TRUE
피자_마라 피자 씬바샤삭 (L),1,1,0,TRUE
피자_마라 피자 씬바샤삭 (R),1,1,0,TRUE
피자_마루베스트 피자 (L),1,1,0,TRUE
피자_마르게리타 피자,1,1,0,TRUE
피자_마르게리타 피자 씬 (L),1,1,0,TRUE
피자_마르게리타 피자 오리지널 (L),1,1,0,TRUE
피자_마르게리타 피자 오리지널 (M),1,1,0,TRUE
피자_마르게리타 피자 오리지널 파마산 치즈 (L),1,1,0,TRUE
피자_마르게리타 피자 오리지널 파마산 치즈 (M),1,1,0,TRUE
피자_마르게리타 피자 팬 (L),1,1,0,TRUE
피자_마블 피자 (L),1,1,0,TRUE
피자_마스터트리플코스 피자 오리지널 (L),1,1,0,TRUE
피자_마약 옥수수 피자,1,1,0,TRUE
피자_만수르 피자 (M),1,1,0,TRUE
피자_매달매달 피자 (L),1,1,0,TRUE
피자_매드쉬림프피자(L),1,1,0,TRUE
피자_매운불고기 피자,1,1,0,TRUE
피자_매콤불고기 피자 (L),1,1,0,TRUE
피자_매콤핫치킨 피자 (L),1,1,0,TRUE
피자_맵 피자 (L),1,1,0,TRUE
피자_맵고달고 피자 (L),1,1,0,TRUE
피자_맵단불고기 피자,1,1,0,TRUE
피자_맵슐랭 피자 (12인치),1,1,0,TRUE
피자_맵슐랭 피자 (7인치),1,1,0,TRUE
피자_메가쉬림프 피자 (L),1,1,0,TRUE
피자_멕시칸맥쉬림프 피자 (L),1,1,0,TRUE
피자_멕시칸바이트 피자,1,1,0,TRUE
피자_멕시칸하바네로 피자 골드 (L),1,1,0,TRUE
피자_멕시칸하바네로 피자 골드 (R),1,1,0,TRUE
피자_멕시칸하바네로 피자 씬크러스트 (R),1,1,0,TRUE
피자_멕시칸하바네로 피자 에그타르트 (L),1,1,0,TRUE
피자_멕시칸하바네로 피자 에그타르트 (R),1,1,0,TRUE
피자_멕시칸하바네로 피자 오리진 (L),1,1,0,TRUE
피자_멕시칸하바네로 피자 오리진 (R),1,1,0,TRUE
피자_멕시칸하바네로 피자 치즈캡 (L),1,1,0,TRUE
피자_멕시칸하바네로 피자 치즈캡 (R),1,1,0,TRUE
피자_멕시칸하바네로 피자 크림치즈 (L),1,1,0,TRUE
피자_멕시칸하바네로 피자 크림치즈 (R),1,1,0,TRUE
피자_멜로우머쉬룸 피자 (F),1,1,0,TRUE
피자_멜로우머쉬룸 피자 (L),1,1,0,TRUE
피자_멜로우머쉬룸 피자 (P),1,1,0,TRUE
피자_멜로우머쉬룸 피자 (R),1,1,0,TRUE
피자_멜팅치즈 피자 (L),1,1,0,TRUE
피자_멜팅치즈 피자 (M),1,1,0,TRUE
피자_멜팅하와이안 피자,1,1,0,TRUE
피자_멜팅하와이안 피자 (L),1,1,0,TRUE
피자_모모스테키 피자 (L),1,1,0,TRUE
피자_모모스테키 피자 (M),1,1,0,TRUE
피자_모자이크 피자 씬 (L),1,1,0,TRUE
피자_모자이크 피자 씬 (R),1,1,0,TRUE
피자_모짜렐라 루꼴라 포카챠,1,1,0,TRUE
피자_모짜렐라치즈 피자,1,1,0,TRUE
피자_목동 피자 (L),1,1,0,TRUE
피자_목동 피자 (R),1,1,0,TRUE
피자_몬스터고구마 피자 (L),1,1,0,TRUE
피자_몬스터꿀고구마 피자 (L),1,1,0,TRUE
피자_몬스터불고기 피자 (L),1,1,0,TRUE
피자_몬스터스테이크불갈비 피자 (L),1,1,0,TRUE
피자_몬스터이탈리안 피자 (L),1,1,0,TRUE
피자_몬스터콤비네이션 피자 (L),1,1,0,TRUE
피자_몬스터페퍼로니 피자 (L),1,1,0,TRUE
피자_몬스터포테이토 피자 (L),1,1,0,TRUE
피자_몬스터하와이안쉬림프 피자 (L),1,1,0,TRUE
피자_몽뻬르 피자 (L),1,1,0,TRUE
피자_묻고페퍼더블로가 피자 (L),1,1,0,TRUE
피자_묻고페퍼더블로가 피자 (R),1,1,0,TRUE
피자_미니고구마무스 피자,1,1,0,TRUE
피자_미니바싹불고기 피자,1,1,0,TRUE
피자_미니콤비네이션 피자,1,1,0,TRUE
피자_미스터트리오 피자 골드 (L),1,1,0,TRUE
피자_미스터트리오 피자 골드 (M),1,1,0,TRUE
피자_미스터트리오 피자 골드 (R),1,1,0,TRUE
피자_미스터트리오 피자 노엣지 (L),1,1,0,TRUE
피자_미스터트리오 피자 노엣지 (M),1,1,0,TRUE
피자_미스터트리오 피자 노엣지 (R),1,1,0,TRUE
피자_미스터트리오 피자 에그타르트 (L),1,1,0,TRUE
피자_미스터트리오 피자 에그타르트 (M),1,1,0,TRUE
피자_미스터트리오 피자 에그타르트 (R),1,1,0,TRUE
피자_미스터트리오 피자 치즈캡 (L),1,1,0,TRUE
피자_미스터트리오 피자 치즈캡 (M),1,1,0,TRUE
피자_미스터트리오 피자 치즈캡 (R),1,1,0,TRUE
피자_미스터트리오 피자 크림치즈 (L),1,1,0,TRUE
피자_미스터트리오 피자 크림치즈 (M),1,1,0,TRUE
피자_미스터트리오 피자 크림치즈 (R),1,1,0,TRUE
피자_미트러버 피자,1,1,0,TRUE
피자_미트볼페퍼로니 피자 (L),1,1,0,TRUE
피자_미트볼페퍼로니 피자 (M),1,1,0,TRUE
피자_미트볼하우스 피자 (XL),1,1,0,TRUE
피자_미트살라미 피자 (L),1,1,0,TRUE
피자_미트살라미 피자 (M),1,1,0,TRUE
피자_미트치폴레 피자,1,1,0,TRUE
피자_바베큐골드포크 피자 (L),1,1,0,TRUE
피자_바베큐골드포크 피자 (M),1,1,0,TRUE
피자_바베큐불고기 피자 (L),1,1,0,TRUE
피자_바베큐치킨 피자,1,1,0,TRUE
피자_바베큐치킨 피자 바이트 (L),1,1,0,TRUE
피자_바베큐치킨콤보 피자 (L),1,1,0,TRUE
피자_바베큐포테이토 피자 (L),1,1,0,TRUE
피자_바베큐플래터 피자 (L),1,1,0,TRUE
피자_바베큐플래터 피자 (M),1,1,0,TRUE
피자_바비큐 시카고 딥디쉬 피자,1,1,0,TRUE
피자_바삭한허니비피자(L),1,1,0,TRUE
피자_바싹불고기 피자,1,1,0,TRUE
피자_바이트골드 피자 (L),1,1,0,TRUE
피자_바질버터관자 피자 (L),1,1,0,TRUE
피자_바질크림치즈디쉬 피자 (L),1,1,0,TRUE
피자_바질플렉스 피자 (XL),1,1,0,TRUE
피자_반&반 피자 골드스윗 (L),1,1,0,TRUE
피자_반&반 피자 골드스윗 (R),1,1,0,TRUE
피자_반&반 피자 리코타링 (L),1,1,0,TRUE
피자_반&반 피자 리코타링 (R),1,1,0,TRUE
피자_반&반 피자 석쇠 (L),1,1,0,TRUE
피자_반&반 피자 석쇠 (R),1,1,0,TRUE
피자_반&반 피자 씬도우 (L),1,1,0,TRUE
피자_반&반 피자 씬도우 (R),1,1,0,TRUE
피자_반&반 피자 씬바샤삭 (L),1,1,0,TRUE
피자_반&반 피자 씬바샤삭 (R),1,1,0,TRUE
피자_반&반 피자 치즈링 (L),1,1,0,TRUE
피자_반&반 피자 치즈링 (R),1,1,0,TRUE
피자_반미터 맛있는 피자,1,1,0,TRUE
피자_반미터 생각나는 피자,1,1,0,TRUE
피자_반미터네가지 피자 (L),1,1,0,TRUE
피자_반올림고구마골드 피자 (R),1,1,0,TRUE
피자_발사믹 피자 (F),1,1,0,TRUE
피자_발사믹 피자 (L),1,1,0,TRUE
피자_발사믹 피자 (R),1,1,0,TRUE
피자_밤스위트골드 피자 (F),1,1,0,TRUE
피자_밤스위트골드 피자 (L),1,1,0,TRUE
피자_밤스위트골드 피자 (R),1,1,0,TRUE
피자_밤호박 피자 고구마크러스트 (L),1,1,0,TRUE
피자_밤호박 피자 고구마크러스트 (R),1,1,0,TRUE
피자_밤호박 피자 밀스크린 (L),1,1,0,TRUE
피자_밤호박 피자 밀스크린 (R),1,1,0,TRUE
피자_밤호박 피자 밀스크린고구마크러스트 (L),1,1,0,TRUE
피자_밤호박 피자 밀스크린고구마크러스트 (R),1,1,0,TRUE
피자_밤호박 피자 밀스크린체다크림크러스트 (L),1,1,0,TRUE
피자_밤호박 피자 밀스크린체다크림크러스트 (R),1,1,0,TRUE
피자_밤호박 피자 밀스크린치즈크러스트 (L),1,1,0,TRUE
피자_밤호박 피자 밀스크린치즈크러스트 (R),1,1,0,TRUE
피자_밤호박 피자 백미스크린 (L),1,1,0,TRUE
피자_밤호박 피자 백미스크린치즈크러스트 (L),1,1,0,TRUE
피자_밤호박 피자 백미스크린치즈크러스트 (R),1,1,0,TRUE
피자_밤호박 피자 씬 (L),1,1,0,TRUE
피자_밤호박 피자 씬 (R),1,1,0,TRUE
피자_밤호박 피자 체다크림크러스트 (L),1,1,0,TRUE
피자_밤호박 피자 체다크림크러스트 (R),1,1,0,TRUE
피자_밤호박 피자 치즈크러스트 (L),1,1,0,TRUE
피자_밤호박 피자 치즈크러스트 (R),1,1,0,TRUE
피자_밤호박 피자 팬 (L),1,1,0,TRUE
피자_밤호박 피자 팬 (R),1,1,0,TRUE
피자_밤호박 피자 흑미스크린 (L),1,1,0,TRUE
피자_밤호박 피자 흑미스크린 (R),1,1,0,TRUE
피자_밤호박 피자 흑미스크린치즈크러스트 (L),1,1,0,TRUE
피자_밤호박 피자 흑미스크린치즈크러스트 (R),1,1,0,TRUE
피자_배이컨치즈 피자 (L),1,1,0,TRUE
피자_배이컨치즈 피자 (M),1,1,0,TRUE
피자_버팔로 피자 고구마크러스트 (L),1,1,0,TRUE
피자_버팔로 피자 고구마크러스트 (R),1,1,0,TRUE
피자_버팔로 피자 밀스크린 (L),1,1,0,TRUE
피자_버팔로 피자 밀스크린 (R),1,1,0,TRUE
피자_버팔로 피자 밀스크린고구마크러스트 (L),1,1,0,TRUE
피자_버팔로 피자 밀스크린고구마크러스트 (R),1,1,0,TRUE
피자_버팔로 피자 밀스크린체다크림크러스트 (L),1,1,0,TRUE
피자_버팔로 피자 밀스크린체다크림크러스트 (R),1,1,0,TRUE
피자_버팔로 피자 밀스크린치즈크러스트 (L),1,1,0,TRUE
피자_버팔로 피자 밀스크린치즈크러스트 (R),1,1,0,TRUE
피자_버팔로 피자 백미스크린 (L),1,1,0,TRUE
피자_버팔로 피자 백미스크린 (R),1,1,0,TRUE
피자_버팔로 피자 백미스크린치즈크러스트 (L),1,1,0,TRUE
피자_버팔로 피자 백미스크린치즈크러스트 (R),1,1,0,TRUE
피자_버팔로 피자 씬 (L),1,1,0,TRUE
피자_버팔로 피자 씬 (R),1,1,0,TRUE
피자_버팔로 피자 체다크림크러스트 (L),1,1,0,TRUE
피자_버팔로 피자 체다크림크러스트 (R),1,1,0,TRUE
피자_버팔로 피자 치즈크러스트 (L),1,1,0,TRUE
피자_버팔로 피자 치즈크러스트 (R),1,1,0,TRUE
피자_버팔로 피자 팬 (L),1,1,0,TRUE
피자_버팔로 피자 팬 (R),1,1,0,TRUE
피자_버팔로 피자 흑미스크린 (L),1,1,0,TRUE
피자_버팔로 피자 흑미스크린 (R),1,1,0,TRUE
피자_버팔로 피자 흑미스크린치즈크러스트 (L),1,1,0,TRUE
피자_버팔로 피자 흑미스크린치즈크러스트 (R),1,1,0,TRUE
피자_베스트 콰트로 치즈버스트 피자 나폴리 (L),1,1,0,TRUE
피자_베스트 콰트로 치즈버스트 피자 오리지널 (L),1,1,0,TRUE
피자_베스트 콰트로 피자 나폴리 (L),1,1,0,TRUE
피자_베스트 콰트로 피자 나폴리 (M),1,1,0,TRUE
피자_베스트 콰트로 피자 더블치즈 엣지 (L),1,1,0,TRUE
피자_베스트 콰트로 피자 더블치즈 엣지 (M),1,1,0,TRUE
피자_베스트 콰트로 피자 더블치즈 페퍼로니 엣지 (L),1,1,0,TRUE
피자_베스트 콰트로 피자 더블치즈 페퍼로니 엣지 (M),1,1,0,TRUE
피자_베스트 콰트로 피자 슈퍼시드 화이버 버스트 오리지널 (L),1,1,0,TRUE
피자_베스트 콰트로 피자 슈퍼시드 화이버 오리지널 (L),1,1,0,TRUE
피자_베스트 콰트로 피자 슈퍼시드 화이버 오리지널 (M),1,1,0,TRUE
피자_베스트 콰트로 피자 슈화 더블 치즈 페퍼로니 엣지 (L),1,1,0,TRUE
피자_베스트 콰트로 피자 슈화 더블 치즈 페퍼로니 엣지 (M),1,1,0,TRUE
피자_베스트 콰트로 피자 씬 (L),1,1,0,TRUE
피자_베스트 콰트로 피자 씬 (M),1,1,0,TRUE
피자_베스트 콰트로 피자 오리지널 (L),1,1,0,TRUE
피자_베스트 콰트로 피자 오리지널 (M),1,1,0,TRUE
피자_베이컨 포테이토 스퀘어 피자,1,1,0,TRUE
피자_베이컨 포테이토 피자 (L),1,1,0,TRUE
피자_베이컨 포테이토 피자 (M),1,1,0,TRUE
피자_베이컨 포테이토 피자 밀도우 (L),1,1,0,TRUE
피자_베이컨 포테이토 피자 밀도우 (R),1,1,0,TRUE
피자_베이컨 포테이토 피자 씬도우 (L),1,1,0,TRUE
피자_베이컨 포테이토 피자 씬도우 (R),1,1,0,TRUE
피자_베이컨 피자,1,1,0,TRUE
피자_베이컨듬뿍 피자 크림 (L),1,1,0,TRUE
피자_베이컨듬뿍 피자 토마토 (L),1,1,0,TRUE
피자_베이컨딥체다치즈 피자 (L),1,1,0,TRUE
피자_베이컨불고기 피자,1,1,0,TRUE
피자_베이컨소세지 피자,1,1,0,TRUE
피자_베이컨소시지 피자 (L),1,1,0,TRUE
피자_베이컨쉬림프 피자 (R),1,1,0,TRUE
피자_베이컨쉬림프 피자 밀도우 (L),1,1,0,TRUE
피자_베이컨쉬림프 피자 밀도우 (R),1,1,0,TRUE
피자_베이컨쉬림프 피자 씬도우 (L),1,1,0,TRUE
피자_베이컨쉬림프 피자 씬도우 (R),1,1,0,TRUE
피자_베이컨왕손포테이토 피자 (L),1,1,0,TRUE
피자_베이컨의꿈 피자 (L),1,1,0,TRUE
피자_베이컨체다 피자,1,1,0,TRUE
피자_베이컨체다 피자 밀도우 (L),1,1,0,TRUE
피자_베이컨체다 피자 밀도우 (R),1,1,0,TRUE
피자_베이컨체다 피자 씬도우 (L),1,1,0,TRUE
피자_베이컨체다 피자 씬도우 (R),1,1,0,TRUE
피자_베이컨체다치즈 피자,1,1,0,TRUE
피자_베이컨체다치즈 피자 (M),1,1,0,TRUE
피자_베이컨체더 피자 더블치즈 엣지 (L),1,1,0,TRUE
피자_베이컨체더 피자 더블치즈 엣지 (M),1,1,0,TRUE
피자_베이컨체더 피자 슈퍼시드 화이버 버스트 오리지널 (L),1,1,0,TRUE
피자_베이컨체더 피자 슈퍼시드 화이버 오리지널 (L),1,1,0,TRUE
피자_베이컨체더 피자 슈퍼시드 화이버 오리지널 (M),1,1,0,TRUE
피자_베이컨체더 피자 슈화 더블 치즈 페퍼로니 엣지 (L),1,1,0,TRUE
피자_베이컨체더 피자 슈화 더블 치즈 페퍼로니 엣지 (M),1,1,0,TRUE
피자_베이컨체더치즈 피자 나폴리 (L),1,1,0,TRUE
피자_베이컨체더치즈 피자 나폴리 (M),1,1,0,TRUE
피자_베이컨체더치즈 피자 더블치즈 페퍼로니 엣지 (L),1,1,0,TRUE
피자_베이컨체더치즈 피자 더블치즈 페퍼로니 엣지 (M),1,1,0,TRUE
피자_베이컨체더치즈 피자 씬 (L),1,1,0,TRUE
피자_베이컨체더치즈 피자 씬 (M),1,1,0,TRUE
피자_베이컨체더치즈 피자 오리지널 (L),1,1,0,TRUE
피자_베이컨체더치즈 피자 오리지널 (M),1,1,0,TRUE
피자_베이컨체더치즈 피자 치즈버스트 나폴리 (L),1,1,0,TRUE
피자_베이컨치즈후라이 피자 (L),1,1,0,TRUE
피자_베이컨파인 피자 (XL),1,1,0,TRUE
피자_베이컨포테이토 피자 (M),1,1,0,TRUE
피자_베이컨포테이토 피자 (R),1,1,0,TRUE
피자_베이컨포테이토 피자 더블치즈크러스트 (L),1,1,0,TRUE
피자_베이컨포테이토 피자 더블치즈크러스트 (M),1,1,0,TRUE
피자_베이컨포테이토 피자 리치골드 (L),1,1,0,TRUE
피자_베이컨포테이토 피자 리치골드 (M),1,1,0,TRUE
피자_베이컨포테이토 피자 오리지널 (M),1,1,0,TRUE
피자_베이컨포테이토 피자 치즈크러스트 (L),1,1,0,TRUE
피자_베이컨포테이토 피자 치즈크러스트 (M),1,1,0,TRUE
피자_베이컨포테이토 피자 프리첼 치즈 (L),1,1,0,TRUE
피자_베이컨포테이토 피자 프리첼 치즈 (M),1,1,0,TRUE
피자_베이컨할라피뇨 피자,1,1,0,TRUE
피자_베이컨후라이 피자 밀도우 (L),1,1,0,TRUE
피자_베이컨후라이 피자 밀도우 (R),1,1,0,TRUE
피자_베이컨후라이 피자 씬도우 (L),1,1,0,TRUE
피자_베이컨후라이 피자 씬도우 (R),1,1,0,TRUE
피자_베이토 피자 (L),1,1,0,TRUE
피자_베이토 피자 (R),1,1,0,TRUE
피자_베지테리안 1인피자,1,1,0,TRUE
피자_베지테리안 피자 오리진 (L),1,1,0,TRUE
피자_베지테리안 피자 오리진 (M),1,1,0,TRUE
피자_베지테리안 피자 치즈캡 (L),1,1,0,TRUE
피자_베지테리안 피자 치즈캡 (M),1,1,0,TRUE
피자_베페로니 피자 (L),1,1,0,TRUE
피자_보스 포테이토 피자 (XL),1,1,0,TRUE
피자_복성로 불고기 피자,1,1,0,TRUE
피자_부라타치즈 피자,1,1,0,TRUE
피자_부어스트 피자 씬 (L),1,1,0,TRUE
피자_불갈비 피자 (L),1,1,0,TRUE
피자_불갈비 피자 (XL),1,1,0,TRUE
피자_불고기 1인피자,1,1,0,TRUE
피자_불고기 체다 스타라이트 피자 나폴리 (L),1,1,0,TRUE
피자_불고기 체다 스타라이트 피자 나폴리 (M),1,1,0,TRUE
피자_불고기 체다 스타라이트 피자 더블치즈 엣지 (L),1,1,0,TRUE
피자_불고기 체다 스타라이트 피자 더블치즈 엣지 (M),1,1,0,TRUE
피자_불고기 체다 스타라이트 피자 더블치즈 페퍼로니 엣지 (L),1,1,0,TRUE
피자_불고기 체다 스타라이트 피자 더블치즈 페퍼로니 엣지 (M),1,1,0,TRUE
피자_불고기 체다 스타라이트 피자 슈퍼시드 화이버 오리지널 (L),1,1,0,TRUE
피자_불고기 체다 스타라이트 피자 슈퍼시드 화이버 오리지널 (M),1,1,0,TRUE
피자_불고기 체다 스타라이트 피자 슈화 더블치즈 페퍼로니 엣지 (L),1,1,0,TRUE
피자_불고기 체다 스타라이트 피자 슈화 더블치즈 페퍼로니 엣지 (M),1,1,0,TRUE
피자_불고기 체다 스타라이트 피자 씬 (L),1,1,0,TRUE
피자_불고기 체다 스타라이트 피자 씬 (M),1,1,0,TRUE
피자_불고기 체다 스타라이트 피자 오리지널 (L),1,1,0,TRUE
피자_불고기 체다 스타라이트 피자 오리지널 (M),1,1,0,TRUE
피자_불고기 체다 스타라이트 피자 치즈버스트 나폴리 (L),1,1,0,TRUE
피자_불고기 체다 스타라이트 피자 치즈버스트 오리지널 (L),1,1,0,TRUE
피자_불고기 체다 스타라이트 피자 화이버 버스트 오리지널 (L),1,1,0,TRUE
피자_불고기 체다 스타라이트 피자 화이버 엣지 오리지널 (L),1,1,0,TRUE
피자_불고기 체다 스타라이트 피자 화이버 엣지 오리지널 (M),1,1,0,TRUE
피자_불고기 피자 (R),1,1,0,TRUE
피자_불고기 피자 (XL),1,1,0,TRUE
피자_불고기 피자 고구마크러스트 (L),1,1,0,TRUE
피자_불고기 피자 고구마크러스트 (R),1,1,0,TRUE
피자_불고기 피자 골드스윗 (G),1,1,0,TRUE
피자_불고기 피자 골드스윗 (L),1,1,0,TRUE
피자_불고기 피자 골드스윗 (R),1,1,0,TRUE
피자_불고기 피자 리코타링 (G),1,1,0,TRUE
피자_불고기 피자 리코타링 (L),1,1,0,TRUE
피자_불고기 피자 리코타링 (R),1,1,0,TRUE
피자_불고기 피자 밀스크린 (L),1,1,0,TRUE
피자_불고기 피자 밀스크린 (R),1,1,0,TRUE
피자_불고기 피자 밀스크린고구마크러스트 (L),1,1,0,TRUE
피자_불고기 피자 밀스크린고구마크러스트 (R),1,1,0,TRUE
피자_불고기 피자 밀스크린체다크림크러스트 (L),1,1,0,TRUE
피자_불고기 피자 밀스크린체다크림크러스트 (R),1,1,0,TRUE
피자_불고기 피자 밀스크린치즈크러스트 (L),1,1,0,TRUE
피자_불고기 피자 밀스크린치즈크러스트 (R),1,1,0,TRUE
피자_불고기 피자 바이트 (L),1,1,0,TRUE
피자_불고기 피자 백미스크린 (L),1,1,0,TRUE
피자_불고기 피자 백미스크린 (R),1,1,0,TRUE
피자_불고기 피자 백미스크린치즈크러스트 (L),1,1,0,TRUE
피자_불고기 피자 백미스크린치즈크러스트 (R),1,1,0,TRUE
피자_불고기 피자 석쇠 (G),1,1,0,TRUE
피자_불고기 피자 석쇠 (L),1,1,0,TRUE
피자_불고기 피자 석쇠 (R),1,1,0,TRUE
피자_불고기 피자 씬 (L),1,1,0,TRUE
피자_불고기 피자 씬 (R),1,1,0,TRUE
피자_불고기 피자 씬도우 (L),1,1,0,TRUE
피자_불고기 피자 씬도우 (R),1,1,0,TRUE
피자_불고기 피자 씬바샤삭 (L),1,1,0,TRUE
피자_불고기 피자 씬바샤삭 (R),1,1,0,TRUE
피자_불고기 피자 오리진 (L),1,1,0,TRUE
피자_불고기 피자 오리진 (M),1,1,0,TRUE
피자_불고기 피자 오리진 (R),1,1,0,TRUE
피자_불고기 피자 체다크림크러스트 (L),1,1,0,TRUE
피자_불고기 피자 체다크림크러스트 (R),1,1,0,TRUE
피자_불고기 피자 치즈링 (G),1,1,0,TRUE
피자_불고기 피자 치즈링 (L),1,1,0,TRUE
피자_불고기 피자 치즈링 (R),1,1,0,TRUE
피자_불고기 피자 치즈캡 (L),1,1,0,TRUE
피자_불고기 피자 치즈캡 (M),1,1,0,TRUE
피자_불고기 피자 치즈캡 (R),1,1,0,TRUE
피자_불고기 피자 치즈크러스트 (L),1,1,0,TRUE
피자_불고기 피자 치즈크러스트 (R),1,1,0,TRUE
피자_불고기 피자 팬 (L),1,1,0,TRUE
피자_불고기 피자 팬 (R),1,1,0,TRUE
피자_불고기 피자 흑미스크린 (L),1,1,0,TRUE
피자_불고기 피자 흑미스크린 (R),1,1,0,TRUE
피자_불고기 피자 흑미스크린치즈크러스트 (L),1,1,0,TRUE
피자_불고기 피자 흑미스크린치즈크러스트 (R),1,1,0,TRUE
피자_불고기BBQ 피자,1,1,0,TRUE
피자_불고기감자 피자 (XL),1,1,0,TRUE
피자_불고기의정석 피자 (L),1,1,0,TRUE
피자_불고기의정석 피자 (M),1,1,0,TRUE
피자_불고기피자,1,1,0,TRUE
피자_불고기피자 (R),1,1,0,TRUE
피자_불그닭 피자 (L),1,1,0,TRUE
피자_불그닭 피자 (R),1,1,0,TRUE
피자_불금 피자 (L),1,1,0,TRUE
피자_불닭 피자,1,1,0,TRUE
피자_불닭고구마 피자,1,1,0,TRUE
피자_불닭바베큐 피자 밀도우 (L),1,1,0,TRUE
피자_불닭바베큐 피자 밀도우 (R),1,1,0,TRUE
피자_불닭바베큐 피자 씬도우 (L),1,1,0,TRUE
피자_불닭바베큐 피자 씬도우 (R),1,1,0,TRUE
피자_불닭발레전드 피자 (L),1,1,0,TRUE
피자_불닭발레전드 피자 (R),1,1,0,TRUE
피자_불닭쉬림프 피자 밀도우 (L),1,1,0,TRUE
피자_불닭쉬림프 피자 밀도우 (R),1,1,0,TRUE
피자_불닭쉬림프 피자 씬도우 (L),1,1,0,TRUE
피자_불닭쉬림프 피자 씬도우 (R),1,1,0,TRUE
피자_불닭핫치킨 피자 (L),1,1,0,TRUE
피자_불벅 피자 (L),1,1,0,TRUE
피자_불벅치즈링 피자 (R),1,1,0,TRUE
피자_불사조쉬림프 피자 (L),1,1,0,TRUE
피자_불새피자 불고기새우 피자 (L),1,1,0,TRUE
피자_브라운비프 피자,1,1,0,TRUE
피자_브로스페셜콤비 피자 (L),1,1,0,TRUE
피자_브루클린 버거 피자 씬 (L),1,1,0,TRUE
피자_브루클린 버거 피자 오리지널 (L),1,1,0,TRUE
피자_브루클린 버거 피자 오리지널 (M),1,1,0,TRUE
피자_브루클린 버거 피자 오리지널 파마산 치즈 (L),1,1,0,TRUE
피자_브루클린 버거 피자 오리지널 파마산 치즈 (M),1,1,0,TRUE
피자_브루클린 버거 피자 팬 (L),1,1,0,TRUE
피자_브루클린스테이크 피자,1,1,0,TRUE
피자_블랙 페퍼 폭탄 피자,1,1,0,TRUE
피자_블랙소세지핫도그 피자,1,1,0,TRUE
피자_블랙앵거스 스테이크 피자 나폴리 (L),1,1,0,TRUE
피자_블랙앵거스 스테이크 피자 나폴리 (M),1,1,0,TRUE
피자_블랙앵거스 스테이크 피자 더블치즈 페퍼로니 엣지 (L),1,1,0,TRUE
피자_블랙앵거스 스테이크 피자 슈퍼시드 화이버 버스트 오리지널 (L),1,1,0,TRUE
피자_블랙앵거스 스테이크 피자 슈퍼시드 화이버 오리지널 (L),1,1,0,TRUE
피자_블랙앵거스 스테이크 피자 슈퍼시드 화이버 오리지널 (M),1,1,0,TRUE
피자_블랙앵거스 스테이크 피자 슈화 더블 치즈 페퍼로니 엣지 (L),1,1,0,TRUE
피자_블랙앵거스 스테이크 피자 슈화 더블 치즈 페퍼로니 엣지 (M),1,1,0,TRUE
피자_블랙앵거스 스테이크 피자 씬 (L),1,1,0,TRUE
피자_블랙앵거스 스테이크 피자 씬 (M),1,1,0,TRUE
피자_블랙앵거스 스테이크 피자 오리지널 (L),1,1,0,TRUE
피자_블랙앵거스 스테이크 피자 치즈 엣지 (L),1,1,0,TRUE
피자_블랙앵거스 스테이크 피자 치즈 엣지 (M),1,1,0,TRUE
피자_블랙앵거스 스테이크 피자 치즈버스트 나폴리 (L),1,1,0,TRUE
피자_블랙앵거스 스테이크 피자 치즈버스트 오리지널 (L),1,1,0,TRUE
피자_블랙앵거스 스테이크 피자 트리플치즈버스트 엣지 (L),1,1,0,TRUE
피자_블랙청양페퍼로니 피자,1,1,0,TRUE
피자_블랙타이거 슈림프 피자 나폴리 (L),1,1,0,TRUE
피자_블랙타이거 슈림프 피자 나폴리 (M),1,1,0,TRUE
피자_블랙타이거 슈림프 피자 더블치즈 페퍼로니 엣지 (L),1,1,0,TRUE
피자_블랙타이거 슈림프 피자 더블치즈 페퍼로니 엣지 (M),1,1,0,TRUE
피자_블랙타이거 슈림프 피자 슈퍼시드 화이버 버스트 오리지널 (L),1,1,0,TRUE
피자_블랙타이거 슈림프 피자 슈퍼시드 화이버 오리지널 (L),1,1,0,TRUE
피자_블랙타이거 슈림프 피자 슈퍼시드 화이버 오리지널 (M),1,1,0,TRUE
피자_블랙타이거 슈림프 피자 슈화 더블 치즈 페퍼로니 엣지 (L),1,1,0,TRUE
피자_블랙타이거 슈림프 피자 슈화 더블 치즈 페퍼로니 엣지 (M),1,1,0,TRUE
피자_블랙타이거 슈림프 피자 씬 (L),1,1,0,TRUE
피자_블랙타이거 슈림프 피자 씬 (M),1,1,0,TRUE
피자_블랙타이거 슈림프 피자 오리지널 (M),1,1,0,TRUE
피자_블랙타이거 슈림프 피자 치즈 엣지 (L),1,1,0,TRUE
피자_블랙타이거 슈림프 피자 치즈 엣지 (M),1,1,0,TRUE
피자_블랙타이거 슈림프 피자 치즈버스트 나폴리 (L),1,1,0,TRUE
피자_블랙타이거 슈림프 피자 치즈버스트 오리지널 (L),1,1,0,TRUE
피자_블랙타이거슈림프 피자,1,1,0,TRUE
피자_블랙타이거슈림프 피자 오리지널 (L),1,1,0,TRUE
피자_블랙타이거슈림프 피자 트리플치즈버스트 엣지 (L),1,1,0,TRUE
피자_블랙트러플 스테이크 시카고 피자,1,1,0,TRUE
피자_블록버스터4 피자 나폴리 (L),1,1,0,TRUE
피자_블록버스터4 피자 나폴리 (M),1,1,0,TRUE
피자_블록버스터4 피자 더블치즈 엣지 (L),1,1,0,TRUE
피자_블록버스터4 피자 더블치즈 엣지 (M),1,1,0,TRUE
피자_블록버스터4 피자 더블치즈 엣지 오리지널 (L),1,1,0,TRUE
피자_블록버스터4 피자 더블치즈 페퍼로니 엣지 (L),1,1,0,TRUE
피자_블록버스터4 피자 더블치즈 페퍼로니 엣지 (M),1,1,0,TRUE
피자_블록버스터4 피자 슈퍼시드 화이버 버스트 오리지널 (L),1,1,0,TRUE
피자_블록버스터4 피자 슈퍼시드 화이버 오리지널 (L),1,1,0,TRUE
피자_블록버스터4 피자 슈퍼시드 화이버 오리지널 (M),1,1,0,TRUE
피자_블록버스터4 피자 슈화 더블 치즈 페퍼로니 엣지 (L),1,1,0,TRUE
피자_블록버스터4 피자 슈화 더블 치즈 페퍼로니 엣지 (M),1,1,0,TRUE
피자_블록버스터4 피자 씬 (L),1,1,0,TRUE
피자_블록버스터4 피자 씬 (M),1,1,0,TRUE
피자_블록버스터4 피자 오리지널 (L),1,1,0,TRUE
피자_블록버스터4 피자 오리지널 (M),1,1,0,TRUE
피자_블록버스터4 피자 치즈버스트 나폴리 (L),1,1,0,TRUE
피자_블록버스터4 피자 치즈버스트 오리지널 (L),1,1,0,TRUE
피자_비프갈릭 피자 (L),1,1,0,TRUE
피자_비프퀘사디아 피자,1,1,0,TRUE
피자_비프홀리데이 피자(L),1,1,0,TRUE
피자_빅포 피자 (L),1,1,0,TRUE
피자_빠새 피자 (L),1,1,0,TRUE
피자_뿜뿜불고기 피자,1,1,0,TRUE
피자_사장의실수 피자 (L),1,1,0,TRUE
피자_사장의실수 피자 (R),1,1,0,TRUE
피자_산체스타타코 피자 (L),1,1,0,TRUE
피자_산체스타타코 피자 (R),1,1,0,TRUE
피자_살치스테이크 피자 밀도우 (L),1,1,0,TRUE
피자_살치스테이크 피자 밀도우 (R),1,1,0,TRUE
피자_살치스테이크 피자 씬도우 (L),1,1,0,TRUE
피자_살치스테이크 피자 씬도우 (R),1,1,0,TRUE
피자_상큼하와이안 피자 (L),1,1,0,TRUE
피자_새우 피자 (L),1,1,0,TRUE
피자_새우리아 피자,1,1,0,TRUE
피자_새우세보래 피자 씬 (L),1,1,0,TRUE
피자_새우세보래 피자 씬 (R),1,1,0,TRUE
피자_새우에빠진닭 피자 (L),1,1,0,TRUE
피자_새우에빠진닭 피자 (M),1,1,0,TRUE
피자_새우천왕 피자 골드 (L),1,1,0,TRUE
피자_새우천왕 피자 골드 (M),1,1,0,TRUE
피자_새우천왕 피자 골드 (R),1,1,0,TRUE
피자_새우천왕 피자 노엣지 오리진 (L),1,1,0,TRUE
피자_새우천왕 피자 노엣지 오리진 (M),1,1,0,TRUE
피자_새우천왕 피자 노엣지 오리진 (R),1,1,0,TRUE
피자_새우천왕 피자 에그타르트 (L),1,1,0,TRUE
피자_새우천왕 피자 에그타르트 (M),1,1,0,TRUE
피자_새우천왕 피자 에그타르트 (R),1,1,0,TRUE
피자_새우천왕 피자 치즈캡 (L),1,1,0,TRUE
피자_새우천왕 피자 치즈캡 (M),1,1,0,TRUE
피자_새우천왕 피자 치즈캡 (R),1,1,0,TRUE
피자_새우천왕 피자 크림치즈 (L),1,1,0,TRUE
피자_새우천왕 피자 크림치즈 (M),1,1,0,TRUE
피자_새우천왕 피자 크림치즈 (R),1,1,0,TRUE
피자_새우콤비네이션 피자 (L),1,1,0,TRUE
피자_새우파티 피자 골드스윗 (L),1,1,0,TRUE
피자_새우파티 피자 골드스윗 (R),1,1,0,TRUE
피자_새우파티 피자 리코타링 (L),1,1,0,TRUE
피자_새우파티 피자 리코타링 (R),1,1,0,TRUE
피자_새우파티 피자 석쇠 (L),1,1,0,TRUE
피자_새우파티 피자 석쇠 (R),1,1,0,TRUE
피자_새우파티 피자 씬도우 (L),1,1,0,TRUE
피자_새우파티 피자 씬도우 (R),1,1,0,TRUE
피자_새우파티 피자 씬바샤삭 (L),1,1,0,TRUE
피자_새우파티 피자 씬바샤삭 (R),1,1,0,TRUE
피자_새우파티 피자 치즈링 (L),1,1,0,TRUE
피자_새우파티 피자 치즈링 (R),1,1,0,TRUE
피자_샘스테이크 피자 골드스윗 (L),1,1,0,TRUE
피자_샘스테이크 피자 골드스윗 (R),1,1,0,TRUE
피자_샘스테이크 피자 리코타링 (L),1,1,0,TRUE
피자_샘스테이크 피자 리코타링 (R),1,1,0,TRUE
피자_샘스테이크 피자 석쇠 (L),1,1,0,TRUE
피자_샘스테이크 피자 석쇠 (R),1,1,0,TRUE
피자_샘스테이크 피자 씬도우 (L),1,1,0,TRUE
피자_샘스테이크 피자 씬도우 (R),1,1,0,TRUE
피자_샘스테이크 피자 씬바샤삭 (L),1,1,0,TRUE
피자_샘스테이크 피자 씬바샤삭 (R),1,1,0,TRUE
피자_샘스테이크 피자 치즈링 (L),1,1,0,TRUE
피자_샘스테이크 피자 치즈링 (R),1,1,0,TRUE
피자_서오릉갈비 피자 (L),1,1,0,TRUE
피자_서오릉갈비 피자 (R),1,1,0,TRUE
피자_세뇨리따 피자 (L),1,1,0,TRUE
피자_세뇨리따 피자 (M),1,1,0,TRUE
피자_소고기로제스테이크커리 피자 (L),1,1,0,TRUE
피자_소베페 피자 (L),1,1,0,TRUE
피자_소불고기 피자,1,1,0,TRUE
피자_소세지 피자 (L),1,1,0,TRUE
피자_소시지 피자 (XL),1,1,0,TRUE
피자_소프트포테이토무스 피자 밀도우 (L),1,1,0,TRUE
피자_소프트포테이토무스 피자 밀도우 (R),1,1,0,TRUE
피자_소프트포테이토무스 피자 씬도우 (L),1,1,0,TRUE
피자_소프트포테이토무스 피자 씬도우 (R),1,1,0,TRUE
피자_속풀이해장 피자 (L),1,1,0,TRUE
피자_수제불고기 피자 밀도우 (L),1,1,0,TRUE
피자_수제불고기 피자 밀도우 (R),1,1,0,TRUE
피자_수제불고기 피자 씬도우 (L),1,1,0,TRUE
피자_수제불고기 피자 씬도우 (R),1,1,0,TRUE
피자_수퍼 파파스 피자 골드링 (F),1,1,0,TRUE
피자_수퍼 파파스 피자 골드링 (L),1,1,0,TRUE
피자_수퍼 파파스 피자 골드링 (P),1,1,0,TRUE
피자_수퍼 파파스 피자 골드링씬 (F),1,1,0,TRUE
피자_수퍼 파파스 피자 씬 (F),1,1,0,TRUE
피자_수퍼 파파스 피자 오리지널 (F),1,1,0,TRUE
피자_수퍼 파파스 피자 오리지널 (L),1,1,0,TRUE
피자_수퍼 파파스 피자 오리지널 (P),1,1,0,TRUE
피자_수퍼 파파스 피자 오리지널 (R),1,1,0,TRUE
피자_수퍼 파파스 피자 치즈롤 (F),1,1,0,TRUE
피자_수퍼 파파스 피자 치즈롤 (L),1,1,0,TRUE
피자_수퍼 파파스 피자 치즈롤 (P),1,1,0,TRUE
피자_수퍼수프림 피자 (L),1,1,0,TRUE
피자_수퍼슈프림 피자 (L),1,1,0,TRUE
피자_수퍼슈프림 피자 (M),1,1,0,TRUE
피자_수퍼슈프림 피자 더블치즈크러스트 (L),1,1,0,TRUE
피자_수퍼슈프림 피자 더블치즈크러스트 (M),1,1,0,TRUE
피자_수퍼슈프림 피자 리치골드(L),1,1,0,TRUE
피자_수퍼슈프림 피자 리치골드(M),1,1,0,TRUE
피자_수퍼슈프림 피자 치즈크러스트 (L),1,1,0,TRUE
피자_수퍼슈프림 피자 치즈크러스트 (M),1,1,0,TRUE
피자_수퍼슈프림 피자 팬 (L),1,1,0,TRUE
피자_수퍼슈프림 피자 프리미엄 오리지널 (L),1,1,0,TRUE
피자_수퍼슈프림 피자 프리미엄 오리지널 (M),1,1,0,TRUE
피자_수퍼슈프림 피자 프리첼 치즈 (L),1,1,0,TRUE
피자_수퍼슈프림 피자 프리첼 치즈 (M),1,1,0,TRUE
피자_수퍼파파스 피자 (F),1,1,0,TRUE
피자_수퍼파파스 피자 (L),1,1,0,TRUE
피자_수퍼파파스 피자 (P),1,1,0,TRUE
피자_수퍼파파스 피자 (R),1,1,0,TRUE
피자_순삭 크런치 포테이토 피자 씬 (L),1,1,0,TRUE
피자_순삭 크런치 포테이토 피자 오리지널 (L),1,1,0,TRUE
피자_순삭 크런치 포테이토 피자 오리지널 (M),1,1,0,TRUE
피자_순삭 크런치 포테이토 피자 오리지널 파마산 치즈 (L),1,1,0,TRUE
피자_순삭 크런치 포테이토 피자 오리지널 파마산 치즈 (M),1,1,0,TRUE
피자_순삭 크런치 포테이토 피자 팬 (L),1,1,0,TRUE
피자_순삭포테이토 피자,1,1,0,TRUE
피자_쉬림드보니토 피자 (L),1,1,0,TRUE
피자_쉬림드보니토 피자 (R),1,1,0,TRUE
피자_쉬림프 골드 피자 (M),1,1,0,TRUE
피자_쉬림프 골드 피자 에그타르트 (L),1,1,0,TRUE
피자_쉬림프 골드 피자 에그타르트 (M),1,1,0,TRUE
피자_쉬림프 골드 피자 오리진 (L),1,1,0,TRUE
피자_쉬림프 골드 피자 오리진 (M),1,1,0,TRUE
피자_쉬림프 골드 피자 치즈캡 (L),1,1,0,TRUE
피자_쉬림프 골드 피자 치즈캡 (M),1,1,0,TRUE
피자_쉬림프 골드 피자 크림치즈 (L),1,1,0,TRUE
피자_쉬림프 골드 피자 크림치즈 (M),1,1,0,TRUE
피자_쉬림프 피자 (L),1,1,0,TRUE
피자_쉬림프 피자 (XL),1,1,0,TRUE
피자_쉬림프 피자 골드 (L),1,1,0,TRUE
피자_쉬림프 피자 골드 (R),1,1,0,TRUE
피자_쉬림프 피자 에그타르트 (L),1,1,0,TRUE
피자_쉬림프 피자 에그타르트 (R),1,1,0,TRUE
피자_쉬림프 피자 오리진 (L),1,1,0,TRUE
피자_쉬림프 피자 오리진 (R),1,1,0,TRUE
피자_쉬림프 피자 치즈캡 (L),1,1,0,TRUE
피자_쉬림프 피자 치즈캡 (R),1,1,0,TRUE
피자_쉬림프 피자 크림치즈 (L),1,1,0,TRUE
피자_쉬림프 피자 크림치즈 (R),1,1,0,TRUE
피자_쉬림프&핫치킨골드 피자 (L),1,1,0,TRUE
피자_쉬림프(새우) 피자,1,1,0,TRUE
피자_쉬림프갈릭스노윙 피자,1,1,0,TRUE
피자_쉬림프고르곤졸라 피자,1,1,0,TRUE
피자_쉬림프골드 피자 밀스크린 (L),1,1,0,TRUE
피자_쉬림프골드 피자 밀스크린 (R),1,1,0,TRUE
피자_쉬림프골드 피자 백미스크린 (L),1,1,0,TRUE
피자_쉬림프골드 피자 백미스크린 (R),1,1,0,TRUE
피자_쉬림프골드 피자 씬 (L),1,1,0,TRUE
피자_쉬림프골드 피자 씬 (R),1,1,0,TRUE
피자_쉬림프골드 피자 흑미스크린 (L),1,1,0,TRUE
피자_쉬림프골드 피자 흑미스크린 (R),1,1,0,TRUE
피자_쉬림프디럭스 피자 (L),1,1,0,TRUE
피자_쉬림프콤비 피자 (L),1,1,0,TRUE
피자_쉬림프콤비 피자 (M),1,1,0,TRUE
피자_쉬림프크림 피자,1,1,0,TRUE
피자_쉬림프페스츄리 피자,1,1,0,TRUE
피자_쉬림플렉스 피자 (L),1,1,0,TRUE
피자_슈림프 알프레도 피자 씬 (F),1,1,0,TRUE
피자_슈퍼 디럭스 히어로 피자 나폴리 (L),1,1,0,TRUE
피자_슈퍼 디럭스 히어로 피자 나폴리 (M),1,1,0,TRUE
피자_슈퍼 디럭스 히어로 피자 더블치즈 엣지 (L),1,1,0,TRUE
피자_슈퍼 디럭스 히어로 피자 더블치즈 엣지 (M),1,1,0,TRUE
피자_슈퍼 디럭스 히어로 피자 더블치즈 페퍼로니 엣지 (L),1,1,0,TRUE
피자_슈퍼 디럭스 히어로 피자 더블치즈 페퍼로니 엣지 (M),1,1,0,TRUE
피자_슈퍼 디럭스 히어로 피자 슈퍼시드 화이버 오리지널 (L),1,1,0,TRUE
피자_슈퍼 디럭스 히어로 피자 슈퍼시드 화이버 오리지널 (M),1,1,0,TRUE
피자_슈퍼 디럭스 히어로 피자 슈화 더블 치즈 페퍼로니 엣지 (L),1,1,0,TRUE
피자_슈퍼 디럭스 히어로 피자 슈화 더블 치즈 페퍼로니 엣지 (M),1,1,0,TRUE
피자_슈퍼 디럭스 히어로 피자 씬 (L),1,1,0,TRUE
피자_슈퍼 디럭스 히어로 피자 씬 (M),1,1,0,TRUE
피자_슈퍼 디럭스 히어로 피자 오리지널 (L),1,1,0,TRUE
피자_슈퍼 디럭스 히어로 피자 오리지널 (M),1,1,0,TRUE
피자_슈퍼 디럭스 히어로 피자 치즈버스트 나폴리 (L),1,1,0,TRUE
피자_슈퍼 디럭스 히어로 피자 치즈버스트 오리지널 (L),1,1,0,TRUE
피자_슈퍼 디럭스 히어로 피자 화이버 버스트 오리지널 (L),1,1,0,TRUE
피자_슈퍼 디럭스 히어로 피자 화이버 엣지 오리지널 (L),1,1,0,TRUE
피자_슈퍼 디럭스 히어로 피자 화이버 엣지 오리지널 (M),1,1,0,TRUE
피자_슈퍼디럭스 피자 나폴리 (L),1,1,0,TRUE
피자_슈퍼디럭스 피자 나폴리 (M),1,1,0,TRUE
피자_슈퍼디럭스 피자 더블치즈 엣지 (L),1,1,0,TRUE
피자_슈퍼디럭스 피자 더블치즈 엣지 (M),1,1,0,TRUE
피자_슈퍼디럭스 피자 더블치즈 페퍼로니 엣지 (L),1,1,0,TRUE
피자_슈퍼디럭스 피자 더블치즈 페퍼로니 엣지 (M),1,1,0,TRUE
피자_슈퍼디럭스 피자 슈퍼시드 화이버 버스트 오리지널 (L),1,1,0,TRUE
피자_슈퍼디럭스 피자 슈퍼시드 화이버 오리지널 (L),1,1,0,TRUE
피자_슈퍼디럭스 피자 슈퍼시드 화이버 오리지널 (M),1,1,0,TRUE
피자_슈퍼디럭스 피자 슈퍼시드함유도우 (M),1,1,0,TRUE
피자_슈퍼디럭스 피자 슈화 더블 치즈 페퍼로니 엣지 (L),1,1,0,TRUE
피자_슈퍼디럭스 피자 슈화 더블 치즈 페퍼로니 엣지 (M),1,1,0,TRUE
피자_슈퍼디럭스 피자 씬 (L),1,1,0,TRUE
피자_슈퍼디럭스 피자 씬 (M),1,1,0,TRUE
피자_슈퍼디럭스 피자 오리지널 (L),1,1,0,TRUE
피자_슈퍼디럭스 피자 오리지널 (M),1,1,0,TRUE
피자_슈퍼디럭스 피자 치즈버스트 나폴리 (L),1,1,0,TRUE
피자_슈퍼디럭스 피자 치즈버스트 오리지널 (L),1,1,0,TRUE
피자_슈퍼빽보이 피자 (L),1,1,0,TRUE
피자_슈퍼빽보이 피자 (R),1,1,0,TRUE
피자_슈퍼슈프림 피자 고구마크러스트 (L),1,1,0,TRUE
피자_슈퍼슈프림 피자 고구마크러스트 (R),1,1,0,TRUE
피자_슈퍼슈프림 피자 나폴리 (L),1,1,0,TRUE
피자_슈퍼슈프림 피자 나폴리 (M),1,1,0,TRUE
피자_슈퍼슈프림 피자 더블치즈 엣지 (L),1,1,0,TRUE
피자_슈퍼슈프림 피자 더블치즈 엣지 (M),1,1,0,TRUE
피자_슈퍼슈프림 피자 더블치즈 엣지 오리지널 (M),1,1,0,TRUE
피자_슈퍼슈프림 피자 더블치즈 페퍼로니 엣지 (L),1,1,0,TRUE
피자_슈퍼슈프림 피자 더블치즈 페퍼로니 엣지 (M),1,1,0,TRUE
피자_슈퍼슈프림 피자 라이스골드 (F),1,1,0,TRUE
피자_슈퍼슈프림 피자 라이스골드 (L),1,1,0,TRUE
피자_슈퍼슈프림 피자 라이스골드 (R),1,1,0,TRUE
피자_슈퍼슈프림 피자 라이스바이트 (F),1,1,0,TRUE
피자_슈퍼슈프림 피자 라이스바이트 (L),1,1,0,TRUE
피자_슈퍼슈프림 피자 밀스크린 (L),1,1,0,TRUE
피자_슈퍼슈프림 피자 밀스크린 (R),1,1,0,TRUE
피자_슈퍼슈프림 피자 밀스크린고구마크러스트 (L),1,1,0,TRUE
피자_슈퍼슈프림 피자 밀스크린고구마크러스트 (R),1,1,0,TRUE
피자_슈퍼슈프림 피자 밀스크린체다크림크러스트 (L),1,1,0,TRUE
피자_슈퍼슈프림 피자 밀스크린체다크림크러스트 (R),1,1,0,TRUE
피자_슈퍼슈프림 피자 밀스크린치즈크러스트 (L),1,1,0,TRUE
피자_슈퍼슈프림 피자 밀스크린치즈크러스트 (R),1,1,0,TRUE
피자_슈퍼슈프림 피자 백미스크린 (L),1,1,0,TRUE
피자_슈퍼슈프림 피자 백미스크린 (R),1,1,0,TRUE
피자_슈퍼슈프림 피자 백미스크린치즈크러스트 (L),1,1,0,TRUE
피자_슈퍼슈프림 피자 백미스크린치즈크러스트 (R),1,1,0,TRUE
피자_슈퍼슈프림 피자 석쇠 (F),1,1,0,TRUE
피자_슈퍼슈프림 피자 석쇠 (L),1,1,0,TRUE
피자_슈퍼슈프림 피자 석쇠 (R),1,1,0,TRUE
피자_슈퍼슈프림 피자 슈퍼시드 화이버 버스트 오리지널 (L),1,1,0,TRUE
피자_슈퍼슈프림 피자 슈퍼시드 화이버 오리지널 (L),1,1,0,TRUE
피자_슈퍼슈프림 피자 슈퍼시드 화이버 오리지널 (M),1,1,0,TRUE
피자_슈퍼슈프림 피자 슈퍼시드함유도우 (M),1,1,0,TRUE
피자_슈퍼슈프림 피자 슈화 더블 치즈 페퍼로니 엣지 (L),1,1,0,TRUE
피자_슈퍼슈프림 피자 슈화 더블 치즈 페퍼로니 엣지 (M),1,1,0,TRUE
피자_슈퍼슈프림 피자 씬 (M),1,1,0,TRUE
피자_슈퍼슈프림 피자 씬 (R),1,1,0,TRUE
피자_슈퍼슈프림 피자 오리지널 (L),1,1,0,TRUE
피자_슈퍼슈프림 피자 오리지널 (M),1,1,0,TRUE
피자_슈퍼슈프림 피자 체다크림크러스트 (L),1,1,0,TRUE
피자_슈퍼슈프림 피자 체다크림크러스트 (R),1,1,0,TRUE
피자_슈퍼슈프림 피자 치즈버스트 나폴리 (L),1,1,0,TRUE
피자_슈퍼슈프림 피자 치즈버스트 오리지널 (L),1,1,0,TRUE
피자_슈퍼슈프림 피자 치즈크러스트 (F),1,1,0,TRUE
피자_슈퍼슈프림 피자 팬 (F),1,1,0,TRUE
피자_슈퍼슈프림 피자 팬 (L),1,1,0,TRUE
피자_슈퍼슈프림 피자 팬(L),1,1,0,TRUE
피자_슈퍼슈프림 피자 흑미스크린 (L),1,1,0,TRUE
피자_슈퍼슈프림 피자 흑미스크린 (R),1,1,0,TRUE
피자_슈퍼슈프림 피자 흑미스크린치즈크러스트 (L),1,1,0,TRUE
피자_슈퍼슈프림 피자 흑미스크린치즈크러스트 (R),1,1,0,TRUE
피자_슈퍼치즈 피자,1,1,0,TRUE
피자_슈퍼콤비네이션 피자 (L),1,1,0,TRUE
피자_슈퍼콤비네이션 피자 골드스윗 (G),1,1,0,TRUE
피자_슈퍼콤비네이션 피자 골드스윗 (L),1,1,0,TRUE
피자_슈퍼콤비네이션 피자 골드스윗 (R),1,1,0,TRUE
피자_슈퍼콤비네이션 피자 리코타링 (G),1,1,0,TRUE
피자_슈퍼콤비네이션 피자 리코타링 (L),1,1,0,TRUE
피자_슈퍼콤비네이션 피자 리코타링 (R),1,1,0,TRUE
피자_슈퍼콤비네이션 피자 밀도우 (L),1,1,0,TRUE
피자_슈퍼콤비네이션 피자 밀도우 (R),1,1,0,TRUE
피자_슈퍼콤비네이션 피자 석쇠 (G),1,1,0,TRUE
피자_슈퍼콤비네이션 피자 석쇠 (L),1,1,0,TRUE
피자_슈퍼콤비네이션 피자 석쇠 (R),1,1,0,TRUE
피자_슈퍼콤비네이션 피자 씬바샤삭 (L),1,1,0,TRUE
피자_슈퍼콤비네이션 피자 씬바샤삭 (R),1,1,0,TRUE
피자_슈퍼콤비네이션 피자 오리지널 (M),1,1,0,TRUE
피자_슈퍼콤비네이션 피자 치즈링 (G),1,1,0,TRUE
피자_슈퍼콤비네이션 피자 치즈링 (L),1,1,0,TRUE
피자_슈퍼콤비네이션 피자 치즈링 (R),1,1,0,TRUE
피자_슈퍼하와이안 피자 (L),1,1,0,TRUE
피자_슈프림 피자 (XL),1,1,0,TRUE
피자_슈프림콤비 피자 (L),1,1,0,TRUE
피자_슈프림콤비 피자 (M),1,1,0,TRUE
피자_스나이퍼 피자 (L),1,1,0,TRUE
피자_스노우고구마 피자,1,1,0,TRUE
피자_스리라차 슈림프 피자,1,1,0,TRUE
피자_스위트가든 피자 (L),1,1,0,TRUE
피자_스위트가든 피자 (R),1,1,0,TRUE
피자_스위트고구마 피자 (L),1,1,0,TRUE
피자_스위트고구마 피자 오리지널 (M),1,1,0,TRUE
피자_스위트고구마무스 피자 (L),1,1,0,TRUE
피자_스위트골드 피자 (L),1,1,0,TRUE
피자_스위트바질불고기 피자 (L),1,1,0,TRUE
피자_스위트불고기 피자 (L),1,1,0,TRUE
피자_스위트큐브 피자 (L),1,1,0,TRUE
피자_스위트큐브 피자 (R),1,1,0,TRUE
피자_스위트크림&콘슈 시카고 피자,1,1,0,TRUE
피자_스위티고구밍 피자 (L),1,1,0,TRUE
피자_스윗고구마 1인피자,1,1,0,TRUE
피자_스윗고구마 피자 (M),1,1,0,TRUE
피자_스윗고구마 피자 오리진 (L),1,1,0,TRUE
피자_스윗고구마 피자 오리진 (M),1,1,0,TRUE
피자_스윗고구마 피자 오리진 (R),1,1,0,TRUE
피자_스윗고구마 피자 치즈캡 (L),1,1,0,TRUE
피자_스윗고구마 피자 치즈캡 (M),1,1,0,TRUE
피자_스윗고구마 피자 치즈캡 (R),1,1,0,TRUE
피자_스윗고르곤졸라 피자 (L),1,1,0,TRUE
피자_스윗꽃맛살 피자 (L),1,1,0,TRUE
피자_스윗꽃맛살 피자 (M),1,1,0,TRUE
피자_스윗베이컨고구마 피자 (L),1,1,0,TRUE
피자_스윗파인고구마 피자 (L),1,1,0,TRUE
피자_스치새 피자 (L),1,1,0,TRUE
피자_스테이크 피자,1,1,0,TRUE
피자_스테이크 피자 (XL),1,1,0,TRUE
피자_스테이크불갈비 피자 (L),1,1,0,TRUE
피자_스테이크불갈비 피자 바이트 (L),1,1,0,TRUE
피자_스테이크새우 피자 (L),1,1,0,TRUE
피자_스테이크세보래 피자 씬 (L),1,1,0,TRUE
피자_스테이크세보래 피자 씬 (R),1,1,0,TRUE
피자_스테이크썰고갈릭 피자 (L),1,1,0,TRUE
피자_스테이크썰고갈릭 피자 (M),1,1,0,TRUE
피자_스파이시 감자 포카챠,1,1,0,TRUE
피자_스파이시 쉬림프 피자 (L),1,1,0,TRUE
피자_스파이시 쉬림프 피자 (M),1,1,0,TRUE
피자_스파이시 이탈리안 피자 골드링 (F),1,1,0,TRUE
피자_스파이시 이탈리안 피자 골드링 (L),1,1,0,TRUE
피자_스파이시 이탈리안 피자 골드링 (P),1,1,0,TRUE
피자_스파이시 이탈리안 피자 골드링씬 (F),1,1,0,TRUE
피자_스파이시 이탈리안 피자 씬 (F),1,1,0,TRUE
피자_스파이시 이탈리안 피자 오리지널 (F),1,1,0,TRUE
피자_스파이시 이탈리안 피자 오리지널 (L),1,1,0,TRUE
피자_스파이시 이탈리안 피자 오리지널 (P),1,1,0,TRUE
피자_스파이시 이탈리안 피자 치즈롤 (F),1,1,0,TRUE
피자_스파이시 이탈리안 피자 치즈롤 (L),1,1,0,TRUE
피자_스파이시 이탈리안 피자 치즈롤 (P),1,1,0,TRUE
피자_스파이시 치킨 랜치 피자 골드링 (F),1,1,0,TRUE
피자_스파이시 치킨 랜치 피자 골드링 (L),1,1,0,TRUE
피자_스파이시 치킨 랜치 피자 골드링 (P),1,1,0,TRUE
피자_스파이시 치킨 랜치 피자 골드링씬 (F),1,1,0,TRUE
피자_스파이시 치킨 랜치 피자 씬 (F),1,1,0,TRUE
피자_스파이시 치킨 랜치 피자 오리지널 (F),1,1,0,TRUE
피자_스파이시 치킨 랜치 피자 오리지널 (L),1,1,0,TRUE
피자_스파이시 치킨 랜치 피자 오리지널 (P),1,1,0,TRUE
피자_스파이시 치킨 랜치 피자 오리지널 (R),1,1,0,TRUE
피자_스파이시 치킨 랜치 피자 치즈롤 (F),1,1,0,TRUE
피자_스파이시 치킨 랜치 피자 치즈롤 (L),1,1,0,TRUE
피자_스파이시 치킨 랜치 피자 치즈롤 (P),1,1,0,TRUE
피자_스파이시 치킨 하와이안 피자 (XL),1,1,0,TRUE
피자_스파이시살라미 피자 (L),1,1,0,TRUE
피자_스파이시이탈리안 피자 (F),1,1,0,TRUE
피자_스파이시이탈리안 피자 (L),1,1,0,TRUE
피자_스파이시이탈리안 피자 (P),1,1,0,TRUE
피자_스파이시치킨랜치 피자 (F),1,1,0,TRUE
피자_스파이시치킨랜치 피자 (L),1,1,0,TRUE
피자_스파이시치킨랜치 피자 (P),1,1,0,TRUE
피자_스파이시치킨랜치 피자 (R),1,1,0,TRUE
피자_스파이시페페로니 피자 (L),1,1,0,TRUE
피자_스파이시포테이토 피자 (L),1,1,0,TRUE
피자_스팸맥앤치즈 피자,1,1,0,TRUE
피자_스페셜 포테이토 피자 오리지널 (M),1,1,0,TRUE
피자_스페셜 포테이토 피자 오리지널 파마산 치즈 (M),1,1,0,TRUE
피자_스페셜콤비네이션 피자,1,1,0,TRUE
피자_시그니처 피자 (L),1,1,0,TRUE
피자_시카고 딥디쉬 피자,1,1,0,TRUE
피자_시카고딥 피자 노엣지 (L),1,1,0,TRUE
피자_시카고딥 피자 노엣지 (M),1,1,0,TRUE
피자_시카고딥 피자 노엣지 (R),1,1,0,TRUE
피자_시크릿더블크런치 피자 (L),1,1,0,TRUE
피자_식스 치즈 피자 골드링 (F),1,1,0,TRUE
피자_식스 치즈 피자 골드링 (L),1,1,0,TRUE
피자_식스 치즈 피자 골드링 (P),1,1,0,TRUE
피자_식스 치즈 피자 골드링씬 (F),1,1,0,TRUE
피자_식스 치즈 피자 씬 (F),1,1,0,TRUE
피자_식스 치즈 피자 오리지널 (F),1,1,0,TRUE
피자_식스 치즈 피자 오리지널 (L),1,1,0,TRUE
피자_식스 치즈 피자 오리지널 (P),1,1,0,TRUE
피자_식스 치즈 피자 치즈 피자롤 (F),1,1,0,TRUE
피자_식스 치즈 피자 치즈 피자롤 (L),1,1,0,TRUE
피자_식스 치즈 피자 치즈 피자롤 (P),1,1,0,TRUE
피자_식스치즈 피자 (F),1,1,0,TRUE
피자_식스치즈 피자 (L),1,1,0,TRUE
피자_식스치즈 피자 (P),1,1,0,TRUE
피자_신세개 피자 (L),1,1,0,TRUE
피자_신세개2021 피자 (L),1,1,0,TRUE
피자_싹스리버거 피자,1,1,0,TRUE
피자_쏘핫불고기 피자 (R),1,1,0,TRUE
피자_쏘핫불고기 피자 밀도우 (L),1,1,0,TRUE
피자_쏘핫불고기 피자 밀도우 (R),1,1,0,TRUE
피자_쏘핫불고기 피자 씬도우 (L),1,1,0,TRUE
피자_쏘핫불고기 피자 씬도우 (R),1,1,0,TRUE
피자_쓰리고 피자 (L),1,1,0,TRUE
피자_쓰리고 피자 (M),1,1,0,TRUE
피자_씨푸드콘바스켓 피자 (L),1,1,0,TRUE
피자_씨푸드킹 피자 더블치즈크러스트 (L),1,1,0,TRUE
피자_씨푸드킹 피자 더블치즈크러스트 (M),1,1,0,TRUE
피자_씨푸드킹 피자 리치골드 (L),1,1,0,TRUE
피자_씨푸드킹 피자 리치골드 M,1,1,0,TRUE
피자_씨푸드킹 피자 프레첼 치즈 (L),1,1,0,TRUE
피자_씨푸드킹 피자 프리미엄 오리지널 (L),1,1,0,TRUE
피자_씨푸드킹 피자 프리미엄 오리지널 (M),1,1,0,TRUE
피자_씨푸드킹 피자 프리첼 치즈 (M),1,1,0,TRUE
피자_아라비아따 바비큐가든 피자 (L),1,1,0,TRUE
피자_아라비아따 바비큐가든 피자 (R),1,1,0,TRUE
피자_아메리칸 미트 피자,1,1,0,TRUE
피자_아메리칸 미트볼 피자,1,1,0,TRUE
피자_아메리칸 스페셜 피자 오리지널 (M),1,1,0,TRUE
피자_아메리칸 스페셜 피자 오리지널 파마산 치즈 (M),1,1,0,TRUE
피자_아메리칸 치즈 피자 (XL),1,1,0,TRUE
피자_아메리칸스페셜 피자 (L),1,1,0,TRUE
피자_아보카도 새우 피자 나폴리 (L),1,1,0,TRUE
피자_아보카도 새우 피자 나폴리 (M),1,1,0,TRUE
피자_아보카도 새우 피자 더블치즈 엣지 (L),1,1,0,TRUE
피자_아보카도 새우 피자 더블치즈 엣지 (M),1,1,0,TRUE
피자_아보카도 새우 피자 더블치즈 페퍼로니 엣지 (L),1,1,0,TRUE
피자_아보카도 새우 피자 더블치즈 페퍼로니 엣지 (M),1,1,0,TRUE
피자_아보카도 새우 피자 슈퍼시드 화이버 버스트 오리지널 (L),1,1,0,TRUE
피자_아보카도 새우 피자 슈퍼시드 화이버 오리지널 (L),1,1,0,TRUE
피자_아보카도 새우 피자 슈퍼시드 화이버 오리지널 (M),1,1,0,TRUE
피자_아보카도 새우 피자 슈화 더블 치즈 페퍼로니 엣지 (L),1,1,0,TRUE
피자_아보카도 새우 피자 슈화 더블 치즈 페퍼로니 엣지 (M),1,1,0,TRUE
피자_아보카도 새우 피자 씬 (L),1,1,0,TRUE
피자_아보카도 새우 피자 씬 (M),1,1,0,TRUE
피자_아보카도 새우 피자 오리지널 (L),1,1,0,TRUE
피자_아보카도 새우 피자 오리지널 (M),1,1,0,TRUE
피자_아보카도 새우 피자 치즈버스트 나폴리 (L),1,1,0,TRUE
피자_아보카도 새우 피자 치즈버스트 오리지널 (L),1,1,0,TRUE
피자_아보카도바이트 피자 (L),1,1,0,TRUE
피자_아보카도바이트 피자 (M),1,1,0,TRUE
피자_아시아고 피자 고구마크러스트 (L),1,1,0,TRUE
피자_아시아고 피자 고구마크러스트 (R),1,1,0,TRUE
피자_아시아고 피자 밀스크린 (L),1,1,0,TRUE
피자_아시아고 피자 밀스크린 (R),1,1,0,TRUE
피자_아시아고 피자 밀스크린고구마크러스트 (L),1,1,0,TRUE
피자_아시아고 피자 밀스크린고구마크러스트 (R),1,1,0,TRUE
피자_아시아고 피자 밀스크린체다크림크러스트 (L),1,1,0,TRUE
피자_아시아고 피자 밀스크린체다크림크러스트 (R),1,1,0,TRUE
피자_아시아고 피자 밀스크린치즈크러스트 (L),1,1,0,TRUE
피자_아시아고 피자 밀스크린치즈크러스트 (R),1,1,0,TRUE
피자_아시아고 피자 백미스크린 (L),1,1,0,TRUE
피자_아시아고 피자 백미스크린 (R),1,1,0,TRUE
피자_아시아고 피자 백미스크린치즈크러스트 (L),1,1,0,TRUE
피자_아시아고 피자 백미스크린치즈크러스트 (R),1,1,0,TRUE
피자_아시아고 피자 씬 (L),1,1,0,TRUE
피자_아시아고 피자 씬 (R),1,1,0,TRUE
피자_아시아고 피자 체다크림크러스트 (L),1,1,0,TRUE
피자_아시아고 피자 체다크림크러스트 (R),1,1,0,TRUE
피자_아시아고 피자 치즈크러스트 (L),1,1,0,TRUE
피자_아시아고 피자 치즈크러스트 (R),1,1,0,TRUE
피자_아시아고 피자 팬 (L),1,1,0,TRUE
피자_아시아고 피자 팬 (R),1,1,0,TRUE
피자_아시아고 피자 흑미스크린 (L),1,1,0,TRUE
피자_아시아고 피자 흑미스크린 (R),1,1,0,TRUE
피자_아시아고 피자 흑미스크린치즈크러스트 (R),1,1,0,TRUE
피자_아이리쉬 포테이토 피자 골드링 (F),1,1,0,TRUE
피자_아이리쉬 포테이토 피자 골드링 (L),1,1,0,TRUE
피자_아이리쉬 포테이토 피자 골드링 (P),1,1,0,TRUE
피자_아이리쉬 포테이토 피자 골드링씬 (F),1,1,0,TRUE
피자_아이리쉬 포테이토 피자 씬 (F),1,1,0,TRUE
피자_아이리쉬 포테이토 피자 오리지널 (F),1,1,0,TRUE
피자_아이리쉬 포테이토 피자 오리지널 (L),1,1,0,TRUE
피자_아이리쉬 포테이토 피자 오리지널 (P),1,1,0,TRUE
피자_아이리쉬 포테이토 피자 오리지널 (R),1,1,0,TRUE
피자_아이리쉬 포테이토 피자 치즈롤 (F),1,1,0,TRUE
피자_아이리쉬 포테이토 피자 치즈롤 (L),1,1,0,TRUE
피자_아이리쉬 포테이토 피자 치즈롤 (P),1,1,0,TRUE
피자_아이리쉬포테이토 피자,1,1,0,TRUE
피자_아이리쉬포테이토 피자 (F),1,1,0,TRUE
피자_아이리쉬포테이토 피자 (L),1,1,0,TRUE
피자_아이리쉬포테이토 피자 (P),1,1,0,TRUE
피자_아이리쉬포테이토 피자 (R),1,1,0,TRUE
피자_안녕하새우 피자 (L),1,1,0,TRUE
피자_안녕하새우 피자 (M),1,1,0,TRUE
피자_알고구마 피자 (L),1,1,0,TRUE
피자_알로아 하와이 피자 오리지널 (L),1,1,0,TRUE
피자_알로아 하와이 피자 오리지널 (M),1,1,0,TRUE
피자_알로아 하와이 피자 오리지널 파마산 치즈 (L),1,1,0,TRUE
피자_알로아 하와이 피자 오리지널 파마산 치즈 (M),1,1,0,TRUE
피자_알로하 하와이 피자 씬 (L),1,1,0,TRUE
피자_알로하 하와이 피자 팬 (L),1,1,0,TRUE
피자_알로하크림새우 피자 씬 (L),1,1,0,TRUE
피자_알로하크림새우 피자 씬 (R),1,1,0,TRUE
피자_알바의실수 피자 (L),1,1,0,TRUE
피자_알바의실수 피자 (R),1,1,0,TRUE
피자_앵거스 비프 랍스타 피자,1,1,0,TRUE
피자_야무진4자매 피자 (L),1,1,0,TRUE
피자_야심반반 피자 (L),1,1,0,TRUE
피자_야심반반 피자 (R),1,1,0,TRUE
피자_야채 피자 (M),1,1,0,TRUE
피자_야채 피자 (R),1,1,0,TRUE
피자_야채 피자 리치골드 (M),1,1,0,TRUE
피자_야채 피자 리치골드(L),1,1,0,TRUE
피자_야채퀘사디아 피자,1,1,0,TRUE
피자_야채킹 피자 밀도우 (L),1,1,0,TRUE
피자_야채킹 피자 밀도우 (R),1,1,0,TRUE
피자_야채킹 피자 씬도우 (L),1,1,0,TRUE
피자_야채킹 피자 씬도우 (R),1,1,0,TRUE
피자_얌얌페페로니 피자,1,1,0,TRUE
피자_양송이더블불고 피자 (L),1,1,0,TRUE
피자_어깨 피자 (L),1,1,0,TRUE
피자_어깨 피자 (R),1,1,0,TRUE
피자_어니언불고기 피자 (L),1,1,0,TRUE
피자_언더더씨 피자 (L),1,1,0,TRUE
피자_언더더씨 피자 (R),1,1,0,TRUE
피자_언양식 매콤 불고기 피자 (L),1,1,0,TRUE
피자_에그머니나 피자 (L),1,1,0,TRUE
피자_에그콘 피자 (L),1,1,0,TRUE
피자_열탄불고기 피자 (L),1,1,0,TRUE
피자_열탄불고기 피자 (R),1,1,0,TRUE
피자_옛날갈비 피자,1,1,0,TRUE
피자_오리지널슈프림 피자 마니아 에어도우 (L),1,1,0,TRUE
피자_오리지널슈프림 피자 마니아 에어도우 (M),1,1,0,TRUE
피자_오리지널슈프림 피자 마니아 파마산엣지 (L),1,1,0,TRUE
피자_오리지널슈프림 피자 마니아 파마산엣지 (M),1,1,0,TRUE
피자_오마이갓페퍼로니 피자 (L),1,1,0,TRUE
피자_오마이갓페퍼로니 피자 (R),1,1,0,TRUE
피자_오지치즈포테이토 피자,1,1,0,TRUE
피자_오지치즈후라이 피자,1,1,0,TRUE
피자_옥수수 피자 (R),1,1,0,TRUE
피자_올미트 피자 (F),1,1,0,TRUE
피자_올미트 피자 (L),1,1,0,TRUE
피자_올미트 피자 (P),1,1,0,TRUE
피자_올미트 피자 (R),1,1,0,TRUE
피자_올미트 피자 골드링 (F),1,1,0,TRUE
피자_올미트 피자 골드링 (L),1,1,0,TRUE
피자_올미트 피자 골드링 (P),1,1,0,TRUE
피자_올미트 피자 골드링씬 (F),1,1,0,TRUE
피자_올미트 피자 씬 (F),1,1,0,TRUE
피자_올미트 피자 오리지널 (F),1,1,0,TRUE
피자_올미트 피자 오리지널 (L),1,1,0,TRUE
피자_올미트 피자 오리지널 (P),1,1,0,TRUE
피자_올미트 피자 오리지널 (R),1,1,0,TRUE
피자_올미트 피자 치즈롤 (F),1,1,0,TRUE
피자_올미트 피자 치즈롤 (L),1,1,0,TRUE
피자_올미트 피자 치즈롤 (P),1,1,0,TRUE
피자_올스타 피자 (L),1,1,0,TRUE
피자_올포유 피자 (L),1,1,0,TRUE
피자_와규베스트플래버 피자 (L),1,1,0,TRUE
피자_와규소보로 피자 (L),1,1,0,TRUE
피자_와규소보로 피자 (M),1,1,0,TRUE
피자_와와웨 스테이크 피자 나폴리 (L),1,1,0,TRUE
피자_와와웨 스테이크 피자 나폴리 (M),1,1,0,TRUE
피자_와와웨 스테이크 피자 더블치즈 엣지 (L),1,1,0,TRUE
피자_와와웨 스테이크 피자 더블치즈 엣지 (M),1,1,0,TRUE
피자_와와웨 스테이크 피자 슈퍼시드 화이버 버스트 오리지널 (L),1,1,0,TRUE
피자_와와웨 스테이크 피자 슈퍼시드 화이버 오리지널 (L),1,1,0,TRUE
피자_와와웨 스테이크 피자 슈퍼시드 화이버 오리지널 (M),1,1,0,TRUE
피자_와와웨 스테이크 피자 슈화 더블 치즈 페퍼로니 엣지 (L),1,1,0,TRUE
피자_와와웨 스테이크 피자 슈화 더블 치즈 페퍼로니 엣지 (M),1,1,0,TRUE
피자_와와웨 스테이크 피자 씬 (L),1,1,0,TRUE
피자_와와웨 스테이크 피자 씬 (M),1,1,0,TRUE
피자_와와웨 스테이크 피자 오리지널 (L),1,1,0,TRUE
피자_와와웨 스테이크 피자 오리지널 (M),1,1,0,TRUE
피자_와와웨 스테이크 피자 치즈버스트 나폴리 (L),1,1,0,TRUE
피자_와와웨 스테이크 피자 치즈버스트 오리지널 (L),1,1,0,TRUE
피자_와와웨 피자 더블치즈 페퍼로니 엣지 (L),1,1,0,TRUE
피자_와와웨 피자 더블치즈 페퍼로니 엣지 (M),1,1,0,TRUE
피자_와이키키 피자 골드스윗 (L),1,1,0,TRUE
피자_와이키키 피자 골드스윗 (R),1,1,0,TRUE
피자_와이키키 피자 리코타링 (L),1,1,0,TRUE
피자_와이키키 피자 리코타링 (R),1,1,0,TRUE
피자_와이키키 피자 석쇠 (L),1,1,0,TRUE
피자_와이키키 피자 석쇠 (R),1,1,0,TRUE
피자_와이키키 피자 씬도우 (L),1,1,0,TRUE
피자_와이키키 피자 씬도우 (R),1,1,0,TRUE
피자_와이키키 피자 씬바샤삭 (L),1,1,0,TRUE
피자_와이키키 피자 씬바샤삭 (R),1,1,0,TRUE
피자_와이키키 피자 치즈링 (L),1,1,0,TRUE
피자_와이키키 피자 치즈링 (R),1,1,0,TRUE
피자_왕릉고추 불고기 피자 (L),1,1,0,TRUE
피자_왕릉고추 불고기 피자 (R),1,1,0,TRUE
피자_왕릉불고기 피자 (L),1,1,0,TRUE
피자_왕릉불고기 피자 (R),1,1,0,TRUE
피자_왕손뚱베이컨 피자 (L),1,1,0,TRUE
피자_왕창포테이토 피자 (L),1,1,0,TRUE
피자_용암던전 피자 (XL),1,1,0,TRUE
피자_용암불고기 피자 (L),1,1,0,TRUE
피자_용암불고기 피자 (R),1,1,0,TRUE
피자_우리 고구마 피자 나폴리 (L),1,1,0,TRUE
피자_우리 고구마 피자 나폴리 (M),1,1,0,TRUE
피자_우리 고구마 피자 더블치즈 페퍼로니 엣지 (L),1,1,0,TRUE
피자_우리 고구마 피자 더블치즈 페퍼로니 엣지 (M),1,1,0,TRUE
피자_우리 고구마 피자 슈퍼시드 화이버 버스트 오리지널 (L),1,1,0,TRUE
피자_우리 고구마 피자 슈퍼시드 화이버 오리지널 (L),1,1,0,TRUE
피자_우리 고구마 피자 슈퍼시드 화이버 오리지널 (M),1,1,0,TRUE
피자_우리 고구마 피자 슈화 더블 치즈 페퍼로니 엣지 (L),1,1,0,TRUE
피자_우리 고구마 피자 슈화 더블 치즈 페퍼로니 엣지 (M),1,1,0,TRUE
피자_우리 고구마 피자 씬 (L),1,1,0,TRUE
피자_우리 고구마 피자 씬 (M),1,1,0,TRUE
피자_우리 고구마 피자 오리지널 (L),1,1,0,TRUE
피자_우리 고구마 피자 오리지널 (M),1,1,0,TRUE
피자_우리 고구마 피자 치즈 엣지 (L),1,1,0,TRUE
피자_우리 고구마 피자 치즈 엣지 (M),1,1,0,TRUE
피자_우리 고구마 피자 치즈버스트 나폴리 (L),1,1,0,TRUE
피자_우리 고구마 피자 치즈버스트 오리지널 (L),1,1,0,TRUE
피자_우아한소세지 피자 (L),1,1,0,TRUE
피자_우아한소세지 피자 (M),1,1,0,TRUE
피자_우주선 피자,1,1,0,TRUE
피자_울트라빽보이 피자 (L),1,1,0,TRUE
피자_울트라빽보이 피자 (R),1,1,0,TRUE
피자_울트라코리안 피자 (L),1,1,0,TRUE
피자_울트라코리안 피자 (R),1,1,0,TRUE
피자_울트라콤비네이션 피자 (L),1,1,0,TRUE
피자_웃음꽃 피자 (L),1,1,0,TRUE
피자_웃음꽃 피자 (R),1,1,0,TRUE
피자_웨지포테이토 피자,1,1,0,TRUE
피자_웨지포테이토 피자 (L),1,1,0,TRUE
피자_웨지포테이토 피자 (M),1,1,0,TRUE
피자_웨지포테이토 피자 마니아 에어도우 (L),1,1,0,TRUE
피자_웨지포테이토 피자 마니아 에어도우 (M),1,1,0,TRUE
피자_웨지포테이토 피자 마니아 파마산엣지 (L),1,1,0,TRUE
피자_웨지포테이토 피자 마니아 파마산엣지 (M),1,1,0,TRUE
피자_웨지포테이토 피자 씬 (L),1,1,0,TRUE
피자_웰빙다이어트야채 피자 (L),1,1,0,TRUE
피자_웰컴투포테이토 피자 (L),1,1,0,TRUE
피자_웰컴투포테이토 피자 (M),1,1,0,TRUE
피자_위스콘신 치즈 포테이토 피자 골드링 (F),1,1,0,TRUE
피자_위스콘신 치즈 포테이토 피자 골드링 (L),1,1,0,TRUE
피자_위스콘신 치즈 포테이토 피자 골드링 (P),1,1,0,TRUE
피자_위스콘신 치즈 포테이토 피자 오리지널 (F),1,1,0,TRUE
피자_위스콘신 치즈 포테이토 피자 오리지널 (L),1,1,0,TRUE
피자_위스콘신 치즈 포테이토 피자 오리지널 (P),1,1,0,TRUE
피자_위스콘신 치즈 포테이토 피자 치즈롤 (F),1,1,0,TRUE
피자_위스콘신 치즈 포테이토 피자 치즈롤 (L),1,1,0,TRUE
피자_위스콘신 치즈 포테이토 피자 치즈롤 (P),1,1,0,TRUE
피자_위스콘신치즈포테이토 피자 (F),1,1,0,TRUE
피자_위스콘신치즈포테이토 피자 (L),1,1,0,TRUE
피자_위스콘신치즈포테이토 피자 (P),1,1,0,TRUE
피자_유로코베스트 피자,1,1,0,TRUE
피자_육해공골드 피자 (L),1,1,0,TRUE
피자_의좋은4형제 피자 (L),1,1,0,TRUE
피자_이탈리아 마르게리따 피자 나폴리 (L),1,1,0,TRUE
피자_이탈리아 마르게리따 피자 더블치즈 엣지 (L),1,1,0,TRUE
피자_이탈리아 마르게리따 피자 더블치즈 페퍼로니 엣지 (L),1,1,0,TRUE
피자_이탈리아 마르게리따 피자 슈퍼시드 화이버 버스트 오리지널 (L),1,1,0,TRUE
피자_이탈리아 마르게리따 피자 슈퍼시드 화이버 오리지널 (L),1,1,0,TRUE
피자_이탈리아 마르게리따 피자 슈화 더블치즈 페퍼로니 엣지 (L),1,1,0,TRUE
피자_이탈리아 마르게리따 피자 씬 (L),1,1,0,TRUE
피자_이탈리아 마르게리따 피자 오리지널 (L),1,1,0,TRUE
피자_이탈리아 마르게리따 피자 치즈버스트 나폴리 (L),1,1,0,TRUE
피자_이탈리아 마르게리따 피자 치즈버스트 오리지널 (L),1,1,0,TRUE
피자_이탈리안치즈 피자 바이트 (L),1,1,0,TRUE
피자_인싸 피자 (L),1,1,0,TRUE
피자_전주불백 피자 (L),1,1,0,TRUE
피자_전주불백 피자 (R),1,1,0,TRUE
피자_점보꿀고구마 피자,1,1,0,TRUE
피자_점보불고기 피자,1,1,0,TRUE
피자_점보스테이크불갈비 피자 (L),1,1,0,TRUE
피자_점보포테이토 피자 (L),1,1,0,TRUE
피자_제노베제 살시챠 포카챠,1,1,0,TRUE
피자_제주 고르곤졸라 피자 메가크런치 씬 (L),1,1,0,TRUE
피자_존스 페이버릿 피자 골드링 (F),1,1,0,TRUE
피자_존스 페이버릿 피자 골드링 (L),1,1,0,TRUE
피자_존스 페이버릿 피자 골드링 (P),1,1,0,TRUE
피자_존스 페이버릿 피자 골드링씬 (F),1,1,0,TRUE
피자_존스 페이버릿 피자 씬 (F),1,1,0,TRUE
피자_존스 페이버릿 피자 오리지널 (F),1,1,0,TRUE
피자_존스 페이버릿 피자 오리지널 (L),1,1,0,TRUE
피자_존스 페이버릿 피자 오리지널 (P),1,1,0,TRUE
피자_존스 페이버릿 피자 치즈롤 (F),1,1,0,TRUE
피자_존스 페이버릿 피자 치즈롤 (L),1,1,0,TRUE
피자_존스 페이버릿 피자 치즈롤 (P),1,1,0,TRUE
피자_존스페이버릿 피자 (F),1,1,0,TRUE
피자_존스페이버릿 피자 (L),1,1,0,TRUE
피자_존스페이버릿 피자 (P),1,1,0,TRUE
피자_죄다치즈 피자 (L),1,1,0,TRUE
피자_죄다치즈 피자 (M),1,1,0,TRUE
피자_지옥행불닭 피자 (L),1,1,0,TRUE
피자_지옥행불닭 피자 (M),1,1,0,TRUE
피자_직화매운갈비 피자,1,1,0,TRUE
피자_직화바베큐 피자,1,1,0,TRUE
피자_직화불고기 피자,1,1,0,TRUE
피자_직화불고기 피자 더블치즈크러스트 (L),1,1,0,TRUE
피자_직화불고기 피자 더블치즈크러스트 (M),1,1,0,TRUE
피자_직화불고기 피자 리치골드(L),1,1,0,TRUE
피자_직화불고기 피자 리치골드(M),1,1,0,TRUE
피자_직화불고기 피자 치즈크러스트 (L),1,1,0,TRUE
피자_직화불고기 피자 치즈크러스트 (M),1,1,0,TRUE
피자_직화불고기 피자 팬 (L),1,1,0,TRUE
피자_직화불고기 피자 프리미엄 오리지널 (L),1,1,0,TRUE
피자_직화불고기 피자 프리미엄 오리지널 (M),1,1,0,TRUE
피자_직화불고기 피자 프리첼 치즈 (L),1,1,0,TRUE
피자_직화불고기 피자 프리첼 치즈 (M),1,1,0,TRUE
피자_직화스테이크 피자 (L),1,1,0,TRUE
피자_직화파인애플 피자,1,1,0,TRUE
피자_직화홀릭바베큐 피자 (L),1,1,0,TRUE
피자_직화홀릭바베큐 피자 (M),1,1,0,TRUE
피자_직화홀릭바이트 피자,1,1,0,TRUE
피자_진짜감자 피자 (L),1,1,0,TRUE
피자_짱감자 피자 고구마크러스트 (L),1,1,0,TRUE
피자_짱감자 피자 고구마크러스트 (R),1,1,0,TRUE
피자_짱감자 피자 라이스골드 (F),1,1,0,TRUE
피자_짱감자 피자 라이스골드 (L),1,1,0,TRUE
피자_짱감자 피자 라이스골드 (R),1,1,0,TRUE
피자_짱감자 피자 라이스바이트 (F),1,1,0,TRUE
피자_짱감자 피자 밀스크린 (L),1,1,0,TRUE
피자_짱감자 피자 밀스크린 (R),1,1,0,TRUE
피자_짱감자 피자 밀스크린고구마크러스트 (L),1,1,0,TRUE
피자_짱감자 피자 밀스크린고구마크러스트 (R),1,1,0,TRUE
피자_짱감자 피자 밀스크린체다크림크러스트 (L),1,1,0,TRUE
피자_짱감자 피자 밀스크린체다크림크러스트 (R),1,1,0,TRUE
피자_짱감자 피자 밀스크린치즈크러스트 (L),1,1,0,TRUE
피자_짱감자 피자 밀스크린치즈크러스트 (R),1,1,0,TRUE
피자_짱감자 피자 백미스크린 (L),1,1,0,TRUE
피자_짱감자 피자 백미스크린 (R),1,1,0,TRUE
피자_짱감자 피자 백미스크린치즈크러스트 (L),1,1,0,TRUE
피자_짱감자 피자 백미스크린치즈크러스트 (R),1,1,0,TRUE
피자_짱감자 피자 석쇠 (F),1,1,0,TRUE
피자_짱감자 피자 석쇠 (L),1,1,0,TRUE
피자_짱감자 피자 석쇠 (R),1,1,0,TRUE
피자_짱감자 피자 씬 (L),1,1,0,TRUE
피자_짱감자 피자 씬 (R),1,1,0,TRUE
피자_짱감자 피자 체다크림크러스트 (L),1,1,0,TRUE
피자_짱감자 피자 체다크림크러스트 (R),1,1,0,TRUE
피자_짱감자 피자 치즈크러스트 (F),1,1,0,TRUE
피자_짱감자 피자 팬 (F),1,1,0,TRUE
피자_짱감자 피자 흑미스크린 (L),1,1,0,TRUE
피자_짱감자 피자 흑미스크린 (R),1,1,0,TRUE
피자_짱감자 피자 흑미스크린치즈크러스트 (L),1,1,0,TRUE
피자_짱감자 피자 흑미스크린치즈크러스트 (R),1,1,0,TRUE
피자_쭈꾸미 피자 (L),1,1,0,TRUE
피자_찐3 피자,1,1,0,TRUE
피자_찐4 피자,1,1,0,TRUE
피자_찐페퍼로니 피자 씬 크러스트,1,1,0,TRUE
피자_차슈(불갈비) 피자 (L),1,1,0,TRUE
피자_차슈(불갈비) 피자 (M),1,1,0,TRUE
피자_찹스테이크 피자 (XL),1,1,0,TRUE
피자_채소콤비네이션 피자 (L),1,1,0,TRUE
피자_채소콤비네이션 피자 (R),1,1,0,TRUE
피자_첫사랑 피자 (L),1,1,0,TRUE
피자_청양핫불고기 피자 (L),1,1,0,TRUE
피자_청양핫불고기 피자 (M),1,1,0,TRUE
피자_체다 스테이크 피자,1,1,0,TRUE
피자_체다 온 더 베이컨 피자 (XL),1,1,0,TRUE
피자_체다골드포테이토 피자 골드스윗 (L),1,1,0,TRUE
피자_체다골드포테이토 피자 골드스윗 (R),1,1,0,TRUE
피자_체다골드포테이토 피자 리코타링 (L),1,1,0,TRUE
피자_체다골드포테이토 피자 리코타링 (R),1,1,0,TRUE
피자_체다골드포테이토 피자 석쇠 (L),1,1,0,TRUE
피자_체다골드포테이토 피자 석쇠 (R),1,1,0,TRUE
피자_체다골드포테이토 피자 씬도우 (L),1,1,0,TRUE
피자_체다골드포테이토 피자 씬도우 (R),1,1,0,TRUE
피자_체다골드포테이토 피자 씬바샤삭 (L),1,1,0,TRUE
피자_체다골드포테이토 피자 씬바샤삭 (R),1,1,0,TRUE
피자_체다골드포테이토 피자 치즈링 (L),1,1,0,TRUE
피자_체다골드포테이토 피자 치즈링 (R),1,1,0,TRUE
피자_체다바비큐필레 피자 (L),1,1,0,TRUE
피자_체다베이컨고구마 피자 (L),1,1,0,TRUE
피자_체다소세지 피자 (L),1,1,0,TRUE
피자_체다소세지 피자 바이트 (L),1,1,0,TRUE
피자_체다스리라차케이준불고기 피자 (L),1,1,0,TRUE
피자_체다왕손뚱베이컨 피자 (L),1,1,0,TRUE
피자_체다치즈 피자,1,1,0,TRUE
피자_체다치즈베이컨 피자 (L),1,1,0,TRUE
피자_체다치즈베이컨 피자 (R),1,1,0,TRUE
피자_체다콘치즈 피자 (L),1,1,0,TRUE
피자_체다콘치즈 피자 (R),1,1,0,TRUE
피자_체다콤비네이션 피자 (L),1,1,0,TRUE
피자_체다파인애플 피자 골드스윗 (L),1,1,0,TRUE
피자_체다파인애플 피자 골드스윗 (R),1,1,0,TRUE
피자_체다파인애플 피자 리코타링 (L),1,1,0,TRUE
피자_체다파인애플 피자 리코타링 (R),1,1,0,TRUE
피자_체다파인애플 피자 석쇠 (L),1,1,0,TRUE
피자_체다파인애플 피자 석쇠 (R),1,1,0,TRUE
피자_체다파인애플 피자 씬바샤삭 (L),1,1,0,TRUE
피자_체다파인애플 피자 씬바샤삭 (R),1,1,0,TRUE
피자_체다파인애플 피자 치즈링 (L),1,1,0,TRUE
피자_체다파인애플 피자 치즈링 (R),1,1,0,TRUE
피자_체다폭탄베이컨체다 피자,1,1,0,TRUE
피자_충성콤비네이션 피자 (L),1,1,0,TRUE
피자_충성콤비네이션 피자 (M),1,1,0,TRUE
피자_치왕 피자 고구마크러스트 (L),1,1,0,TRUE
피자_치왕 피자 밀스크린고구마크러스트 (L),1,1,0,TRUE
피자_치왕 피자 밀스크린체다크림크러스트 (L),1,1,0,TRUE
피자_치왕 피자 밀스크린치즈크러스트 (L),1,1,0,TRUE
피자_치왕 피자 체다크림크러스트 (L),1,1,0,TRUE
피자_치왕 피자 치즈크러스트 (L),1,1,0,TRUE
피자_치즈 러버 피자 씬 (L),1,1,0,TRUE
피자_치즈 러버 피자 오리지널 (L),1,1,0,TRUE
피자_치즈 러버 피자 오리지널 (M),1,1,0,TRUE
피자_치즈 러버 피자 오리지널 파마산 치즈 (L),1,1,0,TRUE
피자_치즈 러버 피자 오리지널 파마산 치즈 (M),1,1,0,TRUE
피자_치즈 러버 피자 팬 (L),1,1,0,TRUE
피자_치즈 마니아 피자,1,1,0,TRUE
피자_치즈 피자 (12인치),1,1,0,TRUE
피자_치즈 피자 (7인치),1,1,0,TRUE
피자_치즈 피자 (M),1,1,0,TRUE
피자_치즈 피자 골드스윗 (L),1,1,0,TRUE
피자_치즈 피자 골드스윗 (R),1,1,0,TRUE
피자_치즈 피자 나폴리 (L),1,1,0,TRUE
피자_치즈 피자 나폴리 (M),1,1,0,TRUE
피자_치즈 피자 더블치즈 엣지 (L),1,1,0,TRUE
피자_치즈 피자 더블치즈 엣지 (M),1,1,0,TRUE
피자_치즈 피자 더블치즈 엣지 오리지널 (L),1,1,0,TRUE
피자_치즈 피자 더블치즈 페퍼로니 엣지 (L),1,1,0,TRUE
피자_치즈 피자 더블치즈 페퍼로니 엣지 (M),1,1,0,TRUE
피자_치즈 피자 리치골드 (M),1,1,0,TRUE
피자_치즈 피자 리치골드(L),1,1,0,TRUE
피자_치즈 피자 리코타링 (L),1,1,0,TRUE
피자_치즈 피자 리코타링 (R),1,1,0,TRUE
피자_치즈 피자 마니아 에어도우 (L),1,1,0,TRUE
피자_치즈 피자 마니아 에어도우 (M),1,1,0,TRUE
피자_치즈 피자 마니아 파마산엣지 (L),1,1,0,TRUE
피자_치즈 피자 마니아 파마산엣지 (M),1,1,0,TRUE
피자_치즈 피자 석쇠 (L),1,1,0,TRUE
피자_치즈 피자 석쇠 (R),1,1,0,TRUE
피자_치즈 피자 슈퍼시드 화이버 버스트 오리지널 (L),1,1,0,TRUE
피자_치즈 피자 슈퍼시드 화이버 오리지널 (L),1,1,0,TRUE
피자_치즈 피자 슈퍼시드 화이버 오리지널 (M),1,1,0,TRUE
피자_치즈 피자 슈퍼시드함유도우 (L),1,1,0,TRUE
피자_치즈 피자 슈화 더블 치즈 피자 페퍼로니 엣지 (L),1,1,0,TRUE
피자_치즈 피자 슈화 더블 치즈 피자 페퍼로니 엣지 (M),1,1,0,TRUE
피자_치즈 피자 씬 (L),1,1,0,TRUE
피자_치즈 피자 씬 (M),1,1,0,TRUE
피자_치즈 피자 씬바샤삭 (L),1,1,0,TRUE
피자_치즈 피자 씬바샤삭 (R),1,1,0,TRUE
피자_치즈 피자 오리지널 (L),1,1,0,TRUE
피자_치즈 피자 오리지널 (M),1,1,0,TRUE
피자_치즈 피자 치즈링 (L),1,1,0,TRUE
피자_치즈 피자 치즈링 (R),1,1,0,TRUE
피자_치즈 피자 치즈버스트 나폴리 (L),1,1,0,TRUE
피자_치즈 피자 치즈버스트 오리지널 (L),1,1,0,TRUE
피자_치즈 피자 크레이프 샌드 피자 (L),1,1,0,TRUE
피자_치즈 피자 크레이프 샌드 피자 (M),1,1,0,TRUE
피자_치즈 피자 팬 (L),1,1,0,TRUE
피자_치즈 피자 팬 (M),1,1,0,TRUE
피자_치즈多 피자,1,1,0,TRUE
피자_치즈더포테이토 피자 마니아 에어도우 (L),1,1,0,TRUE
피자_치즈더포테이토 피자 마니아 에어도우 (M),1,1,0,TRUE
피자_치즈더포테이토 피자 마니아 파마산엣지 (L),1,1,0,TRUE
피자_치즈더포테이토 피자 마니아 파마산엣지 (M),1,1,0,TRUE
피자_치즈로니 피자 (L),1,1,0,TRUE
피자_치즈로니 피자 (R),1,1,0,TRUE
피자_치즈바이트 피자,1,1,0,TRUE
피자_치즈바이트 피자 (L),1,1,0,TRUE
피자_치즈블라썸 스테이크 피자 골드 (L),1,1,0,TRUE
피자_치즈블라썸 스테이크 피자 골드 (M),1,1,0,TRUE
피자_치즈블라썸 스테이크 피자 골드 (R),1,1,0,TRUE
피자_치즈블라썸 스테이크 피자 노엣지 (L),1,1,0,TRUE
피자_치즈블라썸 스테이크 피자 노엣지 (M),1,1,0,TRUE
피자_치즈블라썸 스테이크 피자 노엣지 (R),1,1,0,TRUE
피자_치즈블라썸 스테이크 피자 에그타르트 (L),1,1,0,TRUE
피자_치즈블라썸 스테이크 피자 에그타르트 (M),1,1,0,TRUE
피자_치즈블라썸 스테이크 피자 에그타르트 (R),1,1,0,TRUE
피자_치즈블라썸 스테이크 피자 치즈캡 (L),1,1,0,TRUE
피자_치즈블라썸 스테이크 피자 치즈캡 (M),1,1,0,TRUE
피자_치즈블라썸 스테이크 피자 치즈캡 (R),1,1,0,TRUE
피자_치즈블라썸 스테이크 피자 크림치즈 (L),1,1,0,TRUE
피자_치즈블라썸 스테이크 피자 크림치즈 (M),1,1,0,TRUE
피자_치즈블라썸 스테이크 피자 크림치즈 (R),1,1,0,TRUE
피자_치즈스테이크 피자(L),1,1,0,TRUE
피자_치즈왕창 피자 (L),1,1,0,TRUE
피자_치즈왕창 피자 (R),1,1,0,TRUE
피자_치즈크러스트 피자 (L),1,1,0,TRUE
피자_치즈팡 팬 (L),1,1,0,TRUE
피자_치즈팡 피자 라이스골드 (F),1,1,0,TRUE
피자_치즈팡 피자 라이스골드 (L),1,1,0,TRUE
피자_치즈팡 피자 라이스골드 (R),1,1,0,TRUE
피자_치즈팡 피자 라이스바이트 (F),1,1,0,TRUE
피자_치즈팡 피자 석쇠 (L),1,1,0,TRUE
피자_치즈팡 피자 치즈크러스트 (F),1,1,0,TRUE
피자_치즈팡 피자 치즈크러스트 (L),1,1,0,TRUE
피자_치즈팡 피자 치즈크러스트 (R),1,1,0,TRUE
피자_치즈팡 피자 팬 (L),1,1,0,TRUE
피자_치즈폭탄 더블임실치즈고구마 피자 (L),1,1,0,TRUE
피자_치즈폭탄 더블임실치즈밤호박 피자 (L),1,1,0,TRUE
피자_치즈폭탄 더블임실치즈버팔로 피자 (L),1,1,0,TRUE
피자_치즈폭탄 더블임실치즈불고기 피자 (L),1,1,0,TRUE
피자_치즈폭탄 더블임실치즈슈퍼슈프림 피자 (L),1,1,0,TRUE
피자_치즈폭탄 더블임실치즈짱감자 피자 (L),1,1,0,TRUE
피자_치즈폭탄 더블임실치즈페파로니 피자 (L),1,1,0,TRUE
피자_치즈폭탄 더블임실치즈하와이언 피자 (L),1,1,0,TRUE
피자_치즈폭탄 더블임실치즈핫멕시칸 피자 (L),1,1,0,TRUE
피자_치즈폭탄 피자 (L),1,1,0,TRUE
피자_치즈폭탄 핵치즈폭탄 피자 (L),1,1,0,TRUE
피자_치즈퐁듀파이어미트 피자 오리지널 (L),1,1,0,TRUE
피자_치즈피자,1,1,0,TRUE
피자_치즈핵폭탄 피자 (L),1,1,0,TRUE
피자_치즈후라이 피자 (L),1,1,0,TRUE
피자_치즈후라이크림치즈 피자 (L),1,1,0,TRUE
피자_치킨 바베큐 피자 골드링 (F),1,1,0,TRUE
피자_치킨 바베큐 피자 골드링 (L),1,1,0,TRUE
피자_치킨 바베큐 피자 골드링 (P),1,1,0,TRUE
피자_치킨 바베큐 피자 골드링씬 (F),1,1,0,TRUE
피자_치킨 바베큐 피자 씬 (F),1,1,0,TRUE
피자_치킨 바베큐 피자 오리지널 (F),1,1,0,TRUE
피자_치킨 바베큐 피자 오리지널 (L),1,1,0,TRUE
피자_치킨 바베큐 피자 오리지널 (P),1,1,0,TRUE
피자_치킨 바베큐 피자 오리지널 (R),1,1,0,TRUE
피자_치킨 바베큐 피자 치즈롤 (F),1,1,0,TRUE
피자_치킨 바베큐 피자 치즈롤 (L),1,1,0,TRUE
피자_치킨 바베큐 피자 치즈롤 (P),1,1,0,TRUE
피자_치킨 피자,1,1,0,TRUE
피자_치킨바베큐 피자 (F),1,1,0,TRUE
피자_치킨바베큐 피자 (P),1,1,0,TRUE
피자_치킨바베큐 피자 (R),1,1,0,TRUE
피자_치킨바베큐 피자 (XL),1,1,0,TRUE
피자_치킨바베큐 피자 밀도우 (L),1,1,0,TRUE
피자_치킨바베큐 피자 밀도우 (R),1,1,0,TRUE
피자_치킨바베큐 피자 씬도우 (L),1,1,0,TRUE
피자_치킨바베큐 피자 씬도우 (R),1,1,0,TRUE
피자_치킨바비큐 피자 (L),1,1,0,TRUE
피자_치킨인볼케이노 피자 (L),1,1,0,TRUE
피자_치킨인볼케이노 피자 (M),1,1,0,TRUE
피자_치킨퀘사디아 피자,1,1,0,TRUE
피자_치킨텐더 피자 (L),1,1,0,TRUE
피자_치킨텐더 피자 (M),1,1,0,TRUE
피자_치킨할라피뇨 피자 골드스윗 (G),1,1,0,TRUE
피자_치킨할라피뇨 피자 골드스윗 (L),1,1,0,TRUE
피자_치킨할라피뇨 피자 골드스윗 (R),1,1,0,TRUE
피자_치킨할라피뇨 피자 리코타링 (G),1,1,0,TRUE
피자_치킨할라피뇨 피자 리코타링 (L),1,1,0,TRUE
피자_치킨할라피뇨 피자 리코타링 (R),1,1,0,TRUE
피자_치킨할라피뇨 피자 석쇠 (G),1,1,0,TRUE
피자_치킨할라피뇨 피자 석쇠 (L),1,1,0,TRUE
피자_치킨할라피뇨 피자 석쇠 (R),1,1,0,TRUE
피자_치킨할라피뇨 피자 씬도우 (L),1,1,0,TRUE
피자_치킨할라피뇨 피자 씬도우 (R),1,1,0,TRUE
피자_치킨할라피뇨 피자 씬바샤삭 (L),1,1,0,TRUE
피자_치킨할라피뇨 피자 씬바샤삭 (R),1,1,0,TRUE
피자_치킨할라피뇨 피자 치즈링 (G),1,1,0,TRUE
피자_치킨할라피뇨 피자 치즈링 (L),1,1,0,TRUE
피자_치킨할라피뇨 피자 치즈링 (R),1,1,0,TRUE
피자_치폴레쉬림프 피자,1,1,0,TRUE
피자_치폴레쉬림프디트로이트,1,1,0,TRUE
피자_칠리불갈비 피자 골드스윗 (L),1,1,0,TRUE
피자_칠리불갈비 피자 골드스윗 (R),1,1,0,TRUE
피자_칠리불갈비 피자 리코타링 (L),1,1,0,TRUE
피자_칠리불갈비 피자 리코타링 (R),1,1,0,TRUE
피자_칠리불갈비 피자 석쇠 (L),1,1,0,TRUE
피자_칠리불갈비 피자 석쇠 (R),1,1,0,TRUE
피자_칠리불갈비 피자 씬도우 (L),1,1,0,TRUE
피자_칠리불갈비 피자 씬도우 (R),1,1,0,TRUE
피자_칠리불갈비 피자 씬바샤삭 (L),1,1,0,TRUE
피자_칠리불갈비 피자 씬바샤삭 (R),1,1,0,TRUE
피자_칠리불갈비 피자 치즈링 (L),1,1,0,TRUE
피자_칠리불갈비 피자 치즈링 (R),1,1,0,TRUE
피자_칠리새우 피자 골드스윗 (L),1,1,0,TRUE
피자_칠리새우 피자 골드스윗 (R),1,1,0,TRUE
피자_칠리새우 피자 리코타링 (L),1,1,0,TRUE
피자_칠리새우 피자 리코타링 (R),1,1,0,TRUE
피자_칠리새우 피자 석쇠 (L),1,1,0,TRUE
피자_칠리새우 피자 석쇠 (R),1,1,0,TRUE
피자_칠리새우 피자 씬도우 (L),1,1,0,TRUE
피자_칠리새우 피자 씬도우 (R),1,1,0,TRUE
피자_칠리새우 피자 치즈링 (L),1,1,0,TRUE
피자_칠리새우 피자 치즈링 (R),1,1,0,TRUE
피자_칠리새우베이컨 피자 (XL),1,1,0,TRUE
피자_칠리쉬림프 피자 밀도우 (L),1,1,0,TRUE
피자_칠리쉬림프 피자 밀도우 (R),1,1,0,TRUE
피자_칠리쉬림프 피자 씬 (L),1,1,0,TRUE
피자_칠리쉬림프 피자 씬 (R),1,1,0,TRUE
피자_칠리쉬림프 피자 씬도우 (L),1,1,0,TRUE
피자_칠리쉬림프 피자 씬도우 (R),1,1,0,TRUE
피자_캐리비안플러스 피자 (F),1,1,0,TRUE
피자_캐리비안플러스 피자 (L),1,1,0,TRUE
피자_캐리비안플러스 피자 (R),1,1,0,TRUE
피자_케미콤보 피자,1,1,0,TRUE
피자_케미콤보 피자 씬 (L),1,1,0,TRUE
피자_케이준더블쉬림프 포켓 피자 노엣지 (L),1,1,0,TRUE
피자_케이준더블쉬림프 포켓 피자 노엣지 (M),1,1,0,TRUE
피자_케이준더블쉬림프 포켓 피자 리치골드 (L),1,1,0,TRUE
피자_케이준더블쉬림프 포켓 피자 리치골드 (M),1,1,0,TRUE
피자_케이준더블쉬림프 포켓 피자 치즈크러스트 (L),1,1,0,TRUE
피자_케이준더블쉬림프 피자 더블치즈크러스트 (L),1,1,0,TRUE
피자_케이준더블쉬림프 피자 더블치즈크러스트 (M),1,1,0,TRUE
피자_케이준더블쉬림프 피자 리치골드 (L),1,1,0,TRUE
피자_케이준더블쉬림프 피자 리치골드 M,1,1,0,TRUE
피자_케이준더블쉬림프 피자 포켓 피자 치즈크러스트 (M),1,1,0,TRUE
피자_케이준더블쉬림프 피자 포켓 피자 콘치즈포켓 (L),1,1,0,TRUE
피자_케이준더블쉬림프 피자 포켓 피자 콘치즈포켓 (M),1,1,0,TRUE
피자_케이준더블쉬림프 피자 프리미엄 오리지널 (L),1,1,0,TRUE
피자_케이준더블쉬림프 피자 프리미엄 오리지널 (M),1,1,0,TRUE
피자_케이준더블쉬림프 피자 프리첼 치즈 (L),1,1,0,TRUE
피자_케이준더블쉬림프 피자 프리첼 치즈 (M),1,1,0,TRUE
피자_케이준소시지 피자 (XL),1,1,0,TRUE
피자_케이준쉬림프골드 피자 (F),1,1,0,TRUE
피자_케이준쉬림프골드 피자 (L),1,1,0,TRUE
피자_케이준쉬림프골드 피자 (R),1,1,0,TRUE
피자_케이준치즈후라이 피자 (L),1,1,0,TRUE
피자_케이준포테이토쉬림프 피자 (L),1,1,0,TRUE
피자_코코에그마요 피자 (L),1,1,0,TRUE
피자_코코에그마요 피자 (M),1,1,0,TRUE
피자_콘 크림 피자,1,1,0,TRUE
피자_콘마요 피자 (L),1,1,0,TRUE
피자_콘치즈 피자,1,1,0,TRUE
피자_콘치즈 피자 (L),1,1,0,TRUE
피자_콘치즈 피자 (R),1,1,0,TRUE
피자_콤비X콤비네이션 피자 (XL),1,1,0,TRUE
피자_콤비네이션 1958 피자 씬 (L),1,1,0,TRUE
피자_콤비네이션 1958 피자 오리지널 (L),1,1,0,TRUE
피자_콤비네이션 1958 피자 오리지널 (M),1,1,0,TRUE
피자_콤비네이션 1958 피자 오리지널 파마산 치즈 (L),1,1,0,TRUE
피자_콤비네이션 1958 피자 오리지널 파마산 치즈 (M),1,1,0,TRUE
피자_콤비네이션 1958 피자 팬 (L),1,1,0,TRUE
피자_콤비네이션 1인피자,1,1,0,TRUE
피자_콤비네이션 피자 (J),1,1,0,TRUE
피자_콤비네이션 피자 (R),1,1,0,TRUE
피자_콤비네이션 피자 바이트 (L),1,1,0,TRUE
피자_콤비네이션 피자 오리진 (L),1,1,0,TRUE
피자_콤비네이션 피자 오리진 (M),1,1,0,TRUE
피자_콤비네이션 피자 오리진 (R),1,1,0,TRUE
피자_콤비네이션 피자 치즈캡 (L),1,1,0,TRUE
피자_콤비네이션 피자 치즈캡 (M),1,1,0,TRUE
피자_콤비네이션 피자 치즈캡 (R),1,1,0,TRUE
피자_콤비네이션+LA BBQ불고기 피자 씬 (L),1,1,0,TRUE
피자_콤비네이션+LA BBQ불고기 피자 오리지날 (L),1,1,0,TRUE
피자_콤비네이션+LA BBQ불고기 피자 오리지널 파마산엣지 (L),1,1,0,TRUE
피자_콤비네이션+LA BBQ불고기 피자 팬 (L),1,1,0,TRUE
피자_콤비네이션+페페로니 피자 씬 (L),1,1,0,TRUE
피자_콤비네이션+페페로니 피자 오리지널 (L),1,1,0,TRUE
피자_콤비네이션+페페로니 피자 오리지널 파마산엣지 (L),1,1,0,TRUE
피자_콤비네이션+페페로니 피자 팬 (L),1,1,0,TRUE
피자_콤비네이션바이트 피자,1,1,0,TRUE
피자_콤비네이션피자,1,1,0,TRUE
피자_콰트로 피자 (L),1,1,0,TRUE
피자_콰트로 피자 (M),1,1,0,TRUE
피자_콰트로디트로이트 피자,1,1,0,TRUE
피자_콰트로미트 피자 (L),1,1,0,TRUE
피자_크랩&립하우스 피자 나폴리 (L),1,1,0,TRUE
피자_크랩&립하우스 피자 나폴리 (M),1,1,0,TRUE
피자_크랩&립하우스 피자 더블치즈 엣지 (L),1,1,0,TRUE
피자_크랩&립하우스 피자 더블치즈 엣지 (M),1,1,0,TRUE
피자_크랩&립하우스 피자 더블치즈 페퍼로니 엣지 (L),1,1,0,TRUE
피자_크랩&립하우스 피자 더블치즈 페퍼로니 엣지 (M),1,1,0,TRUE
피자_크랩&립하우스 피자 슈퍼시드 화이버 버스트 오리지널 (L),1,1,0,TRUE
피자_크랩&립하우스 피자 슈퍼시드 화이버 오리지널 (L),1,1,0,TRUE
피자_크랩&립하우스 피자 슈퍼시드 화이버 오리지널 (M),1,1,0,TRUE
피자_크랩&립하우스 피자 슈화 더블 치즈 페퍼로니 엣지 (L),1,1,0,TRUE
피자_크랩&립하우스 피자 슈화 더블 치즈 페퍼로니 엣지 (M),1,1,0,TRUE
피자_크랩&립하우스 피자 씬 (L),1,1,0,TRUE
피자_크랩&립하우스 피자 씬 (M),1,1,0,TRUE
피자_크랩&립하우스 피자 오리지널 (L),1,1,0,TRUE
피자_크랩&립하우스 피자 오리지널 (M),1,1,0,TRUE
피자_크랩&립하우스 피자 치즈버스트 나폴리 (L),1,1,0,TRUE
피자_크랩&립하우스 피자 치즈버스트 오리지널 (L),1,1,0,TRUE
피자_크런치골드 피자 씬 (L),1,1,0,TRUE
피자_크런치골드 피자 씬 (R),1,1,0,TRUE
피자_크레이지불새 피자 (L),1,1,0,TRUE
피자_크로스포테이토 피자 (L),1,1,0,TRUE
피자_크리스피 치즈 트리플 피자 씬 (F),1,1,0,TRUE
피자_크리스피 치즈 페퍼로니 피자 씬 (F),1,1,0,TRUE
피자_크리스피핫치킨 피자 (L),1,1,0,TRUE
피자_크림치즈고구마 피자 (L),1,1,0,TRUE
피자_크림치즈고르곤졸라 피자 (L),1,1,0,TRUE
피자_크림치즈볼 피자 골드스윗 (L),1,1,0,TRUE
피자_크림치즈볼 피자 골드스윗 (R),1,1,0,TRUE
피자_크림치즈볼 피자 리코타링 (L),1,1,0,TRUE
피자_크림치즈볼 피자 리코타링 (R),1,1,0,TRUE
피자_크림치즈볼 피자 석쇠 (L),1,1,0,TRUE
피자_크림치즈볼 피자 석쇠 (R),1,1,0,TRUE
피자_크림치즈볼 피자 씬바샤삭 (L),1,1,0,TRUE
피자_크림치즈볼 피자 씬바샤삭 (R),1,1,0,TRUE
피자_크림치즈볼 피자 치즈링 (L),1,1,0,TRUE
피자_크림치즈볼 피자 치즈링 (R),1,1,0,TRUE
피자_크림치즈포테이토 피자 (L),1,1,0,TRUE
피자_클래식치즈 피자,1,1,0,TRUE
피자_킬바사소세지 피자 (L),1,1,0,TRUE
피자_킹 브레드 쉬림프 골드 칠리 피자 골드 칠리 (L),1,1,0,TRUE
피자_킹 브레드 쉬림프 골드 칠리 피자 골드 칠리 (M),1,1,0,TRUE
피자_킹 브레드 쉬림프 골드 칠리 피자 노엣지 (L),1,1,0,TRUE
피자_킹 브레드 쉬림프 골드 칠리 피자 노엣지 (M),1,1,0,TRUE
피자_킹 브레드 쉬림프 골드 칠리 피자 에그타르트 (L),1,1,0,TRUE
피자_킹 브레드 쉬림프 골드 칠리 피자 에그타르트 (M),1,1,0,TRUE
피자_킹 브레드 쉬림프 골드 칠리 피자 치즈캡 (L),1,1,0,TRUE
피자_킹 브레드 쉬림프 골드 칠리 피자 치즈캡 (M),1,1,0,TRUE
피자_킹 브레드 쉬림프 골드 칠리 피자 크림치즈 (L),1,1,0,TRUE
피자_킹 브레드 쉬림프 골드 칠리 피자 크림치즈 (M),1,1,0,TRUE
피자_킹 브레드 쉬림프 골드 피자 골드 (L),1,1,0,TRUE
피자_킹 브레드 쉬림프 골드 피자 골드 (M),1,1,0,TRUE
피자_킹 브레드 쉬림프 골드 피자 골드 (R),1,1,0,TRUE
피자_킹 브레드 쉬림프 골드 피자 노엣지 (L),1,1,0,TRUE
피자_킹 브레드 쉬림프 골드 피자 노엣지 (M),1,1,0,TRUE
피자_킹 브레드 쉬림프 골드 피자 노엣지 (R),1,1,0,TRUE
피자_킹 브레드 쉬림프 골드 피자 에그타르트 (L),1,1,0,TRUE
피자_킹 브레드 쉬림프 골드 피자 에그타르트 (M),1,1,0,TRUE
피자_킹 브레드 쉬림프 골드 피자 에그타르트 (R),1,1,0,TRUE
피자_킹 브레드 쉬림프 골드 피자 치즈캡 (L),1,1,0,TRUE
피자_킹 브레드 쉬림프 골드 피자 치즈캡 (M),1,1,0,TRUE
피자_킹 브레드 쉬림프 골드 피자 치즈캡 (R),1,1,0,TRUE
피자_킹 브레드 쉬림프 골드 피자 크림치즈 (L),1,1,0,TRUE
피자_킹 브레드 쉬림프 골드 피자 크림치즈 (M),1,1,0,TRUE
피자_킹 브레드 쉬림프 골드 피자 크림치즈 (R),1,1,0,TRUE
피자_킹새우통치킨 피자 (L),1,1,0,TRUE
피자_킹소시지 피자,1,1,0,TRUE
피자_킹쉬림프 피자 (L),1,1,0,TRUE
피자_킹쉬림프 피자 (R),1,1,0,TRUE
피자_킹크래미 피자 (XL),1,1,0,TRUE
피자_타코골드 피자 (L),1,1,0,TRUE
피자_탄탄불고기 피자 밀도우 (L),1,1,0,TRUE
피자_탄탄불고기 피자 밀도우 (R),1,1,0,TRUE
피자_탄탄불고기 피자 씬도우 (L),1,1,0,TRUE
피자_탄탄불고기 피자 씬도우 (R),1,1,0,TRUE
피자_탑치즈 피자 (L),1,1,0,TRUE
피자_탑콤비네이션 피자 (L),1,1,0,TRUE
피자_텍사스 풀드포크 피자 (XL),1,1,0,TRUE
피자_토핑농장 피자 (L),1,1,0,TRUE
피자_토핑킹 피자 더블치즈크러스트 (L),1,1,0,TRUE
피자_토핑킹 피자 더블치즈크러스트 (M),1,1,0,TRUE
피자_토핑킹 피자 리치골드 (L),1,1,0,TRUE
피자_토핑킹 피자 리치골드 M,1,1,0,TRUE
피자_토핑킹 피자 프리미엄 오리지널 (L),1,1,0,TRUE
피자_토핑킹 피자 프리미엄 오리지널 (M),1,1,0,TRUE
피자_토핑킹 피자 프리첼 치즈 (L),1,1,0,TRUE
피자_토핑킹 피자 프리첼 치즈 (M),1,1,0,TRUE
피자_토핑킹&수퍼슈프림 피자 더블치즈크러스트 (L),1,1,0,TRUE
피자_토핑킹&수퍼슈프림 피자 리치골드 (L),1,1,0,TRUE
피자_토핑킹&수퍼슈프림 피자 프리미엄 오리지널 (L),1,1,0,TRUE
피자_토핑킹&수퍼슈프림 피자 프리첼 치즈 (L),1,1,0,TRUE
피자_통마늘 불고기 피자 밀도우 (L),1,1,0,TRUE
피자_통마늘 불고기 피자 밀도우 (R),1,1,0,TRUE
피자_통마늘 불고기 피자 씬도우 (L),1,1,0,TRUE
피자_통마늘 불고기 피자 씬도우 (R),1,1,0,TRUE
피자_통베이컨할라피뇨 피자 (L),1,1,0,TRUE
피자_통베이컨할라피뇨 피자 (M),1,1,0,TRUE
피자_통삽겹파인 피자,1,1,0,TRUE
피자_통새우 피자 (L),1,1,0,TRUE
피자_통새우불고기 피자 (L),1,1,0,TRUE
피자_투움바파스타 피자 (L),1,1,0,TRUE
피자_투움바파스타 피자바이트 (L),1,1,0,TRUE
피자_트러플머쉬룸 피자,1,1,0,TRUE
피자_트러플버섯 피자 (L),1,1,0,TRUE
피자_트러플버섯 피자바이트 (L),1,1,0,TRUE
피자_트러플베이컨 피자 (L),1,1,0,TRUE
피자_트러플베지테리안 피자 오리진 (L),1,1,0,TRUE
피자_트러플베지테리안 피자 오리진 (R),1,1,0,TRUE
피자_트러플베지테리안 피자 치즈캡 (L),1,1,0,TRUE
피자_트러플베지테리안 피자 치즈캡 (R),1,1,0,TRUE
피자_트러플포테이토 피자,1,1,0,TRUE
피자_트리플 치즈 비프 피자,1,1,0,TRUE
피자_트리플미트 피자 (L),1,1,0,TRUE
피자_트리플바비큐 피자 (L),1,1,0,TRUE
피자_트리플치즈프라이 피자 (L),1,1,0,TRUE
피자_트리플콤보 피자 고구마크러스트 (L),1,1,0,TRUE
피자_트리플콤보 피자 고구마크러스트 (R),1,1,0,TRUE
피자_트리플콤보 피자 밀스크린 (L),1,1,0,TRUE
피자_트리플콤보 피자 밀스크린 (R),1,1,0,TRUE
피자_트리플콤보 피자 밀스크린고구마크러스트 (L),1,1,0,TRUE
피자_트리플콤보 피자 밀스크린고구마크러스트 (R),1,1,0,TRUE
피자_트리플콤보 피자 밀스크린체다크림크러스트 (L),1,1,0,TRUE
피자_트리플콤보 피자 밀스크린체다크림크러스트 (R),1,1,0,TRUE
피자_트리플콤보 피자 밀스크린치즈크러스트 (L),1,1,0,TRUE
피자_트리플콤보 피자 밀스크린치즈크러스트 (R),1,1,0,TRUE
피자_트리플콤보 피자 백미스크린 (L),1,1,0,TRUE
피자_트리플콤보 피자 백미스크린 (R),1,1,0,TRUE
피자_트리플콤보 피자 백미스크린치즈크러스트 (L),1,1,0,TRUE
피자_트리플콤보 피자 백미스크린치즈크러스트 (R),1,1,0,TRUE
피자_트리플콤보 피자 씬 (L),1,1,0,TRUE
피자_트리플콤보 피자 씬 (R),1,1,0,TRUE
피자_트리플콤보 피자 체다크림크러스트 (L),1,1,0,TRUE
피자_트리플콤보 피자 체다크림크러스트 (R),1,1,0,TRUE
피자_트리플콤보 피자 치즈크러스트 (L),1,1,0,TRUE
피자_트리플콤보 피자 치즈크러스트 (R),1,1,0,TRUE
피자_트리플콤보 피자 팬 (R),1,1,0,TRUE
피자_트리플콤보 피자 흑미스크린 (L),1,1,0,TRUE
피자_트리플콤보 피자 흑미스크린 (R),1,1,0,TRUE
피자_트리플콤보 피자 흑미스크린치즈크러스트 (L),1,1,0,TRUE
피자_트리플콤보 피자 흑미스크린치즈크러스트 (R),1,1,0,TRUE
피자_트윈폴더 피자 씬 (L),1,1,0,TRUE
피자_트윈폴더 피자 씬 (R),1,1,0,TRUE
피자_파스트라미 피자 (L),1,1,0,TRUE
피자_파인애플 피자,1,1,0,TRUE
피자_파인애플 피자 (R),1,1,0,TRUE
피자_파인애플떡갈비 피자 (L),1,1,0,TRUE
피자_파인애플떡갈비 피자 (R),1,1,0,TRUE
피자_팔도 피자 (L),1,1,0,TRUE
피자_팔도 피자 (R),1,1,0,TRUE
피자_패티크러쉬 피자 (L),1,1,0,TRUE
피자_퍼펙트골드 피자 고구마크러스트 (L),1,1,0,TRUE
피자_퍼펙트골드 피자 고구마크러스트 (R),1,1,0,TRUE
피자_퍼펙트골드 피자 밀스크린고구마크러스트 (L),1,1,0,TRUE
피자_퍼펙트골드 피자 밀스크린고구마크러스트 (R),1,1,0,TRUE
피자_펍스리라차 피자,1,1,0,TRUE
피자_페스티벌 피자 골드스윗 (L),1,1,0,TRUE
피자_페스티벌 피자 골드스윗 (R),1,1,0,TRUE
피자_페스티벌 피자 리코타링 (L),1,1,0,TRUE
피자_페스티벌 피자 리코타링 (R),1,1,0,TRUE
피자_페스티벌 피자 석쇠 (L),1,1,0,TRUE
피자_페스티벌 피자 석쇠 (R),1,1,0,TRUE
피자_페스티벌 피자 씬바샤삭 (L),1,1,0,TRUE
피자_페스티벌 피자 씬바샤삭 (R),1,1,0,TRUE
피자_페스티벌 피자 치즈링 (L),1,1,0,TRUE
피자_페스티벌 피자 치즈링 (R),1,1,0,TRUE
피자_페파로니 시카고 피자,1,1,0,TRUE
피자_페파로니 피자 (XL),1,1,0,TRUE
피자_페파로니 피자 고구마크러스트 (L),1,1,0,TRUE
피자_페파로니 피자 고구마크러스트 (R),1,1,0,TRUE
피자_페파로니 피자 밀스크린 (L),1,1,0,TRUE
피자_페파로니 피자 밀스크린 (R),1,1,0,TRUE
피자_페파로니 피자 밀스크린고구마크러스트 (L),1,1,0,TRUE
피자_페파로니 피자 밀스크린고구마크러스트 (R),1,1,0,TRUE
피자_페파로니 피자 밀스크린체다크림크러스트 (L),1,1,0,TRUE
피자_페파로니 피자 밀스크린체다크림크러스트 (R),1,1,0,TRUE
피자_페파로니 피자 밀스크린치즈크러스트 (L),1,1,0,TRUE
피자_페파로니 피자 밀스크린치즈크러스트 (R),1,1,0,TRUE
피자_페파로니 피자 백미스크린 (L),1,1,0,TRUE
피자_페파로니 피자 백미스크린 (R),1,1,0,TRUE
피자_페파로니 피자 백미스크린치즈크러스트 (L),1,1,0,TRUE
피자_페파로니 피자 백미스크린치즈크러스트 (R),1,1,0,TRUE
피자_페파로니 피자 씬 (L),1,1,0,TRUE
피자_페파로니 피자 씬 (R),1,1,0,TRUE
피자_페파로니 피자 체다크림크러스트 (L),1,1,0,TRUE
피자_페파로니 피자 체다크림크러스트 (R),1,1,0,TRUE
피자_페파로니 피자 치즈크러스트 (L),1,1,0,TRUE
피자_페파로니 피자 치즈크러스트 (R),1,1,0,TRUE
피자_페파로니 피자 팬 (L),1,1,0,TRUE
피자_페파로니 피자 팬 (R),1,1,0,TRUE
피자_페파로니 피자 흑미스크린 (L),1,1,0,TRUE
피자_페파로니 피자 흑미스크린 (R),1,1,0,TRUE
피자_페파로니 피자 흑미스크린치즈크러스트 (L),1,1,0,TRUE
피자_페파로니 피자 흑미스크린치즈크러스트 (R),1,1,0,TRUE
피자_페파로니 피자바이트 (L),1,1,0,TRUE
피자_페파불나 피자 (L),1,1,0,TRUE
피자_페퍼디언스 피자 (L),1,1,0,TRUE
피자_페퍼디언스 피자 (R),1,1,0,TRUE
피자_페퍼로니 마니아 피자,1,1,0,TRUE
피자_페퍼로니 플러스 1인피자,1,1,0,TRUE
피자_페퍼로니 플러스 피자 오리진 (L),1,1,0,TRUE
피자_페퍼로니 플러스 피자 오리진 (M),1,1,0,TRUE
피자_페퍼로니 플러스 피자 오리진 (R),1,1,0,TRUE
피자_페퍼로니 플러스 피자 치즈캡 (L),1,1,0,TRUE
피자_페퍼로니 플러스 피자 치즈캡 (M),1,1,0,TRUE
피자_페퍼로니 플러스 피자 치즈캡 (R),1,1,0,TRUE
피자_페퍼로니 피자 (12인치),1,1,0,TRUE
피자_페퍼로니 피자 (7인치),1,1,0,TRUE
피자_페퍼로니 피자 (F),1,1,0,TRUE
피자_페퍼로니 피자 (M),1,1,0,TRUE
피자_페퍼로니 피자 (P),1,1,0,TRUE
피자_페퍼로니 피자 (XL),1,1,0,TRUE
피자_페퍼로니 피자 골드링 (F),1,1,0,TRUE
피자_페퍼로니 피자 골드링 (L),1,1,0,TRUE
피자_페퍼로니 피자 골드링 (P),1,1,0,TRUE
피자_페퍼로니 피자 골드링씬 (F),1,1,0,TRUE
피자_페퍼로니 피자 나폴리 (L),1,1,0,TRUE
피자_페퍼로니 피자 나폴리 (M),1,1,0,TRUE
피자_페퍼로니 피자 더블치즈 엣지 (L),1,1,0,TRUE
피자_페퍼로니 피자 더블치즈 엣지 (M),1,1,0,TRUE
피자_페퍼로니 피자 더블치즈 엣지 오리지널 (M),1,1,0,TRUE
피자_페퍼로니 피자 더블치즈 페퍼로니 엣지 (L),1,1,0,TRUE
피자_페퍼로니 피자 더블치즈 페퍼로니 엣지 (M),1,1,0,TRUE
피자_페퍼로니 피자 라이스골드 (F),1,1,0,TRUE
피자_페퍼로니 피자 라이스골드 (L),1,1,0,TRUE
피자_페퍼로니 피자 라이스골드 (R),1,1,0,TRUE
피자_페퍼로니 피자 라이스바이트 (F),1,1,0,TRUE
피자_페퍼로니 피자 라이스바이트 (L),1,1,0,TRUE
피자_페퍼로니 피자 라이스바이트 (R),1,1,0,TRUE
피자_페퍼로니 피자 마니아 에어도우 (L),1,1,0,TRUE
피자_페퍼로니 피자 마니아 에어도우 (M),1,1,0,TRUE
피자_페퍼로니 피자 마니아 파마산엣지 (L),1,1,0,TRUE
피자_페퍼로니 피자 마니아 파마산엣지 (M),1,1,0,TRUE
피자_페퍼로니 피자 석쇠 (F),1,1,0,TRUE
피자_페퍼로니 피자 석쇠 (L),1,1,0,TRUE
피자_페퍼로니 피자 석쇠 (R),1,1,0,TRUE
피자_페퍼로니 피자 슈퍼시드 화이버 버스트 오리지널 (L),1,1,0,TRUE
피자_페퍼로니 피자 슈퍼시드 화이버 오리지널 (L),1,1,0,TRUE
피자_페퍼로니 피자 슈퍼시드 화이버 오리지널 (M),1,1,0,TRUE
피자_페퍼로니 피자 슈화 더블 치즈 페퍼로니 엣지 (L),1,1,0,TRUE
피자_페퍼로니 피자 슈화 더블 치즈 페퍼로니 엣지 (M),1,1,0,TRUE
피자_페퍼로니 피자 씬 (F),1,1,0,TRUE
피자_페퍼로니 피자 씬 (L),1,1,0,TRUE
피자_페퍼로니 피자 씬 (M),1,1,0,TRUE
피자_페퍼로니 피자 오리지널 (F),1,1,0,TRUE
피자_페퍼로니 피자 오리지널 (M),1,1,0,TRUE
피자_페퍼로니 피자 오리지널 (P),1,1,0,TRUE
피자_페퍼로니 피자 오리지널 (R),1,1,0,TRUE
피자_페퍼로니 피자 치즈롤 (F),1,1,0,TRUE
피자_페퍼로니 피자 치즈롤 (L),1,1,0,TRUE
피자_페퍼로니 피자 치즈롤 (P),1,1,0,TRUE
피자_페퍼로니 피자 치즈버스트 나폴리 (L),1,1,0,TRUE
피자_페퍼로니 피자 치즈버스트 오리지널 (L),1,1,0,TRUE
피자_페퍼로니 피자 치즈크러스트 (F),1,1,0,TRUE
피자_페퍼로니 피자 치즈크러스트 (L),1,1,0,TRUE
피자_페퍼로니 피자 치즈크러스트 (R),1,1,0,TRUE
피자_페퍼로니 피자 팬 (F),1,1,0,TRUE
피자_페퍼로니 피자 팬 (L),1,1,0,TRUE
피자_페퍼로니 피자 팬 (R),1,1,0,TRUE
피자_페퍼로니디트로이트 피자,1,1,0,TRUE
피자_페퍼로니치즈폭탄 피자 (L),1,1,0,TRUE
피자_페퍼로니폭탄 피자,1,1,0,TRUE
피자_페퍼로니피자,1,1,0,TRUE
피자_페페로니 러버 피자 씬 (L),1,1,0,TRUE
피자_페페로니 러버 피자 오리지널 (L),1,1,0,TRUE
피자_페페로니 러버 피자 오리지널 (M),1,1,0,TRUE
피자_페페로니 러버 피자 오리지널 파마산 치즈 (L),1,1,0,TRUE
피자_페페로니 러버 피자 오리지널 파마산 치즈 (M),1,1,0,TRUE
피자_페페로니 러버 피자 팬 (L),1,1,0,TRUE
피자_페페로니 피자,1,1,0,TRUE
피자_페페로니 피자 (M),1,1,0,TRUE
피자_페페로니 피자 골드스윗 (G),1,1,0,TRUE
피자_페페로니 피자 골드스윗 (L),1,1,0,TRUE
피자_페페로니 피자 골드스윗 (R),1,1,0,TRUE
피자_페페로니 피자 리치골드 (M),1,1,0,TRUE
피자_페페로니 피자 리치골드(L),1,1,0,TRUE
피자_페페로니 피자 리코타링 (G),1,1,0,TRUE
피자_페페로니 피자 리코타링 (L),1,1,0,TRUE
피자_페페로니 피자 리코타링 (R),1,1,0,TRUE
피자_페페로니 피자 밀도우 (L),1,1,0,TRUE
피자_페페로니 피자 밀도우 (R),1,1,0,TRUE
피자_페페로니 피자 석쇠 (G),1,1,0,TRUE
피자_페페로니 피자 석쇠 (L),1,1,0,TRUE
피자_페페로니 피자 석쇠 (R),1,1,0,TRUE
피자_페페로니 피자 씬바샤삭 (L),1,1,0,TRUE
피자_페페로니 피자 씬바샤삭 (R),1,1,0,TRUE
피자_페페로니 피자 치즈링 (G),1,1,0,TRUE
피자_페페로니 피자 치즈링 (L),1,1,0,TRUE
피자_페페로니 피자 치즈링 (R),1,1,0,TRUE
피자_페페로니 피자 치즈크러스트 (L),1,1,0,TRUE
피자_페페로니 피자 치즈크러스트 (M),1,1,0,TRUE
피자_페페로니 피자 팬 (L),1,1,0,TRUE
피자_페페로니 피자 팬 (M),1,1,0,TRUE
피자_페페로니&할라피뇨 피자 씬 (L),1,1,0,TRUE
피자_포게더 피자 골드 (L),1,1,0,TRUE
피자_포게더 피자 골드 (M),1,1,0,TRUE
피자_포게더 피자 에그타르트 (L),1,1,0,TRUE
피자_포게더 피자 에그타르트 (M),1,1,0,TRUE
피자_포게더 피자 오리진 (L),1,1,0,TRUE
피자_포게더 피자 오리진 (M),1,1,0,TRUE
피자_포게더 피자 치즈캡 (L),1,1,0,TRUE
피자_포게더 피자 치즈캡 (M),1,1,0,TRUE
피자_포게더 피자 크림치즈 (L),1,1,0,TRUE
피자_포게더 피자 크림치즈 (M),1,1,0,TRUE
피자_포새이돈 피자 (L),1,1,0,TRUE
피자_포슬포슬 감자 피자 씬 크러스트 (R),1,1,0,TRUE
피자_포테이토 피자 고구마크러스트 (L),1,1,0,TRUE
피자_포테이토 피자 고구마크러스트 (R),1,1,0,TRUE
피자_포테이토 피자 골드 (L),1,1,0,TRUE
피자_포테이토 피자 골드 (M),1,1,0,TRUE
피자_포테이토 피자 골드 (R),1,1,0,TRUE
피자_포테이토 피자 골드 에그타르트 (M),1,1,0,TRUE
피자_포테이토 피자 골드스윗 (L),1,1,0,TRUE
피자_포테이토 피자 골드스윗 (R),1,1,0,TRUE
피자_포테이토 피자 나폴리 (L),1,1,0,TRUE
피자_포테이토 피자 나폴리 (M),1,1,0,TRUE
피자_포테이토 피자 더블치즈 엣지 (L),1,1,0,TRUE
피자_포테이토 피자 더블치즈 엣지 (M),1,1,0,TRUE
피자_포테이토 피자 더블치즈 페퍼로니 엣지 (L),1,1,0,TRUE
피자_포테이토 피자 더블치즈 페퍼로니 엣지 (M),1,1,0,TRUE
피자_포테이토 피자 리코타링 (L),1,1,0,TRUE
피자_포테이토 피자 리코타링 (R),1,1,0,TRUE
피자_포테이토 피자 밀스크린 (L),1,1,0,TRUE
피자_포테이토 피자 밀스크린 (R),1,1,0,TRUE
피자_포테이토 피자 밀스크린고구마크러스트 (L),1,1,0,TRUE
피자_포테이토 피자 밀스크린고구마크러스트 (R),1,1,0,TRUE
피자_포테이토 피자 밀스크린체다크림크러스트 (L),1,1,0,TRUE
피자_포테이토 피자 밀스크린체다크림크러스트 (R),1,1,0,TRUE
피자_포테이토 피자 밀스크린치즈크러스트 (L),1,1,0,TRUE
피자_포테이토 피자 밀스크린치즈크러스트 (R),1,1,0,TRUE
피자_포테이토 피자 백미스크린 (L),1,1,0,TRUE
피자_포테이토 피자 백미스크린 (R),1,1,0,TRUE
피자_포테이토 피자 백미스크린치즈크러스트 (L),1,1,0,TRUE
피자_포테이토 피자 백미스크린치즈크러스트 (R),1,1,0,TRUE
피자_포테이토 피자 석쇠 (L),1,1,0,TRUE
피자_포테이토 피자 석쇠 (R),1,1,0,TRUE
피자_포테이토 피자 슈퍼시드 화이버 버스트 오리지널 (L),1,1,0,TRUE
피자_포테이토 피자 슈퍼시드 화이버 오리지널 (L),1,1,0,TRUE
피자_포테이토 피자 슈퍼시드 화이버 오리지널 (M),1,1,0,TRUE
피자_포테이토 피자 슈화 더블 치즈 페퍼로니 엣지 (L),1,1,0,TRUE
피자_포테이토 피자 슈화 더블 치즈 페퍼로니 엣지 (M),1,1,0,TRUE
피자_포테이토 피자 씬 (M),1,1,0,TRUE
피자_포테이토 피자 씬 (R),1,1,0,TRUE
피자_포테이토 피자 씬바샤삭 (L),1,1,0,TRUE
피자_포테이토 피자 씬바샤삭 (R),1,1,0,TRUE
피자_포테이토 피자 에그타르트 (L),1,1,0,TRUE
피자_포테이토 피자 에그타르트 (R),1,1,0,TRUE
피자_포테이토 피자 오리지널 (L),1,1,0,TRUE
피자_포테이토 피자 오리지널 (M),1,1,0,TRUE
피자_포테이토 피자 오리진 (L),1,1,0,TRUE
피자_포테이토 피자 오리진 (M),1,1,0,TRUE
피자_포테이토 피자 오리진 (R),1,1,0,TRUE
피자_포테이토 피자 체다크림크러스트 (L),1,1,0,TRUE
피자_포테이토 피자 체다크림크러스트 (R),1,1,0,TRUE
피자_포테이토 피자 치즈링 (L),1,1,0,TRUE
피자_포테이토 피자 치즈링 (R),1,1,0,TRUE
피자_포테이토 피자 치즈버스트 나폴리 (L),1,1,0,TRUE
피자_포테이토 피자 치즈버스트 오리지널 (L),1,1,0,TRUE
피자_포테이토 피자 치즈캡 (L),1,1,0,TRUE
피자_포테이토 피자 치즈캡 (M),1,1,0,TRUE
피자_포테이토 피자 치즈캡 (R),1,1,0,TRUE
피자_포테이토 피자 치즈크러스트 (L),1,1,0,TRUE
피자_포테이토 피자 치즈크러스트 (R),1,1,0,TRUE
피자_포테이토 피자 크림치즈 (L),1,1,0,TRUE
피자_포테이토 피자 크림치즈 (M),1,1,0,TRUE
피자_포테이토 피자 크림치즈 (R),1,1,0,TRUE
피자_포테이토 피자 트리플치즈버스트 엣지 (L),1,1,0,TRUE
피자_포테이토 피자 팬 (L),1,1,0,TRUE
피자_포테이토 피자 팬 (R),1,1,0,TRUE
피자_포테이토 피자 흑미스크린 (L),1,1,0,TRUE
피자_포테이토 피자 흑미스크린 (R),1,1,0,TRUE
피자_포테이토 피자 흑미스크린치즈크러스트 (L),1,1,0,TRUE
피자_포테이토 피자 흑미스크린치즈크러스트 (R),1,1,0,TRUE
피자_포테이토 피자바이트 (L),1,1,0,TRUE
피자_포테이토골드 피자 (L),1,1,0,TRUE
피자_포테이토골드 피자 석쇠 (F),1,1,0,TRUE
피자_포테이토골드 피자 석쇠 (L),1,1,0,TRUE
피자_포테이토골드 피자 석쇠 (R),1,1,0,TRUE
피자_포테이토베이컨 피자,1,1,0,TRUE
피자_포테이토베이컨골드 피자,1,1,0,TRUE
피자_포테이토펍스 피자 (L),1,1,0,TRUE
피자_포테이토피자,1,1,0,TRUE
피자_포텐 피자 (L),1,1,0,TRUE
피자_폭탄페퍼로니 피자 (L),1,1,0,TRUE
피자_폭탄페퍼로니 피자 (M),1,1,0,TRUE
피자_폴드포크BBQ 피자 (L),1,1,0,TRUE
피자_퐁듀골드포테이토 피자 (L),1,1,0,TRUE
피자_퐁듀눈꽃치즈 피자 (L),1,1,0,TRUE
피자_퐁듀불금 피자 (L),1,1,0,TRUE
피자_푸팟퐁커리 피자,1,1,0,TRUE
피자_푸팟퐁커리 피자 (L),1,1,0,TRUE
피자_푸팟퐁커리 피자 마니아 에어도우 (L),1,1,0,TRUE
피자_푸팟퐁커리 피자 마니아 파마산엣지 (L),1,1,0,TRUE
피자_풀드포크 피자 (L),1,1,0,TRUE
피자_풀드포크 피자 (M),1,1,0,TRUE
피자_풀드포크바베큐 피자 (F),1,1,0,TRUE
피자_풀드포크바베큐 피자 (L),1,1,0,TRUE
피자_풀드포크바베큐 피자 (P),1,1,0,TRUE
피자_풀소유 피자 (L),1,1,0,TRUE
피자_프랑크필레 피자 (L),1,1,0,TRUE
피자_프레드 피자 (L),1,1,0,TRUE
피자_프렌치밤 피자 (L),1,1,0,TRUE
피자_프리미엄 직화불고기 피자 골드링 (F),1,1,0,TRUE
피자_프리미엄 직화불고기 피자 골드링 (L),1,1,0,TRUE
피자_프리미엄 직화불고기 피자 골드링 (P),1,1,0,TRUE
피자_프리미엄 직화불고기 피자 골드링씬 (F),1,1,0,TRUE
피자_프리미엄 직화불고기 피자 씬 (F),1,1,0,TRUE
피자_프리미엄 직화불고기 피자 오리지널 (F),1,1,0,TRUE
피자_프리미엄 직화불고기 피자 오리지널 (L),1,1,0,TRUE
피자_프리미엄 직화불고기 피자 오리지널 (P),1,1,0,TRUE
피자_프리미엄 직화불고기 피자 치즈롤 (F),1,1,0,TRUE
피자_프리미엄 직화불고기 피자 치즈롤 (L),1,1,0,TRUE
피자_프리미엄 직화불고기 피자 치즈롤 (P),1,1,0,TRUE
피자_프리미엄불고기 피자 (L),1,1,0,TRUE
피자_프리미엄불고기 피자 (XL),1,1,0,TRUE
피자_프리미엄직화불고기 피자 (F),1,1,0,TRUE
피자_프리미엄직화불고기 피자 (L),1,1,0,TRUE
피자_프리미엄직화불고기 피자 (P),1,1,0,TRUE
피자_프리미엄포테이토 피자 (L),1,1,0,TRUE
피자_필라치즈불고기 피자 (L),1,1,0,TRUE
피자_필라치즈불고기 피자 (R),1,1,0,TRUE
피자_하나둘셋치즈 피자 (L),1,1,0,TRUE
피자_하와이간안다다씨 피자 (L),1,1,0,TRUE
피자_하와이간안다다씨 피자 (M),1,1,0,TRUE
피자_하와이안 포카챠,1,1,0,TRUE
피자_하와이안 피자,1,1,0,TRUE
피자_하와이안 피자 (F),1,1,0,TRUE
피자_하와이안 피자 (P),1,1,0,TRUE
피자_하와이안 피자 (XL),1,1,0,TRUE
피자_하와이안 피자 골드링 (F),1,1,0,TRUE
피자_하와이안 피자 골드링 (L),1,1,0,TRUE
피자_하와이안 피자 골드링 (P),1,1,0,TRUE
피자_하와이안 피자 골드링씬 (F),1,1,0,TRUE
피자_하와이안 피자 씬 (F),1,1,0,TRUE
피자_하와이안 피자 오리지널 (F),1,1,0,TRUE
피자_하와이안 피자 오리지널 (L),1,1,0,TRUE
피자_하와이안 피자 오리지널 (M),1,1,0,TRUE
피자_하와이안 피자 오리지널 (P),1,1,0,TRUE
피자_하와이안 피자 오리지널 (R),1,1,0,TRUE
피자_하와이안 피자 치즈롤 (F),1,1,0,TRUE
피자_하와이안 피자 치즈롤 (L),1,1,0,TRUE
피자_하와이안 피자 치즈롤 (P),1,1,0,TRUE
피자_하와이안 피자(L),1,1,0,TRUE
피자_하와이안나이트 피자 (L),1,1,0,TRUE
피자_하와이안쉬림프 피자 (L),1,1,0,TRUE
피자_하와이안쉬림프 피자바이트 (L),1,1,0,TRUE
피자_하와이안슈림프 피자 오리지널 (L),1,1,0,TRUE
피자_하와이안스페셜 1인피자,1,1,0,TRUE
피자_하와이안스페셜 피자 오리진 (L),1,1,0,TRUE
피자_하와이안스페셜 피자 오리진 (M),1,1,0,TRUE
피자_하와이안스페셜 피자 오리진 (R),1,1,0,TRUE
피자_하와이안스페셜 피자 치즈캡 (L),1,1,0,TRUE
피자_하와이안스페셜 피자 치즈캡 (M),1,1,0,TRUE
피자_하와이안스페셜 피자 치즈캡 (R),1,1,0,TRUE
피자_하와이언 피자 (M),1,1,0,TRUE
피자_하와이언 피자 (XL),1,1,0,TRUE
피자_하와이언 피자 고구마크러스트 (L),1,1,0,TRUE
피자_하와이언 피자 고구마크러스트 (R),1,1,0,TRUE
피자_하와이언 피자 라이스골드 (F),1,1,0,TRUE
피자_하와이언 피자 라이스바이트 (F),1,1,0,TRUE
피자_하와이언 피자 밀스크린 (L),1,1,0,TRUE
피자_하와이언 피자 밀스크린 (R),1,1,0,TRUE
피자_하와이언 피자 밀스크린고구마크러스트 (L),1,1,0,TRUE
피자_하와이언 피자 밀스크린고구마크러스트 (R),1,1,0,TRUE
피자_하와이언 피자 밀스크린체다크림크러스트 (L),1,1,0,TRUE
피자_하와이언 피자 밀스크린체다크림크러스트 (R),1,1,0,TRUE
피자_하와이언 피자 밀스크린치즈크러스트 (L),1,1,0,TRUE
피자_하와이언 피자 밀스크린치즈크러스트 (R),1,1,0,TRUE
피자_하와이언 피자 백미스크린 (L),1,1,0,TRUE
피자_하와이언 피자 백미스크린 (R),1,1,0,TRUE
피자_하와이언 피자 백미스크린치즈크러스트 (L),1,1,0,TRUE
피자_하와이언 피자 백미스크린치즈크러스트 (R),1,1,0,TRUE
피자_하와이언 피자 석쇠 (F),1,1,0,TRUE
피자_하와이언 피자 석쇠 (L),1,1,0,TRUE
피자_하와이언 피자 석쇠 (R),1,1,0,TRUE
피자_하와이언 피자 씬 (L),1,1,0,TRUE
피자_하와이언 피자 씬 (R),1,1,0,TRUE
피자_하와이언 피자 체다크림크러스트 (L),1,1,0,TRUE
피자_하와이언 피자 체다크림크러스트 (R),1,1,0,TRUE
피자_하와이언 피자 치즈크러스트 (F),1,1,0,TRUE
피자_하와이언 피자 팬 (F),1,1,0,TRUE
피자_하와이언 피자 흑미스크린 (L),1,1,0,TRUE
피자_하와이언 피자 흑미스크린 (R),1,1,0,TRUE
피자_하와이언 피자 흑미스크린치즈크러스트 (L),1,1,0,TRUE
피자_하와이언 피자 흑미스크린치즈크러스트 (R),1,1,0,TRUE
피자_하와이언쉬림프 피자 (L),1,1,0,TRUE
피자_하와이언쉬림프 피자 (M),1,1,0,TRUE
피자_하프앤하프 피자 골드 (L),1,1,0,TRUE
피자_하프앤하프 피자 골드 (M),1,1,0,TRUE
피자_하프앤하프 피자 골드 (R),1,1,0,TRUE
피자_하프앤하프 피자 에그타르트 (L),1,1,0,TRUE
피자_하프앤하프 피자 에그타르트 (M),1,1,0,TRUE
피자_하프앤하프 피자 에그타르트 (R),1,1,0,TRUE
피자_하프앤하프 피자 크림치즈 (L),1,1,0,TRUE
피자_하프앤하프 피자 크림치즈 (M),1,1,0,TRUE
피자_하프앤하프 피자 크림치즈 (R),1,1,0,TRUE
피자_한우불고기 피자 라이스골드 (R),1,1,0,TRUE
피자_한우불고기 피자 라이스바이트 (F),1,1,0,TRUE
피자_한우불고기 피자 라이스바이트 (L),1,1,0,TRUE
피자_한우불고기 피자 라이스바이트 (R),1,1,0,TRUE
피자_한우불고기 피자 석쇠 (F),1,1,0,TRUE
피자_한우불고기 피자 석쇠 (L),1,1,0,TRUE
피자_한우불고기 피자 석쇠 (R),1,1,0,TRUE
피자_한우불고기 피자 치즈크러스트 (F),1,1,0,TRUE
피자_한우불고기 피자 치즈크러스트 (L),1,1,0,TRUE
피자_한우불고기 피자 치즈크러스트 (R),1,1,0,TRUE
피자_한우불고기 피자 팬 (F),1,1,0,TRUE
피자_한우불고기 피자 팬 (L),1,1,0,TRUE
피자_한우불고기 피자 팬 (R),1,1,0,TRUE
피자_한우핫불고기 피자 골드 (L),1,1,0,TRUE
피자_한우핫불고기 피자 라이스골드 (F),1,1,0,TRUE
피자_한우핫불고기 피자 라이스골드 (R),1,1,0,TRUE
피자_한우핫불고기 피자 라이스바이트 (F),1,1,0,TRUE
피자_한우핫불고기 피자 라이스바이트 (L),1,1,0,TRUE
피자_한우핫불고기 피자 라이스바이트 (R),1,1,0,TRUE
피자_한우핫불고기 피자 석쇠 (F),1,1,0,TRUE
피자_한우핫불고기 피자 석쇠 (L),1,1,0,TRUE
피자_한우핫불고기 피자 석쇠 (R),1,1,0,TRUE
피자_한우핫불고기 피자 치즈크러스트 (F),1,1,0,TRUE
피자_한우핫불고기 피자 치즈크러스트 (L),1,1,0,TRUE
피자_한우핫불고기 피자 치즈크러스트 (R),1,1,0,TRUE
피자_한우핫불고기 피자 팬 (F),1,1,0,TRUE
피자_한우핫불고기 피자 팬 (L),1,1,0,TRUE
피자_할라 페페로니 러버 피자 씬 (L),1,1,0,TRUE
피자_할라 페페로니 러버 피자 오리지널 (L),1,1,0,TRUE
피자_할라 페페로니 러버 피자 오리지널 (M),1,1,0,TRUE
피자_할라 페페로니 러버 피자 오리지널 파마산 치즈 (L),1,1,0,TRUE
피자_할라 페페로니 러버 피자 오리지널 파마산 치즈 (M),1,1,0,TRUE
피자_할라 페페로니 러버 피자 팬 (L),1,1,0,TRUE
피자_할라로니 피자 (L),1,1,0,TRUE
피자_할라피노 피자 (L),1,1,0,TRUE
피자_할라피뇨 페이버릿 피자 (XL),1,1,0,TRUE
피자_할라피뇨 피자 오리지널 (M),1,1,0,TRUE
피자_할라피뇨프라이 피자 (L),1,1,0,TRUE
피자_할루미 피자 고구마크러스트 (L),1,1,0,TRUE
피자_할루미 피자 고구마크러스트 (R),1,1,0,TRUE
피자_할루미 피자 밀스크린 (L),1,1,0,TRUE
피자_할루미 피자 밀스크린 (R),1,1,0,TRUE
피자_할루미 피자 밀스크린고구마크러스트 (L),1,1,0,TRUE
피자_할루미 피자 밀스크린고구마크러스트 (R),1,1,0,TRUE
피자_할루미 피자 밀스크린체다크림크러스트 (L),1,1,0,TRUE
피자_할루미 피자 밀스크린체다크림크러스트 (R),1,1,0,TRUE
피자_할루미 피자 밀스크린치즈크러스트 (L),1,1,0,TRUE
피자_할루미 피자 밀스크린치즈크러스트 (R),1,1,0,TRUE
피자_할루미 피자 백미스크린 (L),1,1,0,TRUE
피자_할루미 피자 백미스크린 (R),1,1,0,TRUE
피자_할루미 피자 백미스크린치즈크러스트 (L),1,1,0,TRUE
피자_할루미 피자 백미스크린치즈크러스트 (R),1,1,0,TRUE
피자_할루미 피자 씬 (L),1,1,0,TRUE
피자_할루미 피자 씬 (R),1,1,0,TRUE
피자_할루미 피자 체다크림크러스트 (L),1,1,0,TRUE
피자_할루미 피자 체다크림크러스트 (R),1,1,0,TRUE
피자_할루미 피자 치즈크러스트 (L),1,1,0,TRUE
피자_할루미 피자 치즈크러스트 (R),1,1,0,TRUE
피자_할루미 피자 팬 (L),1,1,0,TRUE
피자_할루미 피자 팬 (R),1,1,0,TRUE
피자_할루미 피자 흑미스크린 (L),1,1,0,TRUE
피자_할루미 피자 흑미스크린 (R),1,1,0,TRUE
피자_할루미 피자 흑미스크린치즈크러스트 (L),1,1,0,TRUE
피자_할루미 피자 흑미스크린치즈크러스트 (R),1,1,0,TRUE
피자_핫&스파이시치킨 피자 (L),1,1,0,TRUE
피자_핫&스파이시치킨 피자 (R),1,1,0,TRUE
피자_핫갈베 피자 (L),1,1,0,TRUE
피자_핫멕시칸 피자 고구마크러스트 (L),1,1,0,TRUE
피자_핫멕시칸 피자 고구마크러스트 (R),1,1,0,TRUE
피자_핫멕시칸 피자 밀스크린 (L),1,1,0,TRUE
피자_핫멕시칸 피자 밀스크린 (R),1,1,0,TRUE
피자_핫멕시칸 피자 밀스크린고구마크러스트 (L),1,1,0,TRUE
피자_핫멕시칸 피자 밀스크린고구마크러스트 (R),1,1,0,TRUE
피자_핫멕시칸 피자 밀스크린체다크림크러스트 (L),1,1,0,TRUE
피자_핫멕시칸 피자 밀스크린체다크림크러스트 (R),1,1,0,TRUE
피자_핫멕시칸 피자 밀스크린치즈크러스트 (L),1,1,0,TRUE
피자_핫멕시칸 피자 밀스크린치즈크러스트 (R),1,1,0,TRUE
피자_핫멕시칸 피자 백미스크린 (L),1,1,0,TRUE
피자_핫멕시칸 피자 백미스크린 (R),1,1,0,TRUE
피자_핫멕시칸 피자 백미스크린치즈크러스트 (L),1,1,0,TRUE
피자_핫멕시칸 피자 백미스크린치즈크러스트 (R),1,1,0,TRUE
피자_핫멕시칸 피자 씬 (L),1,1,0,TRUE
피자_핫멕시칸 피자 씬 (R),1,1,0,TRUE
피자_핫멕시칸 피자 체다크림크러스트 (L),1,1,0,TRUE
피자_핫멕시칸 피자 체다크림크러스트 (R),1,1,0,TRUE
피자_핫멕시칸 피자 치즈크러스트 (L),1,1,0,TRUE
피자_핫멕시칸 피자 치즈크러스트 (R),1,1,0,TRUE
피자_핫멕시칸 피자 팬 (L),1,1,0,TRUE
피자_핫멕시칸 피자 팬 (R),1,1,0,TRUE
피자_핫멕시칸 피자 흑미스크린 (L),1,1,0,TRUE
피자_핫멕시칸 피자 흑미스크린 (R),1,1,0,TRUE
피자_핫멕시칸 피자 흑미스크린치즈크러스트 (L),1,1,0,TRUE
피자_핫멕시칸 피자 흑미스크린치즈크러스트 (R),1,1,0,TRUE
피자_핫바베큐 피자,1,1,0,TRUE
피자_핫베이컨할라피뇨 피자,1,1,0,TRUE
피자_핫불고기 피자,1,1,0,TRUE
피자_핫불고기 피자 (L),1,1,0,TRUE
피자_핫쉬림프 피자 (L),1,1,0,TRUE
피자_핫쉬림프골드 피자 (L),1,1,0,TRUE
피자_핫스파이스 피자 (L),1,1,0,TRUE
피자_핫스파이시치킨 피자 (L),1,1,0,TRUE
피자_핫스파이시치킨 피자 (M),1,1,0,TRUE
피자_핫스파이시치킨 피자 오리지널 (M),1,1,0,TRUE
피자_핫앤스파이시 피자 (L),1,1,0,TRUE
피자_핫앤스파이시멕시칸 피자 (F),1,1,0,TRUE
피자_핫앤스파이시멕시칸 피자 (L),1,1,0,TRUE
피자_핫앤스파이시멕시칸 피자 (P),1,1,0,TRUE
피자_핫앤스파이시멕시칸 피자 (R),1,1,0,TRUE
피자_핫제육쉬림프 피자 (L),1,1,0,TRUE
피자_핫제육쉬림프 피자 (M),1,1,0,TRUE
피자_핫직화불고기 피자 (L),1,1,0,TRUE
피자_핫직화불고기 피자 (M),1,1,0,TRUE
피자_핫치킨 쉬림프 피자 (XL),1,1,0,TRUE
피자_핫치킨 피자 (XL),1,1,0,TRUE
피자_핫치킨바베큐 피자,1,1,0,TRUE
피자_핫치킨바베큐 피자 (L),1,1,0,TRUE
피자_핫치킨쉬림프 피자 (M),1,1,0,TRUE
피자_핫치킨페스츄리 피자,1,1,0,TRUE
피자_핫치킨포테이토 피자 (L),1,1,0,TRUE
피자_핫칠리새우 피자 (L),1,1,0,TRUE
피자_핫칠리서오릉갈비 피자 (L),1,1,0,TRUE
피자_핫칠리서오릉갈비 피자 (R),1,1,0,TRUE
피자_핫칠리킹쉬림프 피자 (L),1,1,0,TRUE
피자_핫칠리킹쉬림프 피자 (R),1,1,0,TRUE
피자_핫커리치킨 피자 밀도우 (L),1,1,0,TRUE
피자_핫커리치킨 피자 밀도우 (R),1,1,0,TRUE
피자_핫커리치킨 피자 씬도우 (L),1,1,0,TRUE
피자_핫커리치킨 피자 씬도우 (R),1,1,0,TRUE
피자_핫페퍼불고기 피자 (L),1,1,0,TRUE
피자_해쉬베이컨 피자 골드스윗 (L),1,1,0,TRUE
피자_해쉬베이컨 피자 골드스윗 (R),1,1,0,TRUE
피자_해쉬베이컨 피자 리코타링 (L),1,1,0,TRUE
피자_해쉬베이컨 피자 리코타링 (R),1,1,0,TRUE
피자_해쉬베이컨 피자 석쇠 (L),1,1,0,TRUE
피자_해쉬베이컨 피자 석쇠 (R),1,1,0,TRUE
피자_해쉬베이컨 피자 씬도우 (L),1,1,0,TRUE
피자_해쉬베이컨 피자 씬도우 (R),1,1,0,TRUE
피자_해쉬베이컨 피자 치즈링 (L),1,1,0,TRUE
피자_해쉬베이컨 피자 치즈링 (R),1,1,0,TRUE
피자_햄벅한새우 피자 골드 (L),1,1,0,TRUE
피자_햄벅한새우 피자 골드 (M),1,1,0,TRUE
피자_햄벅한새우 피자 골드 (R),1,1,0,TRUE
피자_햄벅한새우 피자 노엣지 (L),1,1,0,TRUE
피자_햄벅한새우 피자 노엣지 (M),1,1,0,TRUE
피자_햄벅한새우 피자 노엣지 (R),1,1,0,TRUE
피자_햄벅한새우 피자 에그타르트 (L),1,1,0,TRUE
피자_햄벅한새우 피자 에그타르트 (M),1,1,0,TRUE
피자_햄벅한새우 피자 에그타르트 (R),1,1,0,TRUE
피자_햄벅한새우 피자 치즈캡 (L),1,1,0,TRUE
피자_햄벅한새우 피자 치즈캡 (M),1,1,0,TRUE
피자_햄벅한새우 피자 치즈캡 (R),1,1,0,TRUE
피자_햄벅한새우 피자 크림치즈 (L),1,1,0,TRUE
피자_햄벅한새우 피자 크림치즈 (M),1,1,0,TRUE
피자_햄벅한새우 피자 크림치즈 (R),1,1,0,TRUE
피자_행복하새우 피자 (L),1,1,0,TRUE
피자_허니 고르곤졸라 스퀘어 피자,1,1,0,TRUE
피자_허니갈릭쉬림프 피자 (L),1,1,0,TRUE
피자_허니갈릭쉬림프 피자 (M),1,1,0,TRUE
피자_허니갈릭텐더 피자 (L),1,1,0,TRUE
피자_허니갈릭텐더 피자 (M),1,1,0,TRUE
피자_허니고르곤 피자 (L),1,1,0,TRUE
피자_허니리코타 시카고 피자,1,1,0,TRUE
피자_허니멜로 스윗포테이토 피자,1,1,0,TRUE
피자_허니비프 피자,1,1,0,TRUE
피자_허니크런치스테이크 피자,1,1,0,TRUE
피자_허리케인골드 피자 (XL),1,1,0,TRUE
피자_허리케인포테이토 피자 (L),1,1,0,TRUE
피자_허리케인포테이토 피자 (R),1,1,0,TRUE
피자_허브포테이토 피자 씬 (L),1,1,0,TRUE
피자_허브포테이토 피자 씬 (R),1,1,0,TRUE
피자_헤븐스페셜 피자 (L),1,1,0,TRUE
피자_홍대 피자 골드스윗 (L),1,1,0,TRUE
피자_홍대 피자 골드스윗 (R),1,1,0,TRUE
피자_홍대 피자 리코타링 (L),1,1,0,TRUE
피자_홍대 피자 리코타링 (R),1,1,0,TRUE
피자_홍대 피자 석쇠 (L),1,1,0,TRUE
피자_홍대 피자 석쇠 (R),1,1,0,TRUE
피자_홍대 피자 씬도우 (L),1,1,0,TRUE
피자_홍대 피자 씬도우 (R),1,1,0,TRUE
피자_홍대 피자 씬바샤삭 (L),1,1,0,TRUE
피자_홍대 피자 씬바샤삭 (R),1,1,0,TRUE
피자_홍대 피자 치즈링 (L),1,1,0,TRUE
피자_홍대 피자 치즈링 (R),1,1,0,TRUE
피자_홍페퍼치노 피자 (L),1,1,0,TRUE
피자_홍페퍼치노 피자 (R),1,1,0,TRUE
피자_화이트갈릭 피자,1,1,0,TRUE
피자_화이트고구마무스 피자 (L),1,1,0,TRUE
피자_황제천왕 피자 (L),1,1,0,TRUE
피자_흐르쥬퐁듀 시카고 피자,1,1,0,TRUE
피자_흥부박포테이토 피자 골드스윗 (L),1,1,0,TRUE
피자_흥부박포테이토 피자 골드스윗 (R),1,1,0,TRUE
피자_흥부박포테이토 피자 리코타링 (L),1,1,0,TRUE
피자_흥부박포테이토 피자 리코타링 (R),1,1,0,TRUE
피자_흥부박포테이토 피자 석쇠 (L),1,1,0,TRUE
피자_흥부박포테이토 피자 석쇠 (R),1,1,0,TRUE
피자_흥부박포테이토 피자 씬바샤삭 (L),1,1,0,TRUE
피자_흥부박포테이토 피자 씬바샤삭 (R),1,1,0,TRUE
피자_흥부박포테이토 피자 치즈링 (L),1,1,0,TRUE
피자_흥부박포테이토 피자 치즈링 (R),1,1,0,TRUE
피자_흥부포테이토 피자 골드스윗 (G),1,1,0,TRUE
피자_흥부포테이토 피자 골드스윗 (L),1,1,0,TRUE
피자_흥부포테이토 피자 골드스윗 (R),1,1,0,TRUE
피자_흥부포테이토 피자 리코타링 (G),1,1,0,TRUE
피자_흥부포테이토 피자 리코타링 (L),1,1,0,TRUE
피자_흥부포테이토 피자 리코타링 (R),1,1,0,TRUE
피자_흥부포테이토 피자 석쇠 (G),1,1,0,TRUE
피자_흥부포테이토 피자 석쇠 (L),1,1,0,TRUE
피자_흥부포테이토 피자 석쇠 (R),1,1,0,TRUE
피자_흥부포테이토 피자 씬도우 (L),1,1,0,TRUE
피자_흥부포테이토 피자 씬도우 (R),1,1,0,TRUE
피자_흥부포테이토 피자 치즈링 (G),1,1,0,TRUE
피자_흥부포테이토 피자 치즈링 (L),1,1,0,TRUE
피자_흥부포테이토 피자 치즈링 (R),1,1,0,TRUE
피자빵,1,1,0,TRUE
피자빵_바토베듬뿍베이글피자,1,1,0,TRUE
피자빵_볼로네제미트 브레드,1,1,0,TRUE
피자빵_사각피자빵,1,1,0,TRUE
피자빵_소시지피자빵,1,1,0,TRUE
피자빵_이탈리안 피자,1,1,0,TRUE
피자빵_쫄깃한피자빵,1,1,0,TRUE
피자빵_치즈치킨롤 피자,1,1,0,TRUE
피자빵_치킨치즈롤,1,1,0,TRUE
피자빵_피자 페스츄리 붕어빵,1,1,0,TRUE
피자빵_피자빵 (대),1,1,0,TRUE
피자빵_햄치콘듬뿍베이글피자,1,1,0,TRUE
함박스테이크_간편조리세트_더블체다 함박스테이크,1,1,0,TRUE
핫도그,1,1,0,TRUE
핫도그_갈릭 핫도그,1,1,0,TRUE
핫도그_갈릭치즈 핫도그,1,1,0,TRUE
핫도그_감자,1,1,0,TRUE
핫도그_뉴욕칠리 핫도그,1,1,0,TRUE
핫도그_달콤 어니언 핫도그,1,1,0,TRUE
핫도그_롤핫도그,1,1,0,TRUE
핫도그_매콤 칠리 핫도그,1,1,0,TRUE
핫도그_맥앤치즈 핫도그,1,1,0,TRUE
핫도그_멕시칸 칠리 핫도그,1,1,0,TRUE
핫도그_모짜렐라,1,1,0,TRUE
핫도그_모짜렐라&소시지반반핫도그,1,1,0,TRUE
핫도그_못난이찹쌀 핫도그,1,1,0,TRUE
핫도그_못난이찹쌀매콤 핫도그,1,1,0,TRUE
핫도그_못난이찹쌀모짜렐라치즈 핫도그,1,1,0,TRUE
핫도그_미니치즈찰도그,1,1,0,TRUE
핫도그_미트칠리 핫도그,1,1,0,TRUE
핫도그_소시지 치즈 롤 핫도그,1,1,0,TRUE
핫도그_스윗콘에그 핫도그,1,1,0,TRUE
핫도그_오리지날 핫도그,1,1,0,TRUE
핫도그_오리지널 핫도그 매콤치즈,1,1,0,TRUE
핫도그_오리지널 핫도그 치즈,1,1,0,TRUE
핫도그_왕빅도그오리지날,1,1,0,TRUE
핫도그_쫄깃한핫도그빵,1,1,0,TRUE
핫도그_치즈덕,1,1,0,TRUE
핫도그_치즈츄로덕,1,1,0,TRUE
핫도그_칠리 핫도그,1,1,0,TRUE
핫도그_칠리덕,1,1,0,TRUE
핫도그_칠리앤치즈 핫도그,1,1,0,TRUE
핫도그_칠리츄로덕,1,1,0,TRUE
핫도그_콘 소시지 핫도그,1,1,0,TRUE
핫도그_콘어니언 핫도그,1,1,0,TRUE
핫도그_킹불소고,1,1,0,TRUE
핫도그_킹콘소고,1,1,0,TRUE
핫도그_타피오카쫀도그 (2개),1,1,0,TRUE
핫도그_토마토칠리 핫도그,1,1,0,TRUE
핫도그_통소시지감자핫도그,1,1,0,TRUE
핫도그_플레인 핫도그,1,1,0,TRUE
핫도그_핫도그,1,1,0,TRUE
핫도그_회오리 핫도그,1,1,0,TRUE
핫케이크,1,1,0,TRUE
해물 덮밥,1,1,0,TRUE
해물 채소전,1,1,0,TRUE
해물전골,1,1,0,TRUE
해물찜,1,1,0,TRUE
해물찜_간편조리세트_낙지한마리해물찜,1,1,0,TRUE
해물찜_간편조리세트_백합&바지락통찜,1,1,0,TRUE
해물칼국수,1,1,0,TRUE
해물탕,1,1,0,TRUE
해물탕_간편조리세트_바다를 품은 해물탕,1,1,0,TRUE
해물파전_간편조리세트_모둠해물파전,1,1,0,TRUE
해신탕,1,1,0,TRUE
해장국_우거지,1,1,0,TRUE
해초무침,1,1,0,TRUE
햄버거_불고기버거,1,1,0,TRUE
햄버거_소고기패티,1,1,0,TRUE
햄버거_소고기패티_토마토_양상추,1,1,0,TRUE
햄버거_치즈,1,1,0,TRUE
햄볶음_채소,1,1,0,TRUE
허니브레드_갈릭 버터 브레드,1,1,0,TRUE
허니브레드_갈릭 치즈 브레드,1,1,0,TRUE
허니브레드_갈릭&치즈 브레드,1,1,0,TRUE
허니브레드_갈릭버터 브레드,1,1,0,TRUE
허니브레드_갈릭부기 브레드,1,1,0,TRUE
허니브레드_갈릭치즈 허니브레드,1,1,0,TRUE
허니브레드_갈릭치즈브레드,1,1,0,TRUE
허니브레드_긴 밤 브레드,1,1,0,TRUE
허니브레드_리치골드브레드,1,1,0,TRUE
허니브레드_메이플 넛 브레드,1,1,0,TRUE
허니브레드_메이플 허니브레드,1,1,0,TRUE
허니브레드_무화과브레드&이즈니버터,1,1,0,TRUE
허니브레드_미니 허니브레드 초코,1,1,0,TRUE
허니브레드_미니 허니브레드 카라멜,1,1,0,TRUE
허니브레드_미니 허니브레드 플레인,1,1,0,TRUE
허니브레드_베리 브레드,1,1,0,TRUE
허니브레드_살사부기 브레드,1,1,0,TRUE
허니브레드_생딸기 크림 브레드,1,1,0,TRUE
허니브레드_생크림 딸기 브래드,1,1,0,TRUE
허니브레드_생크림 망고 브래드,1,1,0,TRUE
허니브레드_스모크드 소시지 브레드,1,1,0,TRUE
허니브레드_시나몬 멜츠 브레드,1,1,0,TRUE
허니브레드_애플 시나몬 허니 브레드,1,1,0,TRUE
허니브레드_올리브치즈브레드,1,1,0,TRUE
허니브레드_젤라또 브레드,1,1,0,TRUE
허니브레드_카라멜 시나몬 브레드,1,1,0,TRUE
허니브레드_카라멜브레드,1,1,0,TRUE
허니브레드_토피넛 브레드,1,1,0,TRUE
허니브레드_피넛버터브레드,1,1,0,TRUE
허니브레드_허니 넛트 브레드,1,1,0,TRUE
허니브레드_허니 버터 브레드,1,1,0,TRUE
허니브레드_허니 브레드+생크림,1,1,0,TRUE
허니브레드_허니 브레드+젤라또,1,1,0,TRUE
허니브레드_허니 카라멜 브레드,1,1,0,TRUE
허니브레드_허니버터 브레드,1,1,0,TRUE
허니브레드_허니브래드,1,1,0,TRUE
허니브레드_허니브레드볼,1,1,0,TRUE
허니브레드_허니초코브레드,1,1,0,TRUE
허니브레드_허니카라멜브레드,1,1,0,TRUE
허브차_감잎차 아이스(ICED) (L),1,1,0,TRUE
허브차_감잎차 핫(HOT) (L),1,1,0,TRUE
허브차_국화차 아이스(ICED) (L),1,1,0,TRUE
허브차_국화차 핫(HOT) (L),1,1,0,TRUE
허브차_그린루이보스 아이스(ICED),1,1,0,TRUE
허브차_그린루이보스 핫(HOT),1,1,0,TRUE
허브차_레몬 사과 블렌드티 아이스(ICED) (L),1,1,0,TRUE
허브차_레몬 사과 블렌드티 핫(HOT) (L),1,1,0,TRUE
허브차_레몬밤,1,1,0,TRUE
허브차_레몬밤 민트티 아이스(ICED),1,1,0,TRUE
허브차_레몬밤 민트티 핫(HOT),1,1,0,TRUE
허브차_로얄 캐모마일 아이스(ICED),1,1,0,TRUE
허브차_로얄 캐모마일 핫(HOT),1,1,0,TRUE
허브차_루이보스 레몬,1,1,0,TRUE
허브차_루이보스 슈가플럼,1,1,0,TRUE
허브차_루이보스오렌지 아이스(ICED),1,1,0,TRUE
허브차_루이보스오렌지 핫(HOT),1,1,0,TRUE
허브차_민트 블렌드티 아이스(ICED) (Tall),1,1,0,TRUE
허브차_민트 블렌드티 핫(HOT) (Tall),1,1,0,TRUE
허브차_민트 아이스(ICED) (L),1,1,0,TRUE
허브차_민트 핫(HOT) (L),1,1,0,TRUE
허브차_민트크루 아이스(ICED) (L),1,1,0,TRUE
허브차_민트크루 핫(HOT) (L),1,1,0,TRUE
허브차_샤인히비스커스 아이스(ICED),1,1,0,TRUE
허브차_샤인히비스커스 핫(HOT),1,1,0,TRUE
허브차_스위트후르츠 아이스(ICED),1,1,0,TRUE
허브차_스위트후르츠 핫(HOT),1,1,0,TRUE
허브차_스프링캐모마일 아이스(ICED),1,1,0,TRUE
허브차_스프링캐모마일 핫(HOT),1,1,0,TRUE
허브차_시나몬 진저티,1,1,0,TRUE
허브차_오렌지 보스 아이스(ICED) (L),1,1,0,TRUE
허브차_오렌지 보스 핫(HOT) (L),1,1,0,TRUE
허브차_유러피안 후르츠,1,1,0,TRUE
허브차_카모마일 아이스(ICED) (M),1,1,0,TRUE
허브차_카모마일 핫(HOT) (M),1,1,0,TRUE
허브차_캐모마일 블렌드티 아이스(ICED) (Tall),1,1,0,TRUE
허브차_캐모마일 블렌드티 핫(HOT) (Tall),1,1,0,TRUE
허브차_캐모마일 아이스(ICED) (R),1,1,0,TRUE
허브차_캐모마일 핫(HOT) (R),1,1,0,TRUE
허브차_캐모마일티 아이스(ICED) (L),1,1,0,TRUE
허브차_캐모마일티 핫(HOT),1,1,0,TRUE
허브차_캐모마일티 핫(HOT) (L),1,1,0,TRUE
허브차_커즈마인 아이스(ICED) (L),1,1,0,TRUE
허브차_커즈마인 핫(HOT) (L),1,1,0,TRUE
허브차_쿨 허벌티 아이스(ICED),1,1,0,TRUE
허브차_쿨 허벌티 핫(HOT),1,1,0,TRUE
허브차_쿨민트 아이스(ICED),1,1,0,TRUE
허브차_쿨민트 핫(HOT),1,1,0,TRUE
허브차_크림슨 펀치 아이스(ICED),1,1,0,TRUE
허브차_크림슨 펀치 핫(HOT),1,1,0,TRUE
허브차_크림얼그레이티 아이스(ICED),1,1,0,TRUE
허브차_크림얼그레이티 핫(HOT),1,1,0,TRUE
허브차_페어진저 아이스(ICED),1,1,0,TRUE
허브차_페어진저 핫(HOT),1,1,0,TRUE
허브차_페퍼민트 아이스(ICED) (L),1,1,0,TRUE
허브차_페퍼민트 아이스(ICED) (M),1,1,0,TRUE
허브차_페퍼민트 아이스(ICED) (R),1,1,0,TRUE
허브차_페퍼민트 핫(HOT) (L),1,1,0,TRUE
허브차_페퍼민트 핫(HOT) (M),1,1,0,TRUE
허브차_페퍼민트 핫(HOT) (R),1,1,0,TRUE
허브차_페퍼민트티 아이스(ICED) (L),1,1,0,TRUE
허브차_페퍼민트티 핫(HOT) (L),1,1,0,TRUE
허브차_퓨어페퍼민트 아이스(ICED),1,1,0,TRUE
허브차_퓨어페퍼민트 핫(HOT),1,1,0,TRUE
허브차_히비스커스 블렌드티 아이스(ICED) (L),1,1,0,TRUE
허브차_히비스커스 블렌드티 아이스(ICED) (Tall),1,1,0,TRUE
허브차_히비스커스 블렌드티 핫(HOT) (L),1,1,0,TRUE
허브차_히비스커스 블렌드티 핫(HOT) (Tall),1,1,0,TRUE
허브차_히비스커스 아이스(ICED) (R),1,1,0,TRUE
허브차_히비스커스 핫(HOT) (R),1,1,0,TRUE
현미죽,1,1,0,TRUE
호떡_견과류,1,1,0,TRUE
호떡_꿀호떡,1,1,0,TRUE
호떡_아이스크림 호떡,1,1,0,TRUE
호떡_쫀득고구마호떡 (3개입),1,1,0,TRUE
호떡_쫀득흑당호떡,1,1,0,TRUE
호떡_흑당가득품은호떡,1,1,0,TRUE
호밀빵_멀티그레인 호밀브레드,1,1,0,TRUE
호밀빵_무화과 통밀 로프,1,1,0,TRUE
호밀빵_행복드림,1,1,0,TRUE
호밀빵_호두호밀브레드,1,1,0,TRUE
호박고지볶음,1,1,0,TRUE
호박볶음_호박,1,1,0,TRUE
호박볶음_호박_채소,1,1,0,TRUE
호박오가리나물무침,1,1,0,TRUE
호박잎 된장국,1,1,0,TRUE
호박찌개,1,1,0,TRUE
호박찌개_고추장,1,1,0,TRUE
홍어무침,1,1,0,TRUE
홍어찌개,1,1,0,TRUE
홍어찜,1,1,0,TRUE
홍차_머스캣,1,1,0,TRUE
홍차_머스캣 블렌드티 아이스(ICED) (L),1,1,0,TRUE
홍차_머스캣 블렌드티 핫(HOT) (L),1,1,0,TRUE
홍차_블랙티 아이스(ICED),1,1,0,TRUE
홍차_블랙티 아이스(ICED) (J),1,1,0,TRUE
홍차_블랙티 핫(HOT),1,1,0,TRUE
홍차_블랙티 핫(HOT) (J),1,1,0,TRUE
홍차_아쌈오렌지,1,1,0,TRUE
홍차_아쌈티 아이스(ICED),1,1,0,TRUE
홍차_아쌈티 아이스(ICED) (L),1,1,0,TRUE
홍차_아쌈티 핫(HOT),1,1,0,TRUE
홍차_아쌈티 핫(HOT) (L),1,1,0,TRUE
홍차_얼 그레이티 아이스(ICED) (Tall),1,1,0,TRUE
홍차_얼 그레이티 핫(HOT) (Tall),1,1,0,TRUE
홍차_얼그레이 리저브 아이스(ICED),1,1,0,TRUE
홍차_얼그레이 리저브 핫(HOT),1,1,0,TRUE
홍차_얼그레이 아이스(ICED) (M),1,1,0,TRUE
홍차_얼그레이 클래식,1,1,0,TRUE
홍차_얼그레이 핫(HOT) (M),1,1,0,TRUE
홍차_얼그레이티 아이스(ICED),1,1,0,TRUE
홍차_얼그레이티 아이스(ICED) (J),1,1,0,TRUE
홍차_얼그레이티 핫(HOT),1,1,0,TRUE
홍차_얼그레이티 핫(HOT) (J),1,1,0,TRUE
홍차_영그레이 아이스(ICED) (L),1,1,0,TRUE
홍차_영그레이 핫(HOT) (L),1,1,0,TRUE
홍차_유스베리티 아이스(ICED) (Tall),1,1,0,TRUE
홍차_유스베리티 핫(HOT) (Tall),1,1,0,TRUE
홍차_잉글리쉬 브랙퍼스트 아이스(ICED),1,1,0,TRUE
홍차_잉글리쉬 브랙퍼스트 핫(HOT),1,1,0,TRUE
홍차_잉글리쉬 브렉퍼스트,1,1,0,TRUE
홍차_잉글리쉬 브렉퍼스트티 아이스(ICED) (Tall),1,1,0,TRUE
홍차_잉글리쉬 브렉퍼스트티 핫(HOT) (Tall),1,1,0,TRUE
홍차_잉글리쉬브렉퍼스트 아이스(ICED) (L),1,1,0,TRUE
홍차_잉글리쉬브렉퍼스트 핫(HOT) (L),1,1,0,TRUE
홍차_크림카라멜 아이스(ICED) (L),1,1,0,TRUE
홍차_퍼스트 브레이크 아이스(ICED) (L),1,1,0,TRUE
홍차_퍼스트 브레이크 핫(HOT) (L),1,1,0,TRUE
홍차_홍차 아이스(ICED),1,1,0,TRUE
홍차_홍차 핫(HOT),1,1,0,TRUE
홍합산적,1,1,0,TRUE
홍합탕_홍합만,1,1,0,TRUE
황태구이,1,1,0,TRUE
황태구이_양념,1,1,0,TRUE
황태콩나물찜,1,1,0,TRUE
황태해장국,1,1,0,TRUE
회냉면,1,1,0,TRUE
회덮밥,1,1,0,TRUE
회덮밥_모듬,1,1,0,TRUE
회무침,1,1,0,TRUE
회무침_가오리,1,1,0,TRUE
회무침_서대,1,1,0,TRUE
효모빵_건포도 천연효모빵 (H),1,1,0,TRUE
효모빵_건포도 토종효모빵,1,1,0,TRUE
효모빵_건포도천연효모빵,1,1,0,TRUE
효모빵_쫄깃담백 토종효모빵,1,1,0,TRUE
효모빵_쫄깃담백 토종효모빵 (H),1,1,0,TRUE
효모빵_쫄깃한 천연효모빵,1,1,0,TRUE
효모빵_쫄깃한 천연효모빵 (H),1,1,0,TRUE
효모빵_쫄깃한 천연효모빵 (미니),1,1,0,TRUE
훠궈_소고기,1,1,0,TRUE
