식품코드,식품명,데이터구분코드,데이터구분명,식품기원코드,식품기원명,식품대분류코드,식품대분류명,대표식품코드,대표식품명,식품중분류코드,식품중분류명,식품소분류코드,식품소분류명,식품세분류코드,식품세분류명,영양성분함량기준량,에너지(kcal),수분(g),단백질(g),지방(g),회분(g),탄수화물(g),당류(g),식이섬유(g),칼슘(mg),철(mg),인(mg),칼륨(mg),나트륨(mg),비타민A(μg RAE),레티놀(μg),베타카로틴(μg),티아민(mg),리보플라빈(mg),니아신(mg),비타민 C(mg),비타민 D(μg),콜레스테롤(mg),포화지방산(g),트랜스지방산(g),니코틴산(mg),니코틴아마이드(mg),비오틴(μg),비타민 B6 / 피리독신(mg),비타민 B12(μg),엽산(μg DFE),콜린(mg),판토텐산(mg),비타민 D2(μg),비타민 D3(μg),비타민 E(mg α-TE),알파 토코페롤(mg),베타 토코페롤(mg),감마 토코페롤(mg),델타 토코페롤(mg),알파 토코트리에놀(mg),베타 토코트리에놀(mg),감마 토코트리에놀(mg),델타 토코트리에놀(mg),비타민 K(μg),비타민 K1(μg),비타민 K2(μg),갈락토오스(g),과당(g),당알콜(g),맥아당(g),알룰로오스(g),에리스리톨(g),유당(g),자당(g),타가토스(g),포도당(g),불포화지방산(g),EPA와 DHA의 합(mg),가돌레산(20:1) / 에이코센산(20:1)(mg),감마 리놀렌산(18:3(n-6))(mg),네르본산(24:1)(mg),도코사디에노산(22:2)(mg),도코사펜타에노산/토코사펜타엔산(22:5(n-3))(mg),DHA / 도코사헥사에노산/도코사헥사엔산(22:6(n-3))(mg),디호모리놀렌산/에이코사트리에노산(20:3(n-3))(mg),라우르산(12:0)(mg),리그노세르산(24:0)(mg),리놀레산(18:2(n-6))(g),미리스톨레산(14:1)(mg),미리스트산(14:0)(mg),박센산(18:1(n-7))(mg),베헨산(22:0)(mg),부티르산(4:0)(mg),스테아르산(18:0)(mg),스테아리돈산(18:4(n-3))(mg),아라키돈산(20:4(n-6))(mg),아라키드산(20:0)(mg),알파 리놀렌산(18:3(n-3))(g),에루크산(22:1)(mg),에이코사디에노산(20:2(n-6))(mg),에이코사트리에노산(20:3(n-6))(mg),EPA / 에이코사펜타에노산(20:5(n-3))(mg),오메가3 지방산(g),오메가6 지방산(g),올레산(18:1(n-9))(mg),카프로산(6:0)(mg),카프르산(10:0)(mg),카프릴산(8:0)(mg),트라이데칸산(13:0)(mg),트랜스 리놀레산(18:2t)(mg),트랜스 리놀렌산(18:3t)(mg),트랜스 올레산(18:1(n-9t)(mg),트리코산산(23:0)(mg),팔미톨레산(16:1)(mg),팔미트산(16:0)(mg),펜타데칸산(15:0)(mg),헨에이코산산(21:0)(mg),헵타데센산(17:1)(mg),헵타데칸산(17:0)(mg),구리(μg),마그네슘(mg),망간(mg),몰리브덴(μg),불소(mg),셀레늄(μg),아연(mg),염소(mg),요오드(μg),크롬(μg),아미노산(mg),필수아미노산(mg),비필수아미노산(mg),글루탐산(mg),글라이신(mg),라이신(mg),류신(mg),메티오닌(mg),발린(mg),세린(mg),시스테인(mg),아르기닌(mg),아스파르트산(mg),알라닌(mg),이소류신(mg),타우린(mg),트레오닌(mg),트립토판(mg),티로신(mg),페닐알라닌(mg),프롤린(mg),히스티딘(mg),토코페롤(mg),토코트리에놀(mg),출처코드,출처명,1회 섭취참고량,식품중량,품목제조보고번호,제조사명,수입업체명,유통업체명,수입여부,원산지국코드,원산지국명,데이터생성방법코드,데이터생성방법명,데이터생성일자,데이터기준일자,카페인(mg)
STD-DB10_2-000001,"귀리, 겉귀리",S,국가표준식품성분표,,농진청('21),,곡류 및 그 제품,,"귀리, 겉귀리",,,,,,,100g,388,11.7,9.880000000000001,8.84,1.56,68.03,0.92,7.6,52,5.3,361,423,3,0,0,0,0.372,0.077,1.415,0,0,,1.51,0.02,0.899,0.516,6.64,0.223,0,24,,0.799,0,0,1.09,0.46,0,0.16,0,2.04,0,0.27,0,0,0,0,0,0,,0,,,0,0.92,,0,7.09,,84.38,0,10.52,0,0,0,0,,,2764.5,,,73.54000000000001,,,,,0,,79.27,,5.13,0,0,,,4052.25,,,,,,,2.75,,,,,,,,,,,,,,,,,,,,,,468,,627,,,,,,,,272,,,,,,,,,,,,,,,,,,,,,,,,,
STD-DB10_2-000002,"귀리, 쌀귀리",S,국가표준식품성분표,,농진청('20),,곡류 및 그 제품,,"귀리, 쌀귀리",,,,,,,100g,388,11.6,11.14333333333333,8.896666666666667,1.7,66.66333333333334,0.91,8.1,61,4.31,409,405,1,0,0,2,0.467,0.054,1.194,0,0,,1.45,0.01,0.375,0.819,3.9,0.224,0,35,,0.49,0,0,1.38,0.5,0.11,0,0,2.71,0.22,0,0,0,0,0,0,0.08,,0,,,0,0.83,,0,6.79,,69.73999999999999,0,8,0,0,0,0,,,2792.46,,,58.13,,,,,0,,73.86,,3.53,0,0,,,3763.63,,,,,,,2.97,,,,,,,,,,,,,,,,,,,,,,569,,847,,,,,,,,463,,,,,,,,,,,,,,,,,,,,,,,,,
STD-DB10_2-000003,"귀리, 오트밀",S,국가표준식품성분표,,농진청('11),,곡류 및 그 제품,,"귀리, 오트밀",,,,,,,100g,382,12,13.2,8.199999999999999,1.7,64.90000000000001,-,18.8,60,5.8,381,383,4,0,0,3,-,0.07000000000000001,1.1,-,-,,-,-,-,-,-,-,-,-,,-,-,-,-,-,-,-,-,-,-,-,-,-,-,-,-,-,,-,,,-,-,,-,-,,-,-,-,-,-,-,-,,,-,,,-,,,,,-,,-,,-,-,-,,,-,,,,,,,-,,,,,,,,,,,,,,,,,,,,,,-,,-,,,,,,,,-,,,,,,,,,,,,,,,,,,,,,,,,,
STD-DB10_2-000004,기장,S,국가표준식품성분표,,농진청('06),,곡류 및 그 제품,,기장,,,,,,,100g,360,11.3,11.2,1.9,1,74.59999999999999,-,-,15,2.8,226,233,6,0,0,0,0.42,0.09,2.9,0,-,,-,-,-,-,-,-,-,-,,-,-,-,-,-,-,-,-,-,-,-,-,-,-,-,-,-,,-,,,-,-,,-,-,,-,-,-,-,-,-,-,,,-,,,-,,,,,-,,-,,-,-,-,,,-,,,,,,,-,,,,,,,,,,,,,,,,,,,,,,-,,-,,,,,,,,-,,,,,,,,,,,,,,,,,,,,,,,,,
STD-DB10_2-000005,"기장, 찰기장",S,국가표준식품성분표,,농진청('23),,곡류 및 그 제품,,"기장, 찰기장",,,,,,,100g,371,11.3,13.41,3.69,1.57,70,0.61,4.4,19,4.57,354,288,4,0,0,6,0.623,0.061,0.481,0,0,,0.52,0,0.334,0.147,2.71,0.314,0,59,,0.635,0,0,0.29,0.1,0.08,1.4,0.38,0,0,0,0,0,0,0,0,0,,0,,,0,0.61,,0,2.9,,16.56,0,1.7,0,0,0,0,,,2195.58,,,38.79,,,,,4.11,,43.12,,2.5,0,0,,,588.27,,,,,,,0,,,,,,,,,,,,,,,,,,,,,,253,,1414,,,,,,,,445,,,,,,,,,,,,,,,,,,,,,,,,,
STD-DB10_2-000006,메밀,S,국가표준식품성분표,,농진청('14),,곡류 및 그 제품,,메밀,,,,,,,100g,363,13.1,13.64,3.38,2.04,67.84,0.3,6.3,21,2.78,453,444,1,1,0,7,0.458,0.255,5.189,0,0,,0.71,0,4.527,0.662,0,-,0,41,,0,0,0,0.63,0.15,0,4.72,0.3,0,0,0,0,1.516,1.516,0,0,0,,0,,,0,0,,0,2.52,,92.55,0,4.1,0,0,0,0,,,1164.22,,,36.68,,,,,0,,82.58,,4.88,0,0,,,1124.41,,,,,,,0,,,,,,,,,,,,,,,,,,,,,,784,,879,,,,,,,,440,,,,,,,,,,,,,,,,,,,,,,,,,
STD-DB10_2-000007,"메밀, 가루",S,국가표준식품성분표,,농진청('14),,곡류 및 그 제품,,"메밀, 가루",,,,,,,100g,374,10.5,12.96,3.29,1.89,71.36,0.3,8.5,17,2.92,435,432,1,1,0,9,0.341,0.274,1.724,0,0,,0.7,0,1.316,0.408,0,-,0,26,,3.368,0,0,0.76,0.27,0.02,4.74,0.34,0,0,0,0,3.424,3.424,0,0,0,,0,,,0,0,,0,2.45,,88.29000000000001,0,0,0,0,0,0,,,1143.1,,,36.08,,,,,0,,80.91,,4.95,0,0,,,1081.25,,,,,,,0,,,,,,,,,,,,,,,,,,,,,,744,,832,,,,,,,,409,,,,,,,,,,,,,,,,,,,,,,,,,
STD-DB10_2-000008,메밀묵,S,국가표준식품성분표,,농진청('22),,곡류 및 그 제품,,메밀묵,,,,,,,100g,54,86.2,1.11,0.41,0.52,11.77,0,1.2,8,0.9,37,48,132,0,0,1,0.035,0.033,0.114,0,0,,0.07000000000000001,0,0.104,0.01,0,0.004,0,6,,0,0,0,0.03,0.02,0,0.14,0,0,0,0,0,0,0,0,0,0,,0,,,0,0,,0,0.19,,5.94,0,0,0,0,0,0,,,89.53,,,3.34,,,,,0,,5.47,,0,0,0,,,87.7,,,,,,,0,,,,,,,,,,,,,,,,,,,,,,58,,68,,,,,,,,36,,,,,,,,,,,,,,,,,,,,,,,,,
STD-DB10_2-000009,"메밀묵, 가루",S,국가표준식품성분표,,농진청('14),,곡류 및 그 제품,,"메밀묵, 가루",,,,,,,100g,371,11,8.33,2.04,1.24,77.40000000000001,0,4.1,21,1.84,289,287,2,1,0,7,0.197,0.148,0.734,0.34,0,,0.45,0,0.67,0.064,0,-,0,27,,0,0,0,0.41,0.1,0,3.11,0.2,0,0,0,0,0,0,0,0,0,,0,,,0,0,,0,1.55,,54.59,0,0,0,0,0,0,,,726.5700000000001,,,23.7,,,,,0,,55.11,,0,0,0,,,683.48,,,,,,,0,,,,,,,,,,,,,,,,,,,,,,453,,507,,,,,,,,249,,,,,,,,,,,,,,,,,,,,,,,,,
STD-DB10_2-000010,"멥쌀, 배아미",S,국가표준식품성분표,,JAPAN('20),,곡류 및 그 제품,,"멥쌀, 배아미",,,,,,,100g,343,14.9,6.5,2,0.7,75.8,0.6,1.3,7,0.9,150,150,1,(0),(0),(0),0.23,0.03,3.1,(0),(0),,0.55,-,-,-,3.3,0.22,(0),18,,1.00,-,-,0.9,0.9,Tr,0.1,0,-,-,-,-,(0),-,-,-,0,,0,,,(0),0.6,,Tr,1.22,,6,-,0,-,-,-,-,,,670,,,-,,,,,-,,24,,0,-,-,,,-,,,,,,,-,,,,,,,,,,,,,,,,,,,,,,-,,-,,,,,,,,-,,,,,,,,,,,,,,,,,,,,,,,,,
STD-DB10_2-000011,"멥쌀, 백미",S,국가표준식품성분표,,대푯값,,곡류 및 그 제품,,"멥쌀, 백미",,,,,,,100g,366,13,6.81,1.05,0.4,78.73999999999999,0.5,1.9,7,0.24,101,88,2,0,0,0,0.099,0.028,1.059,0,0,,0.3,0,1.059,0,0.16,0.08699999999999999,0,16,,0.409,0,0,0.41,0.36,0.01,0.1,0,0.11,0,0.25,0.05,0,0,0,0,0.1,,0.01,,,0,0.35,,0.03,0.52,,2.7,0,2.53,0,0,0,0,,,285.47,,,7.2,,,,,0,,10.4,,0,0,0,,,212.52,,,,,,,0.6899999999999999,,,,,,,,,,,,,,,,,,,,,,274,,409,,,,,,,,191,,,,,,,,,,,,,,,,,,,,,,,,,
STD-DB10_2-000012,"멥쌀, 칠분도미",S,국가표준식품성분표,,JAPAN('20),,곡류 및 그 제품,,"멥쌀, 칠분도미",,,,,,,100g,348,14.9,6.3,1.5,0.6,76.59999999999999,0.3,0.9,6,1.3,180,120,1,(0),(0),(0),0.24,0.03,1.7,(0),(0),,(0.40),-,-,-,2.9,0.20,(0),15,,0.84,-,-,0.4,0.4,Tr,0,0,-,-,-,-,(0),-,-,-,Tr,,0,,,(0),0.3,,Tr,(0.92),,(6),(0),(1),(0),(0),(0),(0),,,(490),,,-,,,,,(0),,(19),,(0),(0),(0),,,-,,,,,,,-,,,,,,,,,,,,,,,,,,,,,,(300),,(520),,,,,,,,(250),,,,,,,,,,,,,,,,,,,,,,,,,
STD-DB10_2-000013,"멥쌀, 현미",S,국가표준식품성분표,,대푯값,,곡류 및 그 제품,,"멥쌀, 현미",,,,,,,100g,357,13.3,7.33,2.23,1.25,75.92,1.18,3.9,14,1.05,295,248,3,0,0,2,0.286,0.025,1.501,0,0,,0.55,0,1.501,0,0.6,0.277,0,22,,0.465,0,0,1.04,0.88,0.04,0.21,0,0.37,0,0.54,0.07000000000000001,0,0,0,0,0.09,,0.01,,,0,0.99,,0.09,1.49,,10.91,0,3.16,0,0,0,0.08,,,721.3,,,19,,,,,0.37,,28.29,,0.24,0,0,,,708.47,,,,,,,1,,,,,,,,,,,,,,,,,,,,,,313,,431,,,,,,,,206,,,,,,,,,,,,,,,,,,,,,,,,,
STD-DB10_2-000014,"멥쌀밥, 쪄서 말린것",S,국가표준식품성분표,,농진청('09),,곡류 및 그 제품,,"멥쌀밥, 쪄서 말린것",,,,,,,100g,373,10.9,5.2,0.1,0.1,83.7,-,-,44,1.4,65,19,29,0,0,0,0.11,0.02,1.8,0,-,,-,-,-,-,-,-,-,-,,-,-,-,-,-,-,-,-,-,-,-,-,-,-,-,-,-,,-,,,-,-,,-,-,,-,-,-,-,-,-,-,,,-,,,-,,,,,-,,-,,-,-,-,,,-,,,,,,,-,,,,,,,,,,,,,,,,,,,,,,-,,-,,,,,,,,-,,,,,,,,,,,,,,,,,,,,,,,,,
STD-DB10_2-000015,누룽지,S,국가표준식품성분표,,농진청('22),,곡류 및 그 제품,,누룽지,,,,,,,100g,414,1.7,8,1.1,0.37,88.8,0.11,2.3,11,0.19,82,70,2,0,0,0,0.053,0.061,0.282,0,0,,0.41,0.01,0.24,0.042,0.98,0.012,0,10,,0,0,0,0.11,0.08,0,0,0,0.09,0,0.1,0,0,0,0,0,0,,0,,,0,0.11,,0,0.53,,3.34,0,3.56,0,0,0,0,,,320.7,,,7.9,,,,,0,,11.85,,0,0,0,,,180.57,,,,,,,1.91,,,,,,,,,,,,,,,,,,,,,,321,,641,,,,,,,,307,,,,,,,,,,,,,,,,,,,,,,,,,
STD-DB10_2-000016,"누룽지, 끓인것",S,국가표준식품성분표,,농진청('22),,곡류 및 그 제품,,"누룽지, 끓인것",,,,,,,100g,53,87.5,1.03,0.27,0.09,11.06,0,0.3,2,0.04,10,8,0,0,0,0,0,0.008999999999999999,0.031,0,0,,0.06,0,0.031,0,0.7,0,0,5,,0,0,0,0.02,0.01,0,0,0,0.01,0,0.01,0,0,0,0,0,0,,0,,,0,0,,0,0.07000000000000001,,0,0,0.92,0,0,0,0,,,39.92,,,1.05,,,,,0,,1.37,,0,0,0,,,22.71,,,,,,,0.24,,,,,,,,,,,,,,,,,,,,,,37,,74,,,,,,,,36,,,,,,,,,,,,,,,,,,,,,,,,,
STD-DB10_2-000017,"즉석밥, 누룽지",S,국가표준식품성분표,,농진청('16),,곡류 및 그 제품,,"즉석밥, 누룽지",,,,,,,100g,415,1.1,6.64,0.84,0.44,90.95999999999999,0.24,2.3,12,0.19,86,92,70,0,0,0,0.029,0.025,0.284,0,0,,0.33,0.01,0.241,0.043,0,0.116,0,15,,0,0,0,0.08,0.07000000000000001,0,0.01,0.01,0.05,0,0.03,0.01,0,0,0,0,0,,0,,,0,0.24,,0,0.46,,1.77,0,0,0,0,0,0,,,302.07,,,7,,,,,0,,11.77,,0,0,0,,,141.24,,,,,,,1.91,,,,,,,,,,,,,,,,,,,,,,304,,578,,,,,,,,273,,,,,,,,,,,,,,,,,,,,,,,,,
STD-DB10_2-000018,"즉석밥, 백미",S,국가표준식품성분표,,농진청('16),,곡류 및 그 제품,,"즉석밥, 백미",,,,,,,100g,152,63.9,2.11,0.28,0.12,33.59,1.04,1.2,5,0.07000000000000001,21,18,1,0,0,0,0.013,0.008,0.101,0,0,,0.11,0,0.006,0.095,0,-,0,5,,0.629,0,0,0.04,0.03,0,0,0,0.03,0,0.02,0.01,0,0,0,0,0.55,,0,,,0,0.33,,0.16,0.16,,0,0,0.87,0,0,0,0,,,101.25,,,2.24,,,,,0,,3.97,,0,0,0,,,43.93,,,,,,,0,,,,,,,,,,,,,,,,,,,,,,91,,207,,,,,,,,99,,,,,,,,,,,,,,,,,,,,,,,,,
STD-DB10_2-000019,"즉석밥, 잡곡밥(멥쌀, 찹쌀, 흑미, 팥, 기장, 찰수수)",S,국가표준식품성분표,,농진청('16),,곡류 및 그 제품,,"즉석밥, 잡곡밥(멥쌀, 찹쌀, 흑미, 팥, 기장, 찰수수)",,,,,,,100g,150,62.5,2.83,0.38,0.53,33.76,0.03,0.7,9,0.24,39,41,159,0,0,0,0.026,0.014,0.21,0,0,,0.13,0,0.18,0.03,0,-,0,9,,0,0,0,0.04,0.01,0.02,0.05,0.08,0.05,0,0.08,0.02,0,0,0,0,0,,0.03,,,0,0,,0,0.24,,0,0,0,0,0,0,0,,,158.18,,,2.88,,,,,0,,9.65,,0,0,0,,,65.56,,,,,,,0,,,,,,,,,,,,,,,,,,,,,,110,,217,,,,,,,,106,,,,,,,,,,,,,,,,,,,,,,,,,
STD-DB10_2-000020,"미숫가루, 혼합곡물",S,국가표준식품성분표,,농진청('22),,곡류 및 그 제품,,"미숫가루, 혼합곡물",,,,,,,100g,412,1.8,14.36,5.3,1.82,76.69,1.16,12.8,61,4.04,343,552,5,1,0,7,0.122,0.133,2.02,0,0,,1.06,0.02,1.695,0.325,1.28,0.025,0,42,,0.58,0,0,0.9399999999999999,0.49,0.08,1.59,0.96,0.7,0.19,0.29,0.04,0,0,0,0,0.04,,0,,,0,1.12,,0,3.92,,16.85,0,1.72,0,0,0,0,,,2402.51,,,59.03,,,,,0,,338.05,,2.8,0,0,,,1092.15,,,,,,,3.98,,,,,,,,,,,,,,,,,,,,,,567,,1067,,,,,,,,514,,,,,,,,,,,,,,,,,,,,,,,,,
STD-DB10_2-000021,밀,S,국가표준식품성분표,,농진청('99),,곡류 및 그 제품,,밀,,,,,,,100g,333,10.6,10.6,1,2,75.8,-,-,52,4.7,254,538,17,0,0,0,0.43,0.12,2.4,0,-,,-,-,-,-,-,-,-,-,,-,-,-,-,-,-,-,-,-,-,-,-,-,-,-,-,-,,-,,,-,-,,-,-,,-,-,-,-,-,-,-,,,-,,,-,,,,,-,,-,,-,-,-,,,-,,,,,,,-,,,,,,,,,,,,,,,,,,,,,,-,,-,,,,,,,,-,,,,,,,,,,,,,,,,,,,,,,,,,
STD-DB10_2-000022,"밀, 금강밀",S,국가표준식품성분표,,농진청('13),,곡류 및 그 제품,,"밀, 금강밀",,,,,,,100g,329,13.3,13.06,1.28,0.66,71.7,0,3.3,14,2.36,155,143,1,0,0,0,0.279,0.036,1.311,0,0,,0.31,0,1.181,0.13,2.17,-,0,21,,0,0,0,0.36,0.29,0,0.04,0,0,1.22,0,0,0,0,0,0,0,,0,,,0,0,,0,0.91,,5.18,0,2.79,0,0,0,0,,,737.95,,,10.32,,,,,0,,42.58,,0,0,0,,,114.97,,,,,,,0,,,,,,,,,,,,,,,,,,,,,,470,,889,,,,,,,,417,,,,,,,,,,,,,,,,,,,,,,,,,
STD-DB10_2-000023,"밀, 신미찰밀",S,국가표준식품성분표,,농진청('05),,곡류 및 그 제품,,"밀, 신미찰밀",,,,,,,100g,334,11.5,11.3,1.6,1.4,74.2,-,-,24,5.9,296,319,6,0,0,0,0.3,0.22,2.3,0,-,,-,-,-,-,-,-,-,-,,-,-,-,-,-,-,-,-,-,-,-,-,-,-,-,-,-,,-,,,-,-,,-,-,,-,-,-,-,-,-,-,,,-,,,-,,,,,-,,-,,-,-,-,,,-,,,,,,,-,,,,,,,,,,,,,,,,,,,,,,-,,-,,,,,,,,-,,,,,,,,,,,,,,,,,,,,,,,,,
STD-DB10_2-000024,"밀, 흑밀",S,국가표준식품성분표,,농진청('05),,곡류 및 그 제품,,"밀, 흑밀",,,,,,,100g,328,12.1,12.9,0.9,1.7,72.5,-,-,37,5,336,368,6,0,0,0,0.38,0.22,2.3,0,-,,-,-,-,-,-,-,-,-,,-,-,-,-,-,-,-,-,-,-,-,-,-,-,-,-,-,,-,,,-,-,,-,-,,-,-,-,-,-,-,-,,,-,,,-,,,,,-,,-,,-,-,-,,,-,,,,,,,-,,,,,,,,,,,,,,,,,,,,,,-,,-,,,,,,,,-,,,,,,,,,,,,,,,,,,,,,,,,,
STD-DB10_2-000025,"밀, 통밀",S,국가표준식품성분표,,농진청('06),,곡류 및 그 제품,,"밀, 통밀",,,,,,,100g,342,9.199999999999999,13.2,1.5,1.5,74.59999999999999,-,16,24,5.2,290,780,-,5,0,57,0.52,0.23,2.6,0,-,,-,-,-,-,-,-,-,-,,-,-,-,-,-,-,-,-,-,-,-,-,-,-,-,-,-,,-,,,-,-,,-,-,,-,-,-,-,-,-,-,,,-,,,-,,,,,-,,-,,-,-,-,,,-,,,,,,,-,,,,,,,,,,,,,,,,,,,,,,-,,-,,,,,,,,-,,,,,,,,,,,,,,,,,,,,,,,,,
STD-DB10_2-000026,"밀, 호라산",S,국가표준식품성분표,,농진청('16),,곡류 및 그 제품,,"밀, 호라산",,,,,,,100g,334,11.6,13.74,1.91,1.59,71.16,4.37,11.9,24,3.32,376,417,3,1,0,11,0.309,0.104,3.019,0,0,,0.41,0.01,0.189,2.83,0,-,0,50,,0.988,0,0,0.4,0.22,0.12,0.48,0,0.17,0.43,0,0,0,0,0,0,0,,3.54,,,0,0.83,,0,1.4,,10.9,0,4.66,0,0,0,0,,,1038.68,,,19.95,,,,,0,,71.59999999999999,,2.23,0,0,,,255.39,,,,,,,1.93,,,,,,,,,,,,,,,,,,,,,,316,,862,,,,,,,,1531,,,,,,,,,,,,,,,,,,,,,,,,,
STD-DB10_2-000027,"밀, 강력밀가루",S,국가표준식품성분표,,농진청('13),,곡류 및 그 제품,,"밀, 강력밀가루",,,,,,,100g,334,12,13.59,1.11,0.41,72.89,0,2.5,17,0.64,104,95,1,0,0,0,0.053,0.07099999999999999,0.396,0.15,0,,0.27,0,0.147,0.249,0,-,0,23,,0,0,0,0.3,0.22,0.1,0,0,0.09,0,0,0,0,0,0,0,0,,0,,,0,0,,0,0.78,,3.84,0,1.91,0,0,0,0,,,619.35,,,19.15,,,,,0,,33.7,,0.8,0,0,,,104.88,,,,,,,0,,,,,,,,,,,,,,,,,,,,,,446,,902,,,,,,,,455,,,,,,,,,,,,,,,,,,,,,,,,,
STD-DB10_2-000028,"밀, 도넛가루",S,국가표준식품성분표,,농진청('22),,곡류 및 그 제품,,"밀, 도넛가루",,,,,,,100g,410,6.5,7.98,5.75,1.82,77.98,19.53,0.8,79,0.5,276,156,558,0,0,2,0.123,0.618,0.784,0,0,,2.37,0.03,0.121,0.663,0.6,0.002,0,10,,0.218,0,0,0.72,0.48,0.14,0.8,0.3,0.26,0,0.05,0.02,0,0,0,0,0.05,,0.89,,,0.3,18.3,,0,2.75,,10.99,0,2.1,0,0,0,0,,,1350.75,,,46.41,,,,,0,,128.35,,0,0,0,,,1208.49,,,,,,,4.94,,,,,,,,,,,,,,,,,,,,,,235,,539,,,,,,,,277,,,,,,,,,,,,,,,,,,,,,,,,,
STD-DB10_2-000029,"밀, 박력밀가루",S,국가표준식품성분표,,농진청('13),,곡류 및 그 제품,,"밀, 박력밀가루",,,,,,,100g,374,11.8,9.15,0.9399999999999999,0.38,77.73,0,2.1,18,0.51,83,116,1,0,0,0,0.08699999999999999,0.033,0.418,0.18,0,,0.23,0,0.259,0.159,0,-,0,19,,0,0,0,0.25,0.23,0,0,0,0.08,0,0,0,0,0,0,0,0,,0,,,0,0,,0,0.66,,3.49,0,2.39,0,0,0,0,,,518.9,,,17.86,,,,,0,,32.93,,0.73,0,0,,,83.05,,,,,,,0.58,,,,,,,,,,,,,,,,,,,,,,312,,637,,,,,,,,297,,,,,,,,,,,,,,,,,,,,,,,,,
STD-DB10_2-000030,"밀, 부침가루",S,국가표준식품성분표,,농진청('13),,곡류 및 그 제품,,"밀, 부침가루",,,,,,,100g,368,11.5,9.800000000000001,0.98,2.2,75.52,3.49,2.5,32,0.58,154,140,786,0,0,0,0.082,0.882,0.208,0.01,0,,0.24,0,0.158,0.05,0,-,0,15,,0,0,0,0.35,0.24,0.16,0,0,0.09,0,0,0,0,0,0,0,0,,0,,,0,3.49,,0,0.6899999999999999,,3.9,0,3.28,0,0,0,0,,,537.09,,,19.87,,,,,0,,34.62,,0.97,0,0,,,92.56,,,,,,,0.58,,,,,,,,,,,,,,,,,,,,,,338,,662,,,,,,,,302,,,,,,,,,,,,,,,,,,,,,,,,,
STD-DB10_2-000031,"밀, 빵가루",S,국가표준식품성분표,,농진청('13),,곡류 및 그 제품,,"밀, 빵가루",,,,,,,100g,392,7.8,11.95,2.05,1.16,77.04000000000001,4.74,4.2,21,0.77,105,134,306,0,0,0,0.08599999999999999,0.044,0.369,40.97,0,,0.76,0.01,0.06900000000000001,0.3,0,-,0,35,,0,0,0,0.35,0.27,0,0,0,0.12,0.79,0,0,0,0,0,0,0,,3.58,,,0,0,,1.16,1.19,,5.38,0,2.59,0,0,0,0,,,626.77,,,17.34,,,,,0,,32.11,,1.36,0,0,,,495.77,,,,,,,1.61,,,,,,,,,,,,,,,,,,,,,,407,,819,,,,,,,,388,,,,,,,,,,,,,,,,,,,,,,,,,
STD-DB10_2-000032,"밀, 중력밀가루",S,국가표준식품성분표,,농진청('13),,곡류 및 그 제품,,"밀, 중력밀가루",,,,,,,100g,375,11.6,10.34,1.01,0.41,76.64,0,2.7,17,0.73,86,115,1,0,0,0,0.161,0.024,0.409,0.17,0,,0.26,0,0.279,0.13,0,-,0,17,,0,0,0,0.51,0.33,0.3,0,0,0.09,0,0,0,0,0,0,0,0,,0,,,0,0,,0,0.71,,4.04,0,2.15,0,0,0,0,,,545.39,,,18.61,,,,,0,,34.21,,0.78,0,0,,,104.41,,,,,,,0,,,,,,,,,,,,,,,,,,,,,,357,,708,,,,,,,,322,,,,,,,,,,,,,,,,,,,,,,,,,
STD-DB10_2-000033,"밀, 통밀가루",S,국가표준식품성분표,,농진청('21),,곡류 및 그 제품,,"밀, 통밀가루",,,,,,,100g,347,8.9,13.73,2.2,1.37,73.77,1.23,10.5,33,5.12,355,299,5,0,0,0,0.519,0.058,3.886,0,0,,0.52,0,3.792,0.094,0.96,0.12,0,38,,0.606,0,0,1.12,1.12,0,0,0,0,0,0,0,0,0,0,0,0.1,,0.18,,,0,0.85,,0.11,1.66,,13.59,0,7.78,0,0,0,0,,,1243.81,,,15.87,,,,,0,,77.2,,3.32,0,0,,,291.09,,,,,,,0,,,,,,,,,,,,,,,,,,,,,,480,,678,,,,,,,,281,,,,,,,,,,,,,,,,,,,,,,,,,
STD-DB10_2-000034,"밀, 튀김가루",S,국가표준식품성분표,,농진청('13),,곡류 및 그 제품,,"밀, 튀김가루",,,,,,,100g,367,10.7,7.22,0.8,2.87,78.41,0,2.2,72,0.89,330,137,876,0,0,0,0.128,0.062,0.292,0,0,,0.22,0,0.131,0.161,-,-,1.35,23,,0,0,0,0.29,0.18,0.1,0,0,0.07000000000000001,0.71,0,0,0,0,0,0,0,,0,,,0,0,,0,0.54,,2.46,0,2.38,0,0,0,0,,,430.98,,,7.06,,,,,0,,27.35,,0,0,0,,,72.81999999999999,,,,,,,0,,,,,,,,,,,,,,,,,,,,,,253,,539,,,,,,,,227,,,,,,,,,,,,,,,,,,,,,,,,,
STD-DB10_2-000035,"밀, 팬케이크가루",S,국가표준식품성분표,,농진청('22),,곡류 및 그 제품,,"밀, 팬케이크가루",,,,,,,100g,384,6.3,7.75,3.79,2.53,79.63,29.14,2,162,0.27,377,158,827,2,2,8,0.093,0.49,0.16,0,0,,1.75,0.01,0.16,0,2.87,0,0.16,14,,0.418,0,0,0.8,0.55,0.17,0.19,0.06,0.36,0.86,0.09,0.03,0,0,0,0,0,,0.62,,,0.52,26.03,,1.97,1.79,,8.19,0,0,0,0,0,0,,,633.55,,,25.37,,,,,0,,28.04,,0,0,0,,,1083.29,,,,,,,2.39,,,,,,,,,,,,,,,,,,,,,,348,,542,,,,,,,,304,,,,,,,,,,,,,,,,,,,,,,,,,
STD-DB10_2-000036,"마카로니, 말린것",S,국가표준식품성분표,,농진청('19),,곡류 및 그 제품,,"마카로니, 말린것",,,,,,,100g,380,10.7,12.98,1.53,0.71,74.13,2.05,2.7,24,1.8,167,195,7,0,0,0,0.135,0.048,1.777,0,0,,0.36,0,-,-,0.16,0.034,0,29,,0.606,0,0,0.39,0.23,0.11,0.19,0,0.28,0,0,0,0,0,0,0,0.1,,1.57,,,0,0.27,,0.11,0.9,,5.75,0,0,0,0,0,0,,,659.9400000000001,,,9.710000000000001,,,,,0,,44.58,,0,0,0,,,176.27,,,,,,,0,,,,,,,,,,,,,,,,,,,,,,375,,901,,,,,,,,512,,,,,,,,,,,,,,,,,,,,,,,,,
STD-DB10_2-000037,"에그누들, 말린것",S,국가표준식품성분표,,농진청('22),,곡류 및 그 제품,,"에그누들, 말린것",,,,,,,100g,387,7.6,13.78,2,2.7,73.97,1.63,1.9,25,1.11,138,508,657,8,0,93,0.114,0.131,0.545,0,0,,0.49,0.02,0.545,0,3.89,0.044,0.05,18,,0.493,0,0,0.22,0.15,0.1,0.02,0,0.04,0,0,0,0,0,0,0,0,,1.09,,,0,0.47,,0.07000000000000001,1.16,,8.390000000000001,0,4.75,0,0,0,0,,,801.26,,,19.11,,,,,6.82,,42.16,,1.97,0,0,,,266.27,,,,,,,1.21,,,,,,,,,,,,,,,,,,,,,,450,,972,,,,,,,,500,,,,,,,,,,,,,,,,,,,,,,,,,
STD-DB10_2-000038,"보리, 겉보리",S,국가표준식품성분표,,농진청('20),,곡류 및 그 제품,,"보리, 겉보리",,,,,,,100g,349,11.8,8.75,1.67,0.9,76.89,0.92,10.9,33,1.84,207,223,3,0,0,2,0.222,0.02,1.302,0,0,,0.47,0,0.382,0.92,1.37,0.092,0,31,,0.243,0,0,0.49,0.28,0.02,0.1,0.01,0.63,0.11,0.15,0.01,0,0,0,0,0.09,,0.1,,,0,0.73,,0,0.88,,6.45,0,1.37,0,0,0,0,,,677.04,,,7.75,,,,,0,,44.66,,0,0,0,,,142.79,,,,,,,0,,,,,,,,,,,,,,,,,,,,,,366,,627,,,,,,,,323,,,,,,,,,,,,,,,,,,,,,,,,,
STD-DB10_2-000039,"보리, 맥주보리, 두산8호",S,국가표준식품성분표,,농진청('05),,곡류 및 그 제품,,"보리, 맥주보리, 두산8호",,,,,,,100g,352,10,10,1,1,78,-,-,24,1.7,129,270,18,0,0,0,0.27,0.07000000000000001,1.4,0,-,,-,-,-,-,-,-,-,-,,-,-,-,-,-,-,-,-,-,-,-,-,-,-,-,-,-,,-,,,-,-,,-,-,,-,-,-,-,-,-,-,,,-,,,-,,,,,-,,-,,-,-,-,,,-,,,,,,,-,,,,,,,,,,,,,,,,,,,,,,-,,-,,,,,,,,-,,,,,,,,,,,,,,,,,,,,,,,,,
STD-DB10_2-000040,"보리, 쌀보리",S,국가표준식품성분표,,농진청('20),,곡류 및 그 제품,,"보리, 쌀보리",,,,,,,100g,341,13.7,8.66,1.66,0.9,75.04000000000001,0.51,12.5,38,2.28,203,275,5,0,0,1,0.153,0.05,1.187,0,0,,0.45,0,0.354,0.833,1.04,0.039,0,23,,0.244,0,0,0.51,0.19,0.02,0.05,0,0.96,0.25,0.27,0.02,0,0,0,0,0.03,,0.08,,,0,0.39,,0,0.93,,7.87,0,1.51,0,0,0,0,,,725.3099999999999,,,8.59,,,,,0.28,,51.12,,1.08,0,0,,,132.5,,,,,,,0,,,,,,,,,,,,,,,,,,,,,,337,,613,,,,,,,,303,,,,,,,,,,,,,,,,,,,,,,,,,
STD-DB10_2-000041,"보리, 가루",S,국가표준식품성분표,,농진청('14),,곡류 및 그 제품,,"보리, 가루",,,,,,,100g,357,9.5,11.16,1.83,1.03,76.48,0.3,12.8,35,2.44,209,287,20,0,0,0,0.39,0.119,3.702,0,0,,0.5600000000000001,0,3.675,0.027,18.5,-,0,19,,0,0,0,0.64,0.23,0,0.1,0,1.29,0.33,0.43,0.1,0,0,0,0,0,,0,,,0,0,,0,1.23,,11.45,0,0,0,0,0,0,,,949.24,,,12.53,,,,,0.66,,69.14,,1.86,0,0,,,177.83,,,,,,,0,,,,,,,,,,,,,,,,,,,,,,390,,764,,,,,,,,347,,,,,,,,,,,,,,,,,,,,,,,,,
STD-DB10_2-000042,"보리, 엿기름",S,국가표준식품성분표,,농진청('14),,곡류 및 그 제품,,"보리, 엿기름",,,,,,,100g,358,8.800000000000001,14.65,2.71,2.16,71.68000000000001,10.24,20.4,48,8.630000000000001,424,289,10,6,0,74,0.805,0.391,5.144,0,6.55,,0.67,0,5.002,0.142,0,-,0,194,,1.563,6.55,0,1.47,0.9,0,0.28,0,1.78,0.12,0.64,0,-,13.656,-,0,0.49,,3.91,,,0,3.12,,2.72,1.93,,23.32,0,5.44,0,0,0,0,,,1403.73,,,21.15,,,,,3.82,,171.48,,6.26,0,0,,,278.81,,,,,,,0,,,,,,,,,,,,,,,,,,,,,,490,,925,,,,,,,,450,,,,,,,,,,,,,,,,,,,,,,,,,
STD-DB10_2-000043,수수,S,국가표준식품성분표,,농진청('19),,곡류 및 그 제품,,수수,,,,,,,100g,374,10.2,11.67,3.01,1.51,73.63,0.46,6.4,8,2.84,302,367,6,0,0,0,0.429,0.026,1.595,0,0,,0.44,0,1.258,0.337,0,0.39,0,31,,0.314,0,0,0.45,0.39,0,0.62,0,0,0,0,0,0,0,0,0,0,,0,,,0,0.39,,0.07000000000000001,1.86,,6.77,0,3.76,0,0,0,0,,,801.16,,,38.19,,,,,1.27,,57,,0,0,0,,,944.6900000000001,,,,,,,0,,,,,,,,,,,,,,,,,,,,,,299,,1498,,,,,,,,486,,,,,,,,,,,,,,,,,,,,,,,,,
STD-DB10_2-000044,"수수, 찰수수",S,국가표준식품성분표,,농진청('21),,곡류 및 그 제품,,"수수, 찰수수",,,,,,,100g,368,11.8,10.94,3.17,1.53,72.54000000000001,0.75,6.3,8,2.28,322,399,3,1,0,7,0.444,0.032,2.047,0,0,,0.49,0,1.516,0.531,3.4,0.336,0,37,,0.399,0,0,0.36,0.25,0,0.98,0,0.05,0,0,0,0,0,0,0,0.03,,0,,,0,0.61,,0.11,2.43,,7.27,0,1.92,0,0,0,0,,,1346.56,,,32.26,,,,,1.32,,61.96,,0,0,0,,,970,,,,,,,0,,,,,,,,,,,,,,,,,,,,,,291,,1357,,,,,,,,419,,,,,,,,,,,,,,,,,,,,,,,,,
STD-DB10_2-000045,"수수, 통수수",S,국가표준식품성분표,,농진청('93),,곡류 및 그 제품,,"수수, 통수수",,,,,,,100g,360,8.699999999999999,10.5,3.1,1.2,76.5,-,-,10,2.1,191,524,4,0,0,0,0.32,0.11,2,0,-,,-,-,-,-,-,-,-,-,,-,-,-,-,-,-,-,-,-,-,-,-,-,-,-,-,-,,-,,,-,-,,-,-,,-,-,-,-,-,-,-,,,-,,,-,,,,,-,,-,,-,-,-,,,-,,,,,,,-,,,,,,,,,,,,,,,,,,,,,,-,,-,,,,,,,,-,,,,,,,,,,,,,,,,,,,,,,,,,
STD-DB10_2-000046,"아마란스, 노란색, 말린것",S,국가표준식품성분표,,농진청('15),,곡류 및 그 제품,,"아마란스, 노란색, 말린것",,,,,,,100g,383,6.9,17.09,5.94,2.8,67.27,1.65,13.8,252,9.789999999999999,662,615,0,5,0,57,0.752,0.073,0.127,4.04,-,,1.32,0,0,0.127,2.38,-,0,122,,0,-,-,1.54,0.7,1.67,0,0.16,0,0,0.02,0,0,25.9,0,0,0.04,,0,,,0,1.22,,0.37,3.98,,14.6,0,0,0,0,0,0,,,2166.12,,,72.7,,,,,0,,36.49,,0,0,0,,,1669.36,,,,,,,0,,,,,,,,,,,,,,,,,,,,,,1305,,982,,,,,,,,593,,,,,,,,,,,,,,,,,,,,,,,,,
STD-DB10_2-000047,"아마란스, 빨간색, 말린것",S,국가표준식품성분표,,농진청('15),,곡류 및 그 제품,,"아마란스, 빨간색, 말린것",,,,,,,100g,381,7.4,16.47,5.78,2.76,67.59,1.71,16.4,287,9.210000000000001,631,418,0,4,0,48,0.767,0.08699999999999999,0.073,3.57,-,,1.27,0,0,0.073,2.58,-,0,134,,0,-,-,2.24,1.31,1.85,0,0.12,0,0,0,0,0,24.87,0,0,0.04,,0,,,0,1.32,,0.33,3.96,,14.7,0,0,0,0,0,0,,,2212.19,,,70.66,,,,,0,,30.8,,0,0,0,,,1616.14,,,,,,,0,,,,,,,,,,,,,,,,,,,,,,1347,,847,,,,,,,,504,,,,,,,,,,,,,,,,,,,,,,,,,
STD-DB10_2-000048,"옥수수, 단옥수수",S,국가표준식품성분표,,농진청('20),,곡류 및 그 제품,,"옥수수, 단옥수수",,,,,,,100g,118,70.40000000000001,4.01,1.5,0.73,23.39,4.91,3.1,3,0.75,105,261,0,1,0,13,0.191,0.089,2.2,6.53,0,,0.25,0.01,-,-,1.46,0.521,0,58,,1.062,0,0,0.37,0.3,0,0.44,0.01,0.1,0,0.13,0,0,0,0,0,0.63,,0.39,,,0,3.54,,0.35,1.07,,4.98,0,1.07,0,0,0,0,,,538.87,,,8.640000000000001,,,,,0.6,,19.82,,0.85,0,0,,,496.2,,,,,,,0.86,,,,,,,,,,,,,,,,,,,,,,132,,344,,,,,,,,62,,,,,,,,,,,,,,,,,,,,,,,,,
STD-DB10_2-000049,"옥수수, 메옥수수",S,국가표준식품성분표,,농진청('16),,곡류 및 그 제품,,"옥수수, 메옥수수",,,,,,,100g,178,55.3,5.34,2.06,1.04,36.26,0.31,4.9,4,1.01,157,270,0,0,0,3,0.484,0.089,2.283,5.43,0,,0.39,0.01,0,2.283,0,-,0,88,,0.318,0,0,0.57,0.42,0,0.9399999999999999,0,0.18,0,0.19,0,0,0,0,0,0.02,,0,,,0,0.07000000000000001,,0.22,1.58,,7.66,0,0,0,0,0,0,,,920.99,,,16.57,,,,,0,,25.6,,0,0,0,,,601.5599999999999,,,,,,,1.51,,,,,,,,,,,,,,,,,,,,,,188,,1181,,,,,,,,148,,,,,,,,,,,,,,,,,,,,,,,,,
STD-DB10_2-000050,"옥수수, 찰옥수수",S,국가표준식품성분표,,농진청('20),,곡류 및 그 제품,,"옥수수, 찰옥수수",,,,,,,100g,141,64,4.79,1.4,0.83,28.96,3.42,4.8,5,0.82,133,303,0,1,0,7,0.268,0.078,2.6,6.17,0,,0.31,0.01,-,-,0.9399999999999999,0.473,0,63,,0.677,0,0,0.29,0.21,0,0.29,0,0.16,0,0.09,0.01,0,0,0,0,0.74,,0.04,,,0,1.81,,0.83,0.91,,4.38,0,0.65,0,0,0,0,,,546.51,,,7.94,,,,,0.71,,21.04,,0.59,0,0,,,327.49,,,,,,,2.02,,,,,,,,,,,,,,,,,,,,,,159,,489,,,,,,,,101,,,,,,,,,,,,,,,,,,,,,,,,,
STD-DB10_2-000051,"옥수수, 가루",S,국가표준식품성분표,,농진청('14),,곡류 및 그 제품,,"옥수수, 가루",,,,,,,100g,364,8.1,7.32,0.97,0.31,83.3,0.54,1.9,5,0.73,52,105,2,32,0,379,0.007,0.027,2.385,0,0,,0.25,0,0.829,1.556,0,-,0,25,,0,0,0,0.18,0.08,0,0.15,0,0.28,0,0.85,0,0,0,0,0,0.15,,0,,,0,0.28,,0.11,0.7000000000000001,,2.14,0,0,0,0,0,0,,,504.09,,,7.69,,,,,0,,23.55,,0,0,0,,,161.04,,,,,,,0,,,,,,,,,,,,,,,,,,,,,,197,,1067,,,,,,,,213,,,,,,,,,,,,,,,,,,,,,,,,,
STD-DB10_2-000052,"옥수수, 통조림, 가당",S,국가표준식품성분표,,농진청('17),,곡류 및 그 제품,,"옥수수, 통조림, 가당",,,,,,,100g,105,73.8,2.07,0.73,0.99,22.45,4.17,1.3,2,0.35,63,200,206,1,0,14,0,0.118,1.121,4.75,0,,0.11,0,0,1.121,3.74,-,0,54,,0,0,0,0.32,0.23,0,0.44,0,0.16,0,1.09,0,0,0,0,0,0.17,,0.07000000000000001,,,0,3.67,,0.26,0.41,,1.42,0,0,0,0,0,0,,,253.35,,,0,,,,,0,,14.64,,0,0,0,,,136.29,,,,,,,0,,,,,,,,,,,,,,,,,,,,,,79,,237,,,,,,,,60,,,,,,,,,,,,,,,,,,,,,,,,,
STD-DB10_2-000053,옥수수묵,S,국가표준식품성분표,,농진청('01),,곡류 및 그 제품,,옥수수묵,,,,,,,100g,55,86,1.1,0,0.3,12.6,-,-,154,0.7,7,4,28,-,-,-,0.02,0.01,0.2,0,-,,-,-,-,-,-,-,-,-,,-,-,-,-,-,-,-,-,-,-,-,-,-,-,-,-,-,,-,,,-,-,,-,-,,-,-,-,-,-,-,-,,,-,,,-,,,,,-,,-,,-,-,-,,,-,,,,,,,-,,,,,,,,,,,,,,,,,,,,,,-,,-,,,,,,,,-,,,,,,,,,,,,,,,,,,,,,,,,,
STD-DB10_2-000054,"옥수수 샐러드, 콘샐러드",S,국가표준식품성분표,,농진청('22),,곡류 및 그 제품,,"옥수수 샐러드, 콘샐러드",,,,,,,100g,129,75,1.78,6.42,0.88,15.96,8.76,0.9,2,0.26,32,105,259,30,7,287,0,0.04,0.493,0,0,,1.09,0.07000000000000001,0.051,0.442,0.41,0.017,0,31,,0.354,0,0,1.12,0.83,0,2.65,0,0.09,0,0.75,0,7.08,7.08,0,0,0.39,,0,,,0,7.93,,0.45,5.17,,50.26,0,0,0,0,2.78,0,,,3268.87,,,93.61,,,,,8.34,,327.82,,0,0,0,,,1409.63,,,,,,,3.13,,,,,,,,,,,,,,,,,,,,,,40,,108,,,,,,,,43,,,,,,,,,,,,,,,,,,,,,,,,,
STD-DB10_2-000055,율무,S,국가표준식품성분표,,농진청('19),,곡류 및 그 제품,,율무,,,,,,,100g,380,10.9,14.95,5.25,1.23,67.63,0.97,4.7,14,5.41,345,285,4,0,0,0,0.127,0.046,1.671,0,0,,0.74,0,-,-,0.35,0.128,0,41,,0.371,0,0,0.57,0.08,0,4.09,0.39,0.24,0,1.88,0.25,0,0,0,0,0.1,,0,,,0,0.75,,0.12,3.65,,9.91,0,0,0,0,0,0,,,1685.81,,,30.16,,,,,0,,24.81,,0,0,0,,,1889.75,,,,,,,0,,,,,,,,,,,,,,,,,,,,,,280,,1946,,,,,,,,543,,,,,,,,,,,,,,,,,,,,,,,,,
STD-DB10_2-000056,"율무, 밥",S,국가표준식품성분표,,농진청('19),,곡류 및 그 제품,,"율무, 밥",,,,,,,100g,172,59.7,7.1,2.35,0.53,30.34,0.15,1.9,6,2.45,169,105,2,0,0,0,0.042,0.036,0.757,0,0,,0.32,0,-,-,0.13,0.036,0,12,,0.271,0,0,0.26,0.04,0,1.85,0.18,0.11,0,0.85,0.11,0,0,0,0,0,,0,,,0,0.15,,0,1.56,,4.49,0,0,0,0,0,0,,,712.37,,,13.03,,,,,0,,10.62,,0,0,0,,,821.02,,,,,,,0,,,,,,,,,,,,,,,,,,,,,,166,,881,,,,,,,,246,,,,,,,,,,,,,,,,,,,,,,,,,
STD-DB10_2-000057,"잡곡, 현미, 찹쌀, 현미찹쌀, 보리 등",S,국가표준식품성분표,,농진청('15),,곡류 및 그 제품,,"잡곡, 현미, 찹쌀, 현미찹쌀, 보리 등",,,,,,,100g,358,13.5,9.789999999999999,2.09,1.22,73.40000000000001,0.93,6.2,27,1.66,234,366,4,0,0,5,0.187,0.078,3.052,0,0,,0.46,0,2.61,0.442,45.52,-,0,55,,0.068,0,0,0.92,0.67,0,0.84,0,0.5600000000000001,0,0.16,0,0,0,0,0,0,,0,,,0,0.76,,0.17,1.54,,5.95,0,0,0,0,0,0,,,951.97,,,24.7,,,,,0,,104.32,,0,0,0,,,447.66,,,,,,,0,,,,,,,,,,,,,,,,,,,,,,267,,466,,,,,,,,221,,,,,,,,,,,,,,,,,,,,,,,,,
STD-DB10_2-000058,"조, 메조",S,국가표준식품성분표,,농진청('19),,곡류 및 그 제품,,"조, 메조",,,,,,,100g,373,11.2,11.48,3.91,1.68,71.7,0.71,6,23,3.45,335,304,6,1,0,14,0.874,0.133,0.793,0.08,0,,0.6899999999999999,0.01,0.369,0.424,5.75,0.134,0,65,,1.592,0,0,1.11,0.85,0,2.45,0.04,0.05,0,0.07000000000000001,0,0,0,0,0,0,,0,,,0,0.6899999999999999,,0.02,2.95,,10.49,0,1.98,0,0,0,0,,,2366.71,,,14.48,,,,,3.55,,108.49,,2.72,0,0,,,438.78,,,,,,,0,,,,,,,,,,,,,,,,,,,,,,293,,1317,,,,,,,,435,,,,,,,,,,,,,,,,,,,,,,,,,
STD-DB10_2-000059,"조, 차조",S,국가표준식품성분표,,농진청('21),,곡류 및 그 제품,,"조, 차조",,,,,,,100g,370,11.9,10.95,3.85,1.65,71.69,0.89,4.9,23,3.68,329,335,4,1,0,16,0.896,0.098,0.921,0,0,,0.58,0.01,0.521,0.4,4.33,0.145,0,66,,1.015,0,0,1.19,0.9399999999999999,0,2.4,0,0.05,0,0.09,0,0,0,0,0,0,,0,,,0,0.8100000000000001,,0.08,2.9,,11.56,0,0.76,0,0,0,0,,,2322.63,,,16.47,,,,,4.39,,120.15,,2.94,0,0,,,414.47,,,,,,,0.29,,,,,,,,,,,,,,,,,,,,,,281,,1178,,,,,,,,403,,,,,,,,,,,,,,,,,,,,,,,,,
STD-DB10_2-000060,"찹쌀, 백미",S,국가표준식품성분표,,농진청('20),,곡류 및 그 제품,,"찹쌀, 백미",,,,,,,100g,363,13.7,6.64,0.99,0.46,78.17,0.29,1.2,7,0.34,101,104,1,0,0,0,0.417,0.003,1.419,0,0,,0.24,0,1.419,0,0.95,0.076,0,15,,0.429,0,0,0.49,0.44,0.02,0.04,0,0.12,0,0.2,0.03,0,0,0,0,0,,0,,,0,0.27,,0.02,0.62,,2.96,0,0.31,0,0,0,0,,,339.7,,,9.220000000000001,,,,,0,,14.19,,0,0,0,,,255.34,,,,,,,0.79,,,,,,,,,,,,,,,,,,,,,,225,,326,,,,,,,,158,,,,,,,,,,,,,,,,,,,,,,,,,
STD-DB10_2-000061,"찹쌀, 현미",S,국가표준식품성분표,,농진청('20),,곡류 및 그 제품,,"찹쌀, 현미",,,,,,,100g,356,13.7,7.28,2.29,1.26,75.52,0.9,5.2,12,1.19,301,266,1,0,0,1,0.296,0.018,2.232,0,0,,0.5,0,2.232,0,1.92,0.283,0,27,,0.655,0,0,1.2,0.95,0.05,0.08,0,0.72,0,0.66,0.08,0,0,0,0,0,,0,,,0,0.9,,0,1.54,,9.82,0,1.42,0,0,0,0,,,752.5,,,21.25,,,,,0,,30.53,,0,0,0,,,725.45,,,,,,,1.05,,,,,,,,,,,,,,,,,,,,,,268,,372,,,,,,,,182,,,,,,,,,,,,,,,,,,,,,,,,,
STD-DB10_2-000062,"다식, 검정깨",S,국가표준식품성분표,,농진청('22),,곡류 및 그 제품,,"다식, 검정깨",,,,,,,100g,455,8.6,13.99,20.69,3.54,53.23,13.32,9.1,958,5.35,535,377,6,1,0,10,0.265,0.178,3.974,0,0,,3.11,0.02,3.141,0.833,3.01,0.198,0,109,,0.162,0,0,1.24,0.14,0,10.38,0.26,0.18,0,0.08,0,0,0,0,0,0,,9.48,,,0,0.82,,3.03,15.51,,34.83,0,2.77,0,0,0,0,,,7827.03,,,165.43,,,,,0,,93.12,,7.07,0,0,,,7356.25,,,,,,,7.46,,,,,,,,,,,,,,,,,,,,,,637,,910,,,,,,,,502,,,,,,,,,,,,,,,,,,,,,,,,,
STD-DB10_2-000063,"다식, 송화",S,국가표준식품성분표,,농진청('22),,곡류 및 그 제품,,"다식, 송화",,,,,,,100g,352,12.8,5.99,1.5,1.11,78.61,52.74,24.1,8,2.27,135,436,10,0,0,5,0.231,0.281,6.806,3.54,0,,0.37,0,-,-,3.36,0.099,0,204,,0.35,0,0,0.21,0.2,0.02,0.07000000000000001,0.02,0,0,0.02,0,0,0,0,0,28.71,,0,,,0,7.96,,16.06,0.75,,2.09,0,0,0,0,0,0,,,396.94,,,12.91,,,,,0,,26.12,,1.51,0,0,,,313.62,,,,,,,0,,,,,,,,,,,,,,,,,,,,,,148,,464,,,,,,,,215,,,,,,,,,,,,,,,,,,,,,,,,,
STD-DB10_2-000064,"퀴노아, 쪄서 말린것",S,국가표준식품성분표,,농진청('16),,곡류 및 그 제품,,"퀴노아, 쪄서 말린것",,,,,,,100g,363,12.5,9.56,3.26,2.02,72.62,1.34,7.7,63,3.54,308,645,0,0,0,4,0.953,0.219,1.989,1.23,0,,0.4,0.03,1.908,0.081,0,-,0,105,,0.887,0,0,0.26,0.16,0,0.65,0.02,0.1,0,0,0,0,0,0,0,0,,0,,,0,1.34,,0,2.69,,51.37,0,9.08,4.52,0,0,0,,,1646.4,,,36.7,,,,,0,,188,,6.37,0,0,,,684.63,,,,,,,2.62,,,,,,,,,,,,,,,,,,,,,,520,,618,,,,,,,,752,,,,,,,,,,,,,,,,,,,,,,,,,
STD-DB10_2-000065,"피, IEC525(NO.5)",S,국가표준식품성분표,,농진청('10),,곡류 및 그 제품,,"피, IEC525(NO.5)",,,,,,,100g,376,9.4,8.5,4.6,3.6,73.90000000000001,-,-,39,3.2,497,617,10,0,0,0,1.67,0.26,3.5,0,-,,-,-,-,-,-,-,-,-,,-,-,-,-,-,-,-,-,-,-,-,-,-,-,-,-,-,,-,,,-,-,,-,-,,-,-,-,-,-,-,-,,,-,,,-,,,,,-,,-,,-,-,-,,,-,,,,,,,-,,,,,,,,,,,,,,,,,,,,,,-,,-,,,,,,,,-,,,,,,,,,,,,,,,,,,,,,,,,,
STD-DB10_2-000066,"호밀, 통호밀",S,국가표준식품성분표,,농진청('01),,곡류 및 그 제품,,"호밀, 통호밀",,,,,,,100g,334,10.1,15.9,1.5,1.8,70.7,-,-,10,6.4,378,501,2,-,-,-,0.26,0.16,1.8,0,-,,-,-,-,-,-,-,-,-,,-,-,-,-,-,-,-,-,-,-,-,-,-,-,-,-,-,,-,,,-,-,,-,-,,-,-,-,-,-,-,-,,,-,,,-,,,,,-,,-,,-,-,-,,,-,,,,,,,-,,,,,,,,,,,,,,,,,,,,,,-,,-,,,,,,,,-,,,,,,,,,,,,,,,,,,,,,,,,,
STD-DB10_2-000067,"호밀, 가루",S,국가표준식품성분표,,농진청('22),,곡류 및 그 제품,,"호밀, 가루",,,,,,,100g,365,9,9.4,1.82,1.63,78.16,1.24,14.2,40,3.03,353,520,1,1,0,11,0.21,0.11,0.982,0,0,,0.35,0,-,-,2.57,0.08699999999999999,0,81,,0.654,0,0,1.23,0.71,0.07000000000000001,0.39,0,1.28,1.12,0,0,0,0,0,0,0,,0,,,0,1.24,,0,1.22,,15.26,0,0,0,0,0,0.43,,,866.45,,,16.11,,,,,0,,103.26,,1.05,0,0,,,214.25,,,,,,,0.57,,,,,,,,,,,,,,,,,,,,,,436,,563,,,,,,,,311,,,,,,,,,,,,,,,,,,,,,,,,,
STD-DB10_2-000068,"감자, 대지",S,국가표준식품성분표,,농진청('13),,감자류 및 전분류,,"감자, 대지",,,,,,,100g,67,81.90000000000001,2.01,0.04,0.97,15.08,0,2.7,9,0.58,33,412,1,0,0,0,0.06,0.027,0.314,10.51,0,,0.03,0,-,-,0,-,0,22,,0.348,0,0,0,0,0,0,0,0,0,0,0,0,0,0,0,0,,0,,,0,0,,0,0.01,,0,0,0,0,0,0,0,,,8.67,,,0,,,,,0,,1.84,,0,0,0,,,1.94,,,,,,,0,,,,,,,,,,,,,,,,,,,,,,56,,102,,,,,,,,52,,,,,,,,,,,,,,,,,,,,,,,,,
STD-DB10_2-000069,"감자, 수미",S,국가표준식품성분표,,농진청('13),,감자류 및 전분류,,"감자, 수미",,,,,,,100g,70,81.09999999999999,1.93,0.03,0.87,16.07,0,1.7,6,0.4,62,335,1,0,0,0,0.034,0.038,0.4470000000000001,4.47,0,,0.02,0,0.167,0.28,0,-,0,10,,0.111,0,0,0.01,0.01,0,0,0,0,0,0,0,0,0,0,0,0,,0,,,0,0,,0,0.01,,0,0,0,0,0,0,0,,,7.78,,,0,,,,,0,,1.89,,0,0,0,,,1,,,,,,,0,,,,,,,,,,,,,,,,,,,,,,57,,98,,,,,,,,55,,,,,,,,,,,,,,,,,,,,,,,,,
STD-DB10_2-000070,"감자, 로즈밸리",S,국가표준식품성분표,,농진청('13),,감자류 및 전분류,,"감자, 로즈밸리",,,,,,,100g,68,81.59999999999999,2.25,0.03,0.9399999999999999,15.18,0,1.7,5,0.51,51,359,0,0,0,0,0.05,0.065,0.192,0,0,,0.02,0,0.06,0.132,0,-,0,15,,0.293,0,0,0.02,0.02,0,0,0,0,0,0,0,0,0,0,0,0,,0,,,0,0,,0,0.01,,0,0,0,0,0,0,0,,,5.54,,,0,,,,,0,,1.91,,0,0,0,,,0,,,,,,,0,,,,,,,,,,,,,,,,,,,,,,74,,144,,,,,,,,77,,,,,,,,,,,,,,,,,,,,,,,,,
STD-DB10_2-000071,"감자, 자색, 보라밸리",S,국가표준식품성분표,,농진청('13),,감자류 및 전분류,,"감자, 자색, 보라밸리",,,,,,,100g,60,83.7,1.45,0.02,1.04,13.79,0,2.1,7,0.41,63,390,2,0,0,0,0.07099999999999999,0.048,0.184,5.64,0,,0.02,0,0.052,0.132,0,-,0,8,,0.336,0,0,0,0,0,0,0,0,0,0,0,0,0,0,0,0,,0,,,0,0,,0,0.01,,0,0,0,0,0,0,0,,,5.04,,,0,,,,,0,,1.57,,0,0,0,,,0,,,,,,,0,,,,,,,,,,,,,,,,,,,,,,37,,67,,,,,,,,39,,,,,,,,,,,,,,,,,,,,,,,,,
STD-DB10_2-000072,"감자, 자심",S,국가표준식품성분표,,농진청('97),,감자류 및 전분류,,"감자, 자심",,,,,,,100g,64,82.3,1.8,0,1.2,14.7,-,-,4,1.7,37,482,4,0,0,0,0.14,0.04,0.7,19,-,,-,-,-,-,-,-,-,-,,-,-,-,-,-,-,-,-,-,-,-,-,-,-,-,-,-,,-,,,-,-,,-,-,,-,-,-,-,-,-,-,,,-,,,-,,,,,-,,-,,-,-,-,,,-,,,,,,,-,,,,,,,,,,,,,,,,,,,,,,-,,-,,,,,,,,-,,,,,,,,,,,,,,,,,,,,,,,,,
STD-DB10_2-000073,"감자, 부침가루",S,국가표준식품성분표,,농진청('01),,감자류 및 전분류,,"감자, 부침가루",,,,,,,100g,355,11.9,12.1,1.4,1,73.59999999999999,-,-,11,2,102,299,18,0,0,0,0.23,0.07000000000000001,3.2,0,-,,-,-,-,-,-,-,-,-,,-,-,-,-,-,-,-,-,-,-,-,-,-,-,-,-,-,,-,,,-,-,,-,-,,-,-,-,-,-,-,-,,,-,,,-,,,,,-,,-,,-,-,-,,,-,,,,,,,-,,,,,,,,,,,,,,,,,,,,,,-,,-,,,,,,,,-,,,,,,,,,,,,,,,,,,,,,,,,,
STD-DB10_2-000074,"감자, 으깬감자",S,국가표준식품성분표,,USDA('18),,감자류 및 전분류,,"감자, 으깬감자",,,,,,,100g,83,78.48,1.91,0.57,1.46,17.57,1.48,1.5,24,0.27,46,296,302,7,7,2,0.089,0.041,1.118,6.2,0.2,,0.302,-,-,-,-,0.232,0.07000000000000001,8,,0.485,-,0.2,0.02,0.02,0,0,0,0,0,0,0,-,1.8,-,0,0.25,,0,,,0.76,0.16,,0.31,0.189,,0,-,-,-,0,0,-,,,-,,,-,,,,,-,,-,,-,-,0,,,-,,,,,,,-,,,,,,,,,,,,,,,,,,,,,,52,,132,,,,,,,,83,,,,,,,,,,,,,,,,,,,,,,,,,
STD-DB10_2-000075,감자 샐러드,S,국가표준식품성분표,,USDA('18),,감자류 및 전분류,,감자 샐러드,,,,,,,100g,143,76,2.68,8.199999999999999,1.95,11.17,-,1.3,19,0.65,52,254,529,32,29,36,0.077,0.06,0.89,10,0,,1.429,-,-,-,-,0.141,0,7,,0.534,-,-,-,-,-,-,-,-,-,-,-,-,-,-,-,-,,-,,,-,-,,-,6.217000000000001,,9,-,-,-,-,-,-,,,-,,,-,,,,,-,,-,,-,-,-,,,-,,,,,,,-,,,,,,,,,,,,,,,,,,,,,,86,,202,,,,,,,,141,,,,,,,,,,,,,,,,,,,,,,,,,
STD-DB10_2-000076,고구마,S,국가표준식품성분표,,농진청('13),,감자류 및 전분류,,고구마,,,,,,,100g,147,62.2,1.09,0.15,1.02,35.52,9.83,2.4,18,0.48,52,375,8,39,0,464,0.076,0.031,0.674,10.81,0,,0.06,0,0.271,0.403,2.35,-,0,66,,0.397,0,0,0.23,0.23,0,0,0,0,0,0,0,0,0,0,0,0,,9.83,,,0,0,,0,0.09,,0,0,0,0,0,0,0,,,69.04000000000001,,,0.73,,,,,0,,8.34,,0,0,0,,,12.59,,,,,,,0,,,,,,,,,,,,,,,,,,,,,,48,,72,,,,,,,,45,,,,,,,,,,,,,,,,,,,,,,,,,
STD-DB10_2-000077,"고구마, 분질(밤) 고구마",S,국가표준식품성분표,,농진청('13),,감자류 및 전분류,,"고구마, 분질(밤) 고구마",,,,,,,100g,154,60.6,1.01,0.11,1.09,37.22,9.83,2.7,15,0.45,49,370,7,3,0,32,0.065,0.027,0.591,7.12,0,,0.05,0,0.215,0.376,4.7,-,0,90,,0.484,0,0,0.24,0.24,0,0,0,0,0,0,0,0,0,0,0,0,,9.83,,,0,0,,0,0.05,,0,0,0,0,0,0,0,,,42.38,,,0.63,,,,,0,,5.49,,0,0,0,,,4.58,,,,,,,0,,,,,,,,,,,,,,,,,,,,,,42,,63,,,,,,,,38,,,,,,,,,,,,,,,,,,,,,,,,,
STD-DB10_2-000078,"고구마, 점질(호박) 고구마",S,국가표준식품성분표,,농진청('13),,감자류 및 전분류,,"고구마, 점질(호박) 고구마",,,,,,,100g,141,63.9,1.17,0.2,0.96,33.81,9.83,2,21,0.52,55,379,8,75,0,896,0.08599999999999999,0.034,0.756,14.49,0,,0.06,0,0.326,0.43,0,-,0,43,,0.309,0,0,0.22,0.22,0,0,0,0,0,0,0,0,0,0,0,0,,9.83,,,0,0,,0,0.13,,0,0,0,0,0,0,0,,,95.7,,,0.84,,,,,0,,11.18,,0,0,0,,,20.61,,,,,,,0,,,,,,,,,,,,,,,,,,,,,,53,,82,,,,,,,,51,,,,,,,,,,,,,,,,,,,,,,,,,
STD-DB10_2-000079,"고구마, 베니하루까",S,국가표준식품성분표,,농진청('15),,감자류 및 전분류,,"고구마, 베니하루까",,,,,,,100g,147,62.7,1.03,0.45,0.91,34.91,7.08,2.8,23,0.55,57,359,13,0,0,0,0.08500000000000001,0.02,0.139,44.82,-,,0.04,0,0.078,0.061,1.33,-,0,71,,0,-,-,0.18,0.18,0,0,0,0,0,0,0,0.28,0.28,0,0,0.19,,3.37,,,0,3.42,,0.09,0.04,,12.04,0,0,0,0,0,0,,,28.18,,,0,,,,,0,,4.04,,0,0,0,,,0.9399999999999999,,,,,,,0,,,,,,,,,,,,,,,,,,,,,,48,,77,,,,,,,,60,,,,,,,,,,,,,,,,,,,,,,,,,
STD-DB10_2-000080,"고구마, 신율미",S,국가표준식품성분표,,농진청('15),,감자류 및 전분류,,"고구마, 신율미",,,,,,,100g,164,58.9,1,0.61,0.65,38.84,4.64,2.2,16,0.45,52,237,47,2,0,19,0.093,0.017,0.019,36.63,-,,0.04,0,0.019,0,1.3,-,0,66,,0,-,-,0.24,0.23,0.01,0,0,0,0,0,0,2.74,2.74,0,0,0.31,,2.15,,,0,1.96,,0.22,0.06,,0,0,0,0,0,0,0,,,53.8,,,0,,,,,0,,9.07,,0,0,0,,,0.96,,,,,,,0,,,,,,,,,,,,,,,,,,,,,,41,,67,,,,,,,,49,,,,,,,,,,,,,,,,,,,,,,,,,
STD-DB10_2-000081,"고구마, 신자미",S,국가표준식품성분표,,농진청('10),,감자류 및 전분류,,"고구마, 신자미",,,,,,,100g,107,72.2,1.3,0.1,0.9,25.5,-,-,34,1.1,53,506,10,0,0,3,0.12,0.05,0.7,0,-,,-,-,-,-,-,-,-,-,,-,-,-,-,-,-,-,-,-,-,-,-,-,-,-,-,-,,-,,,-,-,,-,-,,-,-,-,-,-,-,-,,,-,,,-,,,,,-,,-,,-,-,-,,,-,,,,,,,-,,,,,,,,,,,,,,,,,,,,,,-,,-,,,,,,,,-,,,,,,,,,,,,,,,,,,,,,,,,,
STD-DB10_2-000082,"고구마, 연황미",S,국가표준식품성분표,,농진청('10),,감자류 및 전분류,,"고구마, 연황미",,,,,,,100g,127,67.2,1.1,0,1,30.7,-,-,42,0.8,62,451,14,12,0,143,0.18,0.04,0.7,0,-,,-,-,-,-,-,-,-,-,,-,-,-,-,-,-,-,-,-,-,-,-,-,-,-,-,-,,-,,,-,-,,-,-,,-,-,-,-,-,-,-,,,-,,,-,,,,,-,,-,,-,-,-,,,-,,,,,,,-,,,,,,,,,,,,,,,,,,,,,,-,,-,,,,,,,,-,,,,,,,,,,,,,,,,,,,,,,,,,
STD-DB10_2-000083,"고구마, 주황미",S,국가표준식품성분표,,농진청('10),,감자류 및 전분류,,"고구마, 주황미",,,,,,,100g,105,72.90000000000001,1,0.1,0.9,25.1,-,-,28,0.9,57,516,14,819,0,9826,0.15,0.04,0.7,0,-,,-,-,-,-,-,-,-,-,,-,-,-,-,-,-,-,-,-,-,-,-,-,-,-,-,-,,-,,,-,-,,-,-,,-,-,-,-,-,-,-,,,-,,,-,,,,,-,,-,,-,-,-,,,-,,,,,,,-,,,,,,,,,,,,,,,,,,,,,,-,,-,,,,,,,,-,,,,,,,,,,,,,,,,,,,,,,,,,
STD-DB10_2-000084,"고구마, 진홍미",S,국가표준식품성분표,,농진청('10),,감자류 및 전분류,,"고구마, 진홍미",,,,,,,100g,140,64,1.2,,1,33.8,-,-,43,0.8,51,556,9,3,0,31,0.15,0.03,0.8,1,-,,-,-,-,-,-,-,-,-,,-,-,-,-,-,-,-,-,-,-,-,-,-,-,-,-,-,,-,,,-,-,,-,-,,-,-,-,-,-,-,-,,,-,,,-,,,,,-,,-,,-,-,-,,,-,,,,,,,-,,,,,,,,,,,,,,,,,,,,,,-,,-,,,,,,,,-,,,,,,,,,,,,,,,,,,,,,,,,,
STD-DB10_2-000085,"고구마, 찐것",S,국가표준식품성분표,,농진청('13),,감자류 및 전분류,,"고구마, 찐것",,,,,,,100g,163,58.4,1.08,0.15,1,39.41,13.75,3.8,20,0.44,52,428,6,25,0,295,0.08400000000000001,0.028,0.468,22.99,0,,0.06,0,0.158,0.31,3.14,-,0,42,,0.585,0,0,0.6,0.6,0,0,0,0,0,0,0,0,0,0,0,0.25,,10.93,,,0,2.23,,0.34,0.09,,0,0,1.28,0,0,0,0,,,74.72,,,0,,,,,0,,9.34,,0,0,0,,,2.98,,,,,,,0,,,,,,,,,,,,,,,,,,,,,,47,,70,,,,,,,,44,,,,,,,,,,,,,,,,,,,,,,,,,
STD-DB10_2-000086,"고구마, 구운것",S,국가표준식품성분표,,농진청('13),,감자류 및 전분류,,"고구마, 구운것",,,,,,,100g,188,52.1,1.13,0.16,1.14,45.48,19.08,4.2,19,0.61,59,445,9,34,0,413,0.104,0.044,0.398,10.47,0,,0.06,0,0.172,0.226,0,-,0,56,,0.57,0,0,0.57,0.57,0,0.03,0,0,0,0,0,0,0,0,0,0.29,,13.97,,,0,2.78,,2.05,0.09,,0,0,0,0,0,0,0,,,78.2,,,0,,,,,0,,9.92,,0,0,0,,,3.58,,,,,,,0,,,,,,,,,,,,,,,,,,,,,,50,,75,,,,,,,,43,,,,,,,,,,,,,,,,,,,,,,,,,
STD-DB10_2-000087,"고구마, 말린것",S,국가표준식품성분표,,농진청('94),,감자류 및 전분류,,"고구마, 말린것",,,,,,,100g,312,19.6,2.3,0.1,2.3,75.7,-,-,4,3.5,102,989,-,0,0,5,0.13,0.1,0.9,18,-,,-,-,-,-,-,-,-,-,,-,-,-,-,-,-,-,-,-,-,-,-,-,-,-,-,-,,-,,,-,-,,-,-,,-,-,-,-,-,-,-,,,-,,,-,,,,,-,,-,,-,-,-,,,-,,,,,,,-,,,,,,,,,,,,,,,,,,,,,,-,,-,,,,,,,,-,,,,,,,,,,,,,,,,,,,,,,,,,
STD-DB10_2-000088,"고구마, 고구마말랭이, 말린것",S,국가표준식품성분표,,농진청('22),,감자류 및 전분류,,"고구마, 고구마말랭이, 말린것",,,,,,,100g,277,28.8,3.62,0.34,1.64,65.58,31.77,3.7,62,1.01,129,724,72,72,0,862,0.139,0.08,1.473,9.85,0,,0.12,0,0.257,1.216,4.06,0.035,0,36,,1.307,0,0,2.88,2.85,0.04,0.05,0,0,0,0,0,0,0,0,0,0.85,,23.31,,,0,6.3,,1.31,0.19,,0.4,0,0,0,0,0,0,,,150.62,,,1.07,,,,,0.4,,28.44,,0,0,0,,,5.86,,,,,,,0,,,,,,,,,,,,,,,,,,,,,,153,,218,,,,,,,,137,,,,,,,,,,,,,,,,,,,,,,,,,
STD-DB10_2-000089,"곤약(구약나물), 가루",S,국가표준식품성분표,,JAPAN('20),,감자류 및 전분류,,"곤약(구약나물), 가루",,,,,,,100g,194,6.0,3,0.1,5.6,85.3,-,79.90000000000001,57,2.1,160,3000,18,(0),(0),-,(0),(0),(0),(0),(0),,-,-,-,-,4.5,1.20,(0),65,,1.52,-,-,0.2,0.2,0,0,0,-,-,-,-,(0),-,-,-,-,,-,,,-,-,,-,-,,-,-,-,-,-,-,-,,,-,,,-,,,,,-,,-,,-,-,-,,,-,,,,,,,-,,,,,,,,,,,,,,,,,,,,,,-,,-,,,,,,,,-,,,,,,,,,,,,,,,,,,,,,,,,,
STD-DB10_2-000090,"곤약(구약나물), 판형",S,국가표준식품성분표,,농진청('13),,감자류 및 전분류,,"곤약(구약나물), 판형",,,,,,,100g,6,96.7,0.12,0.01,0.11,3.06,0,2.4,67,0.11,3,13,2,0,0,0,0,0.09,0.002,0.1,0,,0.01,0,0,0.002,0,-,0,0,,0,0,0,0.03,0.03,0,0,0,0,0,0,0,0,0,0,0,0,,0,,,0,0,,0,0,,0,0,0,0,0,0,0,,,0.92,,,0,,,,,0,,0,,0,0,0,,,1.22,,,,,,,0,,,,,,,,,,,,,,,,,,,,,,1,,2,,,,,,,,1,,,,,,,,,,,,,,,,,,,,,,,,,
STD-DB10_2-000091,돼지감자,S,국가표준식품성분표,,농진청('13),,감자류 및 전분류,,돼지감자,,,,,,,100g,35,81.40000000000001,2.18,0.09,1.41,14.92,6.37,1.8,17,0.53,100,561,2,0,0,0,0.044,0.08799999999999999,0.472,1.34,0,,0.02,0,0.193,0.279,1.18,-,0,39,,0,0,0,0.11,0.11,0,0,0,0,0,0,0,0,0,0,0,2.12,,0,,,0,3.05,,1.2,0.06,,0,0,0,0,0,0,0,,,49.7,,,1.23,,,,,0,,8.24,,0,0,0,,,2.2,,,,,,,0.18,,,,,,,,,,,,,,,,,,,,,,43,,81,,,,,,,,52,,,,,,,,,,,,,,,,,,,,,,,,,
STD-DB10_2-000092,"돼지감자, 삶은것",S,국가표준식품성분표,,농진청('13),,감자류 및 전분류,,"돼지감자, 삶은것",,,,,,,100g,39,79.3,2.23,0.11,1.2,17.16,0,2,20,0.63,107,533,2,0,0,5,0.042,0.081,0.117,2.77,0,,0.02,0,0.025,0.092,1.43,-,0,46,,0.334,0,0,0.22,0.22,0,0,0,0,0,0,0,0,0,0,0,0,,0,,,0,0,,0,0.08,,0,0,1.54,0,0,0,0,,,63.22,,,1.38,,,,,0,,15.04,,0,0,0,,,1.95,,,,,,,0,,,,,,,,,,,,,,,,,,,,,,51,,89,,,,,,,,58,,,,,,,,,,,,,,,,,,,,,,,,,
STD-DB10_2-000093,"돼지감자, 말린것",S,국가표준식품성분표,,농진청('13),,감자류 및 전분류,,"돼지감자, 말린것",,,,,,,100g,172,9.199999999999999,10.43,0.46,5.56,74.34999999999999,11.64,9.9,87,3.49,474,2375,10,0,0,0,0.425,1.36,2.699,7.11,0,,0.11,0.01,1.174,1.525,1.9,-,0,171,,1.06,0,0,0.49,0.49,0,0,0,0,0,0,0,0,0,0,0,1.47,,0,,,0,10.17,,0,0.32,,0.73,0,5.28,0,0,0,0,,,232.69,,,5.08,,,,,0,,55.2,,2.15,0,0,,,21.25,,,,,,,1.88,,,,,,,,,,,,,,,,,,,,,,210,,369,,,,,,,,235,,,,,,,,,,,,,,,,,,,,,,,,,
STD-DB10_2-000094,"마, 단마",S,국가표준식품성분표,,농진청('15),,감자류 및 전분류,,"마, 단마",,,,,,,100g,63,83.09999999999999,1.84,0.12,0.89,14.05,1,2.4,9,0.44,52,417,4,0,0,0,0.119,0.053,0.677,3.84,0,,0.02,0,0.639,0.038,1.6,-,0,5,,0.971,0,0,0.1,0.1,0,0,0,0,0,0,0,0,0,0,0.01,0.43,,0.18,,,0,0,,0.36,0.05,,0,0,0,0,0,0,0,,,32.63,,,2.04,,,,,0,,3.8,,0,0,0,,,5.69,,,,,,,0,,,,,,,,,,,,,,,,,,,,,,61,,111,,,,,,,,66,,,,,,,,,,,,,,,,,,,,,,,,,
STD-DB10_2-000095,"마, 둥근마",S,국가표준식품성분표,,농진청('16),,감자류 및 전분류,,"마, 둥근마",,,,,,,100g,152,61.1,3.56,0.98,1.12,33.24,0.15,-,10,0.65,76,570,3,0,0,0,0.161,0.016,0.083,8.76,-,,0.05,0,0.002,0.081,0.73,-,0,33,,0.26,-,-,0,0,0,0,0,0,0,0,0,0,0,0,0,0,,0,,,0,0.15,,0,0.06999999999999999,,0,0,0,0,0,0,0,,,53.78,,,0,,,,,0,,6.34,,0,0,0,,,7.92,,,,,,,0,,,,,,,,,,,,,,,,,,,,,,121,,235,,,,,,,,131,,,,,,,,,,,,,,,,,,,,,,,,,
STD-DB10_2-000096,"마, 장마",S,국가표준식품성분표,,농진청('15),,감자류 및 전분류,,"마, 장마",,,,,,,100g,45,87.8,1.56,0.28,0.8100000000000001,9.550000000000001,2.22,1.8,15,0.22,44,374,3,0,0,0,0.053,0.031,0.441,1.42,0,,0.02,0,0.441,0,1.81,-,0,5,,0.408,0,0,0,0,0,0,0,0,0,0,0,0,0,0,0,1.61,,0,,,0,0,,0.61,0.04,,0,0,0,0,0,0,0,,,21.88,,,1.04,,,,,0,,3.64,,0,0,0,,,5.49,,,,,,,0,,,,,,,,,,,,,,,,,,,,,,45,,53,,,,,,,,38,,,,,,,,,,,,,,,,,,,,,,,,,
STD-DB10_2-000097,아피오스감자,S,국가표준식품성분표,,농진청('08),,감자류 및 전분류,,아피오스감자,,,,,,,100g,175,53.5,6.1,0.5,1.7,38.2,-,-,67,2,126,719,31,0,0,0,0.19,0.05,2.1,21,-,,-,-,-,-,-,-,-,-,,-,-,-,-,-,-,-,-,-,-,-,-,-,-,-,-,-,,-,,,-,-,,-,-,,-,-,-,-,-,-,-,,,-,,,-,,,,,-,,-,,-,-,-,,,-,,,,,,,-,,,,,,,,,,,,,,,,,,,,,,-,,-,,,,,,,,-,,,,,,,,,,,,,,,,,,,,,,,,,
STD-DB10_2-000098,"야콘, 뿌리",S,국가표준식품성분표,,JAPAN('20),,감자류 및 전분류,,"야콘, 뿌리",,,,,,,100g,52,86.3,0.6,0.3,0.4,12.4,0.5,1.1,11,0.2,31,240,0,2,(0),22,0.04,0.01,1.0,3,(0),,-,-,-,-,-,0.08,(0),25,,0.02,-,-,0.2,0.2,0,0,0,-,-,-,-,(0),-,-,-,0.1,,-,,,-,0.3,,0.1,-,,-,-,-,-,-,-,-,,,-,,,-,,,,,-,,-,,-,-,-,,,-,,,,,,,-,,,,,,,,,,,,,,,,,,,,,,-,,-,,,,,,,,-,,,,,,,,,,,,,,,,,,,,,,,,,
STD-DB10_2-000099,올방개묵,S,국가표준식품성분표,,농진청('22),,감자류 및 전분류,,올방개묵,,,,,,,100g,44,88.8,0.05,0.04,0.23,10.91,0,0,3,0.83,0,22,111,0,0,0,0.008999999999999999,0,0,0,0,,0.01,0,0,0,0.33,0,0,1,,0,0,0,0,0,0,0,0,0,0,0,0,0,0,0,0,0,,0,,,0,0,,0,0.01,,0,0,0,0,0,0,0,,,1.21,,,0,,,,,0,,0,,0,0,0,,,3.31,,,,,,,0,,,,,,,,,,,,,,,,,,,,,,6,,4,,,,,,,,1,,,,,,,,,,,,,,,,,,,,,,,,,
STD-DB10_2-000100,천마,S,국가표준식품성분표,,농진청('08),,감자류 및 전분류,,천마,,,,,,,100g,77,79.90000000000001,0.9,0,0.7,18.5,-,-,16,0.9,21,332,8,0,0,2,0.1,0.05,0.6,92,-,,-,-,-,-,-,-,-,-,,-,-,-,-,-,-,-,-,-,-,-,-,-,-,-,-,-,,-,,,-,-,,-,-,,-,-,-,-,-,-,-,,,-,,,-,,,,,-,,-,,-,-,-,,,-,,,,,,,-,,,,,,,,,,,,,,,,,,,,,,-,,-,,,,,,,,-,,,,,,,,,,,,,,,,,,,,,,,,,
STD-DB10_2-000101,"천마, 찐것",S,국가표준식품성분표,,농진청('08),,감자류 및 전분류,,"천마, 찐것",,,,,,,100g,81,78.7,1.1,0,0.9,19.3,-,-,16,0.5,34,353,7,0,0,5,0.11,0.04,0.5,96,-,,-,-,-,-,-,-,-,-,,-,-,-,-,-,-,-,-,-,-,-,-,-,-,-,-,-,,-,,,-,-,,-,-,,-,-,-,-,-,-,-,,,-,,,-,,,,,-,,-,,-,-,-,,,-,,,,,,,-,,,,,,,,,,,,,,,,,,,,,,-,,-,,,,,,,,-,,,,,,,,,,,,,,,,,,,,,,,,,
STD-DB10_2-000102,"칡, 뿌리",S,국가표준식품성분표,,농진청('16),,감자류 및 전분류,,"칡, 뿌리",,,,,,,100g,137,63.7,2.48,0.1,1.67,32.05,3.58,4.4,383,2,61,243,0,2,0,18,0.152,0.02,1.321,4.66,0,,0.04,0,0.052,1.269,0,-,0,69,,0.272,0,0,0.3,0.21,0.17,0,0,0.01,0,0,0,0,0,0,0,0,,0,,,0,3.58,,0,0.06,,0,0,0,0,0,0,0,,,37.56,,,2.53,,,,,1.16,,9.800000000000001,,0,0,0,,,5.43,,,,,,,0,,,,,,,,,,,,,,,,,,,,,,54,,89,,,,,,,,50,,,,,,,,,,,,,,,,,,,,,,,,,
STD-DB10_2-000103,칡즙,S,국가표준식품성분표,,농진청('16),,감자류 및 전분류,,칡즙,,,,,,,100g,21,94.40000000000001,0.44,0,0.25,4.91,1.51,0.4,44,0.07000000000000001,11,57,3,0,0,0,0.124,0.008999999999999999,0.983,0,0,,0,0,0.07099999999999999,0.912,0,-,0,0,,0,0,0,0.01,0,0,0.04,0,0.02,0,0,0,0,0,0,0.06,0,,1.43,,,0,0,,0.03,0,,0,0,0,0,0,0,0,,,0,,,0,,,,,0,,0,,0,0,0,,,0,,,,,,,0,,,,,,,,,,,,,,,,,,,,,,5,,5,,,,,,,,3,,,,,,,,,,,,,,,,,,,,,,,,,
STD-DB10_2-000104,토란,S,국가표준식품성분표,,농진청('13),,감자류 및 전분류,,토란,,,,,,,100g,71,80.8,2.08,0.14,1.21,15.77,0,2.8,11,0.59,55,520,2,1,0,10,0.081,0.022,0.63,1.21,0,,0.05,0,-,-,0,-,0,37,,0,0,0,0.49,0.49,0,0,0,0,0,0,0,0,0,0,0,0,,0,,,0,0,,0,0.1,,0,0,0,0,0,0,0,,,67.66,,,0.84,,,,,0,,7.71,,0,0,0,,,15.69,,,,,,,0,,,,,,,,,,,,,,,,,,,,,,98,,151,,,,,,,,60,,,,,,,,,,,,,,,,,,,,,,,,,
STD-DB10_2-000105,"토란, 삶은것",S,국가표준식품성분표,,농진청('13),,감자류 및 전분류,,"토란, 삶은것",,,,,,,100g,73,80.3,2.17,0.18,1.07,16.28,0.46,3,18,0.77,55,489,2,1,0,12,0.067,0.028,0.305,4.72,0,,0.05,0,0.141,0.164,0,-,0,46,,0.217,0,0,0.51,0.39,0,1.2,0,0,0,0,0,0,0,0,0,0,,0,,,0,0.46,,0,0.12,,0,0,0,0,0,0,0,,,86.58,,,0.46,,,,,0,,10.8,,0,0,0,,,18.42,,,,,,,0,,,,,,,,,,,,,,,,,,,,,,104,,164,,,,,,,,65,,,,,,,,,,,,,,,,,,,,,,,,,
STD-DB10_2-000106,"토란, 찐것",S,국가표준식품성분표,,농진청('13),,감자류 및 전분류,,"토란, 찐것",,,,,,,100g,76,79.5,2.4,0.17,1.18,16.75,0,2.9,19,0.8100000000000001,56,368,2,1,0,17,0.073,0.024,0.301,6.44,0,,0.05,0,0.143,0.157,0,-,0,57,,0.16,0,0,0.59,0.59,0,0,0,0,0,0,0,0,0,0,0,0,,0,,,0,0,,0,0.11,,0,0,0,0,0,0,0,,,82.72,,,0.62,,,,,0,,9.67,,0,0,0,,,17.85,,,,,,,0,,,,,,,,,,,,,,,,,,,,,,121,,192,,,,,,,,78,,,,,,,,,,,,,,,,,,,,,,,,,
STD-DB10_2-000107,히카마(얌빈),S,국가표준식품성분표,,농진청('14),,감자류 및 전분류,,히카마(얌빈),,,,,,,100g,44,88.5,0.68,0.06,0.4,10.36,4.59,0.7,13,0.23,30,181,1,0,0,0,0.027,0.11,0.431,3.37,0,,0.02,0,0.37,0.061,0,-,0,15,,0,0,0,0.01,0.01,0,0,0,0,0,0,0,0,0,0,0,1.36,,0,,,0,1.36,,1.87,0.03,,0,0,0,0,0,0,0,,,27.47,,,0,,,,,0,,3.43,,0,0,0,,,3.52,,,,,,,0,,,,,,,,,,,,,,,,,,,,,,11,,10,,,,,,,,11,,,,,,,,,,,,,,,,,,,,,,,,,
STD-DB10_2-000108,"히카마(얌빈), 삶은것",S,국가표준식품성분표,,농진청('14),,감자류 및 전분류,,"히카마(얌빈), 삶은것",,,,,,,100g,45,88.5,0.39,0.06,0.39,10.66,2.93,1.4,13,0.15,28,165,0,0,0,0,0.014,0.103,0.215,19.44,0,,0.03,0,-,-,0,-,0,28,,0,0,0,0.02,0.02,0,0.02,0,0,0,0,0,0,0,0,0,0.9,,0,,,0,0,,2.03,0.03,,0,0,0,0,0,0,0,,,26.68,,,0,,,,,0,,3.53,,0,0,0,,,4.21,,,,,,,0,,,,,,,,,,,,,,,,,,,,,,9,,12,,,,,,,,12,,,,,,,,,,,,,,,,,,,,,,,,,
STD-DB10_2-000109,과당,S,국가표준식품성분표,,JAPAN('20),,당류,,과당,,,,,,,100g,375,0.1,0,0,0,99.90000000000001,(99.9),(0),Tr,Tr,0,Tr,Tr,(0),(0),-,(0),(0),(0),(0),(0),,-,-,-,-,-,(0),(0),(0),,(0),-,-,(0),(0),(0),(0),(0),-,-,-,-,(0),-,-,(0),(99.9),,(0),,,(0),(0),,(0),-,,-,-,-,-,-,-,-,,,-,,,-,,,,,-,,-,,-,-,-,,,-,,,,,,,-,,,,,,,,,,,,,,,,,,,,,,-,,-,,,,,,,,-,,,,,,,,,,,,,,,,,,,,,,,,,
STD-DB10_2-000110,"껌, 추잉 껌",S,국가표준식품성분표,,JAPAN('20),,당류,,"껌, 추잉 껌",,,,,,,100g,388,(3.1),0,0,(Tr),96.90000000000001,-,0,(3),(0.1),(Tr),(3),(3),0,0,-,0,0,0,0,(0),,-,-,-,-,-,-,-,-,,-,-,-,-,-,-,-,-,-,-,-,-,-,-,-,-,-,,-,,,-,-,,-,-,,-,-,-,-,-,-,-,,,-,,,-,,,,,-,,-,,-,-,-,,,-,,,,,,,-,,,,,,,,,,,,,,,,,,,,,,-,,-,,,,,,,,-,,,,,,,,,,,,,,,,,,,,,,,,,
STD-DB10_2-000111,"껌, 풍선껌",S,국가표준식품성분표,,JAPAN('20),,당류,,"껌, 풍선껌",,,,,,,100g,387,(3.3),0,0,(Tr),96.7,-,0,(3),(0.1),(Tr),(4),(3),0,0,-,0,0,0,0,(0),,-,-,-,-,-,-,-,-,,-,-,-,-,-,-,-,-,-,-,-,-,-,-,-,-,-,,-,,,-,-,,-,-,,-,-,-,-,-,-,-,,,-,,,-,,,,,-,,-,,-,-,-,,,-,,,,,,,-,,,,,,,,,,,,,,,,,,,,,,-,,-,,,,,,,,-,,,,,,,,,,,,,,,,,,,,,,,,,
STD-DB10_2-000112,꿀,S,국가표준식품성분표,,농진청('13),,당류,,꿀,,,,,,,100g,317,13.6,0.28,0.01,0.29,85.83,72.67,0.3,9,0.13,7,141,1,0,0,0,0.107,0.8129999999999999,0.402,0.03,0,,0.01,0,0.2456666666666667,0.1563333333333333,0,-,0,2,,0.12,0,0,0,0,0,0,0,0,0,0,0,0,0,0,0,44.38,,0,,,0,0,,28.29,0,,0,0,0,0,0,0,0,,,0,,,0,,,,,0,,0,,0,0,0,,,1.08,,,,,,,0,,,,,,,,,,,,,,,,,,,,,,5,,9,,,,,,,,5,,,,,,,,,,,,,,,,,,,,,,,,,
STD-DB10_2-000113,"꿀, 밤",S,국가표준식품성분표,,농진청('13),,당류,,"꿀, 밤",,,,,,,100g,314,14.2,0.45,0.02,0.42,84.95,67.37,0.8,18,0.25,8,248,1,0,0,0,0.246,0.516,0.918,0.08,0,,0.02,0,0.672,0.246,0,-,0,0,,0.133,0,0,0,0,0,0,0,0,0,0,0,0,0,0,0,41.92,,0,,,0,0,,25.44,0,,0,0,0,0,0,0,0,,,0,,,0,,,,,0,,0,,0,0,0,,,0,,,,,,,0,,,,,,,,,,,,,,,,,,,,,,8,,12,,,,,,,,7,,,,,,,,,,,,,,,,,,,,,,,,,
STD-DB10_2-000114,"꿀, 아카시아",S,국가표준식품성분표,,농진청('13),,당류,,"꿀, 아카시아",,,,,,,100g,319,13.3,0.12,0,0.09,86.48,74.68000000000001,0,3,0.02,3,20,0,0,0,0,0.013,0.403,0.052,0,0,,0,0,0.037,0.015,0,-,0,0,,0,0,0,0,0,0,0,0,0,0,0,0,0,0,0,0,46.88,,0,,,0,0,,27.8,0,,0,0,0,0,0,0,0,,,0,,,0,,,,,0,,0,,0,0,0,,,0,,,,,,,0,,,,,,,,,,,,,,,,,,,,,,2,,5,,,,,,,,3,,,,,,,,,,,,,,,,,,,,,,,,,
STD-DB10_2-000115,"꿀, 잡화",S,국가표준식품성분표,,농진청('13),,당류,,"꿀, 잡화",,,,,,,100g,318,13.3,0.26,0.02,0.37,86.06999999999999,75.95999999999999,0,7,0.11,9,156,1,0,0,0,0.062,1.519,0.236,0,0,,0.01,0,0.028,0.208,0,-,0,6,,0.226,0,0,0,0,0,0,0,0,0,0,0,0,0,0,0,44.34,,0,,,0,0,,31.62,0,,0,0,0,0,0,0,0,,,0,,,0,,,,,0,,0,,0,0,0,,,3.25,,,,,,,0,,,,,,,,,,,,,,,,,,,,,,6,,9,,,,,,,,5,,,,,,,,,,,,,,,,,,,,,,,,,
STD-DB10_2-000116,"꿀, 토종",S,국가표준식품성분표,,농진청('13),,당류,,"꿀, 토종",,,,,,,100g,313,14.4,0.38,0.02,0.47,84.75,67.17,0,10,0.14,8,203,1,0,0,0,0.178,1.417,0.246,0,0,,0.02,0,-,-,0,-,0,0,,0.231,0,0,0,0,0,0,0,0,0,0,0,0,0,0,0,38.62,,0,,,0,0,,28.56,0,,0,0,0,0,0,0,0,,,0,,,0,,,,,0,,0,,0,0,0,,,3.34,,,,,,,0,,,,,,,,,,,,,,,,,,,,,,7,,13,,,,,,,,7,,,,,,,,,,,,,,,,,,,,,,,,,
STD-DB10_2-000117,"당밀, 가공당",S,국가표준식품성분표,,JAPAN('20),,당류,,"당밀, 가공당",,,,,,,100g,274,31.5,0.2,0,0.1,68.2,-,(0),Tr,0.7,Tr,Tr,10,(0),(0),-,0.01,0.02,0.1,(0),(0),,-,-,-,-,-,(0),(0),(0),,(0),-,-,(0),(0),(0),(0),(0),-,-,-,-,(0),-,-,-,-,,-,,,-,-,,-,-,,-,-,-,-,-,-,-,,,-,,,-,,,,,-,,-,,-,-,-,,,-,,,,,,,-,,,,,,,,,,,,,,,,,,,,,,-,,-,,,,,,,,-,,,,,,,,,,,,,,,,,,,,,,,,,
STD-DB10_2-000118,로열 젤리,S,국가표준식품성분표,,농진청('19),,당류,,로열 젤리,,,,,,,100g,104,70.3,14.29,1.4,1.2,12.82,12.04,1.8,12,0.96,202,264,12,0,0,1,0.19,0.835,3.065,0,0,,0.08,0.02,2.009,1.056,0,0,0,61,,13.01,0,0,0,0,0,0,0,0,0,0,0,0,0,0,0,4.03,,0,,,0,3.06,,4.95,0.1,,0,0,0,0,0,0,1.57,,,75.61,,,1.3,,,,,0,,11,,0,0,0,,,8.67,,,,,,,0,,,,,,,,,,,,,,,,,,,,,,422,,925,,,,,,,,615,,,,,,,,,,,,,,,,,,,,,,,,,
STD-DB10_2-000119,물엿,S,국가표준식품성분표,,농진청('14),,당류,,물엿,,,,,,,100g,321,16.9,0.02,0,0.05,83.03,22.06,0,0,0,0,0,0,0,0,0,0.007,0,0,0,0,,0,0,0,0,0,-,0,0,,0,0,0,0,0,0,0,0,0,0,0,0,0,0,0,0,0,,22.06,,,0,0,,0,0,,0,0,0,0,0,0,0,,,0,,,0,,,,,0,,0,,0,0,0,,,0,,,,,,,0,,,,,,,,,,,,,,,,,,,,,,3,,0,,,,,,,,0,,,,,,,,,,,,,,,,,,,,,,,,,
STD-DB10_2-000120,"시럽, 단풍나무",S,국가표준식품성분표,,USDA('18),,당류,,"시럽, 단풍나무",,,,,,,100g,260,32.39,0.04,0.06,0.47,67.04000000000001,60.46,0,102,0.11,2,212,12,0,0,0,0.066,1.27,0.081,0,0,,0.007,-,-,-,-,0.002,0,0,,0.036,-,-,0,0,-,-,-,-,-,-,-,-,0,-,0,0.52,,0,,,0,58.32,,1.6,0.028,,0,-,-,-,0,0,-,,,-,,,-,,,,,-,,-,,-,-,0,,,-,,,,,,,-,,,,,,,,,,,,,,,,,,,,,,-,,-,,,,,,,,-,,,,,,,,,,,,,,,,,,,,,,,,,
STD-DB10_2-000121,"시럽, 초콜릿",S,국가표준식품성분표,,농진청('03),,당류,,"시럽, 초콜릿",,,,,,,100g,268,30,2.1,0.1,0.7,67.09999999999999,-,-,7,3.6,64,132,88,-,-,-,0.05,0.17,1.6,0,-,,-,-,-,-,-,-,-,-,,-,-,-,-,-,-,-,-,-,-,-,-,-,-,-,-,-,,-,,,-,-,,-,-,,-,-,-,-,-,-,-,,,-,,,-,,,,,-,,-,,-,-,-,,,-,,,,,,,-,,,,,,,,,,,,,,,,,,,,,,-,,-,,,,,,,,-,,,,,,,,,,,,,,,,,,,,,,,,,
STD-DB10_2-000122,"양갱, 팥",S,국가표준식품성분표,,농진청('15),,당류,,"양갱, 팥",,,,,,,100g,298,22.9,3.37,0.14,0.15,73.44,41.94,4,18,0.77,23,42,2,0,0,0,0,0.126,0,0,0,,0.05,0,0,0,0,-,0,5,,0,0,0,0.01,0,0,0,0.17,0,0,0,0,0,0,0,0,0,,0,,,0,35.29,,6.65,0.08,,0,0,0,0,0,0,0,,,45.88,,,0,,,,,0,,24.89,,0,0,0,,,10.94,,,,,,,0,,,,,,,,,,,,,,,,,,,,,,142,,279,,,,,,,,144,,,,,,,,,,,,,,,,,,,,,,,,,
STD-DB10_2-000123,"엿, 고구마",S,국가표준식품성분표,,농진청('95),,당류,,"엿, 고구마",,,,,,,100g,263,28.1,1.6,,0.6,69.7,-,-,4,0.5,137,484,6,0,0,4,0.23,0.09,0.5,0,-,,-,-,-,-,-,-,-,-,,-,-,-,-,-,-,-,-,-,-,-,-,-,-,-,-,-,,-,,,-,-,,-,-,,-,-,-,-,-,-,-,,,-,,,-,,,,,-,,-,,-,-,-,,,-,,,,,,,-,,,,,,,,,,,,,,,,,,,,,,-,,-,,,,,,,,-,,,,,,,,,,,,,,,,,,,,,,,,,
STD-DB10_2-000124,"젤라틴, 디저트용, 가루",S,국가표준식품성분표,,USDA('18),,당류,,"젤라틴, 디저트용, 가루",,,,,,,100g,381,1,7.8,0,0.7,90.5,86.04000000000001,0,3,0.13,141,7,466,0,0,0,0.003,0.041,0.008999999999999999,0,0,,0,-,-,-,-,0.001,0,3,,0.014,-,-,0,0,-,-,-,-,-,-,-,-,0,-,-,-,,-,,,-,-,,-,0,,0,-,-,-,0,0,-,,,-,,,-,,,,,-,,-,,-,-,0,,,-,,,,,,,-,,,,,,,,,,,,,,,,,,,,,,1947,,251,,,,,,,,118,,,,,,,,,,,,,,,,,,,,,,,,,
STD-DB10_2-000125,"젤리, 구미",S,국가표준식품성분표,,농진청('18),,당류,,"젤리, 구미",,,,,,,100g,344,14.5,7.5,0.42,0.05,77.53,50,0,6,0.18,2,8,5,0,0,0,0,0,0,0.16,0,,0.03,0,0,0,0.22,0,0,1,,0.078,0,0,0,0,0,0,0,0,0,0,0,0,0,0,0,1.42,,0,,,0,34.19,,14.39,0.01,,0,0,0,0,0,0,0,,,1.58,,,0,,,,,0,,0,,0,0,0,,,4.68,,,,,,,0,,,,,,,,,,,,,,,,,,,,,,1532,,187,,,,,,,,71,,,,,,,,,,,,,,,,,,,,,,,,,
STD-DB10_2-000126,"조청, 감",S,국가표준식품성분표,,농진청('96),,당류,,"조청, 감",,,,,,,100g,201,48,3,0.1,1.9,47,-,-,97,12.9,312,1058,12,1,0,9,0.38,0.79,1.8,44,-,,-,-,-,-,-,-,-,-,,-,-,-,-,-,-,-,-,-,-,-,-,-,-,-,-,-,,-,,,-,-,,-,-,,-,-,-,-,-,-,-,,,-,,,-,,,,,-,,-,,-,-,-,,,-,,,,,,,-,,,,,,,,,,,,,,,,,,,,,,-,,-,,,,,,,,-,,,,,,,,,,,,,,,,,,,,,,,,,
STD-DB10_2-000127,"조청, 고구마",S,국가표준식품성분표,,농진청('14),,당류,,"조청, 고구마",,,,,,,100g,289,20.6,1.38,0.35,0.67,77,46.86,1,4,0.3,41,87,3,0,0,0,0.141,0.08799999999999999,1.202,1.01,0,,0.14,0,1.127,0.075,0,-,0,37,,0,0,0,0.06,0.04,0,0,0,0.05,0.06,0,0,0,0,0,0,0,,43.71,,,0,0,,3.15,0.2,,2.53,0,0,0,0,0,0,,,114.34,,,3.48,,,,,0,,5.64,,0,0,0,,,73.17,,,,,,,0,,,,,,,,,,,,,,,,,,,,,,50,,76,,,,,,,,36,,,,,,,,,,,,,,,,,,,,,,,,,
STD-DB10_2-000128,"조청, 도라지",S,국가표준식품성분표,,농진청('10),,당류,,"조청, 도라지",,,,,,,100g,323,11.8,1.7,0.1,0.4,86,-,-,14,0.4,33,135,19,0,0,1,0.2,0.13,0.2,0,-,,-,-,-,-,-,-,-,-,,-,-,-,-,-,-,-,-,-,-,-,-,-,-,-,-,-,,-,,,-,-,,-,-,,-,-,-,-,-,-,-,,,-,,,-,,,,,-,,-,,-,-,-,,,-,,,,,,,-,,,,,,,,,,,,,,,,,,,,,,-,,-,,,,,,,,-,,,,,,,,,,,,,,,,,,,,,,,,,
STD-DB10_2-000129,"조청, 배",S,국가표준식품성분표,,농진청('05),,당류,,"조청, 배",,,,,,,100g,238,34.2,2.1,0,1.4,62.3,-,-,16,2.9,95,758,7,0,0,0,0.35,0.79,0.2,27,-,,-,-,-,-,-,-,-,-,,-,-,-,-,-,-,-,-,-,-,-,-,-,-,-,-,-,,-,,,-,-,,-,-,,-,-,-,-,-,-,-,,,-,,,-,,,,,-,,-,,-,-,-,,,-,,,,,,,-,,,,,,,,,,,,,,,,,,,,,,-,,-,,,,,,,,-,,,,,,,,,,,,,,,,,,,,,,,,,
STD-DB10_2-000130,"조청, 산수유",S,국가표준식품성분표,,농진청('06),,당류,,"조청, 산수유",,,,,,,100g,299,18.1,0.3,,0.7,80.90000000000001,-,-,34,1,15,355,7,3,0,31,0.34,0.86,0.9,33,-,,-,-,-,-,-,-,-,-,,-,-,-,-,-,-,-,-,-,-,-,-,-,-,-,-,-,,-,,,-,-,,-,-,,-,-,-,-,-,-,-,,,-,,,-,,,,,-,,-,,-,-,-,,,-,,,,,,,-,,,,,,,,,,,,,,,,,,,,,,-,,-,,,,,,,,-,,,,,,,,,,,,,,,,,,,,,,,,,
STD-DB10_2-000131,"조청, 쌀",S,국가표준식품성분표,,농진청('14),,당류,,"조청, 쌀",,,,,,,100g,326,10.9,0.53,0.24,0.43,87.90000000000001,49.91,0,52,0.15,37,127,21,0,0,0,0.077,0.042,0.8129999999999999,0,0,,0.09,0,0.741,0.07199999999999999,0,-,0,0,,0.209,0,0,0.02,0.01,0.01,0.01,0,0.02,0,0.05,0,0,0,0,0,0,,41.99,,,0,0,,7.92,0.13,,0,0,0,0,0,0,0,,,75.92,,,2,,,,,0,,2.4,,0,0,0,,,50.91,,,,,,,0,,,,,,,,,,,,,,,,,,,,,,16,,15,,,,,,,,5,,,,,,,,,,,,,,,,,,,,,,,,,
STD-DB10_2-000132,"조청, 오가피",S,국가표준식품성분표,,농진청('02),,당류,,"조청, 오가피",,,,,,,100g,286,21.8,0.4,0.1,0.4,77.3,-,-,3,0.9,30,116,6,0,0,0,0.06,0.04,1.8,12,-,,-,-,-,-,-,-,-,-,,-,-,-,-,-,-,-,-,-,-,-,-,-,-,-,-,-,,-,,,-,-,,-,-,,-,-,-,-,-,-,-,,,-,,,-,,,,,-,,-,,-,-,-,,,-,,,,,,,-,,,,,,,,,,,,,,,,,,,,,,-,,-,,,,,,,,-,,,,,,,,,,,,,,,,,,,,,,,,,
STD-DB10_2-000133,"초코바, 땅콩 캐러멜",S,국가표준식품성분표,,농진청('18),,당류,,"초코바, 땅콩 캐러멜",,,,,,,100g,479,5.8,9.359999999999999,21.51,1.37,61.98,48.03,-,65,1.59,179,321,138,26,25,8,0.748,0.112,4.175,0.13,0,,9.880000000000001,0.08,2.834,1.341,6.89,0.092,0.09,51,,0.478,0,0,1.41,1.22,0,1.89,0.15,0,0,0,0,0,0,0,0,1.29,,0,,,4.85,39.48,,2.41,10.3,,98.51000000000001,0,6.39,0,0,0,0,,,3362.19,,,85.84,,,,,5.68,,36.07,,6.15,0,0,,,6632.12,,,,,,,51.24,,,,,,,,,,,,,,,,,,,,,,392,,436,,,,,,,,163,,,,,,,,,,,,,,,,,,,,,,,,,
STD-DB10_2-000134,"초콜릿, 다크 초콜릿",S,국가표준식품성분표,,USDA('18),,당류,,"초콜릿, 다크 초콜릿",,,,,,,100g,598,1.37,7.79,42.63,2.32,45.9,23.99,10.9,73,11.9,308,715,20,2,-,19,0.034,0.078,1.054,-,-,,24.489,0.03,-,-,-,0.038,0.28,-,,0.418,-,-,1.52,0.59,0.01,9.19,0.29,0,0,0.14,0,-,7.3,-,0,0,,0,,,0,23.99,,0,14.038,,20,0,0,-,0,0,0,,,1208,,,-,,,,,-,,34,,1,0,0,,,-,,,,,,,-,,,,,,,,,,,,,,,,,,,,,,-,,-,,,,,,,,-,,,,,,,,,,,,,,,,,,,,,,,,,
STD-DB10_2-000135,"초콜릿, 땅콩 초콜릿",S,국가표준식품성분표,,USDA('18),,당류,,"초콜릿, 땅콩 초콜릿",,,,,,,100g,519,1.9,13.1,33.5,1.8,49.7,37.59,4.7,104,1.31,212,502,41,41,41,0,0.116,0.174,4.249,0,0,,14.6,-,-,-,-,0.1,0.53,51,,0.744,-,-,2.4,2.4,-,-,-,-,-,-,-,-,4,-,-,-,,-,,,-,-,,-,17.25,,137,-,0,-,0,0,-,,,-,,,-,,,,,-,,-,,0,-,0,,,-,,,,,,,-,,,,,,,,,,,,,,,,,,,,,,-,,-,,,,,,,,-,,,,,,,,,,,,,,,,,,,,,,,,,
STD-DB10_2-000136,"초콜릿, 밀크 아몬드 초콜릿",S,국가표준식품성분표,,USDA('18),,당류,,"초콜릿, 밀크 아몬드 초콜릿",,,,,,,100g,526,1.5,9,34.4,1.7,53.4,43.9,6.2,224,1.63,264,444,74,52,52,0,0.06,0.435,0.742,0.2,0,,17.701,-,-,-,-,0.045,0.67,13,,0.455,-,-,3.14,3.14,-,-,-,-,-,-,-,-,5.1,-,-,-,,-,,,-,-,,-,14.979,,0,-,0,-,0,0,-,,,-,,,-,,,,,-,,-,,0,-,0,,,-,,,,,,,-,,,,,,,,,,,,,,,,,,,,,,-,,-,,,,,,,,-,,,,,,,,,,,,,,,,,,,,,,,,,
STD-DB10_2-000137,"초콜릿, 밀크 초콜릿",S,국가표준식품성분표,,농진청('18),,당류,,"초콜릿, 밀크 초콜릿",,,,,,,100g,549,1.7,7.8,32.54,1.83,56.17,46.18,3.9,221,4.56,259,480,59,46,45,17,0.08500000000000001,0.505,1.013,0.18,0,,19.41,0.3,0,1.013,1.34,0.09,0.53,13,,2.556,0,0,0.35,0,0,3.42,0.2,0,0,0,0,0,0,0,0,0,,0,,,6.01,40.17,,0,10.42,,13.11,0,5.44,1.89,5.03,0,0,,,931.88,,,134.1,,,,,7.73,,88.58,,5.59,0,3.93,,,9067.15,,,,,,,200.91,,,,,,,,,,,,,,,,,,,,,,164,,557,,,,,,,,317,,,,,,,,,,,,,,,,,,,,,,,,,
STD-DB10_2-000138,"초콜릿, 스위트 초콜릿",S,국가표준식품성분표,,USDA('18),,당류,,"초콜릿, 스위트 초콜릿",,,,,,,100g,507,0.5,3.9,34.2,1,60.4,51.48,5.5,24,2.76,147,290,16,0,0,0,0.02,0.24,0.67,0,0,,20.08,-,-,-,-,0.043,0,3,,0.07099999999999999,-,-,0.26,0.26,-,-,-,-,-,-,-,-,6.3,-,-,-,,-,,,-,-,,-,12.21,,0,-,-,-,0,0,-,,,-,,,-,,,,,-,,-,,-,-,0,,,-,,,,,,,-,,,,,,,,,,,,,,,,,,,,,,175,,236,,,,,,,,151,,,,,,,,,,,,,,,,,,,,,,,,,
STD-DB10_2-000139,"초콜릿, 크런치 초콜릿",S,국가표준식품성분표,,농진청('18),,당류,,"초콜릿, 크런치 초콜릿",,,,,,,100g,520,1.9,7.25,26.81,1.52,62.49,44.12,1.9,174,2.74,213,406,101,26,24,19,0.218,0.199,0.672,0.91,0,,16.21,0.24,0.266,0.406,3.42,0.047,0.3,26,,1.784,0,0,1.15,0.92,0,2.13,0,0.06,0,0,0,0,0,0,0,0,,0,,,6.24,37.88,,0,8.92,,10.14,0,4.21,0,0,0,0,,,905.22,,,99.13,,,,,7.27,,61.35,,5.78,0,2.61,,,7706.03,,,,,,,156.34,,,,,,,,,,,,,,,,,,,,,,175,,411,,,,,,,,170,,,,,,,,,,,,,,,,,,,,,,,,,
STD-DB10_2-000140,"초콜릿, 화이트 초콜릿",S,국가표준식품성분표,,USDA('18),,당류,,"초콜릿, 화이트 초콜릿",,,,,,,100g,539,1.3,5.87,32.09,1.5,59.24,59,0.2,199,0.24,176,286,90,9,9,0,0.063,0.282,0.745,0.5,0,,19.412,0,-,-,-,0.056,0.5600000000000001,7,,0.608,-,-,0.96,0.96,-,-,-,-,-,-,-,-,9.1,-,-,-,,-,,,-,-,,-,10.11,,0,-,-,-,0,0,-,,,-,,,-,,,,,-,,-,,-,-,0,,,-,,,,,,,-,,,,,,,,,,,,,,,,,,,,,,-,,-,,,,,,,,-,,,,,,,,,,,,,,,,,,,,,,,,,
STD-DB10_2-000141,"캐러멜, 우유",S,국가표준식품성분표,,식약('96),,당류,,"캐러멜, 우유",,,,,,,100g,423,6.8,1.8,10.7,0.8,79.90000000000001,-,-,-,0.5,68,118,98,21,21,0,0.04,0.11,0.1,0,-,,-,-,-,-,-,-,-,-,,-,-,-,-,-,-,-,-,-,-,-,-,-,-,-,-,-,,-,,,-,-,,-,-,,-,-,-,-,-,-,-,,,-,,,-,,,,,-,,-,,-,-,-,,,-,,,,,,,-,,,,,,,,,,,,,,,,,,,,,,-,,-,,,,,,,,-,,,,,,,,,,,,,,,,,,,,,,,,,
STD-DB10_2-000142,포도당,S,국가표준식품성분표,,JAPAN('20),,당류,,포도당,,,,,,,100g,342,9.0,0,0,0,91,(88.2),(0),Tr,0.1,1,Tr,Tr,(0),(0),-,(0),(0),(0),(0),(0),,-,-,-,-,-,(0),(0),(0),,(0),-,-,(0),(0),(0),(0),(0),-,-,-,-,(0),-,-,(0),(0),,(2.7),,,(0),(0),,(85.5),-,,-,-,-,-,-,-,-,,,-,,,-,,,,,-,,-,,-,-,-,,,-,,,,,,,-,,,,,,,,,,,,,,,,,,,,,,-,,-,,,,,,,,-,,,,,,,,,,,,,,,,,,,,,,,,,
STD-DB10_2-000143,"푸딩, 바닐라 가루, 우유에 섞은것",S,국가표준식품성분표,,USDA('18),,당류,,"푸딩, 바닐라 가루, 우유에 섞은것",,,,,,,100g,114,73.5,2.7,2.9,1.3,19.7,18.03,0,101,0.07000000000000001,197,128,286,25,23,18,0.033,0.136,0.074,0.8,-,,1.74,-,-,-,-,0.036,0.3,4,,0.262,-,-,-,-,-,-,-,-,-,-,-,-,-,-,-,-,,-,,,-,-,,-,0.99,,0,-,-,-,0,0,-,,,-,,,-,,,,,-,,-,,-,-,0,,,-,,,,,,,-,,,,,,,,,,,,,,,,,,,,,,55,,255,,,,,,,,158,,,,,,,,,,,,,,,,,,,,,,,,,
STD-DB10_2-000144,"푸딩, 커스터드",S,국가표준식품성분표,,JAPAN('20),,당류,,"푸딩, 커스터드",,,,,,,100g,116,(74.1),5.7,5.5,(0.7),14,(13.6),0,(81),(0.5),(110),(130),(69),(87),(87),(4),(0.04),(0.20),(0.1),(1),(1.4),,2.10,-,-,-,(8.4),(0.05),(0.5),(18),,(0.69),-,-,(0.5),(0.5),0,(0.1),0,-,-,-,-,(5),-,-,(0),(0.1),,(0),,,(2.7),(10.6),,(0.2),2.17,,10,0,0,0,6,27,-,,,440,,,-,,,,,48,,22,,6,7,0,,,-,,,,,,,-,,,,,,,,,,,,,,,,,,,,,,(170),,(530),,,,,,,,(310),,,,,,,,,,,,,,,,,,,,,,,,,
STD-DB10_2-000145,강낭콩,S,국가표준식품성분표,,농진청('13),,두류,,강낭콩,,,,,,,100g,174,56.1,8.800000000000001,0.86,1.86,32.35,1.65,14.1,49,3.11,281,730,0,4,0,53,0.449,0.124,1.881,2.12,0,,0.22,0,0.195,1.686,0,0.103,0,63,,0.781,0,0,0.18,0.1,0,0.76,0,0,0,0,0,1.69,1.69,0,0,0.24,,0,,,0,1.1,,0.32,0.6,,0,0,0,0,0,0,0,,,230.57,,,21.18,,,,,0,,267.78,,0,0,0,,,76.09999999999999,,,,,,,0,,,,,,,,,,,,,,,,,,,,,,358,,689,,,,,,,,347,,,,,,,,,,,,,,,,,,,,,,,,,
STD-DB10_2-000146,"강낭콩, 삶은것",S,국가표준식품성분표,,농진청('13),,두류,,"강낭콩, 삶은것",,,,,,,100g,171,57,8.460000000000001,0.9,1.74,31.92,0.77,15.2,59,2.89,270,575,3,8,0,90,0.329,0.112,1.095,2.12,0,,0.18,0,0.126,0.969,0,0.035,0,83,,0.957,0,0,0.26,0.15,0,1.07,0.03,0,0,0,0,0,0,0,0,0,,0,,,0,0.77,,0,0.68,,0,0,0,0,0,0,0,,,250.7,,,18.49,,,,,0,,346.21,,0,0,0,,,65.28,,,,,,,0,,,,,,,,,,,,,,,,,,,,,,351,,685,,,,,,,,361,,,,,,,,,,,,,,,,,,,,,,,,,
STD-DB10_2-000147,"강낭콩, 말린것",S,국가표준식품성분표,,농진청('20),,두류,,"강낭콩, 말린것",,,,,,,100g,348,12.1,21.01,1.41,3.58,61.89,3.32,25.6,99,6.22,562,1462,1,9,0,105,0.329,0.124,3.77,0.24,0,,0.36,0,0.391,3.379,0.25,0.207,0,127,,1.566,0,0,0.35,0.2,0,1.53,0,0,0,0,0,3.38,3.38,0,0,0.48,,0,,,0,2.21,,0.63,0.9,,0,0,0,0,0,0,0,,,300.75,,,27.36,,,,,0,,472.52,,0,0,0,,,103.54,,,,,,,0,,,,,,,,,,,,,,,,,,,,,,717,,1381,,,,,,,,696,,,,,,,,,,,,,,,,,,,,,,,,,
STD-DB10_2-000148,"녹두, 말린것",S,국가표준식품성분표,,농진청('13),,두류,,"녹두, 말린것",,,,,,,100g,352,9.4,24.51,1.52,4.42,60.15,0,22.4,100,4.11,441,1420,1,20,0,243,0.156,0.358,1.634,5.29,0,,0.55,0,0.047,1.587,0,-,0,428,,2.624,0,0,0.92,0.13,0,7.79,0.48,0,0,0,0,63.35,63.35,0,0,0,,0,,,0,0,,0,0.8999999999999999,,0,0,0,0,0,0,0,,,564.6900000000001,,,7.2,,,,,0,,264.88,,0,0,0,,,60.48,,,,,,,0,,,,,,,,,,,,,,,,,,,,,,923,,1817,,,,,,,,1015,,,,,,,,,,,,,,,,,,,,,,,,,
STD-DB10_2-000149,"녹두, 삶은것",S,국가표준식품성분표,,농진청('13),,두류,,"녹두, 삶은것",,,,,,,100g,158,60,11.29,0.67,1.38,26.66,0,9.799999999999999,47,2,225,460,2,9,0,111,0.037,0.118,0.131,0,0,,0.25,0,0.106,0.025,0,-,0,174,,0.472,0,0,0.62,0.62,0,0,0,0,0,0,0,42,42,0,0,0,,0,,,0,0,,0,0.39,,0,0,0,0,0,0,0,,,244.77,,,4.95,,,,,0,,111.78,,0,0,0,,,23.64,,,,,,,0,,,,,,,,,,,,,,,,,,,,,,440,,858,,,,,,,,456,,,,,,,,,,,,,,,,,,,,,,,,,
STD-DB10_2-000150,녹두묵,S,국가표준식품성분표,,농진청('18),,두류,,녹두묵,,,,,,,100g,40,89.8,0.12,0.03,0.26,9.81,0.02,-,5,0.04,2,4,92,0,0,0,0.004,0,0.3,0.03,0,,0.01,0,0.06,0.24,0,0.067,0,0,,0.065,0,0,0.22,0.22,0,0,0,0,0,0,0,0,0,0,0,0,,0,,,0,0.01,,0.01,0,,0,0,0,0,0,0,0,,,0,,,0,,,,,0,,0,,0,0,0,,,1.39,,,,,,,0,,,,,,,,,,,,,,,,,,,,,,0,,2,,,,,,,,1,,,,,,,,,,,,,,,,,,,,,,,,,
STD-DB10_2-000151,"대두, 검은색, 서리태, 말린것",S,국가표준식품성분표,,농진청('14),,두류,,"대두, 검은색, 서리태, 말린것",,,,,,,100g,413,10.3,38.68,15.86,4.71,30.45,6.45,20.8,199,6.19,653,1848,1,5,0,60,0.168,0.6820000000000001,1.422,6.72,0,,2.19,0.01,0,1.422,0,-,0,485,,1.062,0,0,3.95,2.45,0.66,10.34,4.59,0,0,0,0,31.76,31.76,0,0,0,,0,,,0,6.45,,0,12.97,,25.93,0,0,0,0,0,0,,,8262.17,,,218.86,,,,,8.470000000000001,,1355.39,,9.539999999999999,0,0,,,3075.9,,,,,,,0,,,,,,,,,,,,,,,,,,,,,,1488,,2745,,,,,,,,1385,,,,,,,,,,,,,,,,,,,,,,,,,
STD-DB10_2-000152,"대두, 노란색, 말린것",S,국가표준식품성분표,,농진청('14),,두류,,"대두, 노란색, 말린것",,,,,,,100g,409,11.2,36.21,14.71,4.89,32.99,6.64,25.6,260,6.66,660,1838,2,1,0,11,0.553,0.384,1.64,3.27,0,,2.07,0.02,-,-,0,-,0,180,,0,0,0,2.79,1.46,0.28,10.54,4.64,0,0,0,0,22.734,22.734,0,0,0,,0,,,0,6.64,,0,11.98,,29.19,0,0,0,0,0,0,,,7518.67,,,210.89,,,,,7.37,,1211.83,,10.77,0,0,,,2978.62,,,,,,,5.92,,,,,,,,,,,,,,,,,,,,,,1386,,2576,,,,,,,,1314,,,,,,,,,,,,,,,,,,,,,,,,,
STD-DB10_2-000153,"대두, 콩가루",S,국가표준식품성분표,,농진청('22),,두류,,"대두, 콩가루",,,,,,,100g,430,4.1,38.5,21.36,5.25,30.81,7.51,22.1,236,11.38,678,1964,4,1,0,7,0.074,0.141,2.507,1.16,0,,2.99,0.02,0.203,2.304,4.26,0.201,0,392,,1.243,0,0,2.93,1.38,0.2,12.49,6.69,0,0,0,0,27.88,27.88,0,0,0,,0,,,0,7.51,,0,17.5,,36.79,0,0,0,0,0,0,,,10967.94,,,331.72,,,,,4.59,,1778.57,,5.89,0,0,,,4351.83,,,,,,,2.84,,,,,,,,,,,,,,,,,,,,,,1644,,2937,,,,,,,,1552,,,,,,,,,,,,,,,,,,,,,,,,,
STD-DB10_2-000154,두부,S,국가표준식품성분표,,농진청('14),,두류,,두부,,,,,,,100g,97,81.2,9.619999999999999,4.63,0.8,3.75,0,2.9,64,1.54,158,132,1,0,0,0,0.032,0.179,0.159,0,0,,0.7,0.01,0,0.159,0,-,0,21,,0,0,0,0.7,0.23,0,4.1,1.9,0,0,0,0,0,0,0,0,0,,0,,,0,0,,0,3.72,,9.56,0,0,0,0,0,0,,,2385.79,,,62.62,,,,,0,,387.57,,2.35,0,0,,,867.51,,,,,,,2.88,,,,,,,,,,,,,,,,,,,,,,354,,709,,,,,,,,348,,,,,,,,,,,,,,,,,,,,,,,,,
STD-DB10_2-000155,"두부, 동두부, 동결건조",S,국가표준식품성분표,,JAPAN('20),,두류,,"두부, 동두부, 동결건조",,,,,,,100g,496,7.2,50.5,34.1,4.0,4.2,0,2.5,630,7.5,820,34,440,1,(0),7,0.02,0.02,Tr,0,(0),,5.22,-,-,-,21.0,0.02,0.1,6,,0.10,-,-,4.6,1.9,0.8,20.0,11.0,-,-,-,-,60,-,-,-,0,,0,,,(0),0,,0,25.7,,57,0,0,0,0,0,-,,,16000,,,410,,,,,0,,2500,,12,10,0,,,6900,,,,,,,-,,,,,,,,,,,,,,,,,,,,,,2400,,4500,,,,,,,,2700,,,,,,,,,,,,,,,,,,,,,,,,,
STD-DB10_2-000156,"두부, 순두부",S,국가표준식품성분표,,농진청('17),,두류,,"두부, 순두부",,,,,,,100g,44,90.59999999999999,6.85,1.35,0.47,0.6899999999999999,0.6,0.3,15,0.7,69,176,4,0,0,0,0.282,0.022,0.425,0,0,,0.19,0,0.425,0,1.59,-,0,7,,0.056,0,0,0.23,0.08,0,1.23,0.73,0,0,0,0,0,0,0,-,-,,-,,,-,-,,-,1.1,,1.55,0,0,0,0,0,0,,,745.09,,,18.95,,,,,0,,127.77,,0,0,0,,,208.04,,,,,,,0,,,,,,,,,,,,,,,,,,,,,,400,,341,,,,,,,,77,,,,,,,,,,,,,,,,,,,,,,,,,
STD-DB10_2-000157,"두부, 연두부",S,국가표준식품성분표,,농진청('18),,두류,,"두부, 연두부",,,,,,,100g,50,90.40000000000001,4.66,2.51,0.53,1.93,0.74,0.3,30,0.8,72,160,55,0,0,0,0.377,0.06900000000000001,0.182,0.03,0,,0.36,0,-,-,0.84,0.056,0,12,,0.183,0,0,0.35,0.21,0,1.39,0,0,0,0,0,0,0,0,0,0,,0,,,0,0.73,,0.01,1.99,,3.55,0,0,0,0,0,0,,,1277.94,,,35.37,,,,,0,,206.74,,0,0,0,,,466.33,,,,,,,0,,,,,,,,,,,,,,,,,,,,,,170,,293,,,,,,,,193,,,,,,,,,,,,,,,,,,,,,,,,,
STD-DB10_2-000158,"두부, 유부",S,국가표준식품성분표,,농진청('18),,두류,,"두부, 유부",,,,,,,100g,450,29.3,26.11,34.23,2.44,7.93,0.42,1.5,584,4.6,413,128,7,0,0,5,0.171,0.05,0.829,0.16,0,,5.34,0.33,0.368,0.461,0.65,0.046,0,34,,0,0,0,2.89,1.79,0,9.9,3.95,0,0,0,0,29.91,29.91,0,0,0,,0,,,0,0.4,,0.02,25.85,,73.55,0,7.73,0,0,0,0,,,16084.56,,,508.91,,,,,16.73,,2085.3,,15.53,0,0,,,7025.48,,,,,,,31,,,,,,,,,,,,,,,,,,,,,,923,,1807,,,,,,,,1167,,,,,,,,,,,,,,,,,,,,,,,,,
STD-DB10_2-000159,비지,S,국가표준식품성분표,,농진청('20),,두류,,비지,,,,,,,100g,51,88.90000000000001,4,1.93,0.51,4.61,0.5,4,34,1.2,17,133,1,0,0,0,0.045,0.032,0.283,0,0,,0.24,0,0.045,0.238,0.86,0.008999999999999999,0,28,,0.114,0,0,0.65,0.17,0.36,2.5,1.81,0,0,0,0,0,0,0,0,0,,0,,,0,0.5,,0,1.33,,0,0,0,0,0,0,0,,,872.6,,,25.39,,,,,0,,119.23,,0,0,0,,,314.63,,,,,,,0,,,,,,,,,,,,,,,,,,,,,,138,,184,,,,,,,,108,,,,,,,,,,,,,,,,,,,,,,,,,
STD-DB10_2-000160,"두유, 대두",S,국가표준식품성분표,,농진청('18),,두류,,"두유, 대두",,,,,,,100g,62,89,3.01,3.92,0.63,3.42,3.02,0.7,80,0.5600000000000001,45,152,72,0,0,0,0.058,0.058,1.191,9.789999999999999,1.58,,0.7,0.02,0.048,1.143,3.97,0.027,0,28,,0.15,0,1.58,0.5,0.32,0,1.61,0.71,0,0,0,0,0,0,0,0,0,,0,,,0,2.96,,0.06,2.83,,6.41,0,0,0,0,0,0,,,1776.18,,,51.55,,,,,1.55,,262.62,,1.61,0,0,,,725.28,,,,,,,0,,,,,,,,,,,,,,,,,,,,,,119,,211,,,,,,,,138,,,,,,,,,,,,,,,,,,,,,,,,,
STD-DB10_2-000161,"두유, 검은콩",S,국가표준식품성분표,,농진청('16),,두류,,"두유, 검은콩",,,,,,,100g,86,82.59999999999999,3.21,3.77,0.55,9.869999999999999,4.71,0.9,23,0.42,57,178,77,0,0,0,0.061,0.019,-,0.15,0.95,,1.16,0.02,-,-,2.6,-,0,22,,0.376,0,0.95,0.27,0.18,0,0.74,0.3,0.01,0.01,0.01,0.01,-,0,-,0,2.1,,0,,,0,1.37,,1.24,2.42,,6.53,0,0,0,0,0,1.45,,,1508.95,,,34.49,,,,,0,,177.52,,1.36,0,0,,,681.83,,,,,,,2,,,,,,,,,,,,,,,,,,,,,,157,,292,,,,,,,,181,,,,,,,,,,,,,,,,,,,,,,,,,
STD-DB10_2-000162,동부,S,국가표준식품성분표,,농진청('19),,두류,,동부,,,,,,,100g,166,58.5,9.51,1.02,1.63,29.34,0.21,10.2,27,2.5,242,573,2,1,0,10,0.137,0.041,1.49,0.27,0,,0.27,0,0.055,1.435,5.73,0.221,0,195,,0.165,0,0,0.21,0,0,1.46,2.27,0,0,0,0,11.48,11.48,0,0,0,,0,,,0,0.21,,0,0.49,,2.43,0,0.89,0,0,0,0,,,249.27,,,3.06,,,,,0.92,,176.73,,0.33,0,0,,,51.2,,,,,,,0,,,,,,,,,,,,,,,,,,,,,,361,,650,,,,,,,,365,,,,,,,,,,,,,,,,,,,,,,,,,
STD-DB10_2-000163,"동부, 삶은것",S,국가표준식품성분표,,농진청('19),,두류,,"동부, 삶은것",,,,,,,100g,138,65.90000000000001,8.109999999999999,0.77,0.8,24.46,0.14,10.4,23,2.16,165,278,2,1,0,13,0.049,0.025,0.915,0,0,,0.25,0,0,0.915,2.73,0.261,0,91,,0.075,0,0,0.21,0,0,1.34,2.28,0,0,0,0,15.48,15.48,0,0,0,,0,,,0,0.14,,0,0.46,,2.54,0,0.5600000000000001,0,0,0,0,,,234.46,,,2.67,,,,,0.62,,164.33,,0,0,0,,,52.43,,,,,,,0,,,,,,,,,,,,,,,,,,,,,,314,,612,,,,,,,,337,,,,,,,,,,,,,,,,,,,,,,,,,
STD-DB10_2-000164,"동부, 말린것",S,국가표준식품성분표,,농진청('19),,두류,,"동부, 말린것",,,,,,,100g,343,14.4,19.61,2.1,3.37,60.56,0.44,21,56,5.15,499,1181,4,2,0,21,0.282,0.08500000000000001,3.071,0.5600000000000001,0,,0.5600000000000001,0,0.114,2.958,11.82,0.455,0,402,,0.341,0,0,0.44,0,0,3,4.68,0,0,0,0,23.68,23.68,0,0,0,,0,,,0,0.44,,0,1,,5,0,1.84,0,0,0,0,,,513.96,,,6.3,,,,,1.9,,364.4,,0.68,0,0,,,105.57,,,,,,,0,,,,,,,,,,,,,,,,,,,,,,744,,1341,,,,,,,,752,,,,,,,,,,,,,,,,,,,,,,,,,
STD-DB10_2-000165,"동부, 수입산, 말린것",S,국가표준식품성분표,,농진청('14),,두류,,"동부, 수입산, 말린것",,,,,,,100g,345,13.5,22.08,2.07,2.92,59.43,0,20.6,88,4.54,408,1070,6,1,0,9,0.065,0.383,2.854,0,0,,0.73,0,0.445,2.409,20.22,-,0,556,,0,0,0,0.45,0.01,0,3.19,3.94,0,0,0,0,13.822,13.822,0,0,0,,0,,,0,0,,0,1.25,,6.85,0,2.66,0,0,0,0,,,693.1,,,6.93,,,,,0,,408.06,,0,0,0,,,130.1,,,,,,,0,,,,,,,,,,,,,,,,,,,,,,797,,1621,,,,,,,,833,,,,,,,,,,,,,,,,,,,,,,,,,
STD-DB10_2-000166,"리마콩, 말린것",S,국가표준식품성분표,,JAPAN('20),,두류,,"리마콩, 말린것",,,,,,,100g,306,11.7,21.9,1.8,3.8,60.8,1.2,19.6,78,6.2,250,1800,Tr,0,(0),5,0.47,0.16,1.9,0,(0),,0.42,-,-,-,9.199999999999999,0.40,(0),120,,1.05,-,-,0.6,0.1,0,4.8,0.2,-,-,-,-,6,-,-,-,0,,0,,,(0),1.2,,Tr,0.85,,2,0,0,0,0,0,-,,,550,,,-,,,,,0,,200,,1,0,0,,,-,,,,,,,-,,,,,,,,,,,,,,,,,,,,,,(890),,(1.800),,,,,,,,"(1,100)",,,,,,,,,,,,,,,,,,,,,,,,,
STD-DB10_2-000167,"리마콩, 삶은것",S,국가표준식품성분표,,JAPAN('20),,두류,,"리마콩, 삶은것",,,,,,,100g,122,62.3,9.6,0.9,1.1,26,(0.5),10.9,27,2.3,95,490,0,0,(0),2,0.10,0.04,0.5,0,(0),,(0.21),-,-,-,-,0.08,(0),25,,0.23,-,-,0.2,Tr,0,2.3,0.1,-,-,-,-,3,-,-,(0),(0),,(0),,,(0),(0.5),,(0),(0.43),,(1),(0),(0),(0),(0),(0),(0),,,(280),,,-,,,,,(0),,(100),,(Tr),(0),(0),,,-,,,,,,,-,,,,,,,,,,,,,,,,,,,,,,(390),,(810),,,,,,,,(480),,,,,,,,,,,,,,,,,,,,,,,,,
STD-DB10_2-000168,"렌즈콩(렌틸콩), 갈색, 말린것",S,국가표준식품성분표,,농진청('20),,두류,,"렌즈콩(렌틸콩), 갈색, 말린것",,,,,,,100g,365,9.199999999999999,22.64,1.52,2.35,64.3,1.56,14.9,72,7.17,384,943,6,2,0,22,0.306,0.165,1.174,2.19,0,,0.29,0,0.105,1.069,2.48,0.152,0,94,,1.423,0,0,1.72,0.92,0.46,5.68,0.18,0,0,0,0,58.54,58.54,0,0,0.19,,0,,,0,1.37,,0,1.14,,9.779999999999999,0,14.34,0,0,0,0,,,591.01,,,13.43,,,,,0,,169.54,,0,0,0,,,341.92,,,,,,,1.03,,,,,,,,,,,,,,,,,,,,,,679,,1441,,,,,,,,1032,,,,,,,,,,,,,,,,,,,,,,,,,
STD-DB10_2-000169,"렌즈콩(렌틸콩), 빨간색, 말린것",S,국가표준식품성분표,,농진청('22),,두류,,"렌즈콩(렌틸콩), 빨간색, 말린것",,,,,,,100g,368,8.800000000000001,23.58,1.73,2.25,63.68,1.94,12.2,33,5.72,349,951,6,1,0,12,0.37,0.141,1.12,0,0,,0.34,0.01,0.13,0.99,1.53,0.125,0,66,,0.927,0,0,0.8,0.29,0.03,4.94,0.03,0,0,0,0,33.61,33.61,0,0,0.21,,0,,,0,1.73,,0,1.28,,8.98,0,11.21,0,0,0,0,,,606.4400000000001,,,20.49,,,,,0.65,,172.22,,0.41,0,0,,,455.84,,,,,,,2.05,,,,,,,,,,,,,,,,,,,,,,870,,1516,,,,,,,,1154,,,,,,,,,,,,,,,,,,,,,,,,,
STD-DB10_2-000170,"밤콩, 갈색, 말린것",S,국가표준식품성분표,,식약('96),,두류,,"밤콩, 갈색, 말린것",,,,,,,100g,410,11.2,35,17.2,6,30.6,-,-,239,8.1,660,1453,4,0,0,0,0.49,0.17,2,0,-,,-,-,-,-,-,-,-,-,,-,-,-,-,-,-,-,-,-,-,-,-,-,-,-,-,-,,-,,,-,-,,-,-,,-,-,-,-,-,-,-,,,-,,,-,,,,,-,,-,,-,-,-,,,-,,,,,,,-,,,,,,,,,,,,,,,,,,,,,,-,,-,,,,,,,,-,,,,,,,,,,,,,,,,,,,,,,,,,
STD-DB10_2-000171,"병아리콩, 말린것",S,국가표준식품성분표,,농진청('22),,두류,,"병아리콩, 말린것",,,,,,,100g,377,10.3,17.78,5.67,2.92,63.3,2.55,14.5,130,5.54,385,1112,3,4,0,54,0.049,0.123,1.423,0,0,,0.89,0.01,1.403,0.02,2.82,0.315,0,227,,0.681,0,0,4.62,3.17,0.12,13.56,1.27,0,0,0.03,0,48.1,48.1,0,0,0.18,,0,,,0,2.37,,0,4.36,,16.39,0,9.34,0,0,0,0,,,2657.47,,,52.59,,,,,3.22,,131.76,,1,0,0,,,1476.29,,,,,,,2.92,,,,,,,,,,,,,,,,,,,,,,722,,1224,,,,,,,,902,,,,,,,,,,,,,,,,,,,,,,,,,
STD-DB10_2-000172,완두,S,국가표준식품성분표,,농진청('13),,두류,,완두,,,,,,,100g,115,71,7.92,0.44,1.13,19.54,1.72,8.4,36,2.08,174,356,0,32,0,383,0.186,0.141,2.946,11.9,0,,0.16,0,0.246,2.7,0,-,0,79,,1.44,0,0,0.08,0,0,0.83,0.02,0,0,0,0,3,3,0,0,0,,0,,,0,1.72,,0,0.26,,2.52,0,0.87,0,0,0,0,,,87.58,,,2.8,,,,,0,,8.859999999999999,,0,0,0,,,159.01,,,,,,,0,,,,,,,,,,,,,,,,,,,,,,305,,538,,,,,,,,287,,,,,,,,,,,,,,,,,,,,,,,,,
STD-DB10_2-000173,"완두, 삶은것",S,국가표준식품성분표,,농진청('13),,두류,,"완두, 삶은것",,,,,,,100g,123,69.7,7.27,1.1,1.15,20.78,1.8,9.1,35,2.03,174,338,2,39,0,463,0.253,0.09,0.635,11.9,0,,0.22,0,0.004,0.631,0,-,0,70,,1.033,0,0,0.24,0.03,0,2.09,0.05,0,0,0,0,1.48,1.48,0,0,0,,0,,,0,1.8,,0,0.83,,3.57,0,3.02,0,0,0,0,,,462.93,,,5.31,,,,,0,,84.52,,0,0,0,,,270.63,,,,,,,0,,,,,,,,,,,,,,,,,,,,,,312,,556,,,,,,,,293,,,,,,,,,,,,,,,,,,,,,,,,,
STD-DB10_2-000174,"완두, 말린것",S,국가표준식품성분표,,농진청('22),,두류,,"완두, 말린것",,,,,,,100g,354,11.8,25.37,2.61,3.6,56.65,5.24,19.8,113,6.22,497,1337,11,15,0,176,0.6,0.208,1.746,0.24,0,,0.51,0,0.337,1.409,6.63,0.214,0,39,,1.149,0,0,1.55,0.18,0,13.42,0.91,0,0,0.05,0,8.66,8.66,0,0,0,,0,,,0,5.24,,0,2.01,,10.27,0,0,0,0,0,0,,,1226.23,,,13.24,,,,,0,,177.38,,0,0,0,,,580.66,,,,,,,1.56,,,,,,,,,,,,,,,,,,,,,,1169,,1954,,,,,,,,1034,,,,,,,,,,,,,,,,,,,,,,,,,
STD-DB10_2-000175,"완두, 통조림",S,국가표준식품성분표,,JAPAN('20),,두류,,"완두, 통조림",,,,,,,100g,82,74.90000000000001,3.6,0.4,1.4,19.7,(3.8),6.9,33,1.8,82,37,330,17,(0),200,0.04,0.04,1.2,0,(0),,(0.06),-,-,-,-,0.02,(0),10,,0.6899999999999999,-,-,0.2,0,0,2.0,0,-,-,-,-,19,-,-,-,(0),,(0),,,(0),(3.8),,(0),(0.17),,(1),(0),(0),(0),(0),(0),(0),,,(110),,,-,,,,,(0),,(20),,(Tr),(0),(0),,,-,,,,,,,-,,,,,,,,,,,,,,,,,,,,,,(130),,(240),,,,,,,,(130),,,,,,,,,,,,,,,,,,,,,,,,,
STD-DB10_2-000176,작두(도두),S,국가표준식품성분표,,농진청('10),,두류,,작두(도두),,,,,,,100g,125,68,9,0.3,1.2,21.5,-,11.2,85,0.8,133,398,3,1,0,16,0.65,0.06,1.3,16,-,,-,-,-,-,-,-,-,-,,-,-,-,-,-,-,-,-,-,-,-,-,-,-,-,-,-,,-,,,-,-,,-,-,,-,-,-,-,-,-,-,,,-,,,-,,,,,-,,-,,-,-,-,,,-,,,,,,,-,,,,,,,,,,,,,,,,,,,,,,-,,-,,,,,,,,-,,,,,,,,,,,,,,,,,,,,,,,,,
STD-DB10_2-000177,"작두(도두), 말린것",S,국가표준식품성분표,,농진청('99),,두류,,"작두(도두), 말린것",,,,,,,100g,344,12,26.3,1,3.3,57.4,-,-,84,3.7,353,1296,5,0,0,-,0.54,0.25,2,0,-,,-,-,-,-,-,-,-,-,,-,-,-,-,-,-,-,-,-,-,-,-,-,-,-,-,-,,-,,,-,-,,-,-,,-,-,-,-,-,-,-,,,-,,,-,,,,,-,,-,,-,-,-,,,-,,,,,,,-,,,,,,,,,,,,,,,,,,,,,,-,,-,,,,,,,,-,,,,,,,,,,,,,,,,,,,,,,,,,
STD-DB10_2-000178,잠두,S,국가표준식품성분표,,USDA('18),,두류,,잠두,,,,,,,100g,341,10.98,26.12,1.53,3.08,58.29,5.7,25,103,6.7,421,1062,13,3,0,32,0.555,0.333,2.832,1.4,0,,0.254,0,-,-,-,0.366,0,423,,0.976,-,-,0.05,0.05,-,-,-,-,-,-,-,-,9,-,-,-,,-,,,-,-,,-,0.9299999999999999,,0,-,-,-,0,0,-,,,-,,,-,,,,,-,,-,,-,-,0,,,-,,,,,,,-,,,,,,,,,,,,,,,,,,,,,,1095,,1964,,,,,,,,1053,,,,,,,,,,,,,,,,,,,,,,,,,
STD-DB10_2-000179,"잠두, 삶은것",S,국가표준식품성분표,,USDA('18),,두류,,"잠두, 삶은것",,,,,,,100g,110,71.54000000000001,7.6,0.4,0.8100000000000001,19.65,1.82,5.4,36,1.5,125,268,5,1,0,9,0.097,0.089,0.711,0.3,0,,0.066,0,-,-,-,0.07199999999999999,0,104,,0.157,-,-,0.02,0.02,-,-,-,-,-,-,-,-,2.9,-,-,-,,-,,,-,-,,-,0.243,,0,-,-,-,0,0,-,,,-,,,-,,,,,-,,-,,-,-,0,,,-,,,,,,,-,,,,,,,,,,,,,,,,,,,,,,319,,572,,,,,,,,306,,,,,,,,,,,,,,,,,,,,,,,,,
STD-DB10_2-000180,"쥐눈이콩(검정소립콩), 말린것",S,국가표준식품성분표,,농진청('14),,두류,,"쥐눈이콩(검정소립콩), 말린것",,,,,,,100g,403,12.6,37.32,14.61,4.88,30.59,5.58,22.2,212,8.140000000000001,743,1888,2,7,0,82,0.164,0.6820000000000001,1.527,2.29,0,,2.15,0.01,0.031,1.496,0,-,0,578,,0.86,0,0,0.29,0.28,0,0.07000000000000001,0,0,0,0,0,59.907,59.907,0,0,0,,0,,,0,5.58,,0,11.81,,21.55,0,0,0,0,0,0,,,7677.73,,,178.39,,,,,8.550000000000001,,1451.59,,7.35,0,0,,,2453.56,,,,,,,0,,,,,,,,,,,,,,,,,,,,,,1470,,2598,,,,,,,,1314,,,,,,,,,,,,,,,,,,,,,,,,,
STD-DB10_2-000181,"쥐눈이콩(검정소립콩), 삶은것",S,국가표준식품성분표,,농진청('14),,두류,,"쥐눈이콩(검정소립콩), 삶은것",,,,,,,100g,184,60.6,17.99,6.79,1.91,12.71,1.55,10.5,101,3.31,290,663,3,3,0,37,0.059,0.317,0.173,0,0,,0.99,0.01,0.006,0.167,0,-,0,53,,0,0,0,1.28,0.8100000000000001,0.14,3.61,1.2,0,0,0,0,47.624,47.624,0,0.07000000000000001,0,,0,,,0,1.48,,0,5.5,,9.09,0,0,0,0,0,0,,,3596.99,,,89.73999999999999,,,,,0,,692.23,,2.94,0,0,,,1104.88,,,,,,,0,,,,,,,,,,,,,,,,,,,,,,698,,1243,,,,,,,,640,,,,,,,,,,,,,,,,,,,,,,,,,
STD-DB10_2-000182,"쥐눈이콩(검정소립콩), 볶은것",S,국가표준식품성분표,,농진청('14),,두류,,"쥐눈이콩(검정소립콩), 볶은것",,,,,,,100g,447,3.8,42.31,16.71,5.45,31.73,5.56,23,238,2.27,793,1955,3,6,0,68,0.055,0.294,0.169,0.37,0,,2.45,0.02,0.036,0.133,0,-,0,61,,0.539,0,0,3.53,2.3,0.36,9.69,2.58,0,0,0,0,64.441,64.441,0,0,0,,0,,,0,5.56,,0,13.51,,25.73,0,0,0,0,0,0,,,8819.73,,,199.02,,,,,8.16,,1669.74,,8.49,0,0,,,2763.67,,,,,,,0,,,,,,,,,,,,,,,,,,,,,,1690,,3050,,,,,,,,1562,,,,,,,,,,,,,,,,,,,,,,,,,
STD-DB10_2-000183,"팥, 검은색, 말린것",S,국가표준식품성분표,,농진청('19),,두류,,"팥, 검은색, 말린것",,,,,,,100g,330,16.1,20.63,0.96,3.54,58.72,0.43,15.8,72,4.81,394,1181,10,0,0,6,0.584,0.175,2.313,4.1,0,,0.27,0,0.135,2.179,2.02,0.307,0,167,,0.659,0,0,0.45,0.14,0.03,1.56,4.49,0,0,0,0,0,0,0,0,0,,0.02,,,0,0.39,,0.02,0.52,,0.57,0,0,0,0,0,0,,,324.81,,,14.8,,,,,4.18,,134.99,,0,0.5,0,,,35.22,,,,,,,0,,,,,,,,,,,,,,,,,,,,,,668,,1293,,,,,,,,772,,,,,,,,,,,,,,,,,,,,,,,,,
STD-DB10_2-000184,"팥, 녹색, 연두채, 말린것",S,국가표준식품성분표,,농진청('19),,두류,,"팥, 녹색, 연두채, 말린것",,,,,,,100g,341,12.8,22.58,1,4.04,59.54,0.28,18.4,71,4.92,489,1258,1,3,0,30,0.786,0.537,0.829,2.16,0,,0.28,0,0.237,0.592,6.32,0.328,0,157,,0.765,0,0,0.83,0.35,0.17,2.16,5.89,0,0,0,0,0,0,0,0,0,,0,,,0,0.28,,0,0.57,,0.82,0,0,0,0,0,0,,,351.44,,,12.72,,,,,4.47,,160.65,,0,0,0,,,36.82,,,,,,,0,,,,,,,,,,,,,,,,,,,,,,812,,1537,,,,,,,,760,,,,,,,,,,,,,,,,,,,,,,,,,
STD-DB10_2-000185,"팥, 적색, 말린것",S,국가표준식품성분표,,농진청('19),,두류,,"팥, 적색, 말린것",,,,,,,100g,337,14.2,21.59,1.1,3.77,59.29,0.47,16.9,71,5.49,426,1333,6,0,0,4,0.66,0.166,1.698,4.36,0,,0.26,0.01,0.611,1.087,2.11,0.245,0,165,,1.049,0,0,0.44,0.09,0.08,1.85,4.33,0,0,0,0,0,0,0,0,0,,0.02,,,0.03,0.42,,0,0.49,,0,0,0,0,0,0,0,,,304.13,,,13.09,,,,,4.24,,135.53,,0,0.5600000000000001,0,,,30.39,,,,,,,0.61,,,,,,,,,,,,,,,,,,,,,,699,,1364,,,,,,,,771,,,,,,,,,,,,,,,,,,,,,,,,,
STD-DB10_2-000186,"팥, 황백, 말린것",S,국가표준식품성분표,,농진청('19),,두류,,"팥, 황백, 말린것",,,,,,,100g,343,13,22.38,1.17,3.65,59.85,0.36,18.3,72,5.61,407,1169,2,0,0,6,0.898,0.15,0.788,5.78,0,,0.27,0,0.225,0.5639999999999999,8.01,0.415,0,154,,0.869,0,0,0.7,0.33,0.13,1.76,4.03,0,0,0,0,0,0,0,0,0,,0,,,0,0.36,,0,0.5600000000000001,,0.73,0,0,0,0,0,0,,,344.58,,,12.42,,,,,4.95,,159.07,,0,0,0,,,32.93,,,,,,,0,,,,,,,,,,,,,,,,,,,,,,798,,1569,,,,,,,,771,,,,,,,,,,,,,,,,,,,,,,,,,
STD-DB10_2-000187,"팥, 회색, 말린것",S,국가표준식품성분표,,식약('96),,두류,,"팥, 회색, 말린것",,,,,,,100g,350,10.6,21.9,1,3.2,63.3,-,-,116,5.1,456,1331,1,0,0,0,0.44,0.1,2.7,0,-,,-,-,-,-,-,-,-,-,,-,-,-,-,-,-,-,-,-,-,-,-,-,-,-,-,-,,-,,,-,-,,-,-,,-,-,-,-,-,-,-,,,-,,,-,,,,,-,,-,,-,-,-,,,-,,,,,,,-,,,,,,,,,,,,,,,,,,,,,,-,,-,,,,,,,,-,,,,,,,,,,,,,,,,,,,,,,,,,
STD-DB10_2-000188,"팥, 앙금",S,국가표준식품성분표,,농진청('20),,두류,,"팥, 앙금",,,,,,,100g,259,35,5.74,0.31,0.57,58.39,35.37,6.1,12,1.61,48,99,60,0,0,0,0,0.021,0.094,0.47,0,,0.09,0,0.094,0,0.25,0.032,0,22,,0.08400000000000001,0,0,0.46,0.06,0.4,1.13,3.02,0,0,0,0,0,0,0,0,0.33,,7.35,,,0,27.28,,0.41,0.21,,0,0,0,0,0,0,0,,,104.9,,,6.13,,,,,0,,81.45999999999999,,0,0,0,,,19.29,,,,,,,0,,,,,,,,,,,,,,,,,,,,,,226,,482,,,,,,,,246,,,,,,,,,,,,,,,,,,,,,,,,,
STD-DB10_2-000189,"팥, 팥빙수용 단팥",S,국가표준식품성분표,,농진청('18),,두류,,"팥, 팥빙수용 단팥",,,,,,,100g,206,49.2,4.51,0.22,0.49,45.63,36.53,5.4,24,0.87,63,149,26,0,0,2,0.068,0.033,0.88,0.61,0,,0.06,0,0.88,0,0.46,0.033,0,15,,0.576,0,0,0.27,0.21,0,0.6,0,0,0,0,0,0,0,0,0,0.71,,0,,,0,34.05,,1.78,0.1,,0,0,0,0,0,0,0,,,63.48,,,3.07,,,,,0,,29.28,,0,0,0,,,7.42,,,,,,,0,,,,,,,,,,,,,,,,,,,,,,183,,347,,,,,,,,203,,,,,,,,,,,,,,,,,,,,,,,,,
STD-DB10_2-000190,"개암, 헤이즐넛, 말린것",S,국가표준식품성분표,,USDA('18),,견과류 및 종실류,,"개암, 헤이즐넛, 말린것",,,,,,,100g,628,5.31,14.95,60.75,2.29,16.7,4.34,9.699999999999999,114,4.7,290,680,0,1,0,11,0.643,0.113,1.8,6.3,0,,4.464,-,-,-,-,0.5629999999999999,0,113,,0.918,-,-,15.2,15.03,0.33,0,0,-,-,-,-,-,14.2,-,-,0.07000000000000001,,0,,,0,4.2,,0.07000000000000001,53.572,,131,-,0,-,0,0,-,,,-,,,-,,,,,-,,-,,0,-,0,,,-,,,,,,,-,,,,,,,,,,,,,,,,,,,,,,724,,1063,,,,,,,,545,,,,,,,,,,,,,,,,,,,,,,,,,
STD-DB10_2-000191,도토리,S,국가표준식품성분표,,농진청('85),,견과류 및 종실류,,도토리,,,,,,,100g,230,44.9,4.4,3,1.1,46.7,-,-,16,0.6,84,-,-,1,0,13,0.01,0.06,0.8,9,-,,-,-,-,-,-,-,-,-,,-,-,-,-,-,-,-,-,-,-,-,-,-,-,-,-,-,,-,,,-,-,,-,-,,-,-,-,-,-,-,-,,,-,,,-,,,,,-,,-,,-,-,-,,,-,,,,,,,-,,,,,,,,,,,,,,,,,,,,,,-,,-,,,,,,,,-,,,,,,,,,,,,,,,,,,,,,,,,,
STD-DB10_2-000192,"도토리, 가루",S,국가표준식품성분표,,식약('96),,견과류 및 종실류,,"도토리, 가루",,,,,,,100g,354,13.8,1.1,1.1,0.3,83.7,-,-,60,3.3,17,3,2,0,0,0,0.02,0.03,0.2,0,-,,-,-,-,-,-,-,-,-,,-,-,-,-,-,-,-,-,-,-,-,-,-,-,-,-,-,,-,,,-,-,,-,-,,-,-,-,-,-,-,-,,,-,,,-,,,,,-,,-,,-,-,-,,,-,,,,,,,-,,,,,,,,,,,,,,,,,,,,,,-,,-,,,,,,,,-,,,,,,,,,,,,,,,,,,,,,,,,,
STD-DB10_2-000193,"도토리, 국수, 말린것",S,국가표준식품성분표,,국('77),,견과류 및 종실류,,"도토리, 국수, 말린것",,,,,,,100g,343,10.9,12.4,0.7,3.8,72.2,-,-,86,2.3,123,258,517,0,0,0,0.87,0,3.9,0,-,,-,-,-,-,-,-,-,-,,-,-,-,-,-,-,-,-,-,-,-,-,-,-,-,-,-,,-,,,-,-,,-,-,,-,-,-,-,-,-,-,,,-,,,-,,,,,-,,-,,-,-,-,,,-,,,,,,,-,,,,,,,,,,,,,,,,,,,,,,-,,-,,,,,,,,-,,,,,,,,,,,,,,,,,,,,,,,,,
STD-DB10_2-000194,도토리묵,S,국가표준식품성분표,,농진청('18),,견과류 및 종실류,,도토리묵,,,,,,,100g,47,88.09999999999999,0.33,0.11,0.19,11.23,0,-,15,0.23,3,12,76,0,0,4,0.047,0,0.06,0,0,,0.03,0,0.032,0.028,0,0.014,0,7,,0.179,0,0,0.16,0.13,0,0.29,0,0,0,0,0,0,0,0,0,0,,0,,,0,0,,0,0.07000000000000001,,0.67,0,0,0,0,0,0,,,24.06,,,1.03,,,,,0,,3,,0,0,0,,,42.88,,,,,,,0,,,,,,,,,,,,,,,,,,,,,,17,,18,,,,,,,,10,,,,,,,,,,,,,,,,,,,,,,,,,
STD-DB10_2-000195,"도토리묵, 가루",S,국가표준식품성분표,,농진청('18),,견과류 및 종실류,,"도토리묵, 가루",,,,,,,100g,366,9.699999999999999,1.7,1.23,0.3,87.09,0.01,-,56,1.19,15,78,5,0,0,6,0.029,0.046,0.305,0,0,,0.22,0,0.127,0.178,2.47,0.181,0,74,,0.443,0,0,0.21,0.16,0,0.46,0.02,0,0,0,0,0,0,0,0,0,,0,,,0,0.01,,0,0.82,,7.55,0,0,0,0,0,0,,,230.08,,,11.69,,,,,0,,18.36,,0,0,0,,,545.98,,,,,,,0,,,,,,,,,,,,,,,,,,,,,,65,,111,,,,,,,,59,,,,,,,,,,,,,,,,,,,,,,,,,
STD-DB10_2-000196,"들깨, 말린것",S,국가표준식품성분표,,농진청('13),,견과류 및 종실류,,"들깨, 말린것",,,,,,,100g,530,4.6,22.68,39.74,3.72,29.26,1.46,22,391,7.74,716,583,1,3,0,33,0.353,0.759,2.58,0,0,,2.94,0.15,2.473,0.107,1.65,-,0,101,,0,0,0,3.95,1.4,0,25.37,0.44,0,0,0,0,0,0,0,0,0,,0,,,0,1.46,,0,34.91,,0,0,2.27,11.57,0,0,25.31,,,5172.72,,,289.62,,,,,0,,24752.47,,19.49,0,0,,,4612.66,,,,,,,0,,,,,,,,,,,,,,,,,,,,,,1116,,1549,,,,,,,,769,,,,,,,,,,,,,,,,,,,,,,,,,
STD-DB10_2-000197,"들깨, 볶은것",S,국가표준식품성분표,,농진청('17),,견과류 및 종실류,,"들깨, 볶은것",,,,,,,100g,530,0.9,23.59,36.23,3.78,35.53,1.48,22,416,7.5,726,599,5,2,0,29,0.528,0.311,4.363,0,0,,2.86,0.25,4.212,0.151,1.65,-,0,63,,0.08699999999999999,0,0,5.34,1.15,8.359999999999999,0,0.27,0,0,0,0,0,0,0,0,0,,1.48,,,0,0,,0,32.6,,0,0,0,0,0,0,20.9,,,4399.95,,,395.5,,,,,2.95,,23799.88,,13.24,0,0,,,3921.35,,,,,,,8.73,,,,,,,,,,,,,,,,,,,,,,1177,,1496,,,,,,,,770,,,,,,,,,,,,,,,,,,,,,,,,,
STD-DB10_2-000198,"땅콩, 말린것",S,국가표준식품성분표,,농진청('14),,견과류 및 종실류,,"땅콩, 말린것",,,,,,,100g,520,10.8,25.74,42.57,2.53,18.36,4.4,13.4,67,3.07,425,746,5,0,0,4,0.389,0.212,10.514,0,0,,8.039999999999999,0.05,-,-,-,-,0,89,,0.857,0,0,11.65,10.9,0,7.36,0.3,0,0,0,0,0,0,0,0,0,,0,,,0,4.4,,0,33.08,,327.13,0,4.97,0,0,0,0,,,15766.69,,,189.99,,,,,0,,30.66,,14.85,0,0,,,16704.77,,,,,,,10.89,,,,,,,,,,,,,,,,,,,,,,1327,,1488,,,,,,,,697,,,,,,,,,,,,,,,,,,,,,,,,,
STD-DB10_2-000199,"땅콩, 검은색, 말린것",S,국가표준식품성분표,,농진청('10),,견과류 및 종실류,,"땅콩, 검은색, 말린것",,,,,,,100g,574,4,19.3,47.7,2.5,26.5,-,-,75,0.7,591,816,6,0,0,4,1.83,0.36,4.6,1,-,,-,-,-,-,-,-,-,-,,-,-,-,-,-,-,-,-,-,-,-,-,-,-,-,-,-,,-,,,-,-,,-,-,,-,-,-,-,-,-,-,,,-,,,-,,,,,-,,-,,-,-,-,,,-,,,,,,,-,,,,,,,,,,,,,,,,,,,,,,-,,-,,,,,,,,-,,,,,,,,,,,,,,,,,,,,,,,,,
STD-DB10_2-000200,"땅콩, 대립종, 말린것",S,국가표준식품성분표,,농진청('99),,견과류 및 종실류,,"땅콩, 대립종, 말린것",,,,,,,100g,571,4.9,26.1,49.1,3,17.1,-,-,78,2.1,359,904,16,0,0,-,0.8,0.13,18.1,0,-,,-,-,-,-,-,-,-,-,,-,-,-,-,-,-,-,-,-,-,-,-,-,-,-,-,-,,-,,,-,-,,-,-,,-,-,-,-,-,-,-,,,-,,,-,,,,,-,,-,,-,-,-,,,-,,,,,,,-,,,,,,,,,,,,,,,,,,,,,,-,,-,,,,,,,,-,,,,,,,,,,,,,,,,,,,,,,,,,
STD-DB10_2-000201,"땅콩, 중립종, 말린것",S,국가표준식품성분표,,농진청('93),,견과류 및 종실류,,"땅콩, 중립종, 말린것",,,,,,,100g,549,5.3,20.3,43,2.3,29.1,-,-,24,2.8,344,808,2,0,0,0,2.04,0.07000000000000001,16.5,0,-,,-,-,-,-,-,-,-,-,,-,-,-,-,-,-,-,-,-,-,-,-,-,-,-,-,-,,-,,,-,-,,-,-,,-,-,-,-,-,-,-,,,-,,,-,,,,,-,,-,,-,-,-,,,-,,,,,,,-,,,,,,,,,,,,,,,,,,,,,,-,,-,,,,,,,,-,,,,,,,,,,,,,,,,,,,,,,,,,
STD-DB10_2-000202,"땅콩, 소립종, 말린것",S,국가표준식품성분표,,농진청('93),,견과류 및 종실류,,"땅콩, 소립종, 말린것",,,,,,,100g,564,5.1,22.4,46.3,2,24.2,-,-,43,3.2,300,616,3,0,0,0,1.54,0.12,15.6,0,-,,-,-,-,-,-,-,-,-,,-,-,-,-,-,-,-,-,-,-,-,-,-,-,-,-,-,,-,,,-,-,,-,-,,-,-,-,-,-,-,-,,,-,,,-,,,,,-,,-,,-,-,-,,,-,,,,,,,-,,,,,,,,,,,,,,,,,,,,,,-,,-,,,,,,,,-,,,,,,,,,,,,,,,,,,,,,,,,,
STD-DB10_2-000203,"땅콩, 삶은것, 소금첨가",S,국가표준식품성분표,,USDA('18),,견과류 및 종실류,,"땅콩, 삶은것, 소금첨가",,,,,,,100g,318,41.78,13.5,22.01,1.45,21.26,2.47,8.800000000000001,55,1.01,198,180,751,0,0,0,0.259,0.063,5.259,0,0,,3.055,0,-,-,-,0.152,0,75,,0.825,-,-,4.1,4.1,-,-,-,-,-,-,-,-,0,-,-,-,,-,,,-,-,,-,17.877,,296,-,-,-,0,0,-,,,-,,,-,,,,,-,,-,,-,-,0,,,-,,,,,,,-,,,,,,,,,,,,,,,,,,,,,,814,,875,,,,,,,,475,,,,,,,,,,,,,,,,,,,,,,,,,
STD-DB10_2-000204,"땅콩, 볶은것",S,국가표준식품성분표,,농진청('14),,견과류 및 종실류,,"땅콩, 볶은것",,,,,,,100g,567,2.7,28.5,46.24,2.65,19.91,5.18,10.5,67,2.01,476,799,4,0,0,5,0.08500000000000001,0.207,9.888,0,0,,8.539999999999999,0.06,-,-,28.86,-,0,138,,1.095,0,0,1.72,1.34,0.15,2.99,0.17,0,0,0,0,0,0,0,0,0,,0,,,0,5.18,,0,35.63,,353.33,0,0,0,0,0,0,,,17144.29,,,199.07,,,,,0,,30.54,,19.41,0,0,,,17843.85,,,,,,,13.84,,,,,,,,,,,,,,,,,,,,,,1409,,1602,,,,,,,,728,,,,,,,,,,,,,,,,,,,,,,,,,
STD-DB10_2-000205,"땅콩, 가루",S,국가표준식품성분표,,농진청('14),,견과류 및 종실류,,"땅콩, 가루",,,,,,,100g,560,1.2,28.43,43.11,2.64,24.62,6.26,12.1,48,2.04,517,879,4,0,0,0,0.765,0.34,3.324,0,0,,8.34,0.05,3.312,0.012,-,-,0,282,,1.846,0,0,0.37,0.28,0,0.85,0.07000000000000001,0,0,0,0,0,0,0,0,0,,0,,,0,6.26,,0,32.85,,441.17,0,0,0,0,0,0,,,14325.43,,,184.09,,,,,0,,43.95,,19.47,0,0,,,17781.09,,,,,,,13.48,,,,,,,,,,,,,,,,,,,,,,1403,,1661,,,,,,,,791,,,,,,,,,,,,,,,,,,,,,,,,,
STD-DB10_2-000206,"땅콩, 조미, 볶은것",S,국가표준식품성분표,,농진청('18),,견과류 및 종실류,,"땅콩, 조미, 볶은것",,,,,,,100g,558,2.2,26.54,43.59,2.76,24.92,5.31,8.5,51,1.5,475,751,261,0,0,2,0.131,0.132,3.432,0,0,,8.619999999999999,0.13,1.5,1.932,41.32,0.354,0,167,,1.673,0,0,5.22,4.77,0.07000000000000001,4.11,0.21,0,0,0,0,0,0,0,0,0,,1.85,,,0,3.43,,0.03,32.74,,377.55,0,0.54,0,0,0,0,,,13708.81,,,158.1,,,,,7.55,,31.86,,18.23,0,0,,,18387.39,,,,,,,91.59,,,,,,,,,,,,,,,,,,,,,,1386,,1581,,,,,,,,815,,,,,,,,,,,,,,,,,,,,,,,,,
STD-DB10_2-000207,마름,S,국가표준식품성분표,,JAPAN('20),,견과류 및 종실류,,마름,,,,,,,100g,183,51.8,5.8,0.5,1.3,40.6,1.6,2.9,45,1.1,150,430,5,(0),(0),-,0.42,0.08,1.2,12,(0),,0.06,-,-,-,11.0,0.32,(0),430,,0.71,-,-,2.4,1.6,Tr,8.1,0.2,-,-,-,-,2,-,-,-,0.2,,0,,,(0),1.3,,0.1,0.19,,1,0,0,0,0,0,-,,,140,,,-,,,,,0,,18,,Tr,0,0,,,-,,,,,,,-,,,,,,,,,,,,,,,,,,,,,,(350),,(460),,,,,,,,(220),,,,,,,,,,,,,,,,,,,,,,,,,
STD-DB10_2-000208,"마카다미아, 조미, 볶은것",S,국가표준식품성분표,,JAPAN('20),,견과류 및 종실류,,"마카다미아, 조미, 볶은것",,,,,,,100g,751,1.3,8.300000000000001,76.7,1.5,12.2,(3.8),6.2,47,1.3,140,300,190,(0),(0),-,0.21,0.09,2.1,(0),(0),,12.46,-,-,-,6.5,0.21,(0),16,,0.50,-,-,Tr,Tr,0,0,0,-,-,-,-,5,-,-,(0),(0.1),,(0),,,(0),(3.6),,(0.1),60.79,,1800,-,-,-,-,-,-,,,1500,,,-,,,,,-,,85,,0,-,-,,,-,,,,,,,-,,,,,,,,,,,,,,,,,,,,,,430,,540,,,,,,,,290,,,,,,,,,,,,,,,,,,,,,,,,,
STD-DB10_2-000209,머루씨,S,국가표준식품성분표,,농진청('06),,견과류 및 종실류,,머루씨,,,,,,,100g,282,33.6,6.3,4.8,1.3,54,-,-,301,3.7,169,466,3,6,0,67,0.08,0.09,1,8,-,,-,-,-,-,-,-,-,-,,-,-,-,-,-,-,-,-,-,-,-,-,-,-,-,-,-,,-,,,-,-,,-,-,,-,-,-,-,-,-,-,,,-,,,-,,,,,-,,-,,-,-,-,,,-,,,,,,,-,,,,,,,,,,,,,,,,,,,,,,-,,-,,,,,,,,-,,,,,,,,,,,,,,,,,,,,,,,,,
STD-DB10_2-000210,"목화씨, 구운것",S,국가표준식품성분표,,USDA('18),,견과류 및 종실류,,"목화씨, 구운것",,,,,,,100g,506,4.65,32.59,36.29,4.58,21.9,-,5.5,100,5.4,800,1350,25,0,0,-,0.75,0.255,3,9,0,,9.699,-,-,-,-,0.782,0,233,,0.456,-,-,-,-,-,-,-,-,-,-,-,-,-,-,-,-,,-,,,-,-,,-,24.987,,0,-,-,-,0,0,-,,,-,,,-,,,,,-,,-,,-,-,0,,,-,,,,,,,-,,,,,,,,,,,,,,,,,,,,,,1580,,2226,,,,,,,,1174,,,,,,,,,,,,,,,,,,,,,,,,,
STD-DB10_2-000211,밤,S,국가표준식품성분표,,농진청('13),,견과류 및 종실류,,밤,,,,,,,100g,151,61.5,3.28,0.5,1.33,33.39,4.95,5.4,16,0.84,69,439,1,2,0,29,0.082,0.065,1.638,15.98,0,,0.13,0,1.182,0.456,0,-,0,60,,1.016,0,0,0.67,0.14,0,5.16,0.35,0,0,0,0,0,0,0,0,0,,0,,,0,4.95,,0,0.35,,2.75,0,0,0,0,0,0,,,218.89,,,9.01,,,,,0,,60.7,,0,1.82,0,,,53.77,,,,,,,0,,,,,,,,,,,,,,,,,,,,,,113,,153,,,,,,,,91,,,,,,,,,,,,,,,,,,,,,,,,,
STD-DB10_2-000212,"밤, 단택",S,국가표준식품성분표,,농진청('11),,견과류 및 종실류,,"밤, 단택",,,,,,,100g,150,61.9,2.7,0.1,1,34.3,-,4.6,13,1.2,69,469,1,0,0,3,0.92,0.07000000000000001,0.5,17,-,,-,-,-,-,-,-,-,-,,-,-,-,-,-,-,-,-,-,-,-,-,-,-,-,-,-,,-,,,-,-,,-,-,,-,-,-,-,-,-,-,,,-,,,-,,,,,-,,-,,-,-,-,,,-,,,,,,,-,,,,,,,,,,,,,,,,,,,,,,-,,-,,,,,,,,-,,,,,,,,,,,,,,,,,,,,,,,,,
STD-DB10_2-000213,"밤, 대보",S,국가표준식품성분표,,농진청('11),,견과류 및 종실류,,"밤, 대보",,,,,,,100g,146,62.9,2.9,0.1,0.8,33.3,-,3.8,14,1.1,62,413,1,2,0,20,0.83,0.06,0.9,9,-,,-,-,-,-,-,-,-,-,,-,-,-,-,-,-,-,-,-,-,-,-,-,-,-,-,-,,-,,,-,-,,-,-,,-,-,-,-,-,-,-,,,-,,,-,,,,,-,,-,,-,-,-,,,-,,,,,,,-,,,,,,,,,,,,,,,,,,,,,,-,,-,,,,,,,,-,,,,,,,,,,,,,,,,,,,,,,,,,
STD-DB10_2-000214,"밤, 옥광",S,국가표준식품성분표,,농진청('11),,견과류 및 종실류,,"밤, 옥광",,,,,,,100g,147,62.7,2.9,0.1,0.8,33.5,-,5.2,13,0.9,63,409,1,1,0,15,0.91,0.06,0.4,2,-,,-,-,-,-,-,-,-,-,,-,-,-,-,-,-,-,-,-,-,-,-,-,-,-,-,-,,-,,,-,-,,-,-,,-,-,-,-,-,-,-,,,-,,,-,,,,,-,,-,,-,-,-,,,-,,,,,,,-,,,,,,,,,,,,,,,,,,,,,,-,,-,,,,,,,,-,,,,,,,,,,,,,,,,,,,,,,,,,
STD-DB10_2-000215,"밤, 이평",S,국가표준식품성분표,,농진청('11),,견과류 및 종실류,,"밤, 이평",,,,,,,100g,157,60.1,3.5,0.1,0.9,35.4,-,4.8,15,1,74,432,2,1,0,13,0.73,0.08,0.5,3,-,,-,-,-,-,-,-,-,-,,-,-,-,-,-,-,-,-,-,-,-,-,-,-,-,-,-,,-,,,-,-,,-,-,,-,-,-,-,-,-,-,,,-,,,-,,,,,-,,-,,-,-,-,,,-,,,,,,,-,,,,,,,,,,,,,,,,,,,,,,-,,-,,,,,,,,-,,,,,,,,,,,,,,,,,,,,,,,,,
STD-DB10_2-000216,"밤, 축파",S,국가표준식품성분표,,농진청('11),,견과류 및 종실류,,"밤, 축파",,,,,,,100g,141,64.2,2.8,0.1,0.8,32.1,-,4.2,16,1.1,54,410,1,2,0,18,0.52,0.05,0.8,0,-,,-,-,-,-,-,-,-,-,,-,-,-,-,-,-,-,-,-,-,-,-,-,-,-,-,-,,-,,,-,-,,-,-,,-,-,-,-,-,-,-,,,-,,,-,,,,,-,,-,,-,-,-,,,-,,,,,,,-,,,,,,,,,,,,,,,,,,,,,,-,,-,,,,,,,,-,,,,,,,,,,,,,,,,,,,,,,,,,
STD-DB10_2-000217,"밤, 삶은것",S,국가표준식품성분표,,농진청('13),,견과류 및 종실류,,"밤, 삶은것",,,,,,,100g,154,60.9,3.45,0.51,1.19,33.95,6.06,5.600000000000001,18,0.92,72,413,0,2,0,20,0.232,0.09,1.66,15.98,0,,0.12,0,1.08,0.58,0,-,0,69,,4.559,0,0,0.44,0.13,0,3.05,0,0,0,0,0,0,0,0,0,0,,0,,,0,6.06,,0,0.36,,2.32,0,0,0,0,0,0,,,222.03,,,12.14,,,,,0,,68.06,,0,0,0,,,48.73,,,,,,,0,,,,,,,,,,,,,,,,,,,,,,122,,173,,,,,,,,94,,,,,,,,,,,,,,,,,,,,,,,,,
STD-DB10_2-000218,"밤, 구운것",S,국가표준식품성분표,,농진청('13),,견과류 및 종실류,,"밤, 구운것",,,,,,,100g,206,47.8,4.65,0.68,1.51,45.36,7.75,7.5,17,1.12,92,502,2,4,0,49,0.238,0.119,0.54,0,0,,0.15,0,0,0.54,0,-,0,35,,0.433,0,0,0.32,0,0,3.22,0,0,0,0,0,0,0,0,0,0,,0,,,0,7.75,,0,0.49,,3.32,0,0,0,0,0,0,,,320.99,,,12.95,,,,,0,,83.27,,0,0,0,,,71.38,,,,,,,0,,,,,,,,,,,,,,,,,,,,,,177,,242,,,,,,,,131,,,,,,,,,,,,,,,,,,,,,,,,,
STD-DB10_2-000219,"밤, 말린것",S,국가표준식품성분표,,보전('74),,견과류 및 종실류,,"밤, 말린것",,,,,,,100g,377,8.4,6.7,4.1,2.2,78.59999999999999,-,-,52,3.3,162,1281,7,-,-,-,0.32,0.38,1.2,-,-,,-,-,-,-,-,-,-,-,,-,-,-,-,-,-,-,-,-,-,-,-,-,-,-,-,-,,-,,,-,-,,-,-,,-,-,-,-,-,-,-,,,-,,,-,,,,,-,,-,,-,-,-,,,-,,,,,,,-,,,,,,,,,,,,,,,,,,,,,,-,,-,,,,,,,,-,,,,,,,,,,,,,,,,,,,,,,,,,
STD-DB10_2-000220,"브라질너트, 말린것",S,국가표준식품성분표,,USDA('18),,견과류 및 종실류,,"브라질너트, 말린것",,,,,,,100g,659,3.42,14.32,67.09999999999999,3.43,11.74,2.33,7.5,160,2.43,725,659,3,0,0,0,0.617,0.035,0.295,0.7,0,,16.134,-,-,-,-,0.101,0,22,,0.184,-,-,6.63,5.65,0.01,9.56,0.63,0,0,0.17,0,-,0,-,0,0,,0,,,0,2.33,,0,48.27800000000001,,27,18,-,-,0,0,-,,,23859,,,-,,,,,-,,18,,0,-,0,,,-,,,,,,,-,,,,,,,,,,,,,,,,,,,,,,733,,1190,,,,,,,,518,,,,,,,,,,,,,,,,,,,,,,,,,
STD-DB10_2-000221,"브라질너트, 조미, 볶은것",S,국가표준식품성분표,,JAPAN('20),,견과류 및 종실류,,"브라질너트, 조미, 볶은것",,,,,,,100g,703,2.8,14.9,69.09999999999999,3.6,9.6,(2.3),7.2,200,2.6,680,620,78,(0),(0),-,0.88,0.26,1.5,0,(0),,15.81,-,-,-,-,0.25,(0),1,,0.23,-,-,5.7,4.1,Tr,16.0,0.3,-,-,-,-,Tr,-,-,(0),(0),,(0),,,(0),(2.3),,(0),50.06,,46,0,0,0,0,0,-,,,29000,,,-,,,,,0,,61,,0,0,0,,,-,,,,,,,-,,,,,,,,,,,,,,,,,,,,,,(760),,"(1,200)",,,,,,,,(540),,,,,,,,,,,,,,,,,,,,,,,,,
STD-DB10_2-000222,"삼씨(대마씨), 말린것",S,국가표준식품성분표,,JAPAN('20),,견과류 및 종실류,,"삼씨(대마씨), 말린것",,,,,,,100g,450,4.6,29.9,28.3,5.5,31.7,2.3,23.0,130,13.0,1100,340,2,2,(0),25,0.35,0.19,2.3,(0),(0),,2.95,-,-,-,28.0,0.40,Tr,82,,0.57,-,-,4.1,1.8,0.1,22.0,1.1,-,-,-,-,51,-,-,-,Tr,,0,,,(0),2.3,,Tr,23.12,,110,140,0,0,0,0,-,,,15000,,,-,,,,,0,,4700,,29,0,0,,,-,,,,,,,-,,,,,,,,,,,,,,,,,,,,,,1400,,2100,,,,,,,,1200,,,,,,,,,,,,,,,,,,,,,,,,,
STD-DB10_2-000223,"수박씨, 말린것",S,국가표준식품성분표,,농진청('91),,견과류 및 종실류,,"수박씨, 말린것",,,,,,,100g,451,8.1,19.3,22.9,2.5,47.2,-,-,42,4.9,128,-,-,0,0,0,0.32,0.41,0.8,0,-,,-,-,-,-,-,-,-,-,,-,-,-,-,-,-,-,-,-,-,-,-,-,-,-,-,-,,-,,,-,-,,-,-,,-,-,-,-,-,-,-,,,-,,,-,,,,,-,,-,,-,-,-,,,-,,,,,,,-,,,,,,,,,,,,,,,,,,,,,,-,,-,,,,,,,,-,,,,,,,,,,,,,,,,,,,,,,,,,
STD-DB10_2-000224,"수박씨, 조미, 볶은것",S,국가표준식품성분표,,JAPAN('20),,견과류 및 종실류,,"수박씨, 조미, 볶은것",,,,,,,100g,528,5.9,29.6,46.4,4.7,13.4,2,7.1,70,5.3,620,640,580,1,(0),9,0.10,0.16,0.8,Tr,(0),,6.24,-,-,-,9.1,0.71,(0),120,,1.04,-,-,2.7,0.6,0.1,20.0,0.6,-,-,-,-,1,-,-,-,0,,0,,,(0),2.0,,0,29.02,,28,0,0,19,0,0,-,,,25000,,,-,,,,,0,,60,,9,0,23,,,-,,,,,,,-,,,,,,,,,,,,,,,,,,,,,,"(1,700)",,"(2,200)",,,,,,,,"(1,400)",,,,,,,,,,,,,,,,,,,,,,,,,
STD-DB10_2-000225,"아마씨, 볶은것",S,국가표준식품성분표,,JAPAN('20),,견과류 및 종실류,,"아마씨, 볶은것",,,,,,,100g,540,0.8,21.8,43.3,3.7,30.4,0.9,23.8,210,9.0,710,760,70,1,0,14,0.01,0.17,2.6,0,0,,3.62,-,-,-,33.0,0.40,Tr,45,,0.24,-,-,1.4,0.4,0,10.0,0.2,-,-,-,-,7,-,-,-,0,,0,,,(0),0.9,,0,35.68,,70,0,0,0,0,0,-,,,5600,,,-,,,,,0,,24000,,0,0,0,,,-,,,,,,,-,,,,,,,,,,,,,,,,,,,,,,1500,,1500,,,,,,,,1100,,,,,,,,,,,,,,,,,,,,,,,,,
STD-DB10_2-000226,"아몬드, 말린것",S,국가표준식품성분표,,농진청('13),,견과류 및 종실류,,"아몬드, 말린것",,,,,,,100g,581,3.4,23.44,49.96,3.11,20.09,6.82,14.5,368,4.76,523,780,6,1,0,17,0.029,1.546,3.789,0,0,,3.82,0.03,-,-,25.39,-,0,74,,0.485,0,0,8.52,8.42,0.08,0.29,0,0.11,0,0,0,0,0,0,0,0,,0,,,0,6.82,,0,43.95,,30.45,0,0,0,0,0,0,,,12928.87,,,775.85,,,,,0,,24.19,,0,0,0,,,29942.65,,,,,,,19.47,,,,,,,,,,,,,,,,,,,,,,1320,,1352,,,,,,,,667,,,,,,,,,,,,,,,,,,,,,,,,,
STD-DB10_2-000227,"아몬드, 볶은것",S,국가표준식품성분표,,농진청('13),,견과류 및 종실류,,"아몬드, 볶은것",,,,,,,100g,594,1.7,23.45,51.29,3.07,20.49,3.91,11.3,337,4.59,542,759,2,1,0,15,0.012,1.364,3.075,0,0,,3.79,0.04,-,-,27.94,-,0,64,,0,0,0,8.09,7.97,0.09,0.32,0,0.13,0,0,0,0,0,0,0,0,,0,,,0,0,,3.91,45.17999999999999,,32.34,0,0,0,0,0,0,,,12500.11,,,770.46,,,,,0,,24.54,,0,0,0,,,31630.46,,,,,,,18.63,,,,,,,,,,,,,,,,,,,,,,1310,,1356,,,,,,,,676,,,,,,,,,,,,,,,,,,,,,,,,,
STD-DB10_2-000228,"아몬드, 조미, 볶은것",S,국가표준식품성분표,,농진청('13),,견과류 및 종실류,,"아몬드, 조미, 볶은것",,,,,,,100g,568,1.5,25.74,46.61,4.33,21.82,5.82,9.6,409,3.74,555,674,549,1,0,11,0.013,1.439,2.815,0,0,,3.96,0.06,-,-,26.05,-,0,35,,0,0,0,7.1,6.98,0.07000000000000001,0.39,0,0.15,0,0.42,0,0,0,0,0,0,,0,,,0,5.82,,0,40.58,,42.07,0,0,0,0,0,0,,,10866.65,,,646.0599999999999,,,,,0,,60.71,,0,0,0,,,28769.97,,,,,,,20.49,,,,,,,,,,,,,,,,,,,,,,1453,,1481,,,,,,,,727,,,,,,,,,,,,,,,,,,,,,,,,,
STD-DB10_2-000229,연씨,S,국가표준식품성분표,,JAPAN('20),,견과류 및 종실류,,연씨,,,,,,,100g,81,77.5,5.9,0.5,1.2,14.9,(0.5),2.6,53,0.6,190,410,2,0,(0),5,0.18,0.09,1.4,27,(0),,0.10,-,-,-,-,0.16,(0),230,,0.85,-,-,0.7,0.6,0,1.2,0,-,-,-,-,1,-,-,-,(Tr),,(0),,,(0),(0.5),,(Tr),0.24,,2,0,0,0,0,0,-,,,180,,,-,,,,,0,,21,,Tr,0,Tr,,,-,,,,,,,-,,,,,,,,,,,,,,,,,,,,,,(320),,(470),,,,,,,,(290),,,,,,,,,,,,,,,,,,,,,,,,,
STD-DB10_2-000230,은행,S,국가표준식품성분표,,농진청('15),,견과류 및 종실류,,은행,,,,,,,100g,203,49.6,4.69,1.53,1.4,42.78,2.95,2.2,7,0.9,161,684,1,23,0,270,0.119,0.033,2.887,16.89,0,,0.15,0.05,2.501,0.386,11.31,-,0,49,,0.159,0,0,2.58,2.45,0,1.31,0.03,0,0,0.06,0,1.07,1.07,0,0,1.02,,0,,,0,1.47,,0.46,1.26,,5.94,0,0,0,0,0,0,,,652.08,,,295.65,,,,,1.77,,40.53,,9.49,0,0,,,213.28,,,,,,,0,,,,,,,,,,,,,,,,,,,,,,203,,298,,,,,,,,165,,,,,,,,,,,,,,,,,,,,,,,,,
STD-DB10_2-000231,"은행, 삶은것",S,국가표준식품성분표,,농진청('15),,견과류 및 종실류,,"은행, 삶은것",,,,,,,100g,186,54.5,4.31,1.86,1.08,38.25,1.91,3.5,7,0.79,146,442,1,19,0,229,0.173,0.028,1.004,7.06,0,,0.19,0.06,0.855,0.149,13.35,-,0,21,,-,0,0,2.35,2.16,0,1.87,0.07000000000000001,0,0,0.03,0,0,0,0,0,0.5600000000000001,,0,,,0,1.03,,0.32,1.52,,6.59,0,0,0,0,0,0,,,794.54,,,346.78,,,,,0,,49.62,,10.36,0,0,,,267.67,,,,,,,0,,,,,,,,,,,,,,,,,,,,,,182,,279,,,,,,,,162,,,,,,,,,,,,,,,,,,,,,,,,,
STD-DB10_2-000232,"은행, 볶은것",S,국가표준식품성분표,,농진청('15),,견과류 및 종실류,,"은행, 볶은것",,,,,,,100g,221,45.7,5,2.05,1.49,45.76,3.33,4.3,6,0.99,192,622,0,24,0,291,0.222,0.03,1.484,10.08,0,,0.21,0.07000000000000001,1.324,0.16,13.63,-,0,27,,-,0,0,3.01,2.78,0.02,2.13,0.11,0,0,0.08,0,0,0,0,0,1.01,,0,,,0,1.79,,0.53,1.69,,7.25,0,0,0,0,0,0,,,881.41,,,387.53,,,,,0,,54.98,,11.29,0,0,,,292.68,,,,,,,0,,,,,,,,,,,,,,,,,,,,,,205,,331,,,,,,,,187,,,,,,,,,,,,,,,,,,,,,,,,,
STD-DB10_2-000233,잣,S,국가표준식품성분표,,농진청('19),,견과류 및 종실류,,잣,,,,,,,100g,630,3.3,15.96,59.28,2.11,19.38,1.33,4.1,18,6.07,470,500,1,1,0,10,0.355,0.062,0.979,0,0,,3.95,3.98,0.19,0.789,0.05,0.149,0,41,,0.237,0,0,6.62,5.89,0,7.26,0.01,0,0,0.25,0,14.24,14.24,0,0,0.06,,0.01,,,0,1.17,,0.09,35.1,,391.18,13.06,0,0,0,0,0,,,21977.45,,,205.35,,,,,3.94,,86.7,,306.9,29.18,0,,,12045.69,,,,,,,0,,,,,,,,,,,,,,,,,,,,,,752,,1117,,,,,,,,592,,,,,,,,,,,,,,,,,,,,,,,,,
STD-DB10_2-000234,"잣, 볶은것",S,국가표준식품성분표,,농진청('01),,견과류 및 종실류,,"잣, 볶은것",,,,,,,100g,708,0.5,17.6,75,2.2,4.7,-,-,10,5.6,176,427,11,0,0,0,0.37,0.1,1.1,0,-,,-,-,-,-,-,-,-,-,,-,-,-,-,-,-,-,-,-,-,-,-,-,-,-,-,-,,-,,,-,-,,-,-,,-,-,-,-,-,-,-,,,-,,,-,,,,,-,,-,,-,-,-,,,-,,,,,,,-,,,,,,,,,,,,,,,,,,,,,,-,,-,,,,,,,,-,,,,,,,,,,,,,,,,,,,,,,,,,
STD-DB10_2-000235,"잣, 말린것",S,국가표준식품성분표,,농진청('08),,견과류 및 종실류,,"잣, 말린것",,,,,,,100g,640,3.5,15.4,61.5,2,17.6,-,-,21,15.9,486,-,11,0,0,0,0.58,0.05,1.3,0,-,,-,-,-,-,-,-,-,-,,-,-,-,-,-,-,-,-,-,-,-,-,-,-,-,-,-,,-,,,-,-,,-,-,,-,-,-,-,-,-,-,,,-,,,-,,,,,-,,-,,-,-,-,,,-,,,,,,,-,,,,,,,,,,,,,,,,,,,,,,-,,-,,,,,,,,-,,,,,,,,,,,,,,,,,,,,,,,,,
STD-DB10_2-000236,잣두부,S,국가표준식품성분표,,농진청('08),,견과류 및 종실류,,잣두부,,,,,,,100g,78,83.59999999999999,7.5,4.3,0.6,4,-,-,27,1.2,89,213,34,0,0,0,0.06,0.04,0.3,0,-,,-,-,-,-,-,-,-,-,,-,-,-,-,-,-,-,-,-,-,-,-,-,-,-,-,-,,-,,,-,-,,-,-,,-,-,-,-,-,-,-,,,-,,,-,,,,,-,,-,,-,-,-,,,-,,,,,,,-,,,,,,,,,,,,,,,,,,,,,,-,,-,,,,,,,,-,,,,,,,,,,,,,,,,,,,,,,,,,
STD-DB10_2-000237,"참깨, 검은색, 말린것",S,국가표준식품성분표,,농진청('13),,견과류 및 종실류,,"참깨, 검은색, 말린것",,,,,,,100g,549,2.7,20.85,44.12,5.88,26.45,0,22.4,1146,5.8,746,530,0,3,0,41,0.676,0.349,4.496,0,0,,6.06,0.04,4.169,0.327,0,-,0,-,,0,0,0,1.49,0.18,0,12.92,0.22,0.04,0,0,0,0,0,0,0,0,,0,,,0,0,,0,36.11,,78.54000000000001,0,4.66,0,0,0,0,,,19830.87,,,327.6,,,,,0,,192.43,,19.36,6.12,0,,,15600.03,,,,,,,13.36,,,,,,,,,,,,,,,,,,,,,,924,,1242,,,,,,,,680,,,,,,,,,,,,,,,,,,,,,,,,,
STD-DB10_2-000238,"참깨, 흰색, 말린것",S,국가표준식품성분표,,농진청('13),,견과류 및 종실류,,"참깨, 흰색, 말린것",,,,,,,100g,556,2.4,25.41,45.31,5.11,21.77,0,14.9,750,8.039999999999999,584,679,4,2,0,20,0.191,0.707,3.438,0.68,0,,6.68,0.05,3.188,0.25,0,-,0,57,,0.348,0,0,1.35,0.21,0,11.24,0.13,0.03,0,0,0,0,0,0,0,0,,0,,,0,0,,0,36.59999999999999,,69.38,0,5.8,0,0,0,0,,,19191.03,,,368.85,,,,,0,,167.1,,22.39,0,0,,,16724.74,,,,,,,21.29,,,,,,,,,,,,,,,,,,,,,,1162,,1509,,,,,,,,836,,,,,,,,,,,,,,,,,,,,,,,,,
STD-DB10_2-000239,"치아씨, 말린것",S,국가표준식품성분표,,USDA('18),,견과류 및 종실류,,"치아씨, 말린것",,,,,,,100g,486,5.8,16.54,30.74,4.8,42.12,-,34.4,631,7.72,860,407,16,-,-,-,0.62,0.17,8.83,1.6,-,,3.33,0.14,-,-,-,-,0,-,,-,-,-,0.5,0.5,-,-,-,-,-,-,-,-,-,-,-,-,,-,,,-,-,,-,25.974,,46,-,-,-,-,-,-,,,5835,,,-,,,,,-,,17830,,-,-,-,,,-,,,,,,,-,,,,,,,,,,,,,,,,,,,,,,943,,1371,,,,,,,,801,,,,,,,,,,,,,,,,,,,,,,,,,
STD-DB10_2-000240,"캐슈너트, 조미, 볶은것",S,국가표준식품성분표,,USDA('18),,견과류 및 종실류,,"캐슈너트, 조미, 볶은것",,,,,,,100g,581,2.34,16.84,47.77,2.89,30.16,5.01,3.3,43,6.05,531,632,308,0,0,0,0.363,0.218,1.736,0.3,0,,8.478,-,-,-,-,0.323,0,25,,0.88,-,-,1.49,0.92,0.03,5.4,0.37,0,0.1,0.2,0,-,34.7,-,0,0.08,,0,,,0,4.84,,0.08,34.46899999999999,,150,-,-,-,0,0,-,,,-,,,-,,,,,-,,-,,0,-,0,,,-,,,,,,,-,,,,,,,,,,,,,,,,,,,,,,866,,1361,,,,,,,,729,,,,,,,,,,,,,,,,,,,,,,,,,
STD-DB10_2-000241,"코코넛, 말린것",S,국가표준식품성분표,,USDA('18),,견과류 및 종실류,,"코코넛, 말린것",,,,,,,100g,660,3,6.88,64.53,1.94,23.65,7.35,16.3,26,3.32,206,543,37,0,0,0,0.06,0.1,0.603,1.5,0,,57.218,-,-,-,-,0.3,0,9,,0.8,-,-,0.44,0.44,-,-,-,-,-,-,-,-,0.3,-,-,-,,-,,,-,-,,-,3.451,,0,-,-,-,0,0,-,,,-,,,-,,,,,-,,-,,-,-,0,,,-,,,,,,,-,,,,,,,,,,,,,,,,,,,,,,326,,511,,,,,,,,270,,,,,,,,,,,,,,,,,,,,,,,,,
STD-DB10_2-000242,"코코넛, 볶은것",S,국가표준식품성분표,,USDA('18),,견과류 및 종실류,,"코코넛, 볶은것",,,,,,,100g,592,1,5.3,47,2.3,44.4,-,-,27,3.39,211,554,37,0,0,-,0.061,0.102,0.616,1.5,0,,41.678,-,-,-,-,0.306,0,9,,0.8169999999999999,-,-,-,-,-,-,-,-,-,-,-,-,-,-,-,-,,-,,,-,-,,-,2.513,,-,-,-,-,-,-,-,,,-,,,-,,,,,-,,-,,-,-,-,,,-,,,,,,,-,,,,,,,,,,,,,,,,,,,,,,251,,393,,,,,,,,208,,,,,,,,,,,,,,,,,,,,,,,,,
STD-DB10_2-000243,"코코넛, 코코넛밀크",S,국가표준식품성분표,,USDA('18),,견과류 및 종실류,,"코코넛, 코코넛밀크",,,,,,,100g,230,67.62,2.29,23.84,0.72,5.54,3.34,2.2,16,1.64,100,263,15,0,0,0,0.026,0,0.76,2.8,0,,21.14,-,-,-,-,0.033,0,16,,0.183,-,-,0.15,0.15,-,-,-,-,-,-,-,-,0.1,-,-,-,,-,,,-,-,,-,1.275,,0,-,-,-,0,0,-,,,-,,,-,,,,,-,,-,,-,-,0,,,-,,,,,,,-,,,,,,,,,,,,,,,,,,,,,,108,,170,,,,,,,,90,,,,,,,,,,,,,,,,,,,,,,,,,
STD-DB10_2-000244,코코넛수,S,국가표준식품성분표,,USDA('18),,견과류 및 종실류,,코코넛수,,,,,,,100g,19,94.98999999999999,0.72,0.2,0.39,3.71,2.61,1.1,24,0.29,20,250,105,0,0,0,0.03,0.057,0.08,2.4,0,,0.176,-,-,-,-,0.032,0,3,,0.043,-,-,0,0,-,-,-,-,-,-,-,-,0,-,-,-,,-,,,-,-,,-,0.01,,0,-,-,-,0,0,-,,,-,,,-,,,,,-,,-,,-,-,0,,,-,,,,,,,-,,,,,,,,,,,,,,,,,,,,,,34,,53,,,,,,,,28,,,,,,,,,,,,,,,,,,,,,,,,,
STD-DB10_2-000245,"피스타치오, 말린것",S,국가표준식품성분표,,USDA('18),,견과류 및 종실류,,"피스타치오, 말린것",,,,,,,100g,560,4.37,20.16,45.32,2.99,27.17,7.66,10.6,105,3.92,490,1025,1,25,0,305,0.87,0.16,1.3,5.6,0,,5.907,0,-,-,-,1.7,0,51,,0.52,-,-,4.93,2.86,0,20.41,0.8,-,-,1.67,-,-,-,-,-,0.24,,0.17,,,0,6.87,,0.32,37.637,,89,-,0,-,0,0,-,,,14091,,,-,,,,,-,,-,,0,-,0,,,-,,,,,,,-,,,,,,,,,,,,,,,,,,,,,,1009,,1604,,,,,,,,917,,,,,,,,,,,,,,,,,,,,,,,,,
STD-DB10_2-000246,"피스타치오, 볶은것",S,국가표준식품성분표,,농진청('14),,견과류 및 종실류,,"피스타치오, 볶은것",,,,,,,100g,584,1.6,25.99,48.89,2.7,20.82,8.15,10,101,3.79,515,938,4,14,0,173,0.411,0.417,1.498,0,0,,5.77,0.06,1.317,0.181,15.11,-,0,103,,0,0,0,2.9,1.26,0,16.34,0.18,0,0,1.49,0,15.72,15.723,0,0,0,,0,,,0,8.15,,0,40.93,,153.28,0,0,0,0,0,0,,,15105.77,,,1047.65,,,,,0,,794.35,,22.72,0,0,,,23346.11,,,,,,,16.12,,,,,,,,,,,,,,,,,,,,,,981,,1582,,,,,,,,826,,,,,,,,,,,,,,,,,,,,,,,,,
STD-DB10_2-000247,"피스타치오, 조미, 볶은것",S,국가표준식품성분표,,농진청('18),,견과류 및 종실류,,"피스타치오, 조미, 볶은것",,,,,,,100g,583,1.3,22.9,48.22,2.93,24.66,5.95,9.300000000000001,110,3.52,498,1024,109,22,0,269,0.884,0.289,1.923,1.41,0,,5.97,0.03,0.136,1.787,21.15,1.24,0,69,,0.532,0,0,6.2,2.77,0,33.24,0.88,0.28,0,1.36,0.11,5.78,5.78,0,0,0.22,,0,,,0,5.55,,0.17,38.31,,171.08,0,19.92,0,0,0,0,,,12816.26,,,879.73,,,,,12.95,,261.71,,13.66,0,0,,,23632.22,,,,,,,0,,,,,,,,,,,,,,,,,,,,,,877,,1331,,,,,,,,884,,,,,,,,,,,,,,,,,,,,,,,,,
STD-DB10_2-000248,"피칸, 말린것",S,국가표준식품성분표,,USDA('18),,견과류 및 종실류,,"피칸, 말린것",,,,,,,100g,691,3.52,9.17,71.97,1.49,13.86,3.97,9.6,70,2.53,277,410,0,2,0,29,0.66,0.13,1.167,1.1,0,,6.18,-,-,-,-,0.21,0,22,,0.863,-,-,4.05,1.4,0.39,24.44,0.47,-,-,-,-,-,3.5,-,-,0.04,,0,,,0,3.9,,0.04,62.41500000000001,,207,-,0,-,0,0,-,,,-,,,-,,,,,-,,-,,0,-,0,,,-,,,,,,,-,,,,,,,,,,,,,,,,,,,,,,453,,598,,,,,,,,336,,,,,,,,,,,,,,,,,,,,,,,,,
STD-DB10_2-000249,"피칸, 조미, 볶은것",S,국가표준식품성분표,,USDA('18),,견과류 및 종실류,,"피칸, 조미, 볶은것",,,,,,,100g,710,1.12,9.5,74.27,1.56,13.55,4.06,9.4,72,2.8,293,424,383,7,0,84,0.45,0.107,1.167,0.7,0,,6.283,-,-,-,-,0.187,0,16,,0.703,-,-,3.75,1.3,0.14,23.57,0.77,-,-,-,-,-,-,-,-,0.04,,0,,,0,4,,0.04,64.529,,214,-,0,-,0,0,-,,,-,,,-,,,,,-,,-,,0,-,0,,,-,,,,,,,-,,,,,,,,,,,,,,,,,,,,,,469,,619,,,,,,,,348,,,,,,,,,,,,,,,,,,,,,,,,,
STD-DB10_2-000250,"해바라기씨, 말린것",S,국가표준식품성분표,,농진청('18),,견과류 및 종실류,,"해바라기씨, 말린것",,,,,,,100g,589,4.4,21.93,52.26,2.84,18.58,2.68,8.1,103,5.65,611,573,2,2,0,28,1.203,0.321,6.118,0,0,,6.19,0.06,3.067,3.051,25.43,1.358,0,247,,1.732,0,0,29.92,28.34,3.03,0.68,0,0,0,0,0,0,0,0,0,0,,0,,,0,2.68,,0,44.56,,70.05,0,0,0,0,0,0,,,31964.81,,,226.33,,,,,7.69,,44.55,,8.880000000000001,0,0,,,12205.2,,,,,,,12.86,,,,,,,,,,,,,,,,,,,,,,1137,,1267,,,,,,,,835,,,,,,,,,,,,,,,,,,,,,,,,,
STD-DB10_2-000251,"해바라기씨, 볶은것",S,국가표준식품성분표,,USDA('18),,견과류 및 종실류,,"해바라기씨, 볶은것",,,,,,,100g,582,1.2,19.33,49.8,5.6,24.07,2.73,11.1,70,3.8,1155,850,3,0,0,5,0.106,0.246,7.042,1.4,0,,5.219,-,-,-,-,0.804,0,237,,7.042,-,-,26.7,26.1,1.19,0,0.24,0,0,0,0,-,2.7,-,-,-,,-,,,-,-,,-,42.389,,48,-,-,-,0,0,-,,,-,,,-,,,,,-,,-,,-,-,0,,,-,,,,,,,-,,,,,,,,,,,,,,,,,,,,,,1240,,1408,,,,,,,,967,,,,,,,,,,,,,,,,,,,,,,,,,
STD-DB10_2-000252,"해바라기씨, 조미, 볶은것",S,국가표준식품성분표,,JAPAN('20),,견과류 및 종실류,,"해바라기씨, 조미, 볶은것",,,,,,,100g,587,2.6,20.1,56.3,3.8,17.2,(1.4),6.9,81,3.6,830,750,250,1,(0),9,1.72,0.25,6.7,0,(0),,5.68,-,-,-,80.0,1.18,(0),280,,1.66,-,-,12.8,12.0,1.5,0.4,0.1,-,-,-,-,0,-,-,(0),(0),,(0),,,(0),(1.4),,(0),41.18,,78,0,0,0,0,0,-,,,28000,,,-,,,,,0,,90,,0,0,0,,,-,,,,,,,-,,,,,,,,,,,,,,,,,,,,,,"(1,200)",,"(1,400)",,,,,,,,(990),,,,,,,,,,,,,,,,,,,,,,,,,
STD-DB10_2-000253,"호두, 말린것",S,국가표준식품성분표,,농진청('14),,견과류 및 종실류,,"호두, 말린것",,,,,,,100g,688,2.9,15.47,71.98999999999999,1.72,7.92,0,6.699999999999999,81,2.49,355,353,3,2,0,26,0.047,0.282,2.872,0,0,,5.87,0.13,2.657,0.215,18.8,-,0,156,,0,0,0,2.6,0.82,0,17.45,1.12,0,0,0.02,0,0,0,0,0,0,,0,,,0,0,,0,62.86,,132.63,0,0,0,0,0,0,,,41449.7,,,491.99,,,,,0,,11461.39,,26.39,0,0,,,9252.280000000001,,,,,,,13.34,,,,,,,,,,,,,,,,,,,,,,654,,968,,,,,,,,630,,,,,,,,,,,,,,,,,,,,,,,,,
STD-DB10_2-000254,"호두, 볶은것",S,국가표준식품성분표,,JAPAN('20),,견과류 및 종실류,,"호두, 볶은것",,,,,,,100g,713,3.1,14.6,68.8,1.8,11.7,2.5,7.5,85,2.6,280,540,4,(0),(0),-,0.26,0.15,1.0,0,(0),,6.87,-,-,-,-,0.49,(0),91,,0.67,-,-,3.7,1.2,0.1,24.0,2.6,-,-,-,-,7,-,-,-,0,,0,,,(0),2.5,,0,60.54,,150,-,-,-,-,-,-,,,41000,,,-,,,,,-,,9000,,0,-,-,,,-,,,,,,,-,,,,,,,,,,,,,,,,,,,,,,730,,1100,,,,,,,,640,,,,,,,,,,,,,,,,,,,,,,,,,
STD-DB10_2-000255,"호박씨, 말린것",S,국가표준식품성분표,,농진청('14),,견과류 및 종실류,,"호박씨, 말린것",,,,,,,100g,548,6.7,35.35,48.18,4.43,5.34,0,4.9,38,8.619999999999999,1154,688,6,2,0,27,0.08799999999999999,0.183,1.547,0,0,,8.18,0.05,1.465,0.082,0,-,0,83,,0.116,0,0,3.8,1.25,0,25.38,0.47,0,0,0,0,0,0,0,0,0,,0,,,0,0,,0,37.79,,43.68,0,0,0,0,0,0,,,23936.61,,,298.26,,,,,0,,110.37,,7.81,0,0,,,13349.72,,,,,,,12.45,,,,,,,,,,,,,,,,,,,,,,1636,,2162,,,,,,,,1013,,,,,,,,,,,,,,,,,,,,,,,,,
STD-DB10_2-000256,"호박씨, 조미, 볶은것",S,국가표준식품성분표,,JAPAN('20),,견과류 및 종실류,,"호박씨, 조미, 볶은것",,,,,,,100g,590,4.5,26.5,51.8,5.2,12,(1.3),7.3,44,6.5,1100,840,47,2,(0),29,0.21,0.19,4.4,Tr,(0),,(9.03),-,-,-,13.0,0.16,(0),79,,0.65,-,-,2.2,0.6,0.1,15.0,0.5,-,-,-,-,2,-,-,(0),(0.1),,(0),,,(0),(1.1),,(0.1),(37.60),,(56),(0),(11),-,(0),(0),(0),,,"(21,000)",,,-,,,,,(130),,(120),,(13),(0),(0),,,-,,,,,,,-,,,,,,,,,,,,,,,,,,,,,,"(1,600)",,"(2,100)",,,,,,,,"(1,100)",,,,,,,,,,,,,,,,,,,,,,,,,
STD-DB10_2-000257,"가시오갈피, 순",S,국가표준식품성분표,,농진청('15),,채소류,,"가시오갈피, 순",,,,,,,100g,76,76,5.67,0.7,1.76,15.87,2.48,8.800000000000001,211,3.43,104,678,1,811,0,9728,0.213,0.615,1.487,100.73,0,,0.18,0,1.397,0.09,0,-,0,183,,0,0,0,1.82,1.46,0,2.13,4.85,0,0,0,0,287.26,287.26,0,0.22,1.06,,0,,,0.48,0,,0.73,0.49,,0,0,0,0,0,0,0,,,232.2,,,28.99,,,,,0,,212.73,,0,0,0,,,16.96,,,,,,,0,,,,,,,,,,,,,,,,,,,,,,257,,420,,,,,,,,194,,,,,,,,,,,,,,,,,,,,,,,,,
STD-DB10_2-000258,가지,S,국가표준식품성분표,,농진청('15),,채소류,,가지,,,,,,,100g,19,93.90000000000001,1.13,0.03,0.58,4.36,2.32,2.7,16,0.26,35,232,0,4,0,52,0.035,0.163,0.366,0,0,,0.03,0,0.013,0.353,2.47,-,0,13,,0.44,0,0,0,0,0,0,0,0,0,0,0,0,0,0,0,1.23,,0,,,0,0,,1.09,0,,0,0,0,0,0,0,0,,,0,,,0,,,,,0,,0,,0,0,0,,,0,,,,,,,0,,,,,,,,,,,,,,,,,,,,,,41,,62,,,,,,,,40,,,,,,,,,,,,,,,,,,,,,,,,,
STD-DB10_2-000259,"가지, 데친것",S,국가표준식품성분표,,농진청('15),,채소류,,"가지, 데친것",,,,,,,100g,19,94,1,0.1,0.5,4.4,1.94,3.4,17,0.32,27,179,1,10,0,125,0.018,0.08599999999999999,0.326,0,0,,0.03,0,0.005,0.321,3.2,-,0,3,,0.388,0,0,0,0,0,0,0,0,0,0,0,0,0,0,0,1,,0,,,0,0,,0.9399999999999999,0.06,,0,0,0,0,0,0,0,,,42.12,,,0,,,,,0,,22.18,,0,0,0,,,0,,,,,,,0,,,,,,,,,,,,,,,,,,,,,,34,,52,,,,,,,,33,,,,,,,,,,,,,,,,,,,,,,,,,
STD-DB10_2-000260,"가지, 말린것",S,국가표준식품성분표,,농진청('15),,채소류,,"가지, 말린것",,,,,,,100g,290,8.9,14.53,2.4,8.58,65.59,18.13,29.4,235,3.47,496,3471,13,43,0,511,0.125,0.772,3.315,0,0,,0.98,0.09,0.311,3.004,-,-,0,207,,3.905,0,0,0,0,0,0,0,0,0,0,0,60.03,60.03,0,0,6.83,,0,,,0,5.72,,5.58,1.22,,0,0,0,0,0,0,0,,,853.34,,,0,,,,,0,,299,,0,0,0,,,68.31,,,,,,,32.65,,,,,,,,,,,,,,,,,,,,,,410,,761,,,,,,,,434,,,,,,,,,,,,,,,,,,,,,,,,,
STD-DB10_2-000261,"가지, 염절임",S,국가표준식품성분표,,JAPAN('20),,채소류,,"가지, 염절임",,,,,,,100g,22,90.40000000000001,1.4,0.1,2.9,5.2,-,2.7,18,0.6,33,260,880,4,(0),44,0.03,0.04,0.4,7,(0),,(0.03),-,-,-,-,0.07000000000000001,(0),32,,0.41,-,-,0.3,0.3,0,0,0,-,-,-,-,10,-,-,-,-,,-,,,-,-,,-,(Tr),,(Tr),-,-,-,-,-,(0),,,(4),,,-,,,,,(0),,(1),,(0),(0),(0),,,-,,,,,,,-,,,,,,,,,,,,,,,,,,,,,,(43),,(66),,,,,,,,(42),,,,,,,,,,,,,,,,,,,,,,,,,
STD-DB10_2-000262,갓,S,국가표준식품성분표,,농진청('05),,채소류,,갓,,,,,,,100g,36,87.8,3.5,0.2,1.2,7.3,-,-,193,2.7,59,378,33,99,0,1183,0.24,0.16,1.2,135,-,,-,-,-,-,-,-,-,-,,-,-,-,-,-,-,-,-,-,-,-,-,-,-,-,-,-,,-,,,-,-,,-,-,,-,-,-,-,-,-,-,,,-,,,-,,,,,-,,-,,-,-,-,,,-,,,,,,,-,,,,,,,,,,,,,,,,,,,,,,-,,-,,,,,,,,-,,,,,,,,,,,,,,,,,,,,,,,,,
STD-DB10_2-000263,"갓, 돌산갓",S,국가표준식품성분표,,농진청('17),,채소류,,"갓, 돌산갓",,,,,,,100g,24,91.5,2.66,0.28,1.38,4.22,1.99,2.5,156,1.52,49,516,5,103,0,1234,0,0.101,0.832,91,0,,0.06,0,0.832,0,0,-,0,169,,0.143,0,0,0.23,0.22,0,0.04,0,0,0,0,0,174.79,174.79,0,0.05,0.93,,0.02,,,0,0,,0.99,0.18,,0,0,0,0,0,0,0,,,34.16,,,23.41,,,,,0,,115.27,,1.07,0,0,,,7.46,,,,,,,0,,,,,,,,,,,,,,,,,,,,,,259,,211,,,,,,,,88,,,,,,,,,,,,,,,,,,,,,,,,,
STD-DB10_2-000264,개비름,S,국가표준식품성분표,,농진청('15),,채소류,,개비름,,,,,,,100g,23,91.3,2.72,0.29,1.73,3.96,0.31,3.4,133,1.42,56,670,65,191,0,2289,0.01,0.158,0.615,6.47,0,,0.06,0,0.024,0.591,0,-,0,103,,0.239,0,0,0.43,0.43,0,0,0,0,0,0,0,317.54,317.54,0,0,0.31,,0,,,0,0,,0,0.22,,0,0,0,0,0,0,0,,,67.7,,,0,,,,,0,,139.14,,0,0,0,,,6.27,,,,,,,0,,,,,,,,,,,,,,,,,,,,,,106,,176,,,,,,,,101,,,,,,,,,,,,,,,,,,,,,,,,,
STD-DB10_2-000265,"개비름, 데친것",S,국가표준식품성분표,,농진청('15),,채소류,,"개비름, 데친것",,,,,,,100g,27,90.59999999999999,2.98,0.41,1.5,4.51,0.27,4.1,183,0.83,54,541,46,214,0,2571,0.067,0.12,0.502,17.5,0,,0.08,0,0.028,0.474,0,-,0,109,,0.053,0,0,0.02,0,0,0.16,0,0,0,0,0,389.28,389.28,0,0,0.27,,0,,,0,0,,0,0.32,,0,0,0,0,0,0,0,,,85.92,,,0,,,,,0,,224.45,,0,0,0,,,6.93,,,,,,,0,,,,,,,,,,,,,,,,,,,,,,127,,210,,,,,,,,100,,,,,,,,,,,,,,,,,,,,,,,,,
STD-DB10_2-000266,갯기름나물,S,국가표준식품성분표,,농진청('13),,채소류,,갯기름나물,,,,,,,100g,47,84.2,3.71,0.41,2.05,9.67,0,6.2,216,1.12,83,447,5,142,0,1707,0.065,0.509,0.995,43.48,0,,0.13,0,0.602,0.393,1.42,-,0,167,,0,0,0,0.78,0.77,0.02,0.02,0,0,0,0,0,511.13,511.13,0,0,0,,0,,,0,0,,0,0.29,,0,0,0,0,0,0,0,,,163.53,,,26.9,,,,,0,,86.93000000000001,,0,0,0,,,12.56,,,,,,,0,,,,,,,,,,,,,,,,,,,,,,195,,335,,,,,,,,160,,,,,,,,,,,,,,,,,,,,,,,,,
STD-DB10_2-000267,"갯기름나물, 노지",S,국가표준식품성분표,,농진청('13),,채소류,,"갯기름나물, 노지",,,,,,,100g,41,85.8,3.94,0.32,1.99,7.91,0,5.1,200,1.47,74,204,3,155,0,1859,0.051,0.477,0.982,19.45,0,,0.09,0,0.639,0.343,2.93,-,0,178,,0,0,0,0.51,0.49,0.03,0,0,0,0,0,0,431.16,431.16,0,0,0,,0,,,0,0,,0,0.21,,0,0,0,0,0,0,0,,,116.92,,,21.73,,,,,0,,66.73999999999999,,0,0,0,,,4.33,,,,,,,0,,,,,,,,,,,,,,,,,,,,,,209,,396,,,,,,,,171,,,,,,,,,,,,,,,,,,,,,,,,,
STD-DB10_2-000268,"갯기름나물, 하우스",S,국가표준식품성분표,,농진청('13),,채소류,,"갯기름나물, 하우스",,,,,,,100g,50,83.59999999999999,3.12,0.44,2.09,10.75,0,6.2,226,0.77,67,661,9,113,0,1360,0.078,0.284,0.851,57.74,0,,0.15,0,0.581,0.27,0,-,0,136,,0,0,0,0.95,0.95,0,0.05,0,0,0,0,0,565.7,565.7,0,0,0,,0,,,0,0,,0,0.27,,0.97,0,0,0,0,0,0,,,164.92,,,20.7,,,,,0,,76.37,,0,0,0,,,10.1,,,,,,,0,,,,,,,,,,,,,,,,,,,,,,158,,254,,,,,,,,131,,,,,,,,,,,,,,,,,,,,,,,,,
STD-DB10_2-000269,"갯기름나물, 데친것",S,국가표준식품성분표,,농진청('13),,채소류,,"갯기름나물, 데친것",,,,,,,100g,49,84.3,3.86,0.71,1.78,9.390000000000001,0,6.6,209,0.89,85,393,4,199,0,2387,0.016,0.291,0.33,43.48,0,,0.14,0,0.33,0,1.6,-,0,162,,0.374,0,0,2.38,2.35,0.03,0.04,0,0.02,0,0,0,538.16,538.16,0,0,0,,0,,,0,0,,0,0.57,,0.78,0,0,0,0,0,0,,,197.86,,,60.75,,,,,0,,297.23,,0.8,0,0,,,12.56,,,,,,,0,,,,,,,,,,,,,,,,,,,,,,193,,338,,,,,,,,162,,,,,,,,,,,,,,,,,,,,,,,,,
STD-DB10_2-000270,"갯나물, 세발나물",S,국가표준식품성분표,,농진청('13),,채소류,,"갯나물, 세발나물",,,,,,,100g,18,93.09999999999999,1.61,0.14,1.56,3.59,0,2.7,51,0.83,38,322,321,227,0,2719,0.148,0.138,1.327,3.43,0,,0.03,0,0.981,0.346,537.1,-,0,23,,0.067,0,0,0.22,0.22,0,0.04,0,0,0,0,0,195.25,195.25,0,0,0,,0,,,0,0,,0,0.11,,0,1.26,0,0,0,0,0,,,29.24,,,10.94,,,,,0,,56.89,,0,0,0,,,6.03,,,,,,,0,,,,,,,,,,,,,,,,,,,,,,71,,109,,,,,,,,57,,,,,,,,,,,,,,,,,,,,,,,,,
STD-DB10_2-000271,"갯나물, 퉁퉁마디(함초), 노지",S,국가표준식품성분표,,농진청('14),,채소류,,"갯나물, 퉁퉁마디(함초), 노지",,,,,,,100g,19,90.3,1.4,0.15,4.18,3.97,0,4.5,34,0.54,21,145,1409,136,0,1634,0.015,0.133,0.195,8.01,0,,0.04,0,0.132,0.063,0,-,0,52,,0,0,0,0.22,0.22,0,0,0,0,0,0,0,195.545,195.545,0,0,0,,0,,,0,0,,0,0.11,,0,0,0,0,0,0,0,,,35.25,,,0.59,,,,,0.71,,63.42,,0,0,0,,,4.66,,,,,,,0,,,,,,,,,,,,,,,,,,,,,,48,,78,,,,,,,,38,,,,,,,,,,,,,,,,,,,,,,,,,
STD-DB10_2-000272,게걸무,S,국가표준식품성분표,,농진청('19),,채소류,,게걸무,,,,,,,100g,57,83.5,2.84,0.2,1.07,12.43,3.24,3.5,61,0.6,86,494,9,0,0,0,0.124,0.051,0.201,36.11,0,,0.04,0,-,-,0.46,0.043,0,38,,0.217,0,0,0,0,0,0,0,0,0,0,0,0,0,0,0,0.16,,0.14,,,0,2.56,,0.37,0.09,,0,0,0,0,0,0,0,,,13.54,,,3.5,,,,,0,,67.89,,0,0,0,,,3.34,,,,,,,0,,,,,,,,,,,,,,,,,,,,,,55,,81,,,,,,,,61,,,,,,,,,,,,,,,,,,,,,,,,,
STD-DB10_2-000273,"게걸무, 잎",S,국가표준식품성분표,,농진청('19),,채소류,,"게걸무, 잎",,,,,,,100g,32,89.40000000000001,2.08,0.25,1.33,6.95,1.63,3.5,124,-,64,571,28,488,0,5856,0.128,0.096,-,59.73,0,,0.05,0,-,-,0.52,0.068,0,65,,0.273,0,0,0.33,0.33,0,0,0,0,0,0,0,362.82,362.82,0,0,0.7,,0,,,0,0.22,,0.71,0.19,,0,0,0,0,0,0,0,,,24.41,,,18.04,,,,,0,,139.14,,0,0,0,,,4.16,,,,,,,0,,,,,,,,,,,,,,,,,,,,,,-,,-,,,,,,,,-,,,,,,,,,,,,,,,,,,,,,,,,,
STD-DB10_2-000274,"겨자, 녹색",S,국가표준식품성분표,,농진청('13),,채소류,,"겨자, 녹색",,,,,,,100g,24,90.7,3.03,0.17,1.91,4.19,0,2.6,256,3.09,55,529,36,293,0,3515,0.277,0.277,0.209,-,0,,0.05,0,0.01,0.199,0,-,0,43,,0.351,0,0,1.96,1.92,0.07000000000000001,0.04,0,0,0,0,0,559.8200000000001,559.8200000000001,0,0,0,,0,,,0,0,,0,0.12,,0,0,0,0,0,0,0,,,27.57,,,13.89,,,,,0,,71.45999999999999,,0,0,0,,,2.85,,,,,,,0,,,,,,,,,,,,,,,,,,,,,,124,,253,,,,,,,,104,,,,,,,,,,,,,,,,,,,,,,,,,
STD-DB10_2-000275,"겨자, 적색",S,국가표준식품성분표,,농진청('14),,채소류,,"겨자, 적색",,,,,,,100g,24,90.90000000000001,3.54,0.27,1.72,3.57,0,2.6,234,6.19,55,457,43,313,0,3754,0.107,0.207,0.284,39.43,0,,0.05,0,0.023,0.261,0,-,0,205,,0.554,0,0,0.77,0.75,0.02,0.07000000000000001,0,0,0,0,0,468.02,468.02,0,0,0,,0,,,0,0,,0,0.21,,0,0,0,0,0,0,0,,,34.47,,,28.8,,,,,0,,141.98,,0,0,0,,,2.02,,,,,,,0,,,,,,,,,,,,,,,,,,,,,,133,,246,,,,,,,,112,,,,,,,,,,,,,,,,,,,,,,,,,
STD-DB10_2-000276,"경수채, 어린잎",S,국가표준식품성분표,,농진청('20),,채소류,,"경수채, 어린잎",,,,,,,100g,26,91.40000000000001,1.68,0.24,1.09,5.57,2.1,1.7,141,0.6899999999999999,55,369,40,227,0,2723,0.149,0.126,0.287,68.84,0,,0.04,0,0.067,0.22,0,0.204,0,59,,0.275,0,0,0.55,0.54,0.03,0,0,0,0,0,0,252.57,252.57,0,0,0.61,,0,,,0,0.18,,1.3,0.14,,0,0,0.46,0,0,0,0,,,17.28,,,21.85,,,,,0,,97.20999999999999,,0,0,0,,,2.6,,,,,,,0,,,,,,,,,,,,,,,,,,,,,,71,,92,,,,,,,,37,,,,,,,,,,,,,,,,,,,,,,,,,
STD-DB10_2-000277,"고구마, 잎",S,국가표준식품성분표,,농진청('13),,채소류,,"고구마, 잎",,,,,,,100g,47,86.5,3.92,0.44,1.8,7.34,0,5.800000000000001,196,5.64,36,794,0,571,0,6854,0.227,0.297,1.229,8.31,0,,0.13,0,1.064,0.165,0,-,0,74,,0.846,0,0,1.62,1.62,0,0.03,0,0,0,0,0,-,-,0,0,0,,0,,,0,0,,0,0.28,,0,0,0,0,0,0,0,,,43.83,,,0,,,,,0,,234.66,,0,0,0,,,4.99,,,,,,,0,,,,,,,,,,,,,,,,,,,,,,209,,325,,,,,,,,145,,,,,,,,,,,,,,,,,,,,,,,,,
STD-DB10_2-000278,"고구마, 줄기",S,국가표준식품성분표,,농진청('13),,채소류,,"고구마, 줄기",,,,,,,100g,18,94.3,0.76,0.02,1.29,3.63,0,2.2,92,0.41,15,559,1,3,0,39,0.023,0.016,0.825,1.7,0,,0.02,0,0.745,0.08,0,-,0,3,,0.175,0,0,0.03,0.03,0,0,0,0,0,0,0,24.85,24.85,0,0,0,,0,,,0,0,,0,0,,0,0,0,0,0,0,0,,,3.94,,,0,,,,,0,,0,,0,0,0,,,0,,,,,,,0,,,,,,,,,,,,,,,,,,,,,,18,,24,,,,,,,,14,,,,,,,,,,,,,,,,,,,,,,,,,
STD-DB10_2-000279,고들빼기,S,국가표준식품성분표,,농진청('07),,채소류,,고들빼기,,,,,,,100g,29,91.2,1.6,0.5,0.9,5.8,-,-,82,10.8,37,451,34,12,0,138,0.09,0.09,0.3,7,-,,-,-,-,-,-,-,-,-,,-,-,-,-,-,-,-,-,-,-,-,-,-,-,-,-,-,,-,,,-,-,,-,-,,-,-,-,-,-,-,-,,,-,,,-,,,,,-,,-,,-,-,-,,,-,,,,,,,-,,,,,,,,,,,,,,,,,,,,,,-,,-,,,,,,,,-,,,,,,,,,,,,,,,,,,,,,,,,,
STD-DB10_2-000280,"고들빼기, 이고들빼기",S,국가표준식품성분표,,농진청('09),,채소류,,"고들빼기, 이고들빼기",,,,,,,100g,39,87.59999999999999,2.5,0.4,1.3,8.199999999999999,-,3.3,128,4.8,39,531,57,6,0,68,0.13,0.17,0.4,15,-,,-,-,-,-,-,-,-,-,,-,-,-,-,-,-,-,-,-,-,-,-,-,-,-,-,-,,-,,,-,-,,-,-,,-,-,-,-,-,-,-,,,-,,,-,,,,,-,,-,,-,-,-,,,-,,,,,,,-,,,,,,,,,,,,,,,,,,,,,,-,,-,,,,,,,,-,,,,,,,,,,,,,,,,,,,,,,,,,
STD-DB10_2-000281,"고려엉겅퀴(곤드레), 재래종, 잎",S,국가표준식품성분표,,농진청('16),,채소류,,"고려엉겅퀴(곤드레), 재래종, 잎",,,,,,,100g,28,90.59999999999999,2.99,0.52,1.26,4.67,0.35,3.7,269,2.04,26,312,0,290,0,3479,0.211,0.171,0.089,11.96,0,,0.07000000000000001,0,0,0.089,0.8,0.021,0,68,,0,0,0,2.77,2.46,0.28,1.37,1.04,0,0,0,0,267.11,267.11,0,0,0.08,,0,,,0,0,,0.27,0.17,,0,0.87,0,0,0,0,0,,,72.59,,,0.82,,,,,0,,94.23999999999999,,0,0,0,,,3.13,,,,,,,0,,,,,,,,,,,,,,,,,,,,,,154,,272,,,,,,,,141,,,,,,,,,,,,,,,,,,,,,,,,,
STD-DB10_2-000282,"고려엉겅퀴(곤드레), 말린것",S,국가표준식품성분표,,농진청('22),,채소류,,"고려엉겅퀴(곤드레), 말린것",,,,,,,100g,290,8.9,28.72,5.01,7.57,49.84,1.76,35.9,1718,12.84,419,1966,4,3948,0,47375,0.062,0.54,1.188,0,0,,0.58,0.03,0,1.188,5.77,0.2,0,380,,0.954,0,0,26.66,23.7,2.69,13.13,10,0,0,0,0,4834.5,4834.5,0,0,0.7,,0,,,0,0.46,,0.61,2.13,,10.87,0,0,0,0,0,1.88,,,650.95,,,8.34,,,,,4.25,,1412.07,,3.09,0,0,,,26.54,,,,,,,1.87,,,,,,,,,,,,,,,,,,,,,,1482,,2618,,,,,,,,1354,,,,,,,,,,,,,,,,,,,,,,,,,
STD-DB10_2-000283,"고비, 야생",S,국가표준식품성분표,,농진청('13),,채소류,,"고비, 야생",,,,,,,100g,28,91.09999999999999,1.72,0.13,0.64,6.41,2.09,3.7,15,0.71,33,271,1,30,0,356,-,0.023,0.644,6.41,0,,0.05,0,0.551,0.093,0,-,0,63,,0,0,0,0.02,0.02,0,0,0,0,0,0,0,45.77,45.77,0,0,1.13,,0,,,0,0,,0.96,0.06999999999999999,,0,1.16,0,0,0,0,0,,,21.06,,,2.32,,,,,9.77,,17.57,,0,2.49,5.33,,,6.99,,,,,,,0,,,,,,,,,,,,,,,,,,,,,,76,,133,,,,,,,,64,,,,,,,,,,,,,,,,,,,,,,,,,
STD-DB10_2-000284,"고비, 재배",S,국가표준식품성분표,,농진청('98),,채소류,,"고비, 재배",,,,,,,100g,28,90.8,2.1,0.1,0.8,6.2,-,-,14,3.7,164,385,6,72,0,859,0.03,0.11,0.4,33,-,,-,-,-,-,-,-,-,-,,-,-,-,-,-,-,-,-,-,-,-,-,-,-,-,-,-,,-,,,-,-,,-,-,,-,-,-,-,-,-,-,,,-,,,-,,,,,-,,-,,-,-,-,,,-,,,,,,,-,,,,,,,,,,,,,,,,,,,,,,-,,-,,,,,,,,-,,,,,,,,,,,,,,,,,,,,,,,,,
STD-DB10_2-000285,고사리,S,국가표준식품성분표,,농진청('14),,채소류,,고사리,,,,,,,100g,22,92.3,2.9,0.17,0.83,3.8,0.2,3.4,9,0.88,67,305,0,25,0,299,0.011,0.137,0.578,2.58,0,,0.1,0,0.544,0.033,0,-,0,57,,0,0,0,0.13,0.12,0,0.14,0,0,0,0,0,37.891,37.891,0,0,0,,0,,,0,0,,0.2,0.06999999999999999,,0,0,0,0,0,0,0,,,41.27,,,2.61,,,,,0,,11.15,,0,3.37,1.06,,,7.58,,,,,,,0,,,,,,,,,,,,,,,,,,,,,,108,,186,,,,,,,,86,,,,,,,,,,,,,,,,,,,,,,,,,
STD-DB10_2-000286,"고사리, 데친것",S,국가표준식품성분표,,농진청('14),,채소류,,"고사리, 데친것",,,,,,,100g,21,92.90000000000001,2.74,0.24,0.57,3.55,0.43,2.7,15,0.48,57,197,2,40,0,485,0.004,0.097,0.439,8.380000000000001,0,,0.12,0,0.388,0.052,0,-,0,137,,0,0,0,0.48,0.44,0.04,0.15,0.03,0,0,0,0,28.411,28.411,0,0,0,,0,,,0,0,,0.43,0.11,,0,0,0,0,0,0,0,,,55.35,,,5.49,,,,,0,,31.65,,0,5.41,2.63,,,7.02,,,,,,,0,,,,,,,,,,,,,,,,,,,,,,101,,113,,,,,,,,83,,,,,,,,,,,,,,,,,,,,,,,,,
STD-DB10_2-000287,"고사리, 말린것",S,국가표준식품성분표,,식약('96),,채소류,,"고사리, 말린것",,,,,,,100g,261,12.2,25.8,0.6,7.2,54.2,-,-,188,6.4,246,2879,15,16,0,194,0.11,0.51,7.4,0,-,,-,-,-,-,-,-,-,-,,-,-,-,-,-,-,-,-,-,-,-,-,-,-,-,-,-,,-,,,-,-,,-,-,,-,-,-,-,-,-,-,,,-,,,-,,,,,-,,-,,-,-,-,,,-,,,,,,,-,,,,,,,,,,,,,,,,,,,,,,-,,-,,,,,,,,-,,,,,,,,,,,,,,,,,,,,,,,,,
STD-DB10_2-000288,"고사리, 삶아서 말린것",S,국가표준식품성분표,,농진청('14),,채소류,,"고사리, 삶아서 말린것",,,,,,,100g,273,7.1,27.85,2.11,8.130000000000001,56.58,0,42,147,6.75,760,3287,24,367,0,4400,0.054,0.776,4.556,5.56,0,,1.55,0,4.319,0.237,0,-,0,398,,0,0,0,13.77,13.12,0.84,2.17,0.35,0,0,0,0,366.638,366.638,0,0,0,,0,,,0,0,,0,1.31,,0,0,0,2.85,0,0,0,,,646.83,,,57.12,,,,,5.93,,390.02,,12.76,65.84,36.36,,,87.73,,,,,,,0,,,,,,,,,,,,,,,,,,,,,,1328,,2310,,,,,,,,1055,,,,,,,,,,,,,,,,,,,,,,,,,
STD-DB10_2-000289,고수(향채),S,국가표준식품성분표,,농진청('20),,채소류,,고수(향채),,,,,,,100g,25,91.40000000000001,2.43,0.31,1.33,4.53,0.7,2.4,79,0.83,52,358,51,362,0,4339,0.074,0.182,1.23,34.45,0,,0.06,0,-,-,2.02,0.164,0,97,,0.419,0,0,2.76,2.76,0,0,0,0,0,0,0,347.86,347.86,0,0,0.36,,0,,,0,0,,0.34,0.14,,0,0,0,0,0,0,0,,,54.73,,,18.62,,,,,0,,59.88,,0,0,0,,,7.33,,,,,,,0,,,,,,,,,,,,,,,,,,,,,,-,,-,,,,,,,,-,,,,,,,,,,,,,,,,,,,,,,,,,
STD-DB10_2-000290,"고추, 싹",S,국가표준식품성분표,,농진청('84),,채소류,,"고추, 싹",,,,,,,100g,21,92.90000000000001,2.6,0.1,0.6,3.8,-,-,39,8.5,61,-,-,7,0,82,0.04,0.24,0.2,8,-,,-,-,-,-,-,-,-,-,,-,-,-,-,-,-,-,-,-,-,-,-,-,-,-,-,-,,-,,,-,-,,-,-,,-,-,-,-,-,-,-,,,-,,,-,,,,,-,,-,,-,-,-,,,-,,,,,,,-,,,,,,,,,,,,,,,,,,,,,,-,,-,,,,,,,,-,,,,,,,,,,,,,,,,,,,,,,,,,
STD-DB10_2-000291,"고추, 빨간색",S,국가표준식품성분표,,농진청('15),,채소류,,"고추, 빨간색",,,,,,,100g,85,77.40000000000001,3.12,2.73,1.41,15.34,5.48,10.2,14,0.75,81,575,1,295,0,3537,0.39,0.383,2.539,122.74,0,,0.49,0,0.002,2.537,0,-,0,65,,0.888,0,0,7.59,7.48,0.08,0.66,0,0,0,0,0,99.79000000000001,99.79000000000001,0,0,3.04,,0,,,0,0,,2.44,2.12,,2.19,0,0,0,0,0,0,,,1612,,,31.22,,,,,0,,129.89,,0,0,0,,,327.36,,,,,,,0,,,,,,,,,,,,,,,,,,,,,,137,,176,,,,,,,,104,,,,,,,,,,,,,,,,,,,,,,,,,
STD-DB10_2-000292,"고추, 연두색, 시레나",S,국가표준식품성분표,,농진청('02),,채소류,,"고추, 연두색, 시레나",,,,,,,100g,19,94.09999999999999,1,0.1,0.4,4.4,-,-,5,0.4,19,231,3,1,-,6,0.06,0.02,0.7,40,-,,-,-,-,-,-,-,-,-,,-,-,-,-,-,-,-,-,-,-,-,-,-,-,-,-,-,,-,,,-,-,,-,-,,-,-,-,-,-,-,-,,,-,,,-,,,,,-,,-,,-,-,-,,,-,,,,,,,-,,,,,,,,,,,,,,,,,,,,,,-,,-,,,,,,,,-,,,,,,,,,,,,,,,,,,,,,,,,,
STD-DB10_2-000293,"고추, 초록색, 녹광",S,국가표준식품성분표,,농진청('01),,채소류,,"고추, 초록색, 녹광",,,,,,,100g,27,92.59999999999999,1.4,0.8,0.5,4.6,-,-,14,0.9,39,162,9,-,-,-,-,-,-,72,-,,-,-,-,-,-,-,-,-,,-,-,-,-,-,-,-,-,-,-,-,-,-,-,-,-,-,,-,,,-,-,,-,-,,-,-,-,-,-,-,-,,,-,,,-,,,,,-,,-,,-,-,-,,,-,,,,,,,-,,,,,,,,,,,,,,,,,,,,,,-,,-,,,,,,,,-,,,,,,,,,,,,,,,,,,,,,,,,,
STD-DB10_2-000294,"고추, 풋고추",S,국가표준식품성분표,,농진청('14),,채소류,,"고추, 풋고추",,,,,,,100g,29,91.09999999999999,1.71,0.19,0.58,6.42,1.8,4.4,15,0.5,38,270,1,38,0,458,0.008,0.076,0.5580000000000001,43.95,0,,0.04,0,0.04,0.517,0,-,0,25,,0,0,0,0.18,0.17,0,0.09,0,0,0,0,0,53.612,53.612,0,0,0.7,,0,,,0,0,,1.1,0.13,,0,0,0,0,0,0,0,,,108.28,,,1.8,,,,,0,,15.36,,0,0,0,,,7.66,,,,,,,0,,,,,,,,,,,,,,,,,,,,,,55,,67,,,,,,,,37,,,,,,,,,,,,,,,,,,,,,,,,,
STD-DB10_2-000295,"고추, 꽈리고추",S,국가표준식품성분표,,농진청('14),,채소류,,"고추, 꽈리고추",,,,,,,100g,33,89.59999999999999,1.83,0.13,0.66,7.78,1.98,3.2,15,0.6,42,279,2,40,0,474,0.07000000000000001,0.094,0.929,56.7,0,,0.04,0,0.033,0.897,0,-,0,96,,0,0,0,0.19,0.19,0,0.03,0,0,0,0,0,76.499,76.499,0,0,0.85,,0,,,0,0,,1.13,0.09,,0,0,0,0,0,0,0,,,63.46,,,1.48,,,,,0,,11.83,,0,0,0,,,5.24,,,,,,,0,,,,,,,,,,,,,,,,,,,,,,69,,100,,,,,,,,53,,,,,,,,,,,,,,,,,,,,,,,,,
STD-DB10_2-000296,"고추, 오이고추",S,국가표준식품성분표,,농진청('14),,채소류,,"고추, 오이고추",,,,,,,100g,23,92.90000000000001,0.99,0.12,0.48,5.51,0.76,2.7,11,0.39,27,227,1,33,0,394,0.137,0.038,0.999,78.01000000000001,0,,0.03,0,0.043,0.957,0,-,0,6,,0,0,0,0.21,0.2,0,0.06,0,0,0,0,0,40.386,40.386,0,0,0.15,,0,,,0,0,,0.61,0.08,,0,0,0,0,0,0,0,,,60.11,,,1.17,,,,,0,,13.52,,0,0,0,,,4.98,,,,,,,0,,,,,,,,,,,,,,,,,,,,,,50,,61,,,,,,,,34,,,,,,,,,,,,,,,,,,,,,,,,,
STD-DB10_2-000297,"고추, 청양고추",S,국가표준식품성분표,,농진청('14),,채소류,,"고추, 청양고추",,,,,,,100g,31,90.5,1.53,0.3,0.66,7.01,0.34,4.7,10,0.51,37,290,1,38,0,456,0.042,0.055,0.53,51.35,0,,0.06,0,0.038,0.492,0,-,0,34,,0,0,0,0.2,0.16,0.06,0.06,0,0,0,0,0,51.509,51.509,0,0,0,,0,,,0,0,,0.34,0.23,,0,0,0,0,0,0,0,,,192.3,,,3.53,,,,,0,,17.7,,0,0,0,,,13.75,,,,,,,0,,,,,,,,,,,,,,,,,,,,,,56,,73,,,,,,,,39,,,,,,,,,,,,,,,,,,,,,,,,,
STD-DB10_2-000298,고추장아찌,S,국가표준식품성분표,,농진청('16),,채소류,,고추장아찌,,,,,,,100g,124,59.7,2.39,0.63,5.79,31.49,11.38,4.8,16,1.1,34,209,2026,24,0,291,0.195,0.024,0.216,11.8,0,,0.11,0,0.216,0,0,-,0,17,,0,0,0,1.2,1.16,0.02,0.17,0,0.03,0,0,0,0,0,0,0,0,,4.09,,,0,0,,7.29,0.49,,0,0,0,0,0,0,0,,,404.62,,,6.1,,,,,0,,46.48,,0,0,0,,,32.42,,,,,,,0,,,,,,,,,,,,,,,,,,,,,,88,,141,,,,,,,,104,,,,,,,,,,,,,,,,,,,,,,,,,
STD-DB10_2-000299,고춧잎,S,국가표준식품성분표,,농진청('13),,채소류,,고춧잎,,,,,,,100g,45,83.59999999999999,5.07,0.32,2.52,8.49,0,2.8,369,4.35,62,589,4,434,0,5203,0.123,0.322,1.782,24.03,0,,0.14,0,1.409,0.373,2.1,-,0,103,,0.629,0,0,1.9,1.89,0,0.05,0,0,0,0,0,871.4299999999999,871.4299999999999,0,0,0,,0,,,0,0,,0,0.16,,0,0,0,0,0,0,0,,,64.84999999999999,,,10.97,,,,,0,,72.86,,0,0,0,,,9.75,,,,,,,0,,,,,,,,,,,,,,,,,,,,,,246,,425,,,,,,,,180,,,,,,,,,,,,,,,,,,,,,,,,,
STD-DB10_2-000300,"고춧잎, 데친것",S,국가표준식품성분표,,농진청('13),,채소류,,"고춧잎, 데친것",,,,,,,100g,51,83,5.16,0.85,2.09,8.9,0,6.9,457,1.85,54,518,2,558,0,6694,0.257,0.301,0.339,8.210000000000001,0,,0.18,0,0.113,0.226,2.35,-,0,79,,0.091,0,0,5.51,5.42,0.13,0.2,0,0.03,0,0,0,704.22,704.22,0,0,0,,0,,,0,0,,0,0.63,,0,0,0,0,0,0,0,,,150.76,,,34.24,,,,,0,,438.54,,0,0,0,,,9.140000000000001,,,,,,,0,,,,,,,,,,,,,,,,,,,,,,273,,453,,,,,,,,200,,,,,,,,,,,,,,,,,,,,,,,,,
STD-DB10_2-000301,"고춧잎, 말린것",S,국가표준식품성분표,,농진청('13),,채소류,,"고춧잎, 말린것",,,,,,,100g,266,8.6,35.43,5.3,12.87,37.8,0,33.7,1495,31.61,447,3780,25,2117,0,25401,0.929,4.885,14.728,13.89,0,,1.12,0,13.041,1.687,2.63,-,0,189,,0,0,0,11.27,11.13,0.21,0.3,0,0,0,0,0,8701.84,8701.84,0,0,0,,0,,,0,0,,0,3.95,,0,0,0,0,0,0,0,,,998.97,,,222.12,,,,,0,,2622.89,,0,0,0,,,92.25,,,,,,,0,,,,,,,,,,,,,,,,,,,,,,1776,,2825,,,,,,,,1389,,,,,,,,,,,,,,,,,,,,,,,,,
STD-DB10_2-000302,"고춧잎, 삶아서 말린것, 삶은것",S,국가표준식품성분표,,농진청('13),,채소류,,"고춧잎, 삶아서 말린것, 삶은것",,,,,,,100g,41,86.8,4.41,0.76,1.37,6.66,0,6.5,590,2,21,53,4,633,0,7593,0.029,0.097,0.371,6.06,0,,0.18,0,0.289,0.082,2.49,-,0,8,,0,0,0,7.32,7.23,0.12,0.18,0,0.03,0,0,0,1100.88,1100.88,0,0,0,,0,,,0,0,,0,0.54,,0,0,0,0,0,0,0,,,144.16,,,20.75,,,,,0,,362.41,,0,0,0,,,9.77,,,,,,,0,,,,,,,,,,,,,,,,,,,,,,250,,467,,,,,,,,200,,,,,,,,,,,,,,,,,,,,,,,,,
STD-DB10_2-000303,"고추냉이, 뿌리",S,국가표준식품성분표,,농진청('85),,채소류,,"고추냉이, 뿌리",,,,,,,100g,103,71.5,2.9,0.5,1.3,23.7,-,-,41,0.6,68,570,1,1,0,16,0.01,0.18,0.8,19,-,,-,-,-,-,-,-,-,-,,-,-,-,-,-,-,-,-,-,-,-,-,-,-,-,-,-,,-,,,-,-,,-,-,,-,-,-,-,-,-,-,,,-,,,-,,,,,-,,-,,-,-,-,,,-,,,,,,,-,,,,,,,,,,,,,,,,,,,,,,-,,-,,,,,,,,-,,,,,,,,,,,,,,,,,,,,,,,,,
STD-DB10_2-000304,"고추냉이, 잎줄기",S,국가표준식품성분표,,농진청('19),,채소류,,"고추냉이, 잎줄기",,,,,,,100g,27,91.09999999999999,1.93,0.41,1.23,5.35,1.06,4.2,175,2.45,37,253,15,350,0,4205,0.236,0.106,0.129,25.34,0,,0.05,0,-,-,0.39,0,0,-,,0.146,0,0,0,0,0,0,0,0,0,0,0,979.6,979.6,0,0,0.49,,0,,,0,0,,0.5600000000000001,0.19,,0,0,0,0,0,0,0,,,37.88,,,18.33,,,,,0,,116.09,,0,0,0,,,13.49,,,,,,,0,,,,,,,,,,,,,,,,,,,,,,-,,-,,,,,,,,-,,,,,,,,,,,,,,,,,,,,,,,,,
STD-DB10_2-000305,곤달비,S,국가표준식품성분표,,농진청('02),,채소류,,곤달비,,,,,,,100g,42,86.5,1.8,0.5,1.8,9.4,-,-,197,6.2,47,552,2,358,0,4300,0.1,0.26,0.4,44,-,,-,-,-,-,-,-,-,-,,-,-,-,-,-,-,-,-,-,-,-,-,-,-,-,-,-,,-,,,-,-,,-,-,,-,-,-,-,-,-,-,,,-,,,-,,,,,-,,-,,-,-,-,,,-,,,,,,,-,,,,,,,,,,,,,,,,,,,,,,-,,-,,,,,,,,-,,,,,,,,,,,,,,,,,,,,,,,,,
STD-DB10_2-000306,"곤달비, 데친것",S,국가표준식품성분표,,농진청('02),,채소류,,"곤달비, 데친것",,,,,,,100g,35,89.3,1.8,0.5,1,7.4,-,-,207,5,40,279,2,298,0,3571,0.08,0.17,0.4,13,-,,-,-,-,-,-,-,-,-,,-,-,-,-,-,-,-,-,-,-,-,-,-,-,-,-,-,,-,,,-,-,,-,-,,-,-,-,-,-,-,-,,,-,,,-,,,,,-,,-,,-,-,-,,,-,,,,,,,-,,,,,,,,,,,,,,,,,,,,,,-,,-,,,,,,,,-,,,,,,,,,,,,,,,,,,,,,,,,,
STD-DB10_2-000307,공심채,S,국가표준식품성분표,,농진청('20),,채소류,,공심채,,,,,,,100g,26,91.2,1.67,0.25,1.34,5.57,0.66,2.7,110,1.89,47,506,33,326,0,3914,0.126,0.129,1.261,24.43,0,,0.07000000000000001,0,-,-,0.74,0.067,0,74,,0.224,0,0,2.81,2.77,0,0.38,0,0,0,0,0,315.25,315.25,0,0,0.41,,0,,,0,0,,0.25,0.13,,0,0,0,0,0,0,0,,,37.63,,,0,,,,,0,,87.39,,0,0,0,,,4.42,,,,,,,0,,,,,,,,,,,,,,,,,,,,,,68,,91,,,,,,,,55,,,,,,,,,,,,,,,,,,,,,,,,,
STD-DB10_2-000308,"공심채, 데친것",S,국가표준식품성분표,,농진청('20),,채소류,,"공심채, 데친것",,,,,,,100g,26,91.40000000000001,1.69,0.34,1.25,5.36,0.38,2.9,88,0.5600000000000001,39,500,18,317,0,3800,0.068,0.14,0.6820000000000001,10.83,0,,0.07000000000000001,0,-,-,0.55,0.017,0,61,,0.152,0,0,0.6899999999999999,0.68,0,0.11,0,0,0,0,0,295.36,295.36,0,0,0.23,,0,,,0,0,,0.15,0.22,,0,0,0,0,0,0,0,,,40.56,,,0,,,,,0,,173.75,,0,0,0,,,5.29,,,,,,,0,,,,,,,,,,,,,,,,,,,,,,68,,92,,,,,,,,55,,,,,,,,,,,,,,,,,,,,,,,,,
STD-DB10_2-000309,"꾸지뽕, 잎",S,국가표준식품성분표,,농진청('15),,채소류,,"꾸지뽕, 잎",,,,,,,100g,85,72.8,5.06,0.51,2.45,19.18,3.07,13.5,595,1.74,139,618,7,417,0,5003,0.083,0.752,0.141,29.3,0,,0.13,0,0,0.141,0,-,0,147,,0.854,0,0,2.15,2.15,0,0,0,0,0,0,0,536.83,536.83,0,0.07000000000000001,1.23,,0,,,0,0.09,,1.68,0.35,,0,0,0,0,0,0,0,,,95.15000000000001,,,0,,,,,0,,245.41,,0,0,0,,,9.58,,,,,,,0,,,,,,,,,,,,,,,,,,,,,,231,,402,,,,,,,,211,,,,,,,,,,,,,,,,,,,,,,,,,
STD-DB10_2-000310,"구기자, 순, 재래종",S,국가표준식품성분표,,농진청('15),,채소류,,"구기자, 순, 재래종",,,,,,,100g,50,83.90000000000001,6.27,1.08,1.7,7.05,0.78,5.1,10,1.58,102,551,2,93,0,1117,0.077,0.274,0.175,15.82,-,,0.12,0,0.128,0.047,1.72,-,0,156,,0,-,-,0.42,0.41,0,0.05,0,0,0,0,0,257.62,257.62,0,0.5,0.08,,0,,,0,0.17,,0.03,0.29,,0,0,0,0,0,0,10.91,,,101.62,,,16.69,,,,,0,,156.36,,0,0,0,,,6.77,,,,,,,2.47,,,,,,,,,,,,,,,,,,,,,,267,,452,,,,,,,,229,,,,,,,,,,,,,,,,,,,,,,,,,
STD-DB10_2-000311,"구기자, 잎, 재래종",S,국가표준식품성분표,,농진청('15),,채소류,,"구기자, 잎, 재래종",,,,,,,100g,56,81.40000000000001,6.33,1.57,2.93,7.77,0.24,5.4,572,2.32,68,690,8,404,0,4853,0.127,0.399,0.228,10.22,-,,0.18,0,0.139,0.089,1.46,-,0,69,,0,-,-,1.6,1.59,0,0.05,0,0,0,0,0,682.73,682.73,0,0,0.1,,0,,,0,0.09,,0.05,0.55,,0,2.12,0,0,0,0,22.08,,,101.51,,,33.84,,,,,0,,371.24,,0,0,0,,,12.7,,,,,,,0,,,,,,,,,,,,,,,,,,,,,,395,,503,,,,,,,,283,,,,,,,,,,,,,,,,,,,,,,,,,
STD-DB10_2-000312,근대,S,국가표준식품성분표,,농진청('13),,채소류,,근대,,,,,,,100g,18,93,1.78,0.2,1.74,3.28,0,2.7,49,0.53,34,562,173,254,0,3046,0.094,0.108,0.839,4.8,0,,0.05,0,0.829,0.01,0,-,0,73,,0.183,0,0,0.46,0.46,0,0,0,0,0,0,0,349.93,349.93,0,0,0,,0,,,0,0,,0,0.14,,0.86,0,0,0,0,0,0,,,35.8,,,5.53,,,,,0,,86.13,,0,0,0,,,13.1,,,,,,,0,,,,,,,,,,,,,,,,,,,,,,84,,130,,,,,,,,62,,,,,,,,,,,,,,,,,,,,,,,,,
STD-DB10_2-000313,"근대, 데친것",S,국가표준식품성분표,,농진청('13),,채소류,,"근대, 데친것",,,,,,,100g,20,92.59999999999999,1.79,0.2,1.46,3.95,0,2.6,61,0.46,32,467,138,290,0,3480,0,0.064,0.167,0,0,,0.04,0,0.136,0.032,0,-,0,57,,0.183,0,0,1.2,1.2,0,0,0,0,0,0,0,444.53,444.53,0,0,0,,0,,,0,0,,0,0.16,,0,0,0,0,0,0,0,,,32.55,,,4.26,,,,,0,,106.04,,0,0,0,,,11.42,,,,,,,0,,,,,,,,,,,,,,,,,,,,,,99,,155,,,,,,,,73,,,,,,,,,,,,,,,,,,,,,,,,,
STD-DB10_2-000314,"김치, 갓김치",S,국가표준식품성분표,,농진청('16),,채소류,,"김치, 갓김치",,,,,,,100g,37,86.40000000000001,3.26,0.4,2.87,7.07,2.46,3,103,0.83,49,328,720,101,0,1213,0.108,0.34,0.591,1.65,0,,0.08,0.01,0.067,0.524,0,-,0,45,,0.55,0,0,0.44,0.39,0.01,0.19,0,0.08,0,0,0,120.8,120.8,0,0,0.68,,0,,,0,0.8100000000000001,,0.97,0.3,,0,0,0,0,0,0,0,,,176.62,,,18.18,,,,,0,,75.87,,0,0,0,,,26.51,,,,,,,0.87,,,,,,,,,,,,,,,,,,,,,,83,,165,,,,,,,,69,,,,,,,,,,,,,,,,,,,,,,,,,
STD-DB10_2-000315,"김치, 고들빼기",S,국가표준식품성분표,,농진청('22),,채소류,,"김치, 고들빼기",,,,,,,100g,68,81.09999999999999,2.84,0.66,2.83,12.58,4.12,3.9,46,2.78,37,221,894,182,0,2181,0.054,0.102,0.8120000000000001,1.12,0,,0.11,0,0.363,0.449,1.83,0.082,0.1,19,,0.697,0,0,3.71,3.38,0.47,0.97,0,0,0,0,0,258.19,258.19,0,0,1.25,,1.61,,,0,0.2,,1.06,0.37,,0,0,0,0,0,0,0,,,252.77,,,6.06,,,,,0,,77.04000000000001,,0,0,0,,,35.14,,,,,,,0,,,,,,,,,,,,,,,,,,,,,,148,,176,,,,,,,,97,,,,,,,,,,,,,,,,,,,,,,,,,
STD-DB10_2-000316,"김치, 깍두기",S,국가표준식품성분표,,농진청('22),,채소류,,"김치, 깍두기",,,,,,,100g,40,88.09999999999999,1.36,0.21,2.04,8.27,3.22,2.7,32,0.29,25,258,523,11,0,127,0.045,0.033,0.248,2.91,0,,0.03,0,0.13,0.118,0.84,0.07099999999999999,0,20,,0.107,0,0,0.44,0.39,0.01,0.2,0,0.07000000000000001,0,0,0,10.16,10.16,0,0,1.49,,0.05,,,0,0,,1.68,0.11,,0,0,0,0,0,0,0,,,71.09,,,4.04,,,,,0,,16.22,,0,0,0,,,13.09,,,,,,,0,,,,,,,,,,,,,,,,,,,,,,29,,35,,,,,,,,26,,,,,,,,,,,,,,,,,,,,,,,,,
STD-DB10_2-000317,"김치, 나박 김치",S,국가표준식품성분표,,농진청('16),,채소류,,"김치, 나박 김치",,,,,,,100g,7,97,0.34,0.07000000000000001,1.32,1.27,0.29,1.2,12,0.1,12,88,421,15,0,181,0.045,0.03,0.251,3.5,0,,0.02,0,0.051,0.2,0,-,0,2,,0,0,0,0.2,0.19,0,0.05,0,0.01,0,0.01,0,0,0,0,0,0.12,,0,,,0.03,0,,0.15,0.06,,0,0,0,0,0,0,0,,,30.57,,,1.92,,,,,0,,15.08,,0,0,0,,,5.75,,,,,,,0,,,,,,,,,,,,,,,,,,,,,,9,,12,,,,,,,,7,,,,,,,,,,,,,,,,,,,,,,,,,
STD-DB10_2-000318,"김치, 동치미",S,국가표준식품성분표,,농진청('16),,채소류,,"김치, 동치미",,,,,,,100g,8,96.2,0.33,0.01,1.69,1.77,0.62,0.5,10,0.07000000000000001,8,82,533,1,0,16,0.02,0.013,0.181,2.32,0,,0,0,0.146,0.035,0,-,0,9,,0,0,0,0.04,0.02,0.02,0.01,0,0.03,0,0.01,0,0,0,0,0,0.29,,0,,,0,0,,0.33,0.01,,0,0,0,0,0,0,0,,,3.57,,,0.44,,,,,0,,2.02,,0,0,0,,,2.29,,,,,,,0,,,,,,,,,,,,,,,,,,,,,,12,,19,,,,,,,,11,,,,,,,,,,,,,,,,,,,,,,,,,
STD-DB10_2-000319,"김치, 배추 김치",S,국가표준식품성분표,,농진청('22),,채소류,,"김치, 배추 김치",,,,,,,100g,38,88.90000000000001,1.98,0.43,2.21,6.49,2.4,2.5,43,0.43,49,334,551,35,0,418,0.052,0.06,0.509,3.59,0,,0.07000000000000001,0,-,-,1.09,0.097,0,22,,0.617,0,0,0.75,0.73,0,0.15,0,0,0,0,0,70.31,70.31,0,0,1.06,,0,,,0,0,,1.34,0.32,,0,0,0,0,0,0,0,,,205.1,,,9.91,,,,,0,,37.13,,0,0,0,,,63.58,,,,,,,0,,,,,,,,,,,,,,,,,,,,,,61,,83,,,,,,,,54,,,,,,,,,,,,,,,,,,,,,,,,,
STD-DB10_2-000320,"김치, 백김치",S,국가표준식품성분표,,농진청('16),,채소류,,"김치, 백김치",,,,,,,100g,16,94.5,0.95,0.07000000000000001,1.48,3,1.04,1.9,35,0.24,29,187,395,2,0,24,0.016,0.04,0.261,15.98,0,,0.01,0.01,0.07000000000000001,0.191,0,-,0,34,,0,0,0,0.06,0.04,0.02,0.01,0,0.03,0,0.01,0,0,0,0,0,0.46,,0,,,0,0,,0.58,0.04,,0.41,0,0,0,0,0,0,,,17.86,,,3.38,,,,,0,,16.53,,0,0,0,,,9.06,,,,,,,0,,,,,,,,,,,,,,,,,,,,,,19,,38,,,,,,,,46,,,,,,,,,,,,,,,,,,,,,,,,,
STD-DB10_2-000321,"김치, 열무 김치",S,국가표준식품성분표,,농진청('22),,채소류,,"김치, 열무 김치",,,,,,,100g,36,89,2.39,0.38,2.34,5.87,0.68,2.7,115,0.65,44,353,583,146,0,1756,0.028,0.105,0.289,3.3,0,,0.06,0,0.217,0.07199999999999999,0.85,0.156,0,63,,0.787,0,0,0.4,0.35,0.01,0.19,0,0.09,0,0,0,152.4,152.4,0,0,0.24,,0.01,,,0.07000000000000001,0.08,,0.28,0.21,,1.15,0,0,0,0,0,0,,,107.47,,,15.9,,,,,0.45,,66.09999999999999,,0,0,0,,,17.89,,,,,,,0.42,,,,,,,,,,,,,,,,,,,,,,74,,124,,,,,,,,61,,,,,,,,,,,,,,,,,,,,,,,,,
STD-DB10_2-000322,"김치, 열무 물김치",S,국가표준식품성분표,,농진청('16),,채소류,,"김치, 열무 물김치",,,,,,,100g,18,94.09999999999999,1.41,0.07000000000000001,1.51,2.91,1.68,0.5,32,0.21,13,103,493,32,0,378,0.028,0.041,0.08500000000000001,3.88,0,,0.02,0,0,0.08500000000000001,0,-,0,16,,0.383,0,0,0.3,0.27,0.03,0.03,0.04,0.05,0,0,0.01,0,0,0,0,0.85,,0,,,0,0.11,,0.72,0.05,,0,0,0,0,0,0,0,,,34.59,,,0.79,,,,,0,,7.34,,0,0,0,,,6.09,,,,,,,0,,,,,,,,,,,,,,,,,,,,,,53,,119,,,,,,,,54,,,,,,,,,,,,,,,,,,,,,,,,,
STD-DB10_2-000323,"김치, 오이 소박이",S,국가표준식품성분표,,농진청('16),,채소류,,"김치, 오이 소박이",,,,,,,100g,37,89.8,1.76,0.37,1.41,6.66,3.17,3.1,29,0.57,40,283,302,56,2,649,0.077,0.099,0.336,0.89,0,,0.08,0,0.016,0.32,0,-,0,24,,0.548,0,0,0.57,0.52,0.01,0.24,0.05,0.08,0,0,0,0,0,0,0.54,1.33,,0,,,0,0,,1.3,0.28,,0,0,0,0,0,0,0,,,198.67,,,4.64,,,,,0,,37.93,,0,0,0,,,30.14,,,,,,,0,,,,,,,,,,,,,,,,,,,,,,66,,79,,,,,,,,48,,,,,,,,,,,,,,,,,,,,,,,,,
STD-DB10_2-000324,"김치, 유채 김치",S,국가표준식품성분표,,농진청('04),,채소류,,"김치, 유채 김치",,,,,,,100g,62,82.40000000000001,3.5,0.8,3.2,10.1,-,-,67,-,77,464,926,222,0,2666,0.2,0.23,1.4,56,-,,-,-,-,-,-,-,-,-,,-,-,-,-,-,-,-,-,-,-,-,-,-,-,-,-,-,,-,,,-,-,,-,-,,-,-,-,-,-,-,-,,,-,,,-,,,,,-,,-,,-,-,-,,,-,,,,,,,-,,,,,,,,,,,,,,,,,,,,,,-,,-,,,,,,,,-,,,,,,,,,,,,,,,,,,,,,,,,,
STD-DB10_2-000325,"김치, 유채 물김치",S,국가표준식품성분표,,농진청('04),,채소류,,"김치, 유채 물김치",,,,,,,100g,17,94.7,1,0.1,1.2,3,-,-,37,-,23,112,452,3,0,34,0.08,0.04,0.7,19,-,,-,-,-,-,-,-,-,-,,-,-,-,-,-,-,-,-,-,-,-,-,-,-,-,-,-,,-,,,-,-,,-,-,,-,-,-,-,-,-,-,,,-,,,-,,,,,-,,-,,-,-,-,,,-,,,,,,,-,,,,,,,,,,,,,,,,,,,,,,-,,-,,,,,,,,-,,,,,,,,,,,,,,,,,,,,,,,,,
STD-DB10_2-000326,"김치, 총각 김치",S,국가표준식품성분표,,농진청('22),,채소류,,"김치, 총각 김치",,,,,,,100g,42,87.59999999999999,1.92,0.29,2.31,7.89,3,2.4,38,0.52,44,331,630,14,0,164,0.025,0.053,0.289,3.49,0,,0.05,0,0.177,0.112,0.72,0.126,0,50,,0.11,0,0,0.43,0.43,0,0,0,0,0,0,0,21.5,21.5,0,0,1.25,,0,,,0,0.21,,1.53,0.14,,0,0,0,0,0,0,0,,,79.69,,,7.91,,,,,0,,37.73,,0,0,0,,,16.62,,,,,,,0,,,,,,,,,,,,,,,,,,,,,,55,,71,,,,,,,,52,,,,,,,,,,,,,,,,,,,,,,,,,
STD-DB10_2-000327,"김치, 파 김치",S,국가표준식품성분표,,농진청('16),,채소류,,"김치, 파 김치",,,,,,,100g,49,86,2.5,0.58,2.41,8.51,2.8,4.6,60,0.73,41,282,655,107,0,1289,0.051,0.114,0.589,2.22,0,,0.11,0,0.03,0.5590000000000001,0,-,0.08,66,,0,0,0,1.39,1.37,0.03,0,0,0,0,0,0,0,0,0,0,1.62,,0,,,0,0,,1.18,0.44,,0,0,0,0,0,0,0,,,319.22,,,7.8,,,,,1.74,,68.56999999999999,,0,0,0,,,43.91,,,,,,,0,,,,,,,,,,,,,,,,,,,,,,85,,119,,,,,,,,55,,,,,,,,,,,,,,,,,,,,,,,,,
STD-DB10_2-000328,"김치, 얼갈이배추 김치",S,국가표준식품성분표,,농진청('15),,채소류,,"김치, 얼갈이배추 김치",,,,,,,100g,30,91,1.88,0.58,2.17,4.37,1.15,3.3,125,0.39,53,201,581,115,0,1376,0.016,0.039,0.5600000000000001,5.36,0,,0.09,0,0.228,0.332,0,-,0,58,,0.202,0,0,0.5,0.49,0,0.1,0,0,0,0,0,102.3,102.3,0,0.03,0.32,,0,,,0,0.07000000000000001,,0.73,0.46,,0,0,0,0,0,0,0,,,257.27,,,21.38,,,,,0,,71.2,,0,0,0,,,110.43,,,,,,,0,,,,,,,,,,,,,,,,,,,,,,69,,100,,,,,,,,56,,,,,,,,,,,,,,,,,,,,,,,,,
STD-DB10_2-000329,꽃양배추(콜리플라워),S,국가표준식품성분표,,농진청('18),,채소류,,꽃양배추(콜리플라워),,,,,,,100g,27,91.40000000000001,2.17,0.48,1.09,4.84,2.28,4.6,14,0.33,62,403,13,1,0,9,0.212,0.101,0.278,33.44,0,,0.07000000000000001,0,0,0.278,6.11,0.195,0,64,,1.011,0,0,0.02,0,0,0.2,0,0,0,0,0,13.45,13.45,0,0,0.84,,0,,,0,0.57,,0.87,0.16,,0,0,2.2,0,0,0,0,,,27.19,,,20.43,,,,,0,,101.18,,0,0,0,,,3.64,,,,,,,0,,,,,,,,,,,,,,,,,,,,,,81,,121,,,,,,,,79,,,,,,,,,,,,,,,,,,,,,,,,,
STD-DB10_2-000330,"꽃양배추(콜리플라워), 데친것",S,국가표준식품성분표,,농진청('18),,채소류,,"꽃양배추(콜리플라워), 데친것",,,,,,,100g,26,91.40000000000001,2.4,0.47,1.13,4.62,2.42,3.5,15,0.43,63,377,13,1,0,9,0.055,0.101,0.989,30.42,0,,0.07000000000000001,0,0,0.989,6.89,0.193,0,47,,0.742,0,0,0.06,0.05,0,0.1,0,0,0,0,0,17.89,17.89,0,0,0.62,,0,,,0,1.15,,0.66,0.21,,0,0,2.56,0,0,0,0,,,34.57,,,22.61,,,,,0,,142.92,,0,0,0,,,2.04,,,,,,,0,,,,,,,,,,,,,,,,,,,,,,90,,139,,,,,,,,87,,,,,,,,,,,,,,,,,,,,,,,,,
STD-DB10_2-000331,꿀풀(하고초),S,국가표준식품성분표,,농진청('09),,채소류,,꿀풀(하고초),,,,,,,100g,48,84.8,1.6,0.2,1.5,11.9,-,-,160,21.3,61,836,3,1725,1150,6902,0.1,0.19,1.1,5,-,,-,-,-,-,-,-,-,-,,-,-,-,-,-,-,-,-,-,-,-,-,-,-,-,-,-,,-,,,-,-,,-,-,,-,-,-,-,-,-,-,,,-,,,-,,,,,-,,-,,-,-,-,,,-,,,,,,,-,,,,,,,,,,,,,,,,,,,,,,-,,-,,,,,,,,-,,,,,,,,,,,,,,,,,,,,,,,,,
STD-DB10_2-000332,"꿀풀(하고초), 말린것",S,국가표준식품성분표,,농진청('09),,채소류,,"꿀풀(하고초), 말린것",,,,,,,100g,309,9,8.199999999999999,4,7.2,71.59999999999999,-,-,996,20.9,279,2232,10,972,648,3886,0.47,0.76,5.6,5,-,,-,-,-,-,-,-,-,-,,-,-,-,-,-,-,-,-,-,-,-,-,-,-,-,-,-,,-,,,-,-,,-,-,,-,-,-,-,-,-,-,,,-,,,-,,,,,-,,-,,-,-,-,,,-,,,,,,,-,,,,,,,,,,,,,,,,,,,,,,-,,-,,,,,,,,-,,,,,,,,,,,,,,,,,,,,,,,,,
STD-DB10_2-000333,"날개콩, 미숙",S,국가표준식품성분표,,농진청('87),,채소류,,"날개콩, 미숙",,,,,,,100g,36,90.7,1.9,0.2,0.7,6.5,-,-,40,1.4,27,-,-,11,0,126,0.06,0.11,1,17,-,,-,-,-,-,-,-,-,-,,-,-,-,-,-,-,-,-,-,-,-,-,-,-,-,-,-,,-,,,-,-,,-,-,,-,-,-,-,-,-,-,,,-,,,-,,,,,-,,-,,-,-,-,,,-,,,,,,,-,,,,,,,,,,,,,,,,,,,,,,-,,-,,,,,,,,-,,,,,,,,,,,,,,,,,,,,,,,,,
STD-DB10_2-000334,냉이,S,국가표준식품성분표,,농진청('15),,채소류,,냉이,,,,,,,100g,41,86.2,4.23,0.27,1.24,8.06,1.28,5.3,193,13.24,90,271,5,78,0,939,0.07000000000000001,0.318,0.535,24.29,0,,0.08,0,0.083,0.452,0,-,0,120,,0.859,0,0,0.87,0.82,0,0.5,0,0,0,0,0,183.26,183.26,0,0,0.7,,0,,,0,0,,0.58,0.18,,0,0,2.85,0,0,0,0,,,43.96,,,13.99,,,,,0,,112.12,,0,0,0,,,3.97,,,,,,,0,,,,,,,,,,,,,,,,,,,,,,184,,238,,,,,,,,133,,,,,,,,,,,,,,,,,,,,,,,,,
STD-DB10_2-000335,"냉이, 데친것",S,국가표준식품성분표,,농진청('15),,채소류,,"냉이, 데친것",,,,,,,100g,49,84.2,5.09,0.5,1.02,9.19,0,8.1,192,9.74,100,180,4,138,0,1655,0,0.322,0.398,35.8,0,,0.1,0,0.005,0.393,0,-,0,100,,0.377,0,0,2.14,2.06,0.13,0.1,0,0,0,0,0,250.17,250.17,0,0,0,,0,,,0,0,,0,0.37,,0,0,3.75,0,0,0,0,,,67.7,,,31.7,,,,,0,,265.7,,0,0,0,,,4.49,,,,,,,0,,,,,,,,,,,,,,,,,,,,,,174,,243,,,,,,,,141,,,,,,,,,,,,,,,,,,,,,,,,,
STD-DB10_2-000336,누리장나무잎,S,국가표준식품성분표,,농진청('04),,채소류,,누리장나무잎,,,,,,,100g,65,79.7,4.5,1,2.1,12.7,-,-,-,-,-,-,-,-,-,-,-,-,-,-,-,,-,-,-,-,-,-,-,-,,-,-,-,-,-,-,-,-,-,-,-,-,-,-,-,-,-,,-,,,-,-,,-,-,,-,-,-,-,-,-,-,,,-,,,-,,,,,-,,-,,-,-,-,,,-,,,,,,,-,,,,,,,,,,,,,,,,,,,,,,-,,-,,,,,,,,-,,,,,,,,,,,,,,,,,,,,,,,,,
STD-DB10_2-000337,는쟁이냉이,S,국가표준식품성분표,,농진청('89),,채소류,,는쟁이냉이,,,,,,,100g,28,90.09999999999999,2.5,0.3,1.7,5.4,-,-,47,3.9,86,-,-,58,0,697,0.04,0.12,0.1,19,-,,-,-,-,-,-,-,-,-,,-,-,-,-,-,-,-,-,-,-,-,-,-,-,-,-,-,,-,,,-,-,,-,-,,-,-,-,-,-,-,-,,,-,,,-,,,,,-,,-,,-,-,-,,,-,,,,,,,-,,,,,,,,,,,,,,,,,,,,,,-,,-,,,,,,,,-,,,,,,,,,,,,,,,,,,,,,,,,,
STD-DB10_2-000338,달래,S,국가표준식품성분표,,농진청('13),,채소류,,달래,,,,,,,100g,28,91,1.9,0.22,0.78,6.1,1.46,2.9,62,3.51,44,235,7,97,0,1162,0.064,0.09,0.8129999999999999,-,0,,0.07000000000000001,0,0.313,0.5,0,-,0,23,,0.309,0,0,0.39,0.36,0.03,0.12,0.01,0,0,0,0,94.15000000000001,94.15000000000001,0,0,1,,0,,,0,0,,0.46,0.14,,0.38,0,0,0,0,0,0,,,67.53,,,1.65,,,,,0,,63.71,,0.79,0,0,,,4.05,,,,,,,0,,,,,,,,,,,,,,,,,,,,,,76,,129,,,,,,,,63,,,,,,,,,,,,,,,,,,,,,,,,,
STD-DB10_2-000339,"당귀, 일당귀, 잎",S,국가표준식품성분표,,농진청('09),,채소류,,"당귀, 일당귀, 잎",,,,,,,100g,43,86.3,3.2,0.4,1.3,8.800000000000001,-,-,80,17.8,92,453,3,18,0,211,0.2,0.16,0.7,43,-,,-,-,-,-,-,-,-,-,,-,-,-,-,-,-,-,-,-,-,-,-,-,-,-,-,-,,-,,,-,-,,-,-,,-,-,-,-,-,-,-,,,-,,,-,,,,,-,,-,,-,-,-,,,-,,,,,,,-,,,,,,,,,,,,,,,,,,,,,,-,,-,,,,,,,,-,,,,,,,,,,,,,,,,,,,,,,,,,
STD-DB10_2-000340,"당귀, 참당귀, 잎",S,국가표준식품성분표,,농진청('09),,채소류,,"당귀, 참당귀, 잎",,,,,,,100g,39,87.8,2.6,0.7,1.5,7.4,-,-,54,15,71,685,3,21,0,247,0.18,0.24,0.6,25,-,,-,-,-,-,-,-,-,-,,-,-,-,-,-,-,-,-,-,-,-,-,-,-,-,-,-,,-,,,-,-,,-,-,,-,-,-,-,-,-,-,,,-,,,-,,,,,-,,-,,-,-,-,,,-,,,,,,,-,,,,,,,,,,,,,,,,,,,,,,-,,-,,,,,,,,-,,,,,,,,,,,,,,,,,,,,,,,,,
STD-DB10_2-000341,"당근, 뿌리",S,국가표준식품성분표,,농진청('13),,채소류,,"당근, 뿌리",,,,,,,100g,31,91.09999999999999,1.02,0.13,0.72,7.03,6.23,3.1,24,0.28,42,299,23,460,0,5516,0.037,0.062,0.882,3.02,0,,0.03,0,0.882,0,0.89,-,0,22,,0.186,0,0,0.68,0.66,0,0,0,0.07000000000000001,0,0,0,14.46,14.46,0,0,1.63,,0,,,0,2.72,,1.88,0.09,,0.17,0,0,0,0,0,0,,,83.02,,,1.7,,,,,0,,7.9,,0,0,0,,,2.53,,,,,,,0,,,,,,,,,,,,,,,,,,,,,,23,,36,,,,,,,,26,,,,,,,,,,,,,,,,,,,,,,,,,
STD-DB10_2-000342,"더덕, 뿌리",S,국가표준식품성분표,,농진청('22),,채소류,,"더덕, 뿌리",,,,,,,100g,80,78.7,2.28,0.76,0.6899999999999999,17.58,4.86,3.7,30,0.74,75,226,0,0,0,4,0.049,0.018,0.189,4.72,0,,0.03,0,0.189,0,0.29,0.014,0,5,,0.13,0,0,0.22,0.22,0,0,0,0,0,0,0,0,0,0,0,3.1,,0,,,0,1.62,,0.14,0.07000000000000001,,0,0,0,0,0,0,0,,,57.56,,,0,,,,,0,,12.13,,0,0,0,,,3.59,,,,,,,0,,,,,,,,,,,,,,,,,,,,,,22,,27,,,,,,,,17,,,,,,,,,,,,,,,,,,,,,,,,,
STD-DB10_2-000343,"도라지, 뿌리",S,국가표준식품성분표,,농진청('19),,채소류,,"도라지, 뿌리",,,,,,,100g,65,82,2.01,0.15,0.74,15.15,1.14,4.2,40,0.32,67,231,3,1,0,6,0.08599999999999999,0.032,0.571,7.58,0,,0.03,0,-,-,0.43,0.021,0,11,,0.214,0,0,0.86,0.84,0,0.02,0,0.03,0,0,0,0,0,0,0,0.51,,0,,,0,0.35,,0.29,0.07000000000000001,,0,0,0,0,0,0,0,,,64.03,,,1.2,,,,,0,,5.38,,0,0,0,,,3.68,,,,,,,0,,,,,,,,,,,,,,,,,,,,,,19,,29,,,,,,,,18,,,,,,,,,,,,,,,,,,,,,,,,,
STD-DB10_2-000344,돌나물,S,국가표준식품성분표,,농진청('13),,채소류,,돌나물,,,,,,,100g,15,94.7,1.19,0.08,0.8,3.23,0,1,190,0.77,19,198,0,90,0,1084,0.298,0.075,0.122,107.99,0,,0.02,0,0.022,0.1,0,-,0,28,,0,0,0,0.6899999999999999,0.6899999999999999,0,0.04,0,0,0,0,0,174.58,174.58,0,0,0,,0,,,0,0,,0,0.05,,0.09,0,0,0,0,0,0,,,20.23,,,0.88,,,,,0,,25.53,,0,0,0,,,1.43,,,,,,,0,,,,,,,,,,,,,,,,,,,,,,47,,87,,,,,,,,37,,,,,,,,,,,,,,,,,,,,,,,,,
STD-DB10_2-000345,동아,S,국가표준식품성분표,,JAPAN('20),,채소류,,동아,,,,,,,100g,15,95.2,0.5,0.1,0.4,3.8,-,1.3,19,0.2,18,200,1,(0),(0),(0),0.01,0.01,0.4,39,(0),,(0.01),-,-,-,0.2,0.03,(0),26,,0.21,-,-,0.1,0.1,0,0,0,-,-,-,-,1,-,-,-,-,,-,,,-,-,,-,(0.06),,-,-,-,-,-,-,-,,,(44),,,-,,,,,-,,-,,-,-,-,,,-,,,,,,,-,,,,,,,,,,,,,,,,,,,,,,(18),,(23),,,,,,,,(14),,,,,,,,,,,,,,,,,,,,,,,,,
STD-DB10_2-000346,"동아, 데친것",S,국가표준식품성분표,,JAPAN('20),,채소류,,"동아, 데친것",,,,,,,100g,15,95.3,0.6,0.1,0.3,3.7,-,1.5,22,0.3,19,200,1,(0),(0),(0),0.01,0.01,0.4,27,(0),,(0.01),-,-,-,-,0.03,(0),25,,0.20,-,-,0.1,0.1,0,0,0,-,-,-,-,Tr,-,-,-,-,,-,,,-,-,,-,(0.06),,(0),-,-,-,(0),(0),-,,,(44),,,-,,,,,(0),,(0),,-,-,(0),,,-,,,,,,,-,,,,,,,,,,,,,,,,,,,,,,(22),,(28),,,,,,,,(17),,,,,,,,,,,,,,,,,,,,,,,,,
STD-DB10_2-000347,"두릅, 땅두릅",S,국가표준식품성분표,,농진청('14),,채소류,,"두릅, 땅두릅",,,,,,,100g,25,91.40000000000001,2.4,0.22,1.19,4.79,0.8100000000000001,4.4,80,8,67,456,2,45,0,534,0.01,0.261,0.354,9.83,0,,0.07000000000000001,0,0.314,0.04,0.82,-,0,29,,0,0,0,0.1,0.1,0,0,0,0,0,0,0,164.225,164.225,0,0,0.47,,0,,,0,0,,0.34,0.14,,0,0,0,0,0,0,0,,,99,,,4.08,,,,,2.82,,31.81,,0,0,0,,,2.66,,,,,,,0,,,,,,,,,,,,,,,,,,,,,,66,,114,,,,,,,,62,,,,,,,,,,,,,,,,,,,,,,,,,
STD-DB10_2-000348,"두릅, 참두릅",S,국가표준식품성분표,,농진청('13),,채소류,,"두릅, 참두릅",,,,,,,100g,33,88.2,4.13,0.22,1.56,5.89,0,2.3,48,1.68,123,547,1,185,0,2222,0.263,0.358,1.789,23.74,0,,0.06,0,1.782,0.007,3.26,-,0,82,,2.462,0,0,1.29,1.1,0.08,1.36,0.36,0,0,0,0.05,322.88,322.88,0,0,0,,0,,,0,0,,0,0.15,,0,0,0,0,0,0,0,,,80.91,,,9.27,,,,,0,,57.11,,0,0,0,,,2.11,,,,,,,0,,,,,,,,,,,,,,,,,,,,,,155,,246,,,,,,,,140,,,,,,,,,,,,,,,,,,,,,,,,,
STD-DB10_2-000349,"둥굴레, 잎",S,국가표준식품성분표,,농진청('92),,채소류,,"둥굴레, 잎",,,,,,,100g,52,84,3.4,0.2,0.6,11.7,-,-,58,8.9,47,362,9,9,0,110,0.11,0.05,0.3,2,-,,-,-,-,-,-,-,-,-,,-,-,-,-,-,-,-,-,-,-,-,-,-,-,-,-,-,,-,,,-,-,,-,-,,-,-,-,-,-,-,-,,,-,,,-,,,,,-,,-,,-,-,-,,,-,,,,,,,-,,,,,,,,,,,,,,,,,,,,,,-,,-,,,,,,,,-,,,,,,,,,,,,,,,,,,,,,,,,,
STD-DB10_2-000350,"들깨, 싹",S,국가표준식품성분표,,농진청('84),,채소류,,"들깨, 싹",,,,,,,100g,17,95.09999999999999,1.7,0.1,0.6,2.5,-,-,29,7.8,62,-,-,4,0,47,0.04,0.19,0.1,7,-,,-,-,-,-,-,-,-,-,,-,-,-,-,-,-,-,-,-,-,-,-,-,-,-,-,-,,-,,,-,-,,-,-,,-,-,-,-,-,-,-,,,-,,,-,,,,,-,,-,,-,-,-,,,-,,,,,,,-,,,,,,,,,,,,,,,,,,,,,,-,,-,,,,,,,,-,,,,,,,,,,,,,,,,,,,,,,,,,
STD-DB10_2-000351,들깻잎,S,국가표준식품성분표,,농진청('13),,채소류,,들깻잎,,,,,,,100g,47,84.3,4.46,0.5,1.85,8.890000000000001,0,5.699999999999999,296,1.91,83,421,1,630,0,7565,0.329,0.508,0.3,2.73,0,,0.14,0,0.257,0.043,0,-,0,150,,0.255,0,0,1.09,1.07,0.03,0.03,0,0,0,0,0,786.51,786.51,0,0,0,,0,,,0,0,,0,0.34,,0.3,0,0,0,0,0,0,,,69.51000000000001,,,15.04,,,,,0,,245.03,,0,0,0,,,12.53,,,,,,,0.55,,,,,,,,,,,,,,,,,,,,,,223,,339,,,,,,,,157,,,,,,,,,,,,,,,,,,,,,,,,,
STD-DB10_2-000352,"들깻잎, 데친것",S,국가표준식품성분표,,농진청('13),,채소류,,"들깻잎, 데친것",,,,,,,100g,32,89.59999999999999,3.93,0.6,1.07,4.8,0,3.9,226,1.39,72,196,1,587,0,7040,0.045,0.161,0.064,0.13,0,,0.1,0,0.026,0.038,0,-,0,38,,0.063,0,0,1.46,1.45,0.01,0,0,0,0,0,0,655.88,655.88,0,0,0,,0,,,0,0,,0,0.47,,0,0,0,0,0,0,0,,,61.57,,,22.06,,,,,0,,381.3,,0,0,0,,,5.17,,,,,,,0,,,,,,,,,,,,,,,,,,,,,,187,,300,,,,,,,,149,,,,,,,,,,,,,,,,,,,,,,,,,
STD-DB10_2-000353,"들깻잎, 찐것",S,국가표준식품성분표,,농진청('13),,채소류,,"들깻잎, 찐것",,,,,,,100g,37,87.3,4.37,0.55,1.71,6.07,0,4.7,265,2.42,77,411,1,601,0,7207,0.138,0.421,0.174,1.05,0,,0.09,0,0.097,0.077,0,-,0,64,,0.255,0,0,2.04,2.02,0.03,0,0,0.03,0,0,0,773.8099999999999,773.8099999999999,0,0,0,,0,,,0,0,,0,0.43,,0,0,0,0,0,0,0.73,,,53.79,,,20.89,,,,,0,,343.56,,0,0,0,,,5.93,,,,,,,0.3,,,,,,,,,,,,,,,,,,,,,,185,,277,,,,,,,,133,,,,,,,,,,,,,,,,,,,,,,,,,
STD-DB10_2-000354,들깻잎장아찌,S,국가표준식품성분표,,농진청('16),,채소류,,들깻잎장아찌,,,,,,,100g,124,63.6,4.03,0.42,5.95,26,16.41,4.4,178,2.34,53,285,1809,347,0,4167,0.099,0.221,0.716,12.74,0,,0.06,0,0.261,0.455,0,-,0,49,,0,0,0,1.8,1.67,0.06,0.02,0,0.32,0,0,0,390.9,390.9,0,0,8.26,,0,,,0,0,,8.15,0.33,,0,0,0,0,0,0,0,,,42.32,,,15.54,,,,,0,,267.51,,0,0,0,,,4.93,,,,,,,0,,,,,,,,,,,,,,,,,,,,,,155,,272,,,,,,,,145,,,,,,,,,,,,,,,,,,,,,,,,,
STD-DB10_2-000355,루꼴라,S,국가표준식품성분표,,농진청('20),,채소류,,루꼴라,,,,,,,100g,26,90.8,3.17,0.43,1.39,4.2,0.97,1.3,159,1.5,57,524,13,385,0,4615,0.129,0.249,0.203,51,0,,0.06,0,0.13,0.073,2.39,0.18,0,131,,0.406,0,0,0.64,0.63,0.02,0,0,0,0,0,0,424.77,424.77,0,0,0.18,,0,,,0,0,,0.79,0.21,,0.41,0,0.95,0,0,0,0.42,,,30.06,,,30.23,,,,,0.3,,147.06,,0,0,0,,,3.46,,,,,,,0,,,,,,,,,,,,,,,,,,,,,,132,,170,,,,,,,,67,,,,,,,,,,,,,,,,,,,,,,,,,
STD-DB10_2-000356,리크,S,국가표준식품성분표,,농진청('88),,채소류,,리크,,,,,,,100g,54,84,1.8,0.3,0.7,13.2,-,-,20,0.1,205,380,4,23,0,277,0.05,0.05,0.3,41,-,,-,-,-,-,-,-,-,-,,-,-,-,-,-,-,-,-,-,-,-,-,-,-,-,-,-,,-,,,-,-,,-,-,,-,-,-,-,-,-,-,,,-,,,-,,,,,-,,-,,-,-,-,,,-,,,,,,,-,,,,,,,,,,,,,,,,,,,,,,-,,-,,,,,,,,-,,,,,,,,,,,,,,,,,,,,,,,,,
STD-DB10_2-000357,"리크, 데친것",S,국가표준식품성분표,,JAPAN('20),,채소류,,"리크, 데친것",,,,,,,100g,28,91.3,1.3,0.1,0.5,6.8,(2.6),2.6,26,0.6,26,180,2,3,(0),37,0.05,0.07000000000000001,0.3,9,(0),,(0.01),-,-,-,-,0.20,(0),68,,0.14,-,-,0.3,0.3,0,0.1,0,-,-,-,-,8,-,-,(0),(1.5),,(0),,,(0),(0.3),,(0.8),(0.06),,-,-,-,-,-,-,-,,,(23),,,-,,,,,-,,(33),,-,-,-,,,-,,,,,,,-,,,,,,,,,,,,,,,,,,,,,,(51),,(77),,,,,,,,(46),,,,,,,,,,,,,,,,,,,,,,,,,
STD-DB10_2-000358,마늘,S,국가표준식품성분표,,농진청('15),,채소류,,마늘,,,,,,,100g,128,64.8,7.45,0.16,1.21,26.42,0.23,3.8,12,0.78,156,531,3,0,0,0,0.145,0.161,0.498,8.449999999999999,0,,0.06,0,0.468,0.03,3.84,-,0,92,,1.084,0,0,0.21,0.2,0,0,0,0,0,0,0,0,0,0,0,0,,0,,,0,0,,0.23,0.09,,0,0,0,0,0,0,0,,,75.94,,,0.5,,,,,0,,0,,0,0,0,,,17.05,,,,,,,0,,,,,,,,,,,,,,,,,,,,,,150,,196,,,,,,,,100,,,,,,,,,,,,,,,,,,,,,,,,,
STD-DB10_2-000359,"마늘, 데친것",S,국가표준식품성분표,,농진청('15),,채소류,,"마늘, 데친것",,,,,,,100g,135,62.9,8.039999999999999,0.13,1.24,27.69,0.77,2.8,13,0.76,165,503,3,0,0,1,0.148,0.325,0.413,8.119999999999999,0,,0.04,0,0.394,0.02,4.47,-,0,95,,0,0,0,0.24,0.24,0,0,0,0,0,0,0,0,0,0,0,0,,0,,,0,0,,0.77,0.09,,0,0,0,0,0,0,0,,,76.26000000000001,,,0.52,,,,,0.74,,1.65,,0,0,0,,,12.47,,,,,,,0,,,,,,,,,,,,,,,,,,,,,,170,,227,,,,,,,,117,,,,,,,,,,,,,,,,,,,,,,,,,
STD-DB10_2-000360,"마늘, 통마늘, 구운것",S,국가표준식품성분표,,농진청('15),,채소류,,"마늘, 통마늘, 구운것",,,,,,,100g,169,53.5,10.04,0.22,1.63,34.6,0.02,3.3,16,1.29,229,690,4,0,0,3,0.153,0.338,0.359,9.359999999999999,0,,0.06,0,0.309,0.05,4.2,-,0,155,,1.333,0,0,0.17,0.17,0,0,0,0,0,0,0,0,0,0,0,0,,0,,,0,0,,0.02,0.15,,0,0,0,0,0,0,0,,,127.02,,,0.75,,,,,0.97,,2.15,,0,0,0,,,21.56,,,,,,,0,,,,,,,,,,,,,,,,,,,,,,214,,269,,,,,,,,169,,,,,,,,,,,,,,,,,,,,,,,,,
STD-DB10_2-000361,"마늘, 말린것",S,국가표준식품성분표,,농진청('95),,채소류,,"마늘, 말린것",,,,,,,100g,333,6,16.3,0.7,3.7,73.3,-,-,18,6.5,182,1937,7,0,0,0,0.52,0.63,0.9,39,-,,-,-,-,-,-,-,-,-,,-,-,-,-,-,-,-,-,-,-,-,-,-,-,-,-,-,,-,,,-,-,,-,-,,-,-,-,-,-,-,-,,,-,,,-,,,,,-,,-,,-,-,-,,,-,,,,,,,-,,,,,,,,,,,,,,,,,,,,,,-,,-,,,,,,,,-,,,,,,,,,,,,,,,,,,,,,,,,,
STD-DB10_2-000362,"마늘, 동결건조",S,국가표준식품성분표,,농진청('95),,채소류,,"마늘, 동결건조",,,,,,,100g,330,7.3,15.3,0.5,3.2,73.7,-,-,13,1.6,174,1852,5,0,0,0,0.48,0.24,1.5,32,-,,-,-,-,-,-,-,-,-,,-,-,-,-,-,-,-,-,-,-,-,-,-,-,-,-,-,,-,,,-,-,,-,-,,-,-,-,-,-,-,-,,,-,,,-,,,,,-,,-,,-,-,-,,,-,,,,,,,-,,,,,,,,,,,,,,,,,,,,,,-,,-,,,,,,,,-,,,,,,,,,,,,,,,,,,,,,,,,,
STD-DB10_2-000363,"마늘, 난지형",S,국가표준식품성분표,,농진청('14),,채소류,,"마늘, 난지형",,,,,,,100g,128,65.3,7.03,0.12,0.9,26.61,0.47,3.3,8,0.82,124,357,2,0,0,0,0.118,0.276,0.613,11.86,0,,0.04,0,0.574,0.039,6.48,-,0,125,,2.168,0,0,0.2,0.2,0,0,0,0,0,0,0,0,0,0,0,0,,0,,,0,0,,0.47,0.08,,0,0,0,0,0,0,0,,,58.23,,,1.01,,,,,0,,0,,0,0,0,,,16.7,,,,,,,0,,,,,,,,,,,,,,,,,,,,,,130,,179,,,,,,,,92,,,,,,,,,,,,,,,,,,,,,,,,,
STD-DB10_2-000364,"마늘, 한지형",S,국가표준식품성분표,,농진청('15),,채소류,,"마늘, 한지형",,,,,,,100g,129,64.2,7.88,0.19,1.51,26.23,0,4.4,16,0.73,188,705,5,0,0,0,0.172,0.046,0.382,5.04,0,,0.07000000000000001,0,0.362,0.02,1.2,-,0,58,,0,0,0,0.21,0.21,0,0,0,0,0,0,0,0,0,0,0,0,,0,,,0,0,,0,0.11,,0,0,0,0,0,0,0,,,93.65000000000001,,,0,,,,,0,,0,,0,0,0,,,17.4,,,,,,,0,,,,,,,,,,,,,,,,,,,,,,171,,213,,,,,,,,108,,,,,,,,,,,,,,,,,,,,,,,,,
STD-DB10_2-000365,"마늘, 깐마늘, 수입산",S,국가표준식품성분표,,농진청('19),,채소류,,"마늘, 깐마늘, 수입산",,,,,,,100g,120,67.8,6.99,0.99,1.45,22.78,2.26,6.1,13,0.79,143,562,14,0,0,2,0.162,0.089,0.302,12.07,0,,0.05,0,0,0.302,0.51,1.276,0,89,,0.544,0,0,0.29,0.29,0,0,0,0,0,0,0,0,0,0,0,0.68,,0,,,0,1.33,,0.26,0.09,,0.35,0,0.55,0,0,0,0,,,74.67,,,1.63,,,,,1.29,,8.07,,0,0,0,,,6.7,,,,,,,0,,,,,,,,,,,,,,,,,,,,,,132,,199,,,,,,,,116,,,,,,,,,,,,,,,,,,,,,,,,,
STD-DB10_2-000366,"마늘, 다진것",S,국가표준식품성분표,,농진청('20),,채소류,,"마늘, 다진것",,,,,,,100g,99,72.8,5,0.27,1.38,20.55,2.11,3,9,0.6,120,410,199,0,0,0,0.112,0.04,0.384,1.6,0,,0.05,0,0.361,0.023,0.49,1.078,0,16,,0.571,0,0,0.16,0.16,0,0,0,0,0,0,0,0,0,0,0,1,,0,,,0,0.52,,0.59,0.11,,0,0,0,0,0,0,0,,,90.45999999999999,,,1.11,,,,,0,,7.27,,0,0,0,,,14.29,,,,,,,0,,,,,,,,,,,,,,,,,,,,,,116,,151,,,,,,,,77,,,,,,,,,,,,,,,,,,,,,,,,,
STD-DB10_2-000367,마늘 장아찌,S,국가표준식품성분표,,농진청('15),,채소류,,마늘 장아찌,,,,,,,100g,113,68.8,2.43,0.16,3.25,25.36,15.03,2.9,7,0.37,29,69,1127,0,0,0,0.043,0.025,0.194,0,0,,0.04,0,0.092,0.102,0,-,0,0,,0.046,0,0,0.15,0.15,0,0,0,0,0,0,0.04,0,0,0,0,8.17,,0,,,0,1.06,,5.8,0.09999999999999999,,0,0,0,0,0,0,0,,,85.95999999999999,,,0.7,,,,,0,,6.29,,0,0,0,,,13.3,,,,,,,0,,,,,,,,,,,,,,,,,,,,,,91,,143,,,,,,,,74,,,,,,,,,,,,,,,,,,,,,,,,,
STD-DB10_2-000368,"마늘종, 꽃줄기",S,국가표준식품성분표,,농진청('13),,채소류,,"마늘종, 꽃줄기",,,,,,,100g,53,84.09999999999999,1.86,0.06,0.59,13.39,5.46,4.6,49,0.51,48,214,1,36,0,426,0.008999999999999999,0.065,0.658,44.37,0,,0.04,0,0.517,0.142,2.32,-,0,82,,0.177,0,0,0.11,0.11,0,0,0,0,0,0,0,46.73,46.73,0,0,3.24,,0,,,0,0,,2.22,0.01,,0,0,0,0,0,0,0,,,6.7,,,0,,,,,0,,3.56,,0,0,0,,,1.5,,,,,,,0,,,,,,,,,,,,,,,,,,,,,,46,,73,,,,,,,,42,,,,,,,,,,,,,,,,,,,,,,,,,
STD-DB10_2-000369,마늘종 장아찌,S,국가표준식품성분표,,농진청('15),,채소류,,마늘종 장아찌,,,,,,,100g,118,66.5,1.96,0.14,4.06,27.34,13.02,5.2,21,0.61,19,105,1410,11,0,135,0.026,0.023,0.107,0,0,,0.04,0,0.012,0.095,0,-,0,24,,0.056,0,0,0.07000000000000001,0.06,0,0.06,0,0,0,0,0,0,0,0,0,3.89,,4,,,0,0,,5.13,0.09,,0,0,0,0,0,0,0,,,58.72,,,0.9399999999999999,,,,,0,,24.5,,0,0,0,,,5.48,,,,,,,0,,,,,,,,,,,,,,,,,,,,,,161,,25,,,,,,,,10,,,,,,,,,,,,,,,,,,,,,,,,,
STD-DB10_2-000370,"풋마늘, 잎줄기",S,국가표준식품성분표,,농진청('14),,채소류,,"풋마늘, 잎줄기",,,,,,,100g,29,89.90000000000001,1.9,0.17,0.7,7.33,4.01,3.7,63,0.55,36,287,2,90,0,1074,0.096,0.089,0.442,11.81,0,,0.06,0,0.414,0.028,4.62,-,0,35,,0.099,0,0,0.54,0.54,0,0,0,0,0,0,0,176.355,176.355,0,0,2.18,,0,,,0,0,,1.83,0.1,,0,0,0,0,0,0,0,,,39.36,,,0.65,,,,,15.09,,41.78,,0,0,0,,,3.83,,,,,,,0,,,,,,,,,,,,,,,,,,,,,,60,,98,,,,,,,,50,,,,,,,,,,,,,,,,,,,,,,,,,
STD-DB10_2-000371,마타리,S,국가표준식품성분표,,농진청('85),,채소류,,마타리,,,,,,,100g,45,85.40000000000001,2.1,0.1,1.5,10.9,-,-,8,0.2,80,-,-,329,0,3942,0.02,0.28,0.1,11,-,,-,-,-,-,-,-,-,-,,-,-,-,-,-,-,-,-,-,-,-,-,-,-,-,-,-,,-,,,-,-,,-,-,,-,-,-,-,-,-,-,,,-,,,-,,,,,-,,-,,-,-,-,,,-,,,,,,,-,,,,,,,,,,,,,,,,,,,,,,-,,-,,,,,,,,-,,,,,,,,,,,,,,,,,,,,,,,,,
STD-DB10_2-000372,머위,S,국가표준식품성분표,,농진청('14),,채소류,,머위,,,,,,,100g,17,93.5,2.31,0.14,1.31,2.74,0.07000000000000001,2.7,103,1.05,50,530,2,242,0,2904,0.01,0.08400000000000001,1.452,2.46,0,,0.03,0,1.45,0.002,0,-,0,54,,0,0,0,0.19,0.19,0,0.04,0,0,0,0,0,322.874,322.874,0,0,0,,0,,,0,0,,0.07000000000000001,0.11,,0,0,0,0,0,0,0,,,28.66,,,0,,,,,0,,78.98999999999999,,0,0,0,,,1.57,,,,,,,0,,,,,,,,,,,,,,,,,,,,,,62,,101,,,,,,,,49,,,,,,,,,,,,,,,,,,,,,,,,,
STD-DB10_2-000373,"머위, 데친것",S,국가표준식품성분표,,농진청('14),,채소류,,"머위, 데친것",,,,,,,100g,25,91.90000000000001,2.17,0.41,1.1,4.42,0.17,4.2,105,0.86,59,424,2,236,0,2828,0,0.109,1.84,6.56,0,,0.08,0,1.826,0.014,0,-,0,46,,0.343,0,0,0.87,0.87,0,0,0,0,0,0,0,511.871,511.871,0,0,0.17,,0,,,0,0,,0,0.32,,0,0,0,0,0,0,0,,,81.68000000000001,,,0.8,,,,,0,,233.33,,0,0,0,,,2.77,,,,,,,0,,,,,,,,,,,,,,,,,,,,,,102,,177,,,,,,,,80,,,,,,,,,,,,,,,,,,,,,,,,,
STD-DB10_2-000374,"머위, 삶은것",S,국가표준식품성분표,,농진청('14),,채소류,,"머위, 삶은것",,,,,,,100g,28,91,2.44,0.44,0.92,5.2,1.81,4.5,121,0.99,54,325,5,307,0,3678,0,0.099,1.452,5.32,0,,0.08,0,1.45,0.002,0,-,0,35,,0,0,0,0.93,0.92,0.01,0,0,0,0,0,0,614.304,614.304,0,1.35,0.2,,0,,,0,0.05,,0.21,0.34,,0,0,0,0,0,0,0,,,84.98999999999999,,,1.7,,,,,0,,253.4,,0,0,0,,,3.05,,,,,,,0,,,,,,,,,,,,,,,,,,,,,,106,,187,,,,,,,,85,,,,,,,,,,,,,,,,,,,,,,,,,
STD-DB10_2-000375,"머위, 말린것",S,국가표준식품성분표,,농진청('95),,채소류,,"머위, 말린것",,,,,,,100g,281,7.2,17.4,3.7,13.5,58.2,-,-,1104,59.3,366,1114,48,16,0,191,0.39,3.17,0.5,6,-,,-,-,-,-,-,-,-,-,,-,-,-,-,-,-,-,-,-,-,-,-,-,-,-,-,-,,-,,,-,-,,-,-,,-,-,-,-,-,-,-,,,-,,,-,,,,,-,,-,,-,-,-,,,-,,,,,,,-,,,,,,,,,,,,,,,,,,,,,,-,,-,,,,,,,,-,,,,,,,,,,,,,,,,,,,,,,,,,
STD-DB10_2-000376,"머위, 삶아서 말린것",S,국가표준식품성분표,,농진청('14),,채소류,,"머위, 삶아서 말린것",,,,,,,100g,278,8.300000000000001,26.73,4.67,11.68,48.62,1.85,39.1,1253,14.43,608,3552,46,2717,0,32600,0.413,1.072,-,0.61,0,,0.85,0,-,-,0,-,0,477,,0,0,0,15.54,15.54,0,0,0,0,0,0,0,5595.427,5595.427,0,0,1.85,,0,,,0,0,,0,3.62,,0,0,10.35,0,0,0,9.630000000000001,,,890.04,,,9.210000000000001,,,,,17.98,,2633.96,,7.16,0,0,,,31.6,,,,,,,0,,,,,,,,,,,,,,,,,,,,,,1271,,2231,,,,,,,,1031,,,,,,,,,,,,,,,,,,,,,,,,,
STD-DB10_2-000377,"메밀, 싹",S,국가표준식품성분표,,농진청('11),,채소류,,"메밀, 싹",,,,,,,100g,24,94.59999999999999,1.9,1.2,0.4,1.9,-,3.6,11,0.9,49,106,4,1510,0,18118,0.29,0.15,1,1,-,,-,-,-,-,-,-,-,-,,-,-,-,-,-,-,-,-,-,-,-,-,-,-,-,-,-,,-,,,-,-,,-,-,,-,-,-,-,-,-,-,,,-,,,-,,,,,-,,-,,-,-,-,,,-,,,,,,,-,,,,,,,,,,,,,,,,,,,,,,-,,-,,,,,,,,-,,,,,,,,,,,,,,,,,,,,,,,,,
STD-DB10_2-000378,모링가(드럼스틱),S,국가표준식품성분표,,농진청('15),,채소류,,모링가(드럼스틱),,,,,,,100g,66,80.09999999999999,4.21,1.38,1.88,12.43,2.15,6.4,313,2.46,101,556,6,148,0,1778,0.242,0.32,0.165,216.76,-,,0.11,0,0.165,0,1.53,-,0,266,,0,-,-,1.37,1.37,0,0,0,0,0,0,0,279.02,279.02,0,0,0.31,,0,,,0,1.18,,0.67,0.32,,0,1.42,0,0,0,0,0,,,65.23999999999999,,,1.75,,,,,0,,239.42,,0,0,0,,,9.43,,,,,,,0,,,,,,,,,,,,,,,,,,,,,,259,,411,,,,,,,,219,,,,,,,,,,,,,,,,,,,,,,,,,
STD-DB10_2-000379,"모시풀, 잎",S,국가표준식품성분표,,농진청('14),,채소류,,"모시풀, 잎",,,,,,,100g,64,77.5,6.61,0.71,3.33,11.85,0,5.300000000000001,877,2.31,86,602,3,782,0,9383,0.041,0.749,0.426,47.67,0,,0.19,0,0.277,0.149,0,-,0,237,,0,0,0,4.53,4.41,0,1.18,0.04,0,0,0,0,1196.89,1196.89,0,0,0,,0,,,0,0,,0,0.49,,0,0,0,0,0,0,0,,,137.88,,,6.83,,,,,0,,323.25,,0,0,0,,,19.04,,,,,,,0,,,,,,,,,,,,,,,,,,,,,,340,,512,,,,,,,,232,,,,,,,,,,,,,,,,,,,,,,,,,
STD-DB10_2-000380,"무, 왜무",S,국가표준식품성분표,,JAPAN('20),,채소류,,"무, 왜무",,,,,,,100g,15,94.59999999999999,0.5,0.1,0.6,4.1,2.7,1.4,24,0.2,18,230,19,(0),(0),0,0.02,0.01,0.3,12,(0),,0.01,-,-,-,0.3,0.04,(0),34,,0.12,-,-,0,0,0,0,0,-,-,-,-,Tr,-,-,-,1.1,,0,,,(0),0.2,,1.4,0.02,,Tr,-,-,-,-,-,-,,,6,,,-,,,,,0,,18,,0,0,0,,,-,,,,,,,-,,,,,,,,,,,,,,,,,,,,,,18,,23,,,,,,,,18,,,,,,,,,,,,,,,,,,,,,,,,,
STD-DB10_2-000381,"무, 조선무",S,국가표준식품성분표,,농진청('19),,채소류,,"무, 조선무",,,,,,,100g,20,94.3,0.67,0.12,0.55,4.34,1.79,1.1,23,0.16,34,261,9,0,0,2,0.059,0.021,0.211,8.65,0,,0.02,0,0,0.211,0,0.07099999999999999,0,33,,0.164,0,0,0,0,0,0,0,0,0,0,0,0,0,0,0.02,0.99,,0,,,0,0.05,,0.73,0.04,,0,0,0,0,0,0,0,,,15.91,,,1.9,,,,,0,,11.06,,0,0,0,,,13.3,,,,,,,0,,,,,,,,,,,,,,,,,,,,,,20,,28,,,,,,,,19,,,,,,,,,,,,,,,,,,,,,,,,,
STD-DB10_2-000382,"무청, 왜무",S,국가표준식품성분표,,국('88),,채소류,,"무청, 왜무",,,,,,,100g,22,91.90000000000001,2.3,0.7,2.2,2.9,-,-,329,7.3,78,328,38,417,0,5005,0.07000000000000001,0.26,7.6,62,-,,-,-,-,-,-,-,-,-,,-,-,-,-,-,-,-,-,-,-,-,-,-,-,-,-,-,,-,,,-,-,,-,-,,-,-,-,-,-,-,-,,,-,,,-,,,,,-,,-,,-,-,-,,,-,,,,,,,-,,,,,,,,,,,,,,,,,,,,,,-,,-,,,,,,,,-,,,,,,,,,,,,,,,,,,,,,,,,,
STD-DB10_2-000383,"무청, 조선무",S,국가표준식품성분표,,농진청('07),,채소류,,"무청, 조선무",,,,,,,100g,31,88.90000000000001,2.9,0.2,1.9,6.1,-,-,341,11.5,85,388,154,14,0,166,0.21,0.17,0.7,72,-,,-,-,-,-,-,-,-,-,,-,-,-,-,-,-,-,-,-,-,-,-,-,-,-,-,-,,-,,,-,-,,-,-,,-,-,-,-,-,-,-,,,-,,,-,,,,,-,,-,,-,-,-,,,-,,,,,,,-,,,,,,,,,,,,,,,,,,,,,,-,,-,,,,,,,,-,,,,,,,,,,,,,,,,,,,,,,,,,
STD-DB10_2-000384,"무청, 시래기, 말린것, 삶은것",S,국가표준식품성분표,,농진청('14),,채소류,,"무청, 시래기, 말린것, 삶은것",,,,,,,100g,23,93,1.58,0.27,0.47,4.68,0,4.3,108,1.46,12,-,91,149,0,1787,0.082,0.046,0.039,0,0,,0.05,0,0.036,0.003,0,-,0,11,,0,0,0,0.28,0.28,0,0.01,0,0,0,0,0,461.27,461.27,0,0,0,,0,,,0,0,,0,0.21,,0,0,1.26,0,0,0,0,,,21.09,,,35.7,,,,,0,,146.62,,0,0,0,,,3.12,,,,,,,0,,,,,,,,,,,,,,,,,,,,,,83,,159,,,,,,,,59,,,,,,,,,,,,,,,,,,,,,,,,,
STD-DB10_2-000385,"무순, 싹",S,국가표준식품성분표,,농진청('18),,채소류,,"무순, 싹",,,,,,,100g,20,94.8,1.89,1.01,0.44,1.82,0.67,1.7,36,0.3,52,55,15,53,0,633,0.192,0.128,0.878,10.93,0,,0.09,0,0,0.878,1.17,0.192,0,42,,0.55,0,0,1.38,1.37,0,0.12,0,0,0,0,0,225.52,225.52,0,0.05,0.29,,0,,,0,0,,0.33,0.61,,42.9,0,11.97,1.56,0,0,1.66,,,81.19,,,5.28,,,,,0,,133.69,,3.97,0,0,,,109.53,,,,,,,0,,,,,,,,,,,,,,,,,,,,,,72,,109,,,,,,,,64,,,,,,,,,,,,,,,,,,,,,,,,,
STD-DB10_2-000386,"무 절임, 단무지",S,국가표준식품성분표,,농진청('14),,채소류,,"무 절임, 단무지",,,,,,,100g,12,95.40000000000001,0.36,0.05,1.77,2.42,0.55,2.1,21,0.16,8,42,637,0,0,0,0.013,0.015,0.173,18.42,0,,0.02,0,0.117,0.056,0,-,0,21,,0.106,0,0,0.12,0.12,0,0,0,0,0,0,0,0,0,0,0,0.23,,0,,,0,0,,0.32,0.03,,0,0,0.57,0,0,0,0,,,6.64,,,2.62,,,,,0,,13.18,,0,0,0,,,3.02,,,,,,,0,,,,,,,,,,,,,,,,,,,,,,44,,14,,,,,,,,9,,,,,,,,,,,,,,,,,,,,,,,,,
STD-DB10_2-000387,"무 절임, 쌈무",S,국가표준식품성분표,,농진청('16),,채소류,,"무 절임, 쌈무",,,,,,,100g,15,95,0.54,0.03,1.33,3.1,1.46,2.3,16,0.16,10,138,400,0,0,0,0.038,0,0.294,1.39,0,,0.01,0,0.285,0.008999999999999999,0,-,0,7,,0,0,0,0,0,0,0,0,0.01,0,0,0,0,0,0,0,0.6,,0,,,0,0.09,,0.77,0.01,,0,0,0.7,0,0,0,0,,,5.37,,,2.09,,,,,0,,9.380000000000001,,0,0,0,,,1.44,,,,,,,0,,,,,,,,,,,,,,,,,,,,,,29,,16,,,,,,,,12,,,,,,,,,,,,,,,,,,,,,,,,,
STD-DB10_2-000388,"무 절임, 치킨무",S,국가표준식품성분표,,농진청('17),,채소류,,"무 절임, 치킨무",,,,,,,100g,22,93.7,0.44,0.21,0.79,4.89,3.54,1.4,14,0.29,13,115,219,0,0,0,0,0.01,0.5,100.35,0,,0.02,0,0.5,0,0.13,-,0,20,,0,0,0,0,0,0,0,0,0,0,0,0,0,0,0,0,2.07,,0,,,0,0.29,,1.18,0.02,,0,0,0,0,0,0,0,,,4.46,,,1.63,,,,,0,,8.34,,0,0,0,,,4.39,,,,,,,0,,,,,,,,,,,,,,,,,,,,,,19,,15,,,,,,,,0,,,,,,,,,,,,,,,,,,,,,,,,,
STD-DB10_2-000389,"무말랭이, 말린것",S,국가표준식품성분표,,농진청('15),,채소류,,"무말랭이, 말린것",,,,,,,100g,318,12.2,13.59,0.3,8.57,65.34,19.91,28.2,344,5.18,308,3108,303,1,0,17,0.583,0.262,2.631,61.38,0,,0.15,0.02,2.51,0.121,0,-,0,63,,1.51,0,0,0,0,0,0,0,0,0,0,0,0,0,0,0,6.95,,0,,,0,3.73,,9.23,0.12,,3.19,0,2.58,0,0,3.07,0,,,22.45,,,10.62,,,,,0,,69.59,,0,0,0,,,5.2,,,,,,,0,,,,,,,,,,,,,,,,,,,,,,293,,353,,,,,,,,278,,,,,,,,,,,,,,,,,,,,,,,,,
STD-DB10_2-000390,무말랭이 무침,S,국가표준식품성분표,,농진청('15),,채소류,,무말랭이 무침,,,,,,,100g,131,63.9,2.25,0.61,4,29.24,16.75,7.6,87,1.83,43,266,1073,103,0,1234,0.031,0.209,1.58,0,0,,0.14,0,1.482,0.098,0,-,0,27,,0.927,0,0,1.02,1.02,0,0,0,0,0,0,0,0,0,0,0,1.98,,4.88,,,0,2.42,,7.47,0.44,,0,0,0,0,0,0,0,,,241.64,,,11.6,,,,,0,,81.01000000000001,,0,0,0,,,106.85,,,,,,,0,,,,,,,,,,,,,,,,,,,,,,77,,111,,,,,,,,71,,,,,,,,,,,,,,,,,,,,,,,,,
STD-DB10_2-000391,물냉이,S,국가표준식품성분표,,농진청('99),,채소류,,물냉이,,,,,,,100g,23,91.5,3.5,0.1,1.2,3.7,-,-,105,9.1,48,57,28,172,0,2061,0.11,0.22,0.8,92,-,,-,-,-,-,-,-,-,-,,-,-,-,-,-,-,-,-,-,-,-,-,-,-,-,-,-,,-,,,-,-,,-,-,,-,-,-,-,-,-,-,,,-,,,-,,,,,-,,-,,-,-,-,,,-,,,,,,,-,,,,,,,,,,,,,,,,,,,,,,-,,-,,,,,,,,-,,,,,,,,,,,,,,,,,,,,,,,,,
STD-DB10_2-000392,물쑥,S,국가표준식품성분표,,국('86),,채소류,,물쑥,,,,,,,100g,36,87,5.4,0.3,1.7,5.6,-,-,106,12.1,99,-,-,284,0,3411,0.12,0.13,2.6,15,-,,-,-,-,-,-,-,-,-,,-,-,-,-,-,-,-,-,-,-,-,-,-,-,-,-,-,,-,,,-,-,,-,-,,-,-,-,-,-,-,-,,,-,,,-,,,,,-,,-,,-,-,-,,,-,,,,,,,-,,,,,,,,,,,,,,,,,,,,,,-,,-,,,,,,,,-,,,,,,,,,,,,,,,,,,,,,,,,,
STD-DB10_2-000393,"물쑥, 데친것",S,국가표준식품성분표,,국('86),,채소류,,"물쑥, 데친것",,,,,,,100g,47,85.7,1.9,0.1,0.6,11.7,-,-,44,2.5,63,86,7,11,0,135,0.03,0.03,3.2,0,-,,-,-,-,-,-,-,-,-,,-,-,-,-,-,-,-,-,-,-,-,-,-,-,-,-,-,,-,,,-,-,,-,-,,-,-,-,-,-,-,-,,,-,,,-,,,,,-,,-,,-,-,-,,,-,,,,,,,-,,,,,,,,,,,,,,,,,,,,,,-,,-,,,,,,,,-,,,,,,,,,,,,,,,,,,,,,,,,,
STD-DB10_2-000394,"미나리, 돌미나리",S,국가표준식품성분표,,농진청('96),,채소류,,"미나리, 돌미나리",,,,,,,100g,21,92.8,2.2,0.2,1,3.8,-,-,55,2,50,382,18,110,0,1320,0.15,0.16,0.6,15,-,,-,-,-,-,-,-,-,-,,-,-,-,-,-,-,-,-,-,-,-,-,-,-,-,-,-,,-,,,-,-,,-,-,,-,-,-,-,-,-,-,,,-,,,-,,,,,-,,-,,-,-,-,,,-,,,,,,,-,,,,,,,,,,,,,,,,,,,,,,-,,-,,,,,,,,-,,,,,,,,,,,,,,,,,,,,,,,,,
STD-DB10_2-000395,"미나리, 물미나리",S,국가표준식품성분표,,농진청('15),,채소류,,"미나리, 물미나리",,,,,,,100g,22,92.7,1.81,0.25,0.79,4.45,2.69,3.5,45,0.39,52,271,5,80,0,963,0.02,0.199,0.387,3.67,0,,0.05,0,0.067,0.32,0,-,0,45,,0.173,0,0,0.12,0.12,0,0,0,0,0,0,0,127.19,127.19,0,0,0.86,,0,,,0.91,0,,0.92,0.19,,0,0,0,0,0,0,0,,,103.84,,,9.880000000000001,,,,,0,,67.89,,0,0,0,,,5.63,,,,,,,0,,,,,,,,,,,,,,,,,,,,,,59,,88,,,,,,,,50,,,,,,,,,,,,,,,,,,,,,,,,,
STD-DB10_2-000396,"미나리, 농축",S,국가표준식품성분표,,농진청('15),,채소류,,"미나리, 농축",,,,,,,100g,120,65.8,0.36,0,0.36,33.48,28.49,1.4,31,0.11,24,124,6,0,0,0,0.021,0.142,0.42,2.44,0,,0,0,0.018,0.402,0,-,0,0,,0,0,0,0,0,0,0,0,0,0,0,0,0,0,0,0,11,,0,,,0,0,,17.49,0,,0,0,0,0,0,0,0,,,0,,,0,,,,,0,,0,,0,0,0,,,0,,,,,,,0,,,,,,,,,,,,,,,,,,,,,,9,,12,,,,,,,,9,,,,,,,,,,,,,,,,,,,,,,,,,
STD-DB10_2-000397,민들레,S,국가표준식품성분표,,농진청('15),,채소류,,민들레,,,,,,,100g,29,90.2,2.44,0.44,1.44,5.48,0,3.3,119,5.42,44,593,1,201,0,2406,0.039,0.211,0.833,2.21,0,,0.07000000000000001,0,0,0.833,0,-,0,91,,0.164,0,0,4.8,4.67,0.06,1.03,0,0,0,0,0,350.78,350.78,0,0,0,,0,,,0,0,,0,0.34,,0,0,0,0,0,0,0,,,88.42,,,0,,,,,0,,255.19,,0,0,0,,,4.67,,,,,,,0,,,,,,,,,,,,,,,,,,,,,,129,,206,,,,,,,,110,,,,,,,,,,,,,,,,,,,,,,,,,
STD-DB10_2-000398,"민들레, 데친것",S,국가표준식품성분표,,농진청('15),,채소류,,"민들레, 데친것",,,,,,,100g,30,90.5,2.18,0.51,1.07,5.74,0,4.6,115,1.44,38,396,1,193,0,2314,0,0.159,0.786,2.26,0,,0.08,0,0,0.786,0,-,0,42,,0.188,0,0,9.550000000000001,9.390000000000001,0,1.6,0,0,0,0,0,435.94,435.94,0,0,0,,0,,,0,0,,0,0.4,,0,0,0,0,0,0,0,,,96.56999999999999,,,0,,,,,0,,301.79,,0,0,0,,,4.76,,,,,,,0,,,,,,,,,,,,,,,,,,,,,,115,,202,,,,,,,,108,,,,,,,,,,,,,,,,,,,,,,,,,
STD-DB10_2-000399,바젤라,S,국가표준식품성분표,,JAPAN('20),,채소류,,바젤라,,,,,,,100g,11,95.09999999999999,0.7,0.2,1.1,2.6,-,2.2,150,0.5,28,210,9,242,(0),2900,0.03,0.07000000000000001,0.3,41,(0),,-,-,-,-,-,0.09,(0),78,,0.21,-,-,1.1,1.1,Tr,0.2,0,-,-,-,-,350,-,-,-,-,,-,,,-,-,,-,-,,-,-,-,-,-,-,-,,,-,,,-,,,,,-,,-,,-,-,-,,,-,,,,,,,-,,,,,,,,,,,,,,,,,,,,,,(29),,(45),,,,,,,,(27),,,,,,,,,,,,,,,,,,,,,,,,,
STD-DB10_2-000400,"바젤라, 데친것",S,국가표준식품성분표,,JAPAN('20),,채소류,,"바젤라, 데친것",,,,,,,100g,12,94.5,0.9,0.2,0.9,3.2,-,3.1,180,0.4,24,150,7,267,(0),3200,0.02,0.05,0.2,18,(0),,-,-,-,-,-,0.04,(0),51,,0.15,-,-,1.3,1.3,0,0.2,0,-,-,-,-,350,-,-,-,-,,-,,,-,-,,-,-,,-,-,-,-,-,-,-,,,-,,,-,,,,,-,,-,,-,-,-,,,-,,,,,,,-,,,,,,,,,,,,,,,,,,,,,,(38),,(58),,,,,,,,(34),,,,,,,,,,,,,,,,,,,,,,,,,
STD-DB10_2-000401,"바질, 잎",S,국가표준식품성분표,,농진청('18),,채소류,,"바질, 잎",,,,,,,100g,32,90.09999999999999,2.43,0.71,1.22,5.56,0.8,2.6,238,0.64,69,340,3,90,0,1077,0.081,0.17,0.327,1.92,0,,0.08,0,0,0.327,1.54,0.212,0,68,,0.447,0,0,0.71,0.65,0,0.29,0,0.1,0,0,0,575.34,575.34,0,0,0.35,,0,,,0,0,,0.45,0.25,,0,0,0,0,0,0,0,,,40.22,,,2.01,,,,,0,,198.11,,0.79,0,0,,,6.34,,,,,,,0,,,,,,,,,,,,,,,,,,,,,,129,,215,,,,,,,,120,,,,,,,,,,,,,,,,,,,,,,,,,
STD-DB10_2-000402,"박, 과육",S,국가표준식품성분표,,농진청('04),,채소류,,"박, 과육",,,,,,,100g,21,93.8,0.5,0.1,0.4,5.2,-,-,27,2.1,25,35,6,0,0,0,0.11,0.01,0.4,15,-,,-,-,-,-,-,-,-,-,,-,-,-,-,-,-,-,-,-,-,-,-,-,-,-,-,-,,-,,,-,-,,-,-,,-,-,-,-,-,-,-,,,-,,,-,,,,,-,,-,,-,-,-,,,-,,,,,,,-,,,,,,,,,,,,,,,,,,,,,,-,,-,,,,,,,,-,,,,,,,,,,,,,,,,,,,,,,,,,
STD-DB10_2-000403,"박, 씨 포함",S,국가표준식품성분표,,농진청('04),,채소류,,"박, 씨 포함",,,,,,,100g,32,90.40000000000001,1,0.1,0.5,8,-,-,14,2.2,46,46,5,0,0,0,0.16,0.02,0.6,21,-,,-,-,-,-,-,-,-,-,,-,-,-,-,-,-,-,-,-,-,-,-,-,-,-,-,-,,-,,,-,-,,-,-,,-,-,-,-,-,-,-,,,-,,,-,,,,,-,,-,,-,-,-,,,-,,,,,,,-,,,,,,,,,,,,,,,,,,,,,,-,,-,,,,,,,,-,,,,,,,,,,,,,,,,,,,,,,,,,
STD-DB10_2-000404,"박고지, 말린것",S,국가표준식품성분표,,국('81),,채소류,,"박고지, 말린것",,,,,,,100g,268,18.1,7.6,0.4,4.9,69,-,-,321,4.4,246,1075,14,0,0,0,0.11,0,6.5,2,-,,-,-,-,-,-,-,-,-,,-,-,-,-,-,-,-,-,-,-,-,-,-,-,-,-,-,,-,,,-,-,,-,-,,-,-,-,-,-,-,-,,,-,,,-,,,,,-,,-,,-,-,-,,,-,,,,,,,-,,,,,,,,,,,,,,,,,,,,,,-,,-,,,,,,,,-,,,,,,,,,,,,,,,,,,,,,,,,,
STD-DB10_2-000405,"박쥐나무, 잎",S,국가표준식품성분표,,농진청('04),,채소류,,"박쥐나무, 잎",,,,,,,100g,100,68,6.7,1.2,3.4,20.7,-,-,718,3.5,64,547,27,901,0,10812,0.43,1.09,2.2,151,-,,-,-,-,-,-,-,-,-,,-,-,-,-,-,-,-,-,-,-,-,-,-,-,-,-,-,,-,,,-,-,,-,-,,-,-,-,-,-,-,-,,,-,,,-,,,,,-,,-,,-,-,-,,,-,,,,,,,-,,,,,,,,,,,,,,,,,,,,,,-,,-,,,,,,,,-,,,,,,,,,,,,,,,,,,,,,,,,,
STD-DB10_2-000406,방가지똥,S,국가표준식품성분표,,농진청('92),,채소류,,방가지똥,,,,,,,100g,46,85.2,2.5,0.4,1.6,10.3,-,-,39,4.4,34,324,5,20,0,245,0.17,0.24,0.3,2,-,,-,-,-,-,-,-,-,-,,-,-,-,-,-,-,-,-,-,-,-,-,-,-,-,-,-,,-,,,-,-,,-,-,,-,-,-,-,-,-,-,,,-,,,-,,,,,-,,-,,-,-,-,,,-,,,,,,,-,,,,,,,,,,,,,,,,,,,,,,-,,-,,,,,,,,-,,,,,,,,,,,,,,,,,,,,,,,,,
STD-DB10_2-000407,방울다다기양배추,S,국가표준식품성분표,,농진청('13),,채소류,,방울다다기양배추,,,,,,,100g,49,84.2,3.28,0.16,1.19,11.17,3.55,5.5,49,1.21,69,422,25,9,0,103,0.446,0.209,0.268,-,0,,0.07000000000000001,0,0.158,0.11,0,-,0,31,,1.639,0,0,0.11,0.11,0,0,0,0,0,0,0,259.91,259.91,0,0,0.98,,0,,,0,1.55,,1.02,0.08,,0,0,0,0,0,0,0,,,24.08,,,9.94,,,,,0,,42.31,,0,0,0,,,4.01,,,,,,,0,,,,,,,,,,,,,,,,,,,,,,93,,155,,,,,,,,87,,,,,,,,,,,,,,,,,,,,,,,,,
STD-DB10_2-000408,"방울다다기양배추, 데친것",S,국가표준식품성분표,,JAPAN('20),,채소류,,"방울다다기양배추, 데친것",,,,,,,100g,51,83.8,5.3,0.1,1.0,9.800000000000001,(4.1),5.2,36,1.0,75,480,5,57,(0),680,0.13,0.16,0.6,110,(0),,(0.02),-,-,-,-,0.22,(0),220,,0.65,-,-,0.5,0.5,0,0,0,-,-,-,-,160,-,-,(0),(0.6),,(0),,,(0),(2.8),,(0.7),(0.06),,(0),-,-,-,(0),(0),-,,,(15),,,-,,,,,(Tr),,(33),,-,-,(0),,,-,,,,,,,-,,,,,,,,,,,,,,,,,,,,,,(130),,(200),,,,,,,,(130),,,,,,,,,,,,,,,,,,,,,,,,,
STD-DB10_2-000409,"배초향(방아), 잎",S,국가표준식품성분표,,농진청('16),,채소류,,"배초향(방아), 잎",,,,,,,100g,55,81.7,4.87,0.46,1.84,11.13,1.52,6.4,237,3.8,69,625,2,412,0,4941,0.104,0.483,0.204,14.12,0,,0.1,0,0,0.204,0,-,0,195,,0.921,0,0,2.49,1.36,0,0.99,0.2,3.42,0,0.03,0,379.16,379.16,0,0.24,0.44,,0,,,0.13,0,,0.72,0.34,,0,0,0,0,0,0,0,,,58.14,,,0,,,,,0,,273.39,,0,0,0,,,8.880000000000001,,,,,,,0,,,,,,,,,,,,,,,,,,,,,,164,,301,,,,,,,,155,,,,,,,,,,,,,,,,,,,,,,,,,
STD-DB10_2-000410,"배추, 싹",S,국가표준식품성분표,,농진청('11),,채소류,,"배추, 싹",,,,,,,100g,63,86.3,3.4,4.3,0.7,5.3,-,4.3,61,1.1,150,123,8,68,0,817,0.65,0.28,1,17,-,,-,-,-,-,-,-,-,-,,-,-,-,-,-,-,-,-,-,-,-,-,-,-,-,-,-,,-,,,-,-,,-,-,,-,-,-,-,-,-,-,,,-,,,-,,,,,-,,-,,-,-,-,,,-,,,,,,,-,,,,,,,,,,,,,,,,,,,,,,-,,-,,,,,,,,-,,,,,,,,,,,,,,,,,,,,,,,,,
STD-DB10_2-000411,배추,S,국가표준식품성분표,,농진청('15),,채소류,,배추,,,,,,,100g,15,94.8,1.25,0.04,0.66,3.2,1.75,1.4,53,0.36,40,258,9,12,0,145,0.022,0.052,0.416,15.16,0,,0.01,0,0.163,0.253,0,-,0,34,,0.137,0,0,0.04,0.04,0,0.01,0,0,0,0,0,56.12,56.12,0,0.04,0.82,,0,,,0,0,,0.88,0.03,,0,0,0,0,0,0,0,,,3.68,,,3.75,,,,,0,,18.21,,0,0,0,,,2.68,,,,,,,0,,,,,,,,,,,,,,,,,,,,,,36,,61,,,,,,,,39,,,,,,,,,,,,,,,,,,,,,,,,,
STD-DB10_2-000412,"배추, 봄 재배",S,국가표준식품성분표,,농진청('15),,채소류,,"배추, 봄 재배",,,,,,,100g,13,95.2,1.61,0.07000000000000001,0.84,2.28,0.9399999999999999,1.2,55,0.58,52,331,13,22,0,266,0.022,0.07099999999999999,0.487,24.43,0,,0.02,0,0.033,0.454,0,-,0,43,,0.093,0,0,0,0,0,0,0,0,0,0,0,95,95,0,0,0.49,,0,,,0,0,,0.45,0.05,,0,0,0,0,0,0,0,,,6.33,,,4.54,,,,,0,,31.35,,0,0,0,,,3.71,,,,,,,0,,,,,,,,,,,,,,,,,,,,,,39,,55,,,,,,,,34,,,,,,,,,,,,,,,,,,,,,,,,,
STD-DB10_2-000413,"배추, 여름 재배",S,국가표준식품성분표,,농진청('15),,채소류,,"배추, 여름 재배",,,,,,,100g,17,94.5,0.9,0.02,0.59,3.99,1.99,1,60,0.25,34,222,3,12,0,144,0.018,0.044,0.192,12.07,0,,0.01,0,0.03,0.162,0,-,0,33,,0.216,0,0,0.11,0.11,0,0,0,0,0,0,0,73.37,73.37,0,0,0.92,,0,,,0,0,,1.07,0,,0,0,0,0,0,0,0,,,1.02,,,2.35,,,,,0,,0.98,,0,0,0,,,1.76,,,,,,,0,,,,,,,,,,,,,,,,,,,,,,29,,61,,,,,,,,40,,,,,,,,,,,,,,,,,,,,,,,,,
STD-DB10_2-000414,"배추, 가을 재배",S,국가표준식품성분표,,농진청('15),,채소류,,"배추, 가을 재배",,,,,,,100g,15,94.8,1.25,0.05,0.55,3.35,2.33,2,42,0.24,35,220,11,2,0,27,0.027,0.04,0.57,8.99,0,,0.01,0,0.427,0.143,0,-,0,25,,0.101,0,0,0,0,0,0.02,0,0,0,0,0,0,0,0,0.12,1.07,,0,,,0,0,,1.14,0.04,,0,0,0,0,0,0,0,,,3.71,,,4.34,,,,,0,,22.3,,0,0,0,,,2.58,,,,,,,0,,,,,,,,,,,,,,,,,,,,,,40,,68,,,,,,,,45,,,,,,,,,,,,,,,,,,,,,,,,,
STD-DB10_2-000415,"배추, 데친것",S,국가표준식품성분표,,농진청('06),,채소류,,"배추, 데친것",,,,,,,100g,17,94.3,1.4,,0.4,3.9,-,-,41,2.6,27,168,7,0,-,2,0.05,0.01,0.6,11,-,,-,-,-,-,-,-,-,-,,-,-,-,-,-,-,-,-,-,-,-,-,-,-,-,-,-,,-,,,-,-,,-,-,,-,-,-,-,-,-,-,,,-,,,-,,,,,-,,-,,-,-,-,,,-,,,,,,,-,,,,,,,,,,,,,,,,,,,,,,-,,-,,,,,,,,-,,,,,,,,,,,,,,,,,,,,,,,,,
STD-DB10_2-000416,"배추, 삶은것",S,국가표준식품성분표,,농진청('15),,채소류,,"배추, 삶은것",,,,,,,100g,15,95.2,1.16,0.14,0.5,3.04,1.13,2,72,0.31,35,158,7,18,0,220,0.01,0.033,0.325,12.1,0,,0.03,0,0.124,0.201,0,-,0,25,,0.024,0,0,0.16,0.15,0,0,0,0,0,0,0,62.63,62.63,0,0.04,0.53,,0,,,0,0,,0.57,0.1,,0,0,0,0,0,0,0,,,14.89,,,7.51,,,,,0,,77.5,,0,0,0,,,3.48,,,,,,,0,,,,,,,,,,,,,,,,,,,,,,46,,58,,,,,,,,38,,,,,,,,,,,,,,,,,,,,,,,,,
STD-DB10_2-000417,"배추, 염절임",S,국가표준식품성분표,,농진청('15),,채소류,,"배추, 염절임",,,,,,,100g,17,93,1.34,0.07000000000000001,2.01,3.62,2.08,2,57,0.3,45,309,487,16,0,191,0.042,0.05,0.353,5.56,0,,0.02,0,0.107,0.246,0,-,0,20,,0.119,0,0,0.07000000000000001,0.07000000000000001,0,0,0,0,0,0,0,61.76,61.76,0,0,1,,0,,,0,0,,1.08,0.05,,0,0,0,0,0,0,0,,,6.43,,,5.94,,,,,0,,31.44,,0,0,0,,,2.78,,,,,,,0,,,,,,,,,,,,,,,,,,,,,,42,,60,,,,,,,,37,,,,,,,,,,,,,,,,,,,,,,,,,
STD-DB10_2-000418,"배추, 노랑봄배추(노지), 염절임",S,국가표준식품성분표,,농진청('08),,채소류,,"배추, 노랑봄배추(노지), 염절임",,,,,,,100g,16,93.59999999999999,1.1,0.1,1.6,3.6,-,-,34,1.5,26,136,663,1,0,10,0.06,0.03,0.4,15,-,,-,-,-,-,-,-,-,-,,-,-,-,-,-,-,-,-,-,-,-,-,-,-,-,-,-,,-,,,-,-,,-,-,,-,-,-,-,-,-,-,,,-,,,-,,,,,-,,-,,-,-,-,,,-,,,,,,,-,,,,,,,,,,,,,,,,,,,,,,-,,-,,,,,,,,-,,,,,,,,,,,,,,,,,,,,,,,,,
STD-DB10_2-000419,"배추, 노랑봄배추(하우스)",S,국가표준식품성분표,,농진청('08),,채소류,,"배추, 노랑봄배추(하우스)",,,,,,,100g,12,95.90000000000001,1,0,0.5,2.6,-,-,28,1.1,21,93,11,2,0,22,0.06,0.04,0.3,12,-,,-,-,-,-,-,-,-,-,,-,-,-,-,-,-,-,-,-,-,-,-,-,-,-,-,-,,-,,,-,-,,-,-,,-,-,-,-,-,-,-,,,-,,,-,,,,,-,,-,,-,-,-,,,-,,,,,,,-,,,,,,,,,,,,,,,,,,,,,,-,,-,,,,,,,,-,,,,,,,,,,,,,,,,,,,,,,,,,
STD-DB10_2-000420,"배추, 불암 3호(노지)",S,국가표준식품성분표,,농진청('08),,채소류,,"배추, 불암 3호(노지)",,,,,,,100g,23,92.7,0.9,0.1,0.6,5.7,-,-,60,0.6,46,311,14,0,0,1,0.08,0.03,0.4,24,-,,-,-,-,-,-,-,-,-,,-,-,-,-,-,-,-,-,-,-,-,-,-,-,-,-,-,,-,,,-,-,,-,-,,-,-,-,-,-,-,-,,,-,,,-,,,,,-,,-,,-,-,-,,,-,,,,,,,-,,,,,,,,,,,,,,,,,,,,,,-,,-,,,,,,,,-,,,,,,,,,,,,,,,,,,,,,,,,,
STD-DB10_2-000421,"배추, 불암 3호(하우스)",S,국가표준식품성분표,,농진청('08),,채소류,,"배추, 불암 3호(하우스)",,,,,,,100g,13,95.7,1,0.1,0.4,2.8,-,-,47,0.1,29,215,12,0,0,2,0.07000000000000001,0.02,0.4,12,-,,-,-,-,-,-,-,-,-,,-,-,-,-,-,-,-,-,-,-,-,-,-,-,-,-,-,,-,,,-,-,,-,-,,-,-,-,-,-,-,-,,,-,,,-,,,,,-,,-,,-,-,-,,,-,,,,,,,-,,,,,,,,,,,,,,,,,,,,,,-,,-,,,,,,,,-,,,,,,,,,,,,,,,,,,,,,,,,,
STD-DB10_2-000422,"배추, 시래기, 말린것",S,국가표준식품성분표,,농진청('17),,채소류,,"배추, 시래기, 말린것",,,,,,,100g,278,12.8,14.38,3.89,10.06,58.92,25.52,29.6,981,9.449999999999999,452,3513,153,401,0,4810,1.587,0.871,18.984,9.25,0,,0.29,0.09,17.639,1.345,0.62,-,0,308,,0.396,0,0,4.76,4.73,0.06,0,0,0,0,0,0,1343.59,1343.59,0,0,9.65,,0,,,0,3.44,,12.44,0.89,,1.29,0,7.31,0,0,0,2.9,,,137.3,,,64.95,,,,,1.78,,641.8,,0,0,0,,,25.21,,,,,,,2.54,,,,,,,,,,,,,,,,,,,,,,1159,,28,,,,,,,,327,,,,,,,,,,,,,,,,,,,,,,,,,
STD-DB10_2-000423,"배추, 유기재배",S,국가표준식품성분표,,농진청('07),,채소류,,"배추, 유기재배",,,,,,,100g,14,95.09999999999999,1.1,0,0.6,3.2,-,-,26,0.6,19,279,13,1,0,7.8,0.11,0.03,0.5,17,-,,-,-,-,-,-,-,-,-,,-,-,-,-,-,-,-,-,-,-,-,-,-,-,-,-,-,,-,,,-,-,,-,-,,-,-,-,-,-,-,-,,,-,,,-,,,,,-,,-,,-,-,-,,,-,,,,,,,-,,,,,,,,,,,,,,,,,,,,,,-,,-,,,,,,,,-,,,,,,,,,,,,,,,,,,,,,,,,,
STD-DB10_2-000424,"배추, 봄동",S,국가표준식품성분표,,농진청('14),,채소류,,"배추, 봄동",,,,,,,100g,23,92.2,2.02,0.17,0.83,4.78,2.45,2.7,101,0.87,55,200,50,77,0,926,0.048,0.08699999999999999,0.226,23.28,0,,0.03,0,0.07199999999999999,0.154,0,-,0,80,,0.212,0,0,0.16,0.16,0,0,0,0,0,0,0,186.728,186.728,0,0,1.21,,0,,,0,0,,1.24,0.13,,0.47,0,0,0,0,0,0,,,15.29,,,14.76,,,,,0,,91.98999999999999,,0,0,0,,,2.92,,,,,,,0,,,,,,,,,,,,,,,,,,,,,,70,,108,,,,,,,,50,,,,,,,,,,,,,,,,,,,,,,,,,
STD-DB10_2-000425,"배추, 얼갈이배추",S,국가표준식품성분표,,농진청('15),,채소류,,"배추, 얼갈이배추",,,,,,,100g,14,95,1.22,0.08,0.92,2.78,0.55,2.5,190,0.38,46,159,54,124,0,1492,0.06900000000000001,0.109,0.446,21.84,0,,0.02,0,0,0.446,0,-,0,39,,0.256,0,0,0.32,0.32,0,0,0,0,0,0,0,135.83,135.83,0,0,0.15,,0,,,0,0,,0.4,0.06,,0,0,0,0,0,0,0,,,6.99,,,9.65,,,,,0,,42.65,,0,0,0,,,2.41,,,,,,,0,,,,,,,,,,,,,,,,,,,,,,44,,76,,,,,,,,36,,,,,,,,,,,,,,,,,,,,,,,,,
STD-DB10_2-000426,"백모근, 뿌리, 말린것",S,국가표준식품성분표,,농진청('03),,채소류,,"백모근, 뿌리, 말린것",,,,,,,100g,337,7,9,2,5,77,-,-,275,29,250,1054,115,0,0,0,0.32,1,4,21,-,,-,-,-,-,-,-,-,-,,-,-,-,-,-,-,-,-,-,-,-,-,-,-,-,-,-,,-,,,-,-,,-,-,,-,-,-,-,-,-,-,,,-,,,-,,,,,-,,-,,-,-,-,,,-,,,,,,,-,,,,,,,,,,,,,,,,,,,,,,-,,-,,,,,,,,-,,,,,,,,,,,,,,,,,,,,,,,,,
STD-DB10_2-000427,"백합, 뿌리",S,국가표준식품성분표,,농진청('15),,채소류,,"백합, 뿌리",,,,,,,100g,118,68.90000000000001,3.34,1.52,1.33,24.91,0.44,-,9,0.65,78,538,2,2,0,24,0.062,0.011,0.017,6.3,-,,0.03,0,0.017,0,1.28,-,0,25,,0,-,-,0.01,0.01,0,0,0,0,0,0,0,25.64,25.64,0,0,0,,0,,,0,0.38,,0.06,0.04,,0,0,0,0,0,0,0,,,17.76,,,1.85,,,,,0,,0,,0,0,0,,,14.66,,,,,,,0,,,,,,,,,,,,,,,,,,,,,,107,,172,,,,,,,,86,,,,,,,,,,,,,,,,,,,,,,,,,
STD-DB10_2-000428,"보리, 순, 가루",S,국가표준식품성분표,,농진청('06),,채소류,,"보리, 순, 가루",,,,,,,100g,314,4.4,26.6,4.8,5.7,58.5,-,-,429,6.4,783,1438,282,109,0,1310,5.76,3.96,6.7,47,-,,-,-,-,-,-,-,-,-,,-,-,-,-,-,-,-,-,-,-,-,-,-,-,-,-,-,,-,,,-,-,,-,-,,-,-,-,-,-,-,-,,,-,,,-,,,,,-,,-,,-,-,-,,,-,,,,,,,-,,,,,,,,,,,,,,,,,,,,,,-,,-,,,,,,,,-,,,,,,,,,,,,,,,,,,,,,,,,,
STD-DB10_2-000429,"보리, 올보리, 순",S,국가표준식품성분표,,농진청('83),,채소류,,"보리, 올보리, 순",,,,,,,100g,66,80,3.1,1.1,1.9,13.9,-,-,24,5.3,27,-,-,459,0,5511,0.24,0.2,3.9,111,-,,-,-,-,-,-,-,-,-,,-,-,-,-,-,-,-,-,-,-,-,-,-,-,-,-,-,,-,,,-,-,,-,-,,-,-,-,-,-,-,-,,,-,,,-,,,,,-,,-,,-,-,-,,,-,,,,,,,-,,,,,,,,,,,,,,,,,,,,,,-,,-,,,,,,,,-,,,,,,,,,,,,,,,,,,,,,,,,,
STD-DB10_2-000430,"보리, 큰알보리, 순",S,국가표준식품성분표,,농진청('16),,채소류,,"보리, 큰알보리, 순",,,,,,,100g,24,92,2.91,0.27,0.83,3.99,0.52,3.1,19,2.22,65,211,62,191,0,2297,0.5570000000000001,0.164,0.768,12.61,0,,0.07000000000000001,0,0.591,0.176,0,-,0,65,,0,0,0,0.25,0.23,0,0.17,0,0.01,0,0,0,311.32,311.32,0,0,0.06,,0,,,0,0,,0.46,0.19,,1.16,0,0.33,0,0,0,0.98,,,36.79,,,4.31,,,,,0,,137.6,,0.74,0,0,,,2.56,,,,,,,0,,,,,,,,,,,,,,,,,,,,,,106,,154,,,,,,,,72,,,,,,,,,,,,,,,,,,,,,,,,,
STD-DB10_2-000431,뽕잎,S,국가표준식품성분표,,농진청('15),,채소류,,뽕잎,,,,,,,100g,65,78.3,6.28,0.5,2.1,12.82,2.47,10.7,243,2.99,105,688,10,429,0,5143,0.053,0.376,0.73,111.62,0,,0.14,0,0.713,0.017,0,-,0,208,,-,0,0,0.05,0,0.09,0,0,0,0,0,0,486.64,486.64,0,0,1.27,,0,,,0,0,,1.2,0.33,,0,0,0,0,0,0,0,,,125.81,,,0,,,,,0,,200.96,,0,0,0,,,4.52,,,,,,,0,,,,,,,,,,,,,,,,,,,,,,256,,396,,,,,,,,181,,,,,,,,,,,,,,,,,,,,,,,,,
STD-DB10_2-000432,"뽕잎, 삶은것",S,국가표준식품성분표,,농진청('15),,채소류,,"뽕잎, 삶은것",,,,,,,100g,48,84.5,4.86,0.53,1.11,9,0.41,8.1,204,1.22,98,267,6,385,0,4617,0.044,0.178,0.476,20.74,0,,0.11,0,0.455,0.021,0,-,0,36,,-,0,0,3.11,2.9,0.07000000000000001,1.65,0.34,0,0,0,0,603.85,603.85,0,0,0.27,,0,,,0,0,,0.14,0.39,,0,0,0,0,0,0,0,,,113.48,,,0,,,,,0,,280.81,,0,0,0,,,4.13,,,,,,,0,,,,,,,,,,,,,,,,,,,,,,208,,335,,,,,,,,149,,,,,,,,,,,,,,,,,,,,,,,,,
STD-DB10_2-000433,"뽕잎, 삶아서 말린것",S,국가표준식품성분표,,농진청('15),,채소류,,"뽕잎, 삶아서 말린것",,,,,,,100g,279,10.3,26.22,2.98,7.28,53.22,0,38.4,1348,11.37,625,1865,11,927,0,11125,0.45,1.106,-,10.01,0,,0.68,0,-,-,0,-,0,236,,-,0,0,9.449999999999999,8.73,0.38,4.89,1.36,0,0,0,0,2197.87,2197.87,0,0,0,,0,,,0,0,,0,2.17,,0,0,0,0,0,0,0,,,669.14,,,0,,,,,0,,1465.24,,0,0,0,,,37.69,,,,,,,0,,,,,,,,,,,,,,,,,,,,,,1402,,2300,,,,,,,,1172,,,,,,,,,,,,,,,,,,,,,,,,,
STD-DB10_2-000434,부지깽이(섬쑥부쟁이),S,국가표준식품성분표,,농진청('15),,채소류,,부지깽이(섬쑥부쟁이),,,,,,,100g,30,90,3.65,0.43,1.02,4.9,1.21,4.6,75,0.93,72,371,15,293,0,3516,0.771,0.288,0.479,11.55,0,,0.07000000000000001,0,0.289,0.19,2.46,-,0,65,,0.47,0,0,0.25,0.25,0,0,0,0,0,0,0,264.55,264.55,0,0,0.89,,0,,,0,0,,0.32,0.34,,0,0,0,0,0,0,0,,,98.06999999999999,,,0,,,,,0,,237.81,,0,0,0,,,4.25,,,,,,,0,,,,,,,,,,,,,,,,,,,,,,123,,205,,,,,,,,130,,,,,,,,,,,,,,,,,,,,,,,,,
STD-DB10_2-000435,"부지깽이(섬쑥부쟁이), 데친것",S,국가표준식품성분표,,농진청('15),,채소류,,"부지깽이(섬쑥부쟁이), 데친것",,,,,,,100g,33,89.5,4,0.65,0.93,4.92,0.61,4.3,80,0.83,72,312,11,234,0,2813,0.298,0.175,0.041,5.61,0,,0.1,0,0.01,0.031,0,-,0,80,,0.47,0,0,0.78,0.78,0,0,0,0,0,0,0,290.6,290.6,0,0,0.61,,0,,,0,0,,0,0.53,,0,0,0,0,0,0,0,,,144.32,,,0,,,,,0,,379.97,,0,0,0,,,5.2,,,,,,,0,,,,,,,,,,,,,,,,,,,,,,132,,204,,,,,,,,114,,,,,,,,,,,,,,,,,,,,,,,,,
STD-DB10_2-000436,"부지깽이(섬쑥부쟁이), 말린것",S,국가표준식품성분표,,농진청('86),,채소류,,"부지깽이(섬쑥부쟁이), 말린것",,,,,,,100g,258,14.2,25.7,2,8.1,50,-,-,112,-,404,-,-,40,0,479,0.18,0.08,1.4,0,-,,-,-,-,-,-,-,-,-,,-,-,-,-,-,-,-,-,-,-,-,-,-,-,-,-,-,,-,,,-,-,,-,-,,-,-,-,-,-,-,-,,,-,,,-,,,,,-,,-,,-,-,-,,,-,,,,,,,-,,,,,,,,,,,,,,,,,,,,,,-,,-,,,,,,,,-,,,,,,,,,,,,,,,,,,,,,,,,,
STD-DB10_2-000437,"부지깽이(섬쑥부쟁이), 삶아서 말린것",S,국가표준식품성분표,,농진청('15),,채소류,,"부지깽이(섬쑥부쟁이), 삶아서 말린것",,,,,,,100g,296,7.8,25.09,2.88,5.16,59.07,5.2,31.1,571,9.49,468,1466,214,797,0,9562,0.353,1.003,1.888,0,0,,0.55,0,1.888,0,0,-,-,220,,0.709,0,0,0,0,0,0,0,0,0,0,0,1065.4,1065.4,0,0,1.59,,0,,,0,2.2,,1.41,2.2,,0,0,0,0,0,0,0,,,714.54,,,0,,,,,0,,1414.75,,0,0,0,,,72.45999999999999,,,,,,,0,,,,,,,,,,,,,,,,,,,,,,1061,,2037,,,,,,,,1063,,,,,,,,,,,,,,,,,,,,,,,,,
STD-DB10_2-000438,"부추, 두메부추",S,국가표준식품성분표,,농진청('09),,채소류,,"부추, 두메부추",,,,,,,100g,46,86.09999999999999,1.2,0.1,0.7,11.9,-,-,107,3.1,45,251,2,7,0,78,0.18,0.05,0.3,12,-,,-,-,-,-,-,-,-,-,,-,-,-,-,-,-,-,-,-,-,-,-,-,-,-,-,-,,-,,,-,-,,-,-,,-,-,-,-,-,-,-,,,-,,,-,,,,,-,,-,,-,-,-,,,-,,,,,,,-,,,,,,,,,,,,,,,,,,,,,,-,,-,,,,,,,,-,,,,,,,,,,,,,,,,,,,,,,,,,
STD-DB10_2-000439,"부추, 산부추",S,국가표준식품성분표,,농진청('85),,채소류,,"부추, 산부추",,,,,,,100g,41,86.2,3.5,0.1,1.4,8.800000000000001,-,-,14,0.3,82,225,15,251,0,3010,0.03,0.29,0.1,11,-,,-,-,-,-,-,-,-,-,,-,-,-,-,-,-,-,-,-,-,-,-,-,-,-,-,-,,-,,,-,-,,-,-,,-,-,-,-,-,-,-,,,-,,,-,,,,,-,,-,,-,-,-,,,-,,,,,,,-,,,,,,,,,,,,,,,,,,,,,,-,,-,,,,,,,,-,,,,,,,,,,,,,,,,,,,,,,,,,
STD-DB10_2-000440,"부추, 솔부추",S,국가표준식품성분표,,농진청('20),,채소류,,"부추, 솔부추",,,,,,,100g,21,93.3,1.58,0.25,0.54,4.32,1.69,1.3,41,0.58,29,277,0,113,0,1351,0.04,0.109,0.074,14.24,0,,0.04,0,0,0.074,1.66,0.091,0,48,,0.395,0,0,0.21,0.21,0,0,0,0,0,0,0,134.16,134.16,0,0,0.97,,0,,,0,0,,0.72,0.17,,0,0,0,0,0,0,0,,,63.05,,,0,,,,,0,,102.69,,0,0,0,,,0,,,,,,,0,,,,,,,,,,,,,,,,,,,,,,41,,62,,,,,,,,35,,,,,,,,,,,,,,,,,,,,,,,,,
STD-DB10_2-000441,"부추, 재래종",S,국가표준식품성분표,,농진청('09),,채소류,,"부추, 재래종",,,,,,,100g,22,93,1.8,0.3,0.8,4.1,-,-,28,3.4,23,-,3,7,0,87,0.16,0.08,0.6,5,-,,-,-,-,-,-,-,-,-,,-,-,-,-,-,-,-,-,-,-,-,-,-,-,-,-,-,,-,,,-,-,,-,-,,-,-,-,-,-,-,-,,,-,,,-,,,,,-,,-,,-,-,-,,,-,,,,,,,-,,,,,,,,,,,,,,,,,,,,,,-,,-,,,,,,,,-,,,,,,,,,,,,,,,,,,,,,,,,,
STD-DB10_2-000442,"부추, 호부추",S,국가표준식품성분표,,농진청('15),,채소류,,"부추, 호부추",,,,,,,100g,30,90.5,2.06,0.33,0.88,6.23,2.86,4.8,59,0.83,42,396,0,178,0,2131,0.08799999999999999,0.151,0.145,15.15,0,,0.09,0,0.028,0.117,3.67,-,0,71,,0.194,0,0,0.51,0.51,0,0,0,0,0,0,0,91.86,91.86,0,0,1.59,,0,,,0,0,,1.27,0.23,,0,0,0,0,0,0,0,,,92.69,,,0,,,,,0,,134.03,,0,0,0,,,2.44,,,,,,,0,,,,,,,,,,,,,,,,,,,,,,58,,88,,,,,,,,50,,,,,,,,,,,,,,,,,,,,,,,,,
STD-DB10_2-000443,브로콜리,S,국가표준식품성분표,,농진청('13),,채소류,,브로콜리,,,,,,,100g,32,89.40000000000001,3.08,0.2,1,6.32,0.79,3.1,39,0.8,68,365,3,22,0,264,0.033,0.143,1.024,29.17,0,,0.08,0,0.158,0.866,0,-,0,43,,0.324,0,0,0.88,0.86,0,0.16,0,0,0,0,0,182.46,182.46,0,0,0.55,,0,,,0,0,,0.24,0.09999999999999999,,0,0,0,0,0,0,0,,,30.29,,,10.11,,,,,0,,62.14,,0,0,0,,,2.34,,,,,,,0,,,,,,,,,,,,,,,,,,,,,,89,,138,,,,,,,,83,,,,,,,,,,,,,,,,,,,,,,,,,
STD-DB10_2-000444,"브로콜리, 데친것",S,국가표준식품성분표,,농진청('13),,채소류,,"브로콜리, 데친것",,,,,,,100g,28,90.7,2.8,0.31,0.85,5.34,0.4,3.1,37,0.68,60,301,4,29,0,353,0.012,0.102,0.218,29.17,0,,0.08,0,0.008,0.21,0,-,0,68,,0.906,0,0,1.45,1.42,0,0.34,0,0,0,0,0,175.1,175.1,0,0,0.4,,0,,,0,0,,0,0.22,,0,0,0,0,0,0,0,,,52.53,,,12.56,,,,,0,,144.54,,0,0,0,,,2.13,,,,,,,0,,,,,,,,,,,,,,,,,,,,,,88,,141,,,,,,,,84,,,,,,,,,,,,,,,,,,,,,,,,,
STD-DB10_2-000445,"브로콜리, 삶은것",S,국가표준식품성분표,,JAPAN('20),,채소류,,"브로콜리, 삶은것",,,,,,,100g,30,89.90000000000001,3.9,0.4,0.6,5.2,1.2,4.3,41,0.9,74,210,5,69,0,830,0.06,0.09,0.4,55,0,,(0.05),-,-,-,7.1,0.14,0,120,,0.74,-,-,2.7,2.7,Tr,0.4,0,-,-,-,-,190,-,-,-,0.7,,-,,,-,Tr,,0.5,(0.13),,(Tr),(0),(1),(0),(0),(0),(0),,,(26),,,-,,,,,(0),,(59),,(0),(0),(0),,,-,,,,,,,-,,,,,,,,,,,,,,,,,,,,,,(120),,(190),,,,,,,,(120),,,,,,,,,,,,,,,,,,,,,,,,,
STD-DB10_2-000446,"브로콜리, 싹",S,국가표준식품성분표,,농진청('15),,채소류,,"브로콜리, 싹",,,,,,,100g,31,90.90000000000001,3.81,0.92,0.57,3.8,0.91,1.8,73,0.66,101,85,16,25,0,295,0.038,0.189,0.921,11.41,0,,0.06,0,0,0.921,0,-,0,61,,0.556,0,0,2.29,1.58,0,7.05,0,0,0,0,0,188.83,188.83,0,0,0.49,,0,,,0,0,,0.42,0.8100000000000001,,18.34,0,9.369999999999999,3.99,0,0,0,,,136.26,,,14.64,,,,,0,,154.9,,0,0,7.75,,,142.79,,,,,,,0,,,,,,,,,,,,,,,,,,,,,,72,,109,,,,,,,,68,,,,,,,,,,,,,,,,,,,,,,,,,
STD-DB10_2-000447,"브로콜리, 잎",S,국가표준식품성분표,,농진청('07),,채소류,,"브로콜리, 잎",,,,,,,100g,38,88.09999999999999,2.2,0.4,1.2,8.1,-,-,173,0.3,37,103,18,54,0,650,0.12,0.14,0.4,50,-,,-,-,-,-,-,-,-,-,,-,-,-,-,-,-,-,-,-,-,-,-,-,-,-,-,-,,-,,,-,-,,-,-,,-,-,-,-,-,-,-,,,-,,,-,,,,,-,,-,,-,-,-,,,-,,,,,,,-,,,,,,,,,,,,,,,,,,,,,,-,,-,,,,,,,,-,,,,,,,,,,,,,,,,,,,,,,,,,
STD-DB10_2-000448,"브로콜리, 가루",S,국가표준식품성분표,,농진청('07),,채소류,,"브로콜리, 가루",,,,,,,100g,284,4.6,17.5,3.9,15.6,58.4,-,-,-,5.4,307,1468,145,58,0,700,0.6,1.4,2.3,53,-,,-,-,-,-,-,-,-,-,,-,-,-,-,-,-,-,-,-,-,-,-,-,-,-,-,-,,-,,,-,-,,-,-,,-,-,-,-,-,-,-,,,-,,,-,,,,,-,,-,,-,-,-,,,-,,,,,,,-,,,,,,,,,,,,,,,,,,,,,,-,,-,,,,,,,,-,,,,,,,,,,,,,,,,,,,,,,,,,
STD-DB10_2-000449,비비추(이밥추),S,국가표준식품성분표,,농진청('09),,채소류,,비비추(이밥추),,,,,,,100g,48,84.40000000000001,3,0.6,1.9,10.1,-,-,121,5.4,22,742,3,82,0,979,0.24,0.16,0.9,13,-,,-,-,-,-,-,-,-,-,,-,-,-,-,-,-,-,-,-,-,-,-,-,-,-,-,-,,-,,,-,-,,-,-,,-,-,-,-,-,-,-,,,-,,,-,,,,,-,,-,,-,-,-,,,-,,,,,,,-,,,,,,,,,,,,,,,,,,,,,,-,,-,,,,,,,,-,,,,,,,,,,,,,,,,,,,,,,,,,
STD-DB10_2-000450,비타민채(다채),S,국가표준식품성분표,,농진청('05),,채소류,,비타민채(다채),,,,,,,100g,14,94.5,2.1,0.2,1.2,2,-,-,91,2.7,51,559,17,34,0,405,0.12,0.2,0.5,20,-,,-,-,-,-,-,-,-,-,,-,-,-,-,-,-,-,-,-,-,-,-,-,-,-,-,-,,-,,,-,-,,-,-,,-,-,-,-,-,-,-,,,-,,,-,,,,,-,,-,,-,-,-,,,-,,,,,,,-,,,,,,,,,,,,,,,,,,,,,,-,,-,,,,,,,,-,,,,,,,,,,,,,,,,,,,,,,,,,
STD-DB10_2-000451,"비타민채(다채), 어린잎",S,국가표준식품성분표,,농진청('20),,채소류,,"비타민채(다채), 어린잎",,,,,,,100g,15,94.5,2.26,0.5,1.27,1.44,0,0.9,142,9.74,53,391,31,240,0,2876,0.089,0.136,0.239,19.3,0,,0.03,0,0.161,0.078,1.91,0.207,0,49,,0.368,0,0,1.2,1.19,0.02,0,0,0,0,0,0,175.36,175.36,0,0,0,,0,,,0,0,,0,0.13,,0,0,0.6,0,0,0,0.52,,,14.66,,,21.59,,,,,0,,85.53,,0,0,0,,,1.68,,,,,,,0,,,,,,,,,,,,,,,,,,,,,,80,,103,,,,,,,,44,,,,,,,,,,,,,,,,,,,,,,,,,
STD-DB10_2-000452,"비트, 뿌리",S,국가표준식품성분표,,농진청('18),,채소류,,"비트, 뿌리",,,,,,,100g,26,92.09999999999999,1.56,0.14,0.96,5.26,2.87,3.7,9,0.29,33,393,83,0,0,1,0.146,0.015,0.162,1.76,0,,0.01,0,0.121,0.041,0,0.07099999999999999,0,48,,0.393,0,0,0.14,0.12,0,0.2,0,0,0,0,0,0,0,0,0,0.24,,0,,,0,2.28,,0.34,0.02,,0,0,0,0,0,0,0,,,12,,,0,,,,,0,,1.34,,0,0,0,,,9.83,,,,,,,0,,,,,,,,,,,,,,,,,,,,,,23,,28,,,,,,,,24,,,,,,,,,,,,,,,,,,,,,,,,,
STD-DB10_2-000453,"비트, 잎",S,국가표준식품성분표,,농진청('02),,채소류,,"비트, 잎",,,,,,,100g,16,92.90000000000001,2.2,0.1,2,2.8,-,-,57,4,54,494,254,198,-,2379,0.01,0.52,0.2,14,-,,-,-,-,-,-,-,-,-,,-,-,-,-,-,-,-,-,-,-,-,-,-,-,-,-,-,,-,,,-,-,,-,-,,-,-,-,-,-,-,-,,,-,,,-,,,,,-,,-,,-,-,-,,,-,,,,,,,-,,,,,,,,,,,,,,,,,,,,,,-,,-,,,,,,,,-,,,,,,,,,,,,,,,,,,,,,,,,,
STD-DB10_2-000454,"비트, 어린잎",S,국가표준식품성분표,,농진청('20),,채소류,,"비트, 어린잎",,,,,,,100g,21,91.90000000000001,2.85,0.42,1.9,2.91,0.15,0.9,86,10.22,62,704,149,240,0,2885,0.093,0.166,0.078,10.52,0,,0.05,0,0,0.078,2.42,0.201,0,86,,0.305,0,0,0.59,0.59,0.01,0,0,0,0,0,0,195.71,195.71,0,0,0.09,,0,,,0,0,,0.06,0.15,,0.51,0,0,0,0.62,0,0,,,44.66,,,4.46,,,,,0.33,,100.38,,0.66,0,0,,,2.52,,,,,,,0,,,,,,,,,,,,,,,,,,,,,,99,,134,,,,,,,,60,,,,,,,,,,,,,,,,,,,,,,,,,
STD-DB10_2-000455,산마늘(명이나물),S,국가표준식품성분표,,농진청('14),,채소류,,산마늘(명이나물),,,,,,,100g,36,89,2.02,0.21,0.5600000000000001,8.210000000000001,3.8,4.1,53,0.59,41,309,0,210,0,2522,0,0.097,0.457,62.63,0,,0.05,0,0.053,0.404,0,-,0,44,,0.781,0,0,0.62,0.61,0,0.06,0,0,0,0,0,244.412,244.412,0,0,1.84,,0,,,0,0,,1.96,0.15,,0,0,0,0,0,0,0,,,59.75,,,0.41,,,,,2.07,,84.56999999999999,,0.89,0,0,,,1.68,,,,,,,0,,,,,,,,,,,,,,,,,,,,,,87,,138,,,,,,,,69,,,,,,,,,,,,,,,,,,,,,,,,,
STD-DB10_2-000456,"산마늘(명이나물), 데친것",S,국가표준식품성분표,,농진청('14),,채소류,,"산마늘(명이나물), 데친것",,,,,,,100g,37,88.5,2.08,0.31,0.82,8.289999999999999,2.99,3.9,60,0.55,44,300,0,156,0,1874,0,0.213,0.239,62.63,0,,0.06,0,0,0.239,0,-,0,58,,0,0,0,0.88,0.87,0,0.05,0,0,0,0,0,211.495,211.495,0,0,0.18,,0,,,0,0.34,,2.47,0.23,,0,0,0,0,0,0,0,,,85.44,,,2.3,,,,,2.54,,135.3,,1.27,0,0,,,2.76,,,,,,,0,,,,,,,,,,,,,,,,,,,,,,89,,143,,,,,,,,71,,,,,,,,,,,,,,,,,,,,,,,,,
STD-DB10_2-000457,산마늘(명이나물)장아찌,S,국가표준식품성분표,,농진청('18),,채소류,,산마늘(명이나물)장아찌,,,,,,,100g,55,82.09999999999999,2.37,0.62,2.72,12.2,7.83,3.4,44,0.72,34,191,865,113,0,1354,0,0.056,0.235,0.79,0,,0.07000000000000001,0,0.027,0.208,0,0.096,0,51,,0.267,0,0,0.87,0.86,0,0.05,0,0,0,0,0,424.97,424.97,0,0,1.65,,2.2,,,0,2.5,,1.49,0.25,,0,0,0,0,0,0,0.37,,,77.65000000000001,,,0.83,,,,,2.2,,162.7,,1.01,0,0,,,3.87,,,,,,,0,,,,,,,,,,,,,,,,,,,,,,160,,168,,,,,,,,89,,,,,,,,,,,,,,,,,,,,,,,,,
STD-DB10_2-000458,"삼나물, 말린것",S,국가표준식품성분표,,농진청('86),,채소류,,"삼나물, 말린것",,,,,,,100g,293,7.5,22.8,2.2,6.2,61.3,-,-,25,2.4,586,-,-,7,0,88,-,0.34,4.3,0,-,,-,-,-,-,-,-,-,-,,-,-,-,-,-,-,-,-,-,-,-,-,-,-,-,-,-,,-,,,-,-,,-,-,,-,-,-,-,-,-,-,,,-,,,-,,,,,-,,-,,-,-,-,,,-,,,,,,,-,,,,,,,,,,,,,,,,,,,,,,-,,-,,,,,,,,-,,,,,,,,,,,,,,,,,,,,,,,,,
STD-DB10_2-000459,삼붕냐와,S,국가표준식품성분표,,농진청('16),,채소류,,삼붕냐와,,,,,,,100g,27,92.09999999999999,1.62,1.09,1.35,3.84,0.24,3.8,108,1.05,17,295,186,19,0,224,0.082,0.07199999999999999,0.16,4.11,-,,0.05,0,0,0.16,0,-,0,39,,0,-,-,2.37,2.3,0.13,0,0,0,0,0,0,274.19,274.19,0,0,0.13,,0,,,0,0,,0.11,0.14,,1.48,0,0,0,0,0,0,,,51.43,,,0,,,,,0,,73.64,,0,0,0,,,5.83,,,,,,,0,,,,,,,,,,,,,,,,,,,,,,107,,167,,,,,,,,87,,,,,,,,,,,,,,,,,,,,,,,,,
STD-DB10_2-000460,"삼채, 뿌리",S,국가표준식품성분표,,농진청('16),,채소류,,"삼채, 뿌리",,,,,,,100g,49,86.2,0.77,0.04,0.84,12.15,3.21,4.8,64,5.78,63,195,15,0,0,5,0.06,0.083,0.332,0.73,0,,0.02,0,0.306,0.026,0,-,0,8,,0.293,0,0,0.24,0.23,0.01,0.01,0,0.01,0,0,0,0,0,0,0,2.92,,0,,,0,0,,0.29,0.02,,0,0,0,0,0,0,0,,,9.02,,,1.25,,,,,0.52,,0.39,,0,0,0,,,5.17,,,,,,,0,,,,,,,,,,,,,,,,,,,,,,33,,39,,,,,,,,24,,,,,,,,,,,,,,,,,,,,,,,,,
STD-DB10_2-000461,"삼채, 잎",S,국가표준식품성분표,,농진청('15),,채소류,,"삼채, 잎",,,,,,,100g,24,91.90000000000001,1.95,0.2,1.15,4.8,1.82,4.1,60,3.75,46,404,4,214,0,2571,-,0.099,0.201,0.59,0,,0.06,0,0.111,0.09,0,-,0,24,,0.319,0,0,1.93,1.93,0,0,0,0,0,0,0,444.04,444.04,0,0,0.79,,0,,,0.21,0,,0.82,0.14,,0,0,0,0,0,0,0,,,67.48,,,0.77,,,,,0,,61.48,,0,0,0,,,5.53,,,,,,,0,,,,,,,,,,,,,,,,,,,,,,73,,108,,,,,,,,58,,,,,,,,,,,,,,,,,,,,,,,,,
STD-DB10_2-000462,"삼채, 줄기",S,국가표준식품성분표,,농진청('16),,채소류,,"삼채, 줄기",,,,,,,100g,19,93.7,0.78,0.09,0.78,4.65,1.31,3.8,95,0.64,44,25,2,32,0,384,0.077,0.076,0.073,0.54,0,,0.03,0,0.06900000000000001,0.004,0,-,0,10,,0.193,0,0,0.33,0.32,0.01,0.01,0,0.01,0,0,0,0,0,0,0.04,0.6899999999999999,,0,,,0,0.05,,0.49,0.06,,0,0,0,0,0,0,0,,,32.68,,,0.52,,,,,0,,20.19,,0,0,0,,,4.03,,,,,,,0,,,,,,,,,,,,,,,,,,,,,,37,,43,,,,,,,,25,,,,,,,,,,,,,,,,,,,,,,,,,
STD-DB10_2-000463,"삼채, 잎줄기",S,국가표준식품성분표,,농진청('13),,채소류,,"삼채, 잎줄기",,,,,,,100g,23,92.40000000000001,1.55,0.13,0.93,4.99,0.8100000000000001,2.8,60,0.83,49,318,2,167,0,2005,0.101,0.12,1.018,12.31,0,,0.05,0,0.527,0.491,0,-,0,54,,0.34,0,0,2.53,2.52,0,0.06,0,0,0,0,0,237.29,237.29,0,0,0.41,,0,,,0,0,,0.4,0.07000000000000001,,0,0,0,0,0,0,0,,,38.65,,,0,,,,,0,,30.89,,0,0,0,,,2.99,,,,,,,0,,,,,,,,,,,,,,,,,,,,,,66,,102,,,,,,,,51,,,,,,,,,,,,,,,,,,,,,,,,,
STD-DB10_2-000464,"상추, 잎상추, 치마상추, 녹색",S,국가표준식품성분표,,농진청('15),,채소류,,"상추, 잎상추, 치마상추, 녹색",,,,,,,100g,20,92.90000000000001,1.88,0.36,1.38,3.48,1.22,2.4,95,3.41,50,591,17,239,0,2872,0.016,0.136,0.612,0.24,0,,0.06,0,0.029,0.583,0,-,0,64,,0.448,0,0,0.61,0.58,0,0.31,0,0,0,0,0,236.94,236.94,0,0,0.45,,0,,,0,0.68,,0.1,0.28,,0,0,0,0,0,0,0,,,57.77,,,0,,,,,0,,218.18,,0,0,0,,,6.26,,,,,,,0,,,,,,,,,,,,,,,,,,,,,,71,,121,,,,,,,,63,,,,,,,,,,,,,,,,,,,,,,,,,
STD-DB10_2-000465,"상추, 반결구, 로메인, 녹색",S,국가표준식품성분표,,농진청('20),,채소류,,"상추, 반결구, 로메인, 녹색",,,,,,,100g,18,94.09999999999999,1.66,0.31,0.86,3.11,0.5,1.9,103,0.51,30,245,10,194,0,2331,0.056,0.04,0.502,9.539999999999999,0,,0.04,0,0.058,0.444,1.07,0.058,0,66,,0.258,0,0,0.46,0.43,0,0.32,0,0,0,0,0,210.36,210.36,0,0,0.29,,0,,,0,0,,0.22,0.2,,0,0,0,0,0,0,0,,,40,,,0,,,,,0,,155.08,,0,0,0,,,1.29,,,,,,,0,,,,,,,,,,,,,,,,,,,,,,60,,106,,,,,,,,57,,,,,,,,,,,,,,,,,,,,,,,,,
STD-DB10_2-000466,"상추, 결구(양상추), 녹색",S,국가표준식품성분표,,농진청('20),,채소류,,"상추, 결구(양상추), 녹색",,,,,,,100g,16,94.90000000000001,0.9399999999999999,0.09,0.37,3.66,1.96,1.6,35,0.45,27,162,4,34,0,412,0.036,0.039,0.449,4.66,0,,0.02,0,0.018,0.431,0.65,0.024,0,23,,0.054,0,0,0.13,0.12,0,0.08,0,0,0,0,0,34.36,34.36,0,0,1.01,,0,,,0,0,,0.95,0.07000000000000001,,0,0,0,0,0,0,0,,,27.8,,,0,,,,,0,,36.81,,0,0,0,,,1.72,,,,,,,0,,,,,,,,,,,,,,,,,,,,,,23,,41,,,,,,,,27,,,,,,,,,,,,,,,,,,,,,,,,,
STD-DB10_2-000467,"상추, 결구, 아담, 녹색",S,국가표준식품성분표,,농진청('05),,채소류,,"상추, 결구, 아담, 녹색",,,,,,,100g,9,97.3,0.9,0.2,0.3,1.3,-,-,38,1,24,329,6,20,0,234,0.05,0.07000000000000001,0.3,13,-,,-,-,-,-,-,-,-,-,,-,-,-,-,-,-,-,-,-,-,-,-,-,-,-,-,-,,-,,,-,-,,-,-,,-,-,-,-,-,-,-,,,-,,,-,,,,,-,,-,,-,-,-,,,-,,,,,,,-,,,,,,,,,,,,,,,,,,,,,,-,,-,,,,,,,,-,,,,,,,,,,,,,,,,,,,,,,,,,
STD-DB10_2-000468,"생강, 뿌리줄기",S,국가표준식품성분표,,농진청('15),,채소류,,"생강, 뿌리줄기",,,,,,,100g,42,88.2,0.97,0.15,0.86,9.82,0.45,2.6,18,0.95,33,337,4,2,0,19,0,0.052,0.497,1.5,0,,0.06,0,0.006,0.491,0,-,0,0,,0.247,0,0,0.51,0.51,0,0,0,0,0,0,0,0,0,0,0,0.25,,0,,,0,0,,0.2,0.08,,0,0,0,0,0,0,0,,,59.43,,,0,,,,,0,,11.81,,0,0,0,,,14.72,,,,,,,0,,,,,,,,,,,,,,,,,,,,,,45,,75,,,,,,,,47,,,,,,,,,,,,,,,,,,,,,,,,,
STD-DB10_2-000469,생강 피클,S,국가표준식품성분표,,JAPAN('20),,채소류,,생강 피클,,,,,,,100g,15,89.2,0.3,0.2,5.9,3.9,-,2.2,22,0.2,5,25,2200,0,(0),5,0,0.01,0.1,0,(0),,(0.06),-,-,-,0.2,0,0,1,,0,-,-,0.1,0.1,0,0.4,0,-,-,-,-,0,-,-,-,-,,-,,,-,-,,-,(0.08),,(2),-,-,-,(0),(0),-,,,(33),,,-,,,,,(0),,(9),,-,-,(0),,,-,,,,,,,-,,,,,,,,,,,,,,,,,,,,,,(12),,(15),,,,,,,,(10),,,,,,,,,,,,,,,,,,,,,,,,,
STD-DB10_2-000470,"선인장, 보검선인장, 열매",S,국가표준식품성분표,,농진청('15),,채소류,,"선인장, 보검선인장, 열매",,,,,,,100g,83,78.40000000000001,0.97,0.19,1.09,19.35,2.53,12.4,157,0.45,27,286,23,5,0,60,0.018,0.114,0.247,43.52,0,,0.04,0,0.225,0.022,0,-,0,35,,0.806,0,0,0.6899999999999999,0.61,0,0.8100000000000001,0,0,0,0,0,0,0,0,0,0.65,,0,,,0,1.25,,0.63,0.15,,0,0,0,0,0,0,0,,,106.03,,,6.05,,,,,0,,19.75,,0,0,0,,,11.29,,,,,,,0,,,,,,,,,,,,,,,,,,,,,,44,,44,,,,,,,,23,,,,,,,,,,,,,,,,,,,,,,,,,
STD-DB10_2-000471,"선인장, 저단선인장, 열매",S,국가표준식품성분표,,농진청('15),,채소류,,"선인장, 저단선인장, 열매",,,,,,,100g,91,76.59999999999999,0.8,0.38,1.22,21,6,14.7,222,0.38,59,316,0,5,0,65,0,0.095,0.346,43.81,0,,0.05,0,0.29,0.056,0,-,0,34,,0.78,0,0,0.03,0,0,0.3,0,0,0,0,0,0,0,0,0,0.52,,0,,,0,5.22,,0.26,0.32,,4.26,0,0,0,0,0,0,,,231.07,,,9.529999999999999,,,,,0,,24.83,,0,0,0,,,46.73,,,,,,,0,,,,,,,,,,,,,,,,,,,,,,47,,47,,,,,,,,26,,,,,,,,,,,,,,,,,,,,,,,,,
STD-DB10_2-000472,섬초롱,S,국가표준식품성분표,,농진청('10),,채소류,,섬초롱,,,,,,,100g,41,86.8,3,0.4,1.3,8.5,-,-,94,4.1,60,950,2,194,0,2331,0.14,0.26,0.7,9,-,,-,-,-,-,-,-,-,-,,-,-,-,-,-,-,-,-,-,-,-,-,-,-,-,-,-,,-,,,-,-,,-,-,,-,-,-,-,-,-,-,,,-,,,-,,,,,-,,-,,-,-,-,,,-,,,,,,,-,,,,,,,,,,,,,,,,,,,,,,-,,-,,,,,,,,-,,,,,,,,,,,,,,,,,,,,,,,,,
STD-DB10_2-000473,"섬초롱, 데친것",S,국가표준식품성분표,,농진청('96),,채소류,,"섬초롱, 데친것",,,,,,,100g,34,89.5,2,0.2,0.7,7.6,-,-,70,1.7,43,173,1,287,0,3444,0.07000000000000001,0.02,0.1,-,-,,-,-,-,-,-,-,-,-,,-,-,-,-,-,-,-,-,-,-,-,-,-,-,-,-,-,,-,,,-,-,,-,-,,-,-,-,-,-,-,-,,,-,,,-,,,,,-,,-,,-,-,-,,,-,,,,,,,-,,,,,,,,,,,,,,,,,,,,,,-,,-,,,,,,,,-,,,,,,,,,,,,,,,,,,,,,,,,,
STD-DB10_2-000474,셀러리,S,국가표준식품성분표,,농진청('14),,채소류,,셀러리,,,,,,,100g,17,93.90000000000001,1.04,0.07000000000000001,1.04,3.95,0,2.2,88,0.28,36,343,70,57,0,683,0.041,0.089,0.805,10.6,0,,0.02,0,0.804,0.001,0,-,0,39,,0,0,0,0.27,0.27,0,0,0,0,0,0,0,50.661,50.661,0,0,0,,0,,,0,0,,0,0.05,,0,0,0,0,0,0,0,,,28.37,,,5.94,,,,,0,,12.08,,0,0,0,,,1.62,,,,,,,0,,,,,,,,,,,,,,,,,,,,,,29,,45,,,,,,,,25,,,,,,,,,,,,,,,,,,,,,,,,,
STD-DB10_2-000475,"셀러리, 데친것",S,국가표준식품성분표,,농진청('14),,채소류,,"셀러리, 데친것",,,,,,,100g,17,94,1.1,0.12,0.97,3.81,0,2.2,91,0.16,36,334,69,59,0,713,0.011,0.042,0.109,5.9,0,,0.03,0,0.109,0,0,-,0,21,,0,0,0,0.65,0.65,0,0,0,0,0,0,0,82.898,82.898,0,0,0,,0,,,0,0,,0,0.09000000000000001,,0,0,0,0,0,0,0,,,42.32,,,14.36,,,,,0,,31.82,,0,0,0,,,1.29,,,,,,,0,,,,,,,,,,,,,,,,,,,,,,29,,46,,,,,,,,23,,,,,,,,,,,,,,,,,,,,,,,,,
STD-DB10_2-000476,"소리쟁이, 잎, 말린것",S,국가표준식품성분표,,농진청('04),,채소류,,"소리쟁이, 잎, 말린것",,,,,,,100g,259,10.2,21.7,2.2,13.3,52.6,-,-,703,12.4,203,6405,77,139,0,1663,0.6,0.71,4.9,29,-,,-,-,-,-,-,-,-,-,,-,-,-,-,-,-,-,-,-,-,-,-,-,-,-,-,-,,-,,,-,-,,-,-,,-,-,-,-,-,-,-,,,-,,,-,,,,,-,,-,,-,-,-,,,-,,,,,,,-,,,,,,,,,,,,,,,,,,,,,,-,,-,,,,,,,,-,,,,,,,,,,,,,,,,,,,,,,,,,
STD-DB10_2-000477,"쇠귀나물, 뿌리",S,국가표준식품성분표,,JAPAN('20),,채소류,,"쇠귀나물, 뿌리",,,,,,,100g,128,65.5,6.3,0.1,1.5,26.6,-,2.4,5,0.8,150,600,3,(0),(0),0,0.12,0.07000000000000001,1.9,2,(0),,-,-,-,-,7.2,0.34,(0),140,,0.78,-,-,3,3.0,Tr,0,0,-,-,-,-,1,-,-,-,-,,-,,,-,-,,-,-,,-,-,-,-,-,-,-,,,-,,,-,,,,,-,,-,,-,-,-,,,-,,,,,,,-,,,,,,,,,,,,,,,,,,,,,,-,,-,,,,,,,,-,,,,,,,,,,,,,,,,,,,,,,,,,
STD-DB10_2-000478,숙주나물,S,국가표준식품성분표,,농진청('14),,채소류,,숙주나물,,,,,,,100g,13,95.59999999999999,1.73,0.05,0.28,2.34,0,1.7,13,0.22,27,84,4,0,0,5,0.07000000000000001,0.058,0.507,7.24,0,,0.03,0,0.046,0.461,0,-,0,54,,0,0,0,0.03,0.02,0,0.1,0,0,0,0,0,7.541,7.541,0,0,0,,0,,,0,0,,0,0.03,,0,0,0,0,0,0,0,,,8.970000000000001,,,1.15,,,,,0,,9.07,,0,0,0,,,4.34,,,,,,,0,,,,,,,,,,,,,,,,,,,,,,32,,79,,,,,,,,61,,,,,,,,,,,,,,,,,,,,,,,,,
STD-DB10_2-000479,"숙주나물, 데친것",S,국가표준식품성분표,,농진청('93),,채소류,,"숙주나물, 데친것",,,,,,,100g,12,95.90000000000001,2.2,0.2,0.3,1.4,-,-,12,0.9,39,160,5,2,0,25,0.05,0.06,0.2,10,-,,-,-,-,-,-,-,-,-,,-,-,-,-,-,-,-,-,-,-,-,-,-,-,-,-,-,,-,,,-,-,,-,-,,-,-,-,-,-,-,-,,,-,,,-,,,,,-,,-,,-,-,-,,,-,,,,,,,-,,,,,,,,,,,,,,,,,,,,,,-,,-,,,,,,,,-,,,,,,,,,,,,,,,,,,,,,,,,,
STD-DB10_2-000480,"숙주나물, 찐것",S,국가표준식품성분표,,농진청('14),,채소류,,"숙주나물, 찐것",,,,,,,100g,16,94.8,1.96,0.11,0.23,2.9,0,1.7,16,0.32,31,82,4,2,0,24,0.051,0.103,0.202,5.04,0,,0.04,0,0.08400000000000001,0.119,0,-,0,36,,0.169,0,0,0.06,0.04,0,0.17,0.03,0,0,0,0,8.472,8.472,0,0,0,,0,,,0,0,,0,0.06999999999999999,,0,0,0,0,0,0,0,,,24.89,,,1.08,,,,,0,,36.58,,0,0,0,,,5.13,,,,,,,0,,,,,,,,,,,,,,,,,,,,,,39,,94,,,,,,,,71,,,,,,,,,,,,,,,,,,,,,,,,,
STD-DB10_2-000481,"순무, 뿌리",S,국가표준식품성분표,,농진청('14),,채소류,,"순무, 뿌리",,,,,,,100g,30,91.2,1.1,0.07000000000000001,0.75,6.88,3.7,2.5,40,0.55,38,279,46,0,0,0,0.126,0.053,0.752,3.89,0,,0.02,0,0.042,0.71,0,-,0,5,,0.451,0,0,0,0,0,0,0,0,0,0,0,0,0,0,0,1.45,,0,,,0,0,,2.25,0.04,,0,0,0.77,0,0,0,0,,,13.59,,,8.220000000000001,,,,,0,,15.76,,0,0,0,,,5.16,,,,,,,0,,,,,,,,,,,,,,,,,,,,,,30,,45,,,,,,,,27,,,,,,,,,,,,,,,,,,,,,,,,,
STD-DB10_2-000482,"순무, 잎",S,국가표준식품성분표,,농진청('14),,채소류,,"순무, 잎",,,,,,,100g,21,91.90000000000001,2.05,0.17,1.74,4.14,0.12,3,197,1.14,35,537,68,59,0,706,0.012,0.118,0.311,3.91,0,,0.04,0,0.044,0.267,0,-,0,44,,0.512,0,0,0.24,0.24,0,0,0,0,0,0,0,507.375,507.375,0,0,0,,0,,,0,0,,0.12,0.12,,0,0,0.8100000000000001,0,0,0,0,,,15.86,,,18.62,,,,,1.74,,83.86,,0,0,0,,,2.58,,,,,,,0,,,,,,,,,,,,,,,,,,,,,,77,,124,,,,,,,,60,,,,,,,,,,,,,,,,,,,,,,,,,
STD-DB10_2-000483,스테비아,S,국가표준식품성분표,,농진청('14),,채소류,,스테비아,,,,,,,100g,40,87,2.4,0.32,1.57,8.710000000000001,0,5.4,200,1.23,59,412,1,266,0,3189,0.034,0.273,0.37,3.32,0,,0.1,0,0.014,0.356,0,-,0,80,,0,0,0,0.84,0.83,0,0.1,0,0,0,0,0,406.469,406.469,0,0,0,,0,,,0,0,,0,0.21,,0,0,0,0,0,0,0,,,47.92,,,1.9,,,,,0,,152.68,,0,0,0,,,6.28,,,,,,,0,,,,,,,,,,,,,,,,,,,,,,110,,161,,,,,,,,73,,,,,,,,,,,,,,,,,,,,,,,,,
STD-DB10_2-000484,"스테비아, 말린것",S,국가표준식품성분표,,농진청('10),,채소류,,"스테비아, 말린것",,,,,,,100g,303,5.6,14.2,2,7.7,70.5,-,63,736,38.9,349,1974,111,0,0,-,0.76,1.22,4.4,0,-,,-,-,-,-,-,-,-,-,,-,-,-,-,-,-,-,-,-,-,-,-,-,-,-,-,-,,-,,,-,-,,-,-,,-,-,-,-,-,-,-,,,-,,,-,,,,,-,,-,,-,-,-,,,-,,,,,,,-,,,,,,,,,,,,,,,,,,,,,,-,,-,,,,,,,,-,,,,,,,,,,,,,,,,,,,,,,,,,
STD-DB10_2-000485,시금치,S,국가표준식품성분표,,농진청('14),,채소류,,시금치,,,,,,,100g,29,89.59999999999999,3.35,0.39,1.79,4.86,0.4,3.1,66,2.49,75,691,23,430,0,5164,0.125,0.191,0.707,51.12,0,,0.09,0,0.48,0.227,0,-,0,170,,0.947,0,0,0.97,0.95,0,0.13,0,0.02,0,0,0,389.82,389.82,0,0,0.2,,0,,,0,0,,0.2,0.29,,2.18,0,0,0,0,0,0,,,46.15,,,46.19,,,,,0,,177.48,,0,0,0,,,13.55,,,,,,,0,,,,,,,,,,,,,,,,,,,,,,151,,223,,,,,,,,106,,,,,,,,,,,,,,,,,,,,,,,,,
STD-DB10_2-000486,"시금치, 노지",S,국가표준식품성분표,,농진청('14),,채소류,,"시금치, 노지",,,,,,,100g,29,89.09999999999999,4.15,0.43,1.95,4.4,0,3.2,59,2.73,97,790,20,588,0,7051,0.161,0.236,0.777,50.44,0,,0.09,0,0.469,0.308,0,-,0,272,,1.53,0,0,1.37,1.32,0,0.22,0,0.09,0,0,0,449.57,449.57,0,0,0,,0,,,0,0,,0,0.32,,2.14,0,0,0,0,0,0,,,47.08,,,51.8,,,,,0,,205.78,,0,0,0,,,10.51,,,,,,,0,,,,,,,,,,,,,,,,,,,,,,176,,259,,,,,,,,122,,,,,,,,,,,,,,,,,,,,,,,,,
STD-DB10_2-000487,"시금치, 하우스",S,국가표준식품성분표,,농진청('14),,채소류,,"시금치, 하우스",,,,,,,100g,27,90.09999999999999,2.6,0.33,1.87,5.08,1.6,2.9,42,1.22,66,813,37,415,0,4979,0.048,0.157,0.274,43.7,0,,0.07000000000000001,0,0.225,0.049,0,-,0,119,,0,0,0,0.6,0.58,0,0.12,0,0,0,0,0,435.03,435.03,0,0,0.8100000000000001,,0,,,0,0,,0.8,0.24,,1.73,0,0,0,0,0,0,,,35.87,,,42.7,,,,,0,,154.8,,0,0,0,,,9.390000000000001,,,,,,,0,,,,,,,,,,,,,,,,,,,,,,127,,188,,,,,,,,86,,,,,,,,,,,,,,,,,,,,,,,,,
STD-DB10_2-000488,"시금치, 섬초",S,국가표준식품성분표,,농진청('14),,채소류,,"시금치, 섬초",,,,,,,100g,24,91.5,3.11,0.34,1.33,3.76,0,3.1,59,2.06,57,495,16,299,0,3585,0.094,0.174,0.804,43.91,0,,0.07000000000000001,0,0.584,0.22,0,-,0,99,,0.516,0,0,0.68,0.67,0,0.08,0,0,0,0,0,345.81,345.81,0,0,0,,0,,,0,0,,0,0.25,,2.39,0,0,0,0,0,0,,,46.33,,,40.24,,,,,0,,152.44,,0,0,0,,,12.98,,,,,,,0,,,,,,,,,,,,,,,,,,,,,,125,,192,,,,,,,,96,,,,,,,,,,,,,,,,,,,,,,,,,
STD-DB10_2-000489,"시금치, 포항초",S,국가표준식품성분표,,농진청('14),,채소류,,"시금치, 포항초",,,,,,,100g,35,87.8,3.56,0.46,2.01,6.22,0,3.3,106,3.93,81,666,20,420,0,5042,0.196,0.198,0.974,66.45,0,,0.11,0,0.642,0.332,0,-,0,189,,1.743,0,0,1.23,1.22,0,0.13,0,0,0,0,0,328.86,328.86,0,0,0,,0,,,0,0,,0,0.33,,2.48,0,0,0,0,0,0,,,55.33,,,50.02,,,,,0,,196.88,,0,0,0,,,21.31,,,,,,,0,,,,,,,,,,,,,,,,,,,,,,176,,252,,,,,,,,120,,,,,,,,,,,,,,,,,,,,,,,,,
STD-DB10_2-000490,"시금치, 데친것",S,국가표준식품성분표,,농진청('14),,채소류,,"시금치, 데친것",,,,,,,100g,34,88.59999999999999,4.02,0.61,1.48,5.26,0.16,3.5,86,1.79,73,565,29,490,0,5886,0.08500000000000001,0.141,0.073,43.53,0,,0.1,0,0.027,0.046,0,-,0,139,,0.233,0,0,2.5,2.48,0,0.23,0,0,0,0,0,431.23,431.23,0,0,0.16,,0,,,0,0,,0,0.48,,2.44,0,0,0,0,0,0,,,73.43000000000001,,,78.95999999999999,,,,,0,,309.26,,0,0,0,,,15.68,,,,,,,0,,,,,,,,,,,,,,,,,,,,,,191,,287,,,,,,,,135,,,,,,,,,,,,,,,,,,,,,,,,,
STD-DB10_2-000491,신선초(명일엽),S,국가표준식품성분표,,농진청('14),,채소류,,신선초(명일엽),,,,,,,100g,24,92,1.08,0.14,1.12,5.66,1.95,2.8,158,1.33,33,346,31,113,0,1353,0.013,0.116,2.02,15.45,0,,0.03,0,1.992,0.028,0,-,0,27,,0.151,0,0,0.32,0.29,0,0.27,0,0,0,0,0,105.676,105.676,0,0,1.14,,0,,,0,0,,0.8100000000000001,0.1,,0,0,0,0,0,0,0,,,39.71,,,16.84,,,,,0,,36.89,,0,0,0,,,1.65,,,,,,,0,,,,,,,,,,,,,,,,,,,,,,45,,68,,,,,,,,34,,,,,,,,,,,,,,,,,,,,,,,,,
STD-DB10_2-000492,쌈추,S,국가표준식품성분표,,농진청('14),,채소류,,쌈추,,,,,,,100g,25,91.09999999999999,3.07,0.23,1.31,4.29,0,3.2,129,2.57,69,473,29,270,0,3238,0.03,0.2,0.22,28,0,,0.05,0,0.06,0.16,0,-,0,71,,0.477,0,0,0.42,0.41,0,0.09,0,0,0,0,0,500.997,500.997,0,0,0,,0,,,0,0,,0,0.17,,0,0,0,0,0,0,0,,,16.18,,,28.82,,,,,0,,126.57,,0,0,0,,,2.77,,,,,,,0,,,,,,,,,,,,,,,,,,,,,,109,,206,,,,,,,,93,,,,,,,,,,,,,,,,,,,,,,,,,
STD-DB10_2-000493,"쌈추, 싸미나",S,국가표준식품성분표,,농진청('00),,채소류,,"쌈추, 싸미나",,,,,,,100g,20,92.5,2.7,0.3,1.5,3,-,-,134,2,33,499,53,288,0,3460,0.09,0.13,0.9,93,-,,-,-,-,-,-,-,-,-,,-,-,-,-,-,-,-,-,-,-,-,-,-,-,-,-,-,,-,,,-,-,,-,-,,-,-,-,-,-,-,-,,,-,,,-,,,,,-,,-,,-,-,-,,,-,,,,,,,-,,,,,,,,,,,,,,,,,,,,,,-,,-,,,,,,,,-,,,,,,,,,,,,,,,,,,,,,,,,,
STD-DB10_2-000494,쑥,S,국가표준식품성분표,,농진청('14),,채소류,,쑥,,,,,,,100g,37,87.3,3.4,0.38,1.88,7.04,0,5.9,109,8.140000000000001,69,652,3,346,0,4153,0.028,0.378,0.604,6.57,0,,0.09,0,0.043,0.5610000000000001,0,-,0,50,,0,0,0,0.13,0.13,0,0.03,0,0,0,0,0,605.908,605.908,0,0,0,,0,,,0,0,,0,0.28,,0,0,0,0,0,0,0,,,77.59,,,0.64,,,,,0,,188.9,,0,0,0,,,6.11,,,,,,,0,,,,,,,,,,,,,,,,,,,,,,146,,238,,,,,,,,114,,,,,,,,,,,,,,,,,,,,,,,,,
STD-DB10_2-000495,"쑥, 데친것",S,국가표준식품성분표,,농진청('14),,채소류,,"쑥, 데친것",,,,,,,100g,39,87.90000000000001,3.71,0.63,0.97,6.79,0,6,111,1.57,66,290,3,345,0,4144,0.09,0.145,0.575,2.61,0,,0.1,0,0.028,0.548,0,-,0,22,,0.294,0,0,1.77,1.75,0,0.19,0.02,0,0,0,0,732.544,732.544,0,0,0,,0,,,0,0,,0,0.5,,0,0,0,0,0,0,0,,,143.03,,,1.82,,,,,0,,350.49,,0,0,0,,,7.44,,,,,,,0,,,,,,,,,,,,,,,,,,,,,,175,,294,,,,,,,,137,,,,,,,,,,,,,,,,,,,,,,,,,
STD-DB10_2-000496,"쑥, 말린것",S,국가표준식품성분표,,농진청('14),,채소류,,"쑥, 말린것",,,,,,,100g,272,5.2,25.8,2.05,13.15,53.8,0.16,44.4,944,78.15000000000001,519,5140,39,293,0,3512,0.465,1.29,4.771,0,0,,0.89,0,0.545,4.226,0,-,0,740,,0,0,0,3.42,3.38,0,0.36,0,0,0,0,0,3013.535,3013.535,0,0,0.16,,0,,,0,0,,0,1.03,,0,0,0,0,0,0,0,,,314.95,,,10.05,,,,,39.07,,637.89,,0,0,0,,,24.98,,,,,,,0,,,,,,,,,,,,,,,,,,,,,,797,,1281,,,,,,,,709,,,,,,,,,,,,,,,,,,,,,,,,,
STD-DB10_2-000497,"쑥, 사자발쑥",S,국가표준식품성분표,,농진청('09),,채소류,,"쑥, 사자발쑥",,,,,,,100g,56,83,2.6,0.5,1.2,12.7,-,4.9,58,4,49,337,3,18,0,220,0.31,0.17,0.7,89,-,,-,-,-,-,-,-,-,-,,-,-,-,-,-,-,-,-,-,-,-,-,-,-,-,-,-,,-,,,-,-,,-,-,,-,-,-,-,-,-,-,,,-,,,-,,,,,-,,-,,-,-,-,,,-,,,,,,,-,,,,,,,,,,,,,,,,,,,,,,-,,-,,,,,,,,-,,,,,,,,,,,,,,,,,,,,,,,,,
STD-DB10_2-000498,쑥갓,S,국가표준식품성분표,,농진청('14),,채소류,,쑥갓,,,,,,,100g,15,94.59999999999999,1.93,0.17,0.95,2.35,0,2.4,91,0.79,36,239,145,206,0,2472,0.029,0.08799999999999999,0.155,10.4,0,,0.04,0,0.154,0.001,0.89,-,0,115,,0,0,0,0.08,0.07000000000000001,0,0.05,0,0,0,0,0,191.37,191.37,0,0,0,,0,,,0,0,,0,0.12,,0,0,0,0,0,0,0,,,40.3,,,1.65,,,,,0,,83.92,,0,0,0,,,1.63,,,,,,,0,,,,,,,,,,,,,,,,,,,,,,59,,94,,,,,,,,85,,,,,,,,,,,,,,,,,,,,,,,,,
STD-DB10_2-000499,"쑥갓, 데친것",S,국가표준식품성분표,,농진청('14),,채소류,,"쑥갓, 데친것",,,,,,,100g,21,92.8,2.1,0.3,1,3.8,0,2.9,109,0.62,43,255,135,271,0,3251,0.006,0.059,0.126,5.46,0,,0.05,0,0.126,0,0,-,0,304,,0,0,0,0.32,0.31,0,0.05,0,0,0,0,0,310.67,310.67,0,0,0,,0,,,0,0,,0,0.23,,0,0,0,0,0,0,0,,,63.66,,,3.69,,,,,0,,158.07,,0,0,0,,,2.25,,,,,,,0,,,,,,,,,,,,,,,,,,,,,,85,,139,,,,,,,,67,,,,,,,,,,,,,,,,,,,,,,,,,
STD-DB10_2-000500,쑥부쟁이,S,국가표준식품성분표,,농진청('15),,채소류,,쑥부쟁이,,,,,,,100g,26,91.59999999999999,2.92,0.72,1.23,3.53,0.08,3,68,1.26,60,576,1,143,0,1718,0.163,0.207,0.237,9.470000000000001,-,,0.04,0,0.237,0,1.8,-,0,76,,0,-,-,0.09,0.09,0,0,0,0,0,0,0,194.61,194.61,0,0,0.06,,0,,,0,0,,0.02,0.18,,0,0,0,0,0,0,3.53,,,53.59,,,0,,,,,0,,118.02,,0,0,0,,,2.45,,,,,,,0,,,,,,,,,,,,,,,,,,,,,,155,,266,,,,,,,,172,,,,,,,,,,,,,,,,,,,,,,,,,
STD-DB10_2-000501,씀바귀,S,국가표준식품성분표,,농진청('97),,채소류,,씀바귀,,,,,,,100g,43,85.8,2.9,0.4,1.7,9.199999999999999,-,-,74,1.1,45,440,36,153,0,1832,0.16,0.31,1.6,7,-,,-,-,-,-,-,-,-,-,,-,-,-,-,-,-,-,-,-,-,-,-,-,-,-,-,-,,-,,,-,-,,-,-,,-,-,-,-,-,-,-,,,-,,,-,,,,,-,,-,,-,-,-,,,-,,,,,,,-,,,,,,,,,,,,,,,,,,,,,,-,,-,,,,,,,,-,,,,,,,,,,,,,,,,,,,,,,,,,
STD-DB10_2-000502,"씀바귀, 데친것",S,국가표준식품성분표,,농진청('97),,채소류,,"씀바귀, 데친것",,,,,,,100g,31,90,2.6,0.2,0.9,6.3,-,-,81,0.8,35,152,19,133,0,1593,0.14,0.09,1,2,-,,-,-,-,-,-,-,-,-,,-,-,-,-,-,-,-,-,-,-,-,-,-,-,-,-,-,,-,,,-,-,,-,-,,-,-,-,-,-,-,-,,,-,,,-,,,,,-,,-,,-,-,-,,,-,,,,,,,-,,,,,,,,,,,,,,,,,,,,,,-,,-,,,,,,,,-,,,,,,,,,,,,,,,,,,,,,,,,,
STD-DB10_2-000503,"씀바귀, 뿌리",S,국가표준식품성분표,,농진청('14),,채소류,,"씀바귀, 뿌리",,,,,,,100g,71,80.5,2.54,0.13,0.59,16.24,5.05,4,33,1.57,66,192,3,1,0,8,0.063,0.181,0.537,4.3,0,,0.04,0,0.035,0.502,0,-,0,121,,0,0,0,0.27,0.25,0.02,0.05,0.02,0,0,0,0,0,0,0,0,5.05,,0,,,0,0,,0,0.08,,0,0,0,0,0,0,0,,,62.44,,,1.68,,,,,0,,13.73,,0,0,0,,,3.02,,,,,,,0,,,,,,,,,,,,,,,,,,,,,,50,,70,,,,,,,,42,,,,,,,,,,,,,,,,,,,,,,,,,
STD-DB10_2-000504,아스파라거스,S,국가표준식품성분표,,농진청('18),,채소류,,아스파라거스,,,,,,,100g,17,94.5,2.02,0.34,0.61,2.53,1.35,1.7,11,0.47,55,293,3,17,0,207,0.073,0.097,0.083,14,0,,0.05,0,0,0.083,0.48,0.095,0,224,,0.35,0,0,0.6,0.58,0,0.24,0,0,0,0,0,54.12,54.12,0,0,0.74,,0,,,0,0,,0.61,0.08,,0,0,0,0,0,0,0,,,59.24,,,0,,,,,0,,16.57,,0,0,0,,,2.72,,,,,,,0,,,,,,,,,,,,,,,,,,,,,,68,,86,,,,,,,,53,,,,,,,,,,,,,,,,,,,,,,,,,
STD-DB10_2-000505,"아스파라거스, 데친것",S,국가표준식품성분표,,농진청('18),,채소류,,"아스파라거스, 데친것",,,,,,,100g,17,94.3,2.08,0.19,0.57,2.81,1.24,2.8,10,0.49,52,275,4,19,0,231,0.064,0.095,0.046,15.48,0,,0.05,0,0,0.046,0.35,0.082,0,224,,0.345,0,0,0.68,0.66,0,0.24,0,0,0,0,0,43.35,43.35,0,0,0.64,,0,,,0,0.08,,0.53,0.08,,0,0,0,0,0,0,0,,,61.22,,,0,,,,,0,,17.58,,0,0,0,,,2.88,,,,,,,0,,,,,,,,,,,,,,,,,,,,,,72,,90,,,,,,,,54,,,,,,,,,,,,,,,,,,,,,,,,,
STD-DB10_2-000506,"아스파라거스, 하얀색",S,국가표준식품성분표,,농진청('16),,채소류,,"아스파라거스, 하얀색",,,,,,,100g,21,93.59999999999999,1.85,0.53,0.51,3.51,3.49,1.9,11,0.21,34,205,0,0,0,0,0.169,0.029,0.039,2.56,-,,0.03,0,0.039,0,0,-,0,55,,0,-,-,0.6,0.6,0,0,0,0,0,0,0,0,0,0,0,1.63,,0,,,0,0.36,,1.51,0.05,,0,0,0,0,0,0,0,,,49.13,,,0,,,,,0,,4.28,,0,0,0,,,0,,,,,,,0,,,,,,,,,,,,,,,,,,,,,,50,,61,,,,,,,,33,,,,,,,,,,,,,,,,,,,,,,,,,
STD-DB10_2-000507,아욱,S,국가표준식품성분표,,농진청('14),,채소류,,아욱,,,,,,,100g,37,87.40000000000001,3.08,0.31,1.57,7.64,0,4.5,267,0.57,76,426,37,325,0,3900,0.171,0.488,0.632,41.21,0,,0.07000000000000001,0,0.08699999999999999,0.545,0,-,0,116,,0,0,0,0.32,0.3,0,0.22,0,0,0,0,0,453.673,453.673,0,0,0,,0,,,0,0,,0,0.22,,3.25,0,0,0,0,0,0,,,34.5,,,7.11,,,,,0,,170.08,,0,0,0,,,6.44,,,,,,,0,,,,,,,,,,,,,,,,,,,,,,130,,221,,,,,,,,113,,,,,,,,,,,,,,,,,,,,,,,,,
STD-DB10_2-000508,"아욱, 데친것",S,국가표준식품성분표,,농진청('14),,채소류,,"아욱, 데친것",,,,,,,100g,31,89.7,3.52,0.49,1.09,5.2,0,3.9,178,0.68,73,340,17,354,0,4252,0.11,0.352,0.488,27.82,0,,0.08,0,0.051,0.437,0,-,0,70,,0,0,0,1.79,1.73,0,0.57,0.02,0,0,0,0,545.87,545.87,0,0,0,,0,,,0,0,,0,0.39,,3.54,0,0,0,0,0,0,,,37.37,,,7.33,,,,,0,,335.9,,0,0,0,,,4.78,,,,,,,0,,,,,,,,,,,,,,,,,,,,,,150,,252,,,,,,,,128,,,,,,,,,,,,,,,,,,,,,,,,,
STD-DB10_2-000509,"아이비카, 닥풀, 말린것",S,국가표준식품성분표,,농진청('86),,채소류,,"아이비카, 닥풀, 말린것",,,,,,,100g,260,11.1,27.7,4.4,13.1,43.7,-,-,285,0.5,291,-,-,56,0,671,0.03,0.22,2.2,1,-,,-,-,-,-,-,-,-,-,,-,-,-,-,-,-,-,-,-,-,-,-,-,-,-,-,-,,-,,,-,-,,-,-,,-,-,-,-,-,-,-,,,-,,,-,,,,,-,,-,,-,-,-,,,-,,,,,,,-,,,,,,,,,,,,,,,,,,,,,,-,,-,,,,,,,,-,,,,,,,,,,,,,,,,,,,,,,,,,
STD-DB10_2-000510,"아주까리, 순, 말린것",S,국가표준식품성분표,,농진청('07),,채소류,,"아주까리, 순, 말린것",,,,,,,100g,287,8.1,36.8,3.1,4,48,-,-,1128,25.1,444,815,50,156,0,1868,0.47,0.82,3.1,115,-,,-,-,-,-,-,-,-,-,,-,-,-,-,-,-,-,-,-,-,-,-,-,-,-,-,-,,-,,,-,-,,-,-,,-,-,-,-,-,-,-,,,-,,,-,,,,,-,,-,,-,-,-,,,-,,,,,,,-,,,,,,,,,,,,,,,,,,,,,,-,,-,,,,,,,,-,,,,,,,,,,,,,,,,,,,,,,,,,
STD-DB10_2-000511,"아주까리, 잎",S,국가표준식품성분표,,농진청('95),,채소류,,"아주까리, 잎",,,,,,,100g,82,73.3,5.8,0.5,2.6,17.8,-,-,661,4,86,298,7,4,0,49,0.31,0.53,1,244,-,,-,-,-,-,-,-,-,-,,-,-,-,-,-,-,-,-,-,-,-,-,-,-,-,-,-,,-,,,-,-,,-,-,,-,-,-,-,-,-,-,,,-,,,-,,,,,-,,-,,-,-,-,,,-,,,,,,,-,,,,,,,,,,,,,,,,,,,,,,-,,-,,,,,,,,-,,,,,,,,,,,,,,,,,,,,,,,,,
STD-DB10_2-000512,아티초크,S,국가표준식품성분표,,USDA('18),,채소류,,아티초크,,,,,,,100g,47,84.94,3.27,0.15,1.13,10.51,0.99,5.4,44,1.28,90,370,94,1,0,8,0.07199999999999999,0.066,1.046,11.7,0,,0.036,0,-,-,-,0.116,0,68,,0.338,-,-,0.19,0.19,-,-,-,-,-,-,-,-,14.8,-,-,-,,-,,,-,-,,-,0.06900000000000001,,0,-,-,-,0,0,-,,,-,,,-,,,,,-,,-,,-,-,0,,,-,,,,,,,-,,,,,,,,,,,,,,,,,,,,,,-,,-,,,,,,,,-,,,,,,,,,,,,,,,,,,,,,,,,,
STD-DB10_2-000513,"아티초크, 삶은것",S,국가표준식품성분표,,USDA('18),,채소류,,"아티초크, 삶은것",,,,,,,100g,53,84.08,2.89,0.34,0.74,11.95,0.99,5.7,21,0.61,73,286,60,1,0,8,0.05,0.089,1.11,7.4,0,,0.079,0,-,-,-,0.081,0,89,,0.24,-,-,0.19,0.19,-,-,-,-,-,-,-,-,14.8,-,0,0.02,,0,,,0,0.73,,0.24,0.156,,0,-,-,-,0,0,-,,,-,,,-,,,,,-,,-,,-,-,0,,,-,,,,,,,-,,,,,,,,,,,,,,,,,,,,,,-,,-,,,,,,,,-,,,,,,,,,,,,,,,,,,,,,,,,,
STD-DB10_2-000514,"아티초크, 냉동",S,국가표준식품성분표,,USDA('18),,채소류,,"아티초크, 냉동",,,,,,,100g,38,88.59,2.63,0.43,0.6,7.75,-,3.9,19,0.5,58,248,47,0,0,-,0.058,0.14,0.86,5.3,0,,0.099,0,-,-,-,0.082,0,126,,0.188,-,-,-,-,-,-,-,-,-,-,-,-,-,-,-,-,,-,,,-,-,,-,0.191,,-,-,-,-,-,-,-,,,-,,,-,,,,,-,,-,,-,-,-,,,-,,,,,,,-,,,,,,,,,,,,,,,,,,,,,,-,,-,,,,,,,,-,,,,,,,,,,,,,,,,,,,,,,,,,
STD-DB10_2-000515,"알로에, 과육",S,국가표준식품성분표,,농진청('09),,채소류,,"알로에, 과육",,,,,,,100g,3,99.09999999999999,0.1,,0.1,0.7,-,0.4,14,0.2,3,92,13,0,0,2,0.06,0.11,0.3,5,-,,-,-,-,-,-,-,-,-,,-,-,-,-,-,-,-,-,-,-,-,-,-,-,-,-,-,,-,,,-,-,,-,-,,-,-,-,-,-,-,-,,,-,,,-,,,,,-,,-,,-,-,-,,,-,,,,,,,-,,,,,,,,,,,,,,,,,,,,,,-,,-,,,,,,,,-,,,,,,,,,,,,,,,,,,,,,,,,,
STD-DB10_2-000516,"알팔파, 싹",S,국가표준식품성분표,,농진청('15),,채소류,,"알팔파, 싹",,,,,,,100g,21,92.8,3.53,0.2,0.33,3.14,0.34,2.6,19,1.01,73,79,5,3,0,30,0.128,0.197,0.25,1.85,0,,0.07000000000000001,0,0,0.25,6.79,-,0,9,,0.48,0,0,0.13,0.13,0,0,0,0,0.02,0,0,63.3,63.3,0,0,0.34,,0,,,0,0,,0,0.13,,0,0,0,0,0,0,0,,,75.28,,,1.56,,,,,0,,20.86,,0,0,0,,,30.34,,,,,,,0,,,,,,,,,,,,,,,,,,,,,,88,,139,,,,,,,,97,,,,,,,,,,,,,,,,,,,,,,,,,
STD-DB10_2-000517,양배추,S,국가표준식품성분표,,농진청('14),,채소류,,양배추,,,,,,,100g,33,89.7,1.68,0.08,0.62,7.92,4.79,2.7,45,0.27,35,241,8,1,0,13,0.035,0.033,0.573,19.56,0,,0.03,0,0.546,0.027,0,-,0,16,,0.485,0,0,0.01,0.01,0,0,0,0,0,0,0,12.285,12.285,0,0,2.81,,0,,,0,0,,1.98,0.06,,0,0,0,0,0,0,0,,,15.55,,,4.39,,,,,0,,30.38,,0,0,0,,,1.89,,,,,,,0,,,,,,,,,,,,,,,,,,,,,,31,,45,,,,,,,,28,,,,,,,,,,,,,,,,,,,,,,,,,
STD-DB10_2-000518,"양배추, 데친것",S,국가표준식품성분표,,농진청('14),,채소류,,"양배추, 데친것",,,,,,,100g,32,90,1.71,0.12,0.61,7.56,5.2,2.4,43,0.31,38,240,7,2,0,23,0.111,0.035,0.5659999999999999,40.26,0,,0.03,0,0.5600000000000001,0.006,0,-,0,29,,0,0,0,0.02,0.02,0,0,0,0,0,0,0,14.256,14.256,0,0,1.78,,0,,,0,1.65,,1.77,0.09,,0,0,0,0,0,0,0,,,23.09,,,4.92,,,,,0,,56.49,,0,0,0,,,2.34,,,,,,,0,,,,,,,,,,,,,,,,,,,,,,32,,47,,,,,,,,31,,,,,,,,,,,,,,,,,,,,,,,,,
STD-DB10_2-000519,"양배추, 찐것",S,국가표준식품성분표,,농진청('14),,채소류,,"양배추, 찐것",,,,,,,100g,32,90.2,1.68,0.12,0.59,7.41,4.24,2.3,41,0.3,36,233,6,2,0,24,0.097,0.041,0.505,29.19,0,,0.03,0,0.439,0.066,0,-,0,19,,0,0,0,0.02,0.02,0,0,0,0,0,0,0,12.757,12.757,0,0,2.47,,0,,,0,0,,1.77,0.09,,0,0,0,0,0,0,0,,,22.06,,,4.72,,,,,0,,54.53,,0,0,0,,,2.45,,,,,,,0,,,,,,,,,,,,,,,,,,,,,,31,,46,,,,,,,,30,,,,,,,,,,,,,,,,,,,,,,,,,
STD-DB10_2-000520,"양배추, 적색",S,국가표준식품성분표,,농진청('15),,채소류,,"양배추, 적색",,,,,,,100g,41,87.3,2.13,0.21,0.83,9.529999999999999,4.77,4.7,29,0.5,36,336,7,1,0,14,0.08,0.08500000000000001,0.124,14.57,0,,0.07000000000000001,0,0,0.124,0,-,0,15,,0.227,0,0,0,0,0,0,0,0,0,0,0,15.54,15.54,0,0,0.9399999999999999,,0,,,0,2.48,,1.35,0.13,,0,0,0,0,0,0,0,,,42.06,,,5.32,,,,,0,,77.06999999999999,,0,0,0,,,2.9,,,,,,,0,,,,,,,,,,,,,,,,,,,,,,36,,50,,,,,,,,38,,,,,,,,,,,,,,,,,,,,,,,,,
STD-DB10_2-000521,"양배추 샐러드, 코울슬로",S,국가표준식품성분표,,USDA('18),,채소류,,"양배추 샐러드, 코울슬로",,,,,,,100g,153,73.42,0.95,9.91,0.84,14.89,12.19,1.9,30,0.22,20,129,203,28,28,-,0.026,0.02,0.206,14.6,-,,1.599,0.037,-,-,-,0.112,0.01,-,,0.246,-,-,1.09,0.54,0.04,4.79,1.64,0,0,0,0,-,70.90000000000001,-,0.09,1.44,,0,,,0,8.960000000000001,,1.69,8.019,,400,24,4,-,0,1,1,,,4979,,,-,,,,,-,,279,,2,6,6,,,-,,,,,,,-,,,,,,,,,,,,,,,,,,,,,,-,,-,,,,,,,,-,,,,,,,,,,,,,,,,,,,,,,,,,
STD-DB10_2-000522,양파,S,국가표준식품성분표,,농진청('15),,채소류,,양파,,,,,,,100g,29,92,0.95,0.04,0.33,6.67,5.74,1.7,15,0.2,27,145,3,0,0,2,0.035,0.011,0.099,5.88,0,,0.01,0,0.095,0.004,0.57,-,0,11,,0.106,0,0,0,0,0,0,0,0,0,0,0,0,0,0,0,2.3,,0,,,0,0.65,,2.79,0.02,,0,0,0,0,0,0,0,,,17.4,,,0,,,,,0,,0.96,,0,0,0,,,5.91,,,,,,,0,,,,,,,,,,,,,,,,,,,,,,20,,37,,,,,,,,19,,,,,,,,,,,,,,,,,,,,,,,,,
STD-DB10_2-000523,"양파, 데친것",S,국가표준식품성분표,,농진청('15),,채소류,,"양파, 데친것",,,,,,,100g,29,91.90000000000001,0.84,0.04,0.29,6.97,4.56,1.5,13,0.19,26,128,3,0,0,3,0.029,0.013,0.096,6.49,0,,0.01,0,0.093,0.003,0,-,0,6,,0.096,0,0,0,0,0,0,0,0,0,0,0,0,0,0,0,1.75,,0,,,0,0.74,,2.06,0.02,,0,0,0,0,0,0,0,,,15.65,,,0,,,,,0,,1,,0,0,0,,,6.87,,,,,,,0,,,,,,,,,,,,,,,,,,,,,,19,,36,,,,,,,,19,,,,,,,,,,,,,,,,,,,,,,,,,
STD-DB10_2-000524,"양파, 말린것",S,국가표준식품성분표,,농진청('95),,채소류,,"양파, 말린것",,,,,,,100g,340,5.9,11.7,1,3.4,78,-,-,36,1.9,298,1726,7,0,0,0,0.31,0.26,1.1,32,-,,-,-,-,-,-,-,-,-,,-,-,-,-,-,-,-,-,-,-,-,-,-,-,-,-,-,,-,,,-,-,,-,-,,-,-,-,-,-,-,-,,,-,,,-,,,,,-,,-,,-,-,-,,,-,,,,,,,-,,,,,,,,,,,,,,,,,,,,,,-,,-,,,,,,,,-,,,,,,,,,,,,,,,,,,,,,,,,,
STD-DB10_2-000525,"양파, 수입산",S,국가표준식품성분표,,농진청('94),,채소류,,"양파, 수입산",,,,,,,100g,30,91.8,0.9,0.1,0.2,7,-,-,10,0.3,25,59,2,0,0,0,0.06,0.02,0.1,17,-,,-,-,-,-,-,-,-,-,,-,-,-,-,-,-,-,-,-,-,-,-,-,-,-,-,-,,-,,,-,-,,-,-,,-,-,-,-,-,-,-,,,-,,,-,,,,,-,,-,,-,-,-,,,-,,,,,,,-,,,,,,,,,,,,,,,,,,,,,,-,,-,,,,,,,,-,,,,,,,,,,,,,,,,,,,,,,,,,
STD-DB10_2-000526,"양파, 자색 양파",S,국가표준식품성분표,,농진청('13),,채소류,,"양파, 자색 양파",,,,,,,100g,32,91.09999999999999,0.75,0.02,0.36,7.81,3.31,1.5,16,0.18,29,138,1,0,0,0,0.049,0.03,0.152,0.16,0,,0.01,0,0.008999999999999999,0.143,29.89,-,0,0,,0.127,0,0,0,0,0,0,0,0,0,0,0,0,0,0,0,1.3,,0,,,0,0.64,,1.38,0.01,,0,0,0,0,0,0,0,,,4.5,,,0,,,,,0,,0,,0,0,0,,,4.73,,,,,,,0,,,,,,,,,,,,,,,,,,,,,,20,,16,,,,,,,,10,,,,,,,,,,,,,,,,,,,,,,,,,
STD-DB10_2-000527,"양파, 레드프라임",S,국가표준식품성분표,,농진청('16),,채소류,,"양파, 레드프라임",,,,,,,100g,37,90,0.46,0.63,0.35,8.56,6.56,2.8,9,0.18,25,142,0,0,0,0,0.066,0.003,0,3.39,-,,0.01,0,0,0,1.02,-,0,5,,0,-,-,0,0,0,0,0,0,0,0,0,-,-,-,0,2.6,,0,,,0,0.9399999999999999,,3.02,0.05,,0,0,0,0,0,0,0,,,18.94,,,1.06,,,,,0,,7.98,,0,0,0,,,22.31,,,,,,,0,,,,,,,,,,,,,,,,,,,,,,21,,29,,,,,,,,17,,,,,,,,,,,,,,,,,,,,,,,,,
STD-DB10_2-000528,"양파, 썬파워",S,국가표준식품성분표,,농진청('16),,채소류,,"양파, 썬파워",,,,,,,100g,32,91.3,0.52,0.47,0.33,7.38,6,1,12,0.08,25,134,0,0,0,0,0.159,0.003,0,3.51,-,,0.01,0,0,0,0.53,-,0,5,,0,-,-,0,0,0,0,0,0,0,0,0,-,-,-,0,2.17,,0,,,0,0.8100000000000001,,3.02,0.02,,0.41,0,0,0,0,0,0,,,14.31,,,0,,,,,0,,0.54,,0,0,0,,,10.86,,,,,,,0,,,,,,,,,,,,,,,,,,,,,,19,,21,,,,,,,,11,,,,,,,,,,,,,,,,,,,,,,,,,
STD-DB10_2-000529,"양파, 샬롯",S,국가표준식품성분표,,농진청('16),,채소류,,"양파, 샬롯",,,,,,,100g,80,79.59999999999999,2.28,2.54,0.74,14.84,2.1,-,6,0.48,56,333,0,0,0,0,0.133,0.01,0.276,3.76,-,,0.02,0,0.253,0.023,1.11,-,0,24,,0.21,-,-,0,0,0,0,0,0,0,0,0,-,-,-,0,0.35,,0,,,0,1.06,,0.6899999999999999,0.04,,0.63,0,0.67,0,0,0,0,,,25.43,,,0,,,,,0,,0.89,,0,0,0,,,9.56,,,,,,,0,,,,,,,,,,,,,,,,,,,,,,62,,74,,,,,,,,49,,,,,,,,,,,,,,,,,,,,,,,,,
STD-DB10_2-000530,양파 장아찌,S,국가표준식품성분표,,농진청('16),,채소류,,양파 장아찌,,,,,,,100g,85,73,1.59,0.05,4.35,20.99,15.24,2,15,0.47,36,181,1442,0,0,0,0.033,0.021,0,0.47,0,,0.01,0,0,0,0,-,0,7,,0,0,0,0.03,0.02,0,0,0,0.02,0,0,0,0,0,0,0,3.03,,0,,,0,8.869999999999999,,3.34,0.03,,0,0,0,0,0,0,0,,,26.95,,,0,,,,,0,,1.63,,0,0,0,,,3.67,,,,,,,0,,,,,,,,,,,,,,,,,,,,,,47,,83,,,,,,,,52,,,,,,,,,,,,,,,,,,,,,,,,,
STD-DB10_2-000531,양하,S,국가표준식품성분표,,농진청('86),,채소류,,양하,,,,,,,100g,13,95.59999999999999,0.6,0.1,0.9,2.8,-,-,15,-,10,270,1,14,0,170,-,0.07000000000000001,0.2,3,-,,-,-,-,-,-,-,-,-,,-,-,-,-,-,-,-,-,-,-,-,-,-,-,-,-,-,,-,,,-,-,,-,-,,-,-,-,-,-,-,-,,,-,,,-,,,,,-,,-,,-,-,-,,,-,,,,,,,-,,,,,,,,,,,,,,,,,,,,,,-,,-,,,,,,,,-,,,,,,,,,,,,,,,,,,,,,,,,,
STD-DB10_2-000532,어수리,S,국가표준식품성분표,,농진청('91),,채소류,,어수리,,,,,,,100g,31,88.5,4.4,0.3,1.8,5,-,-,7,6.1,35,-,-,5,0,58,0.02,0.02,2.2,-,-,,-,-,-,-,-,-,-,-,,-,-,-,-,-,-,-,-,-,-,-,-,-,-,-,-,-,,-,,,-,-,,-,-,,-,-,-,-,-,-,-,,,-,,,-,,,,,-,,-,,-,-,-,,,-,,,,,,,-,,,,,,,,,,,,,,,,,,,,,,-,,-,,,,,,,,-,,,,,,,,,,,,,,,,,,,,,,,,,
STD-DB10_2-000533,"어수리, 잎",S,국가표준식품성분표,,농진청('09),,채소류,,"어수리, 잎",,,,,,,100g,45,84.90000000000001,2.4,0.3,2,10.4,-,-,299,7.8,89,872,16,16,0,193,0.2,0.27,0.6,253,-,,-,-,-,-,-,-,-,-,,-,-,-,-,-,-,-,-,-,-,-,-,-,-,-,-,-,,-,,,-,-,,-,-,,-,-,-,-,-,-,-,,,-,,,-,,,,,-,,-,,-,-,-,,,-,,,,,,,-,,,,,,,,,,,,,,,,,,,,,,-,,-,,,,,,,,-,,,,,,,,,,,,,,,,,,,,,,,,,
STD-DB10_2-000534,"음나무(엄나무), 잎",S,국가표준식품성분표,,농진청('15),,채소류,,"음나무(엄나무), 잎",,,,,,,100g,41,86,6.94,0.67,1.19,5.2,0.36,4,47,0.9,159,435,1,169,0,2027,0.04,0.527,0.8139999999999999,21.69,0,,0.19,0,0.678,0.136,0,-,0,102,,0.271,0,0,0,0,0,0,0,0,0,0,0,399.99,399.99,0,0,0.36,,0,,,0,0,,0,0.45,,0,0,0,0,0,0,0,,,287.99,,,16.05,,,,,0,,143.34,,0,0,0,,,3.43,,,,,,,0,,,,,,,,,,,,,,,,,,,,,,218,,356,,,,,,,,202,,,,,,,,,,,,,,,,,,,,,,,,,
STD-DB10_2-000535,"엉겅퀴, 말린것",S,국가표준식품성분표,,농진청('95),,채소류,,"엉겅퀴, 말린것",,,,,,,100g,267,8.6,22.4,1.6,11.8,55.6,-,-,435,10.8,290,1120,7,19,0,226,0.63,1.6,2.7,8,-,,-,-,-,-,-,-,-,-,,-,-,-,-,-,-,-,-,-,-,-,-,-,-,-,-,-,,-,,,-,-,,-,-,,-,-,-,-,-,-,-,,,-,,,-,,,,,-,,-,,-,-,-,,,-,,,,,,,-,,,,,,,,,,,,,,,,,,,,,,-,,-,,,,,,,,-,,,,,,,,,,,,,,,,,,,,,,,,,
STD-DB10_2-000536,"엉겅퀴, 삶아서 말린것",S,국가표준식품성분표,,농진청('95),,채소류,,"엉겅퀴, 삶아서 말린것",,,,,,,100g,279,8,27.4,2.2,8.199999999999999,54.2,-,-,156,10.9,330,681,7,17,0,207,0.41,1.22,2.4,6,-,,-,-,-,-,-,-,-,-,,-,-,-,-,-,-,-,-,-,-,-,-,-,-,-,-,-,,-,,,-,-,,-,-,,-,-,-,-,-,-,-,,,-,,,-,,,,,-,,-,,-,-,-,,,-,,,,,,,-,,,,,,,,,,,,,,,,,,,,,,-,,-,,,,,,,,-,,,,,,,,,,,,,,,,,,,,,,,,,
STD-DB10_2-000537,여주(고야),S,국가표준식품성분표,,농진청('16),,채소류,,여주(고야),,,,,,,100g,22,93.3,1.28,0.36,0.58,4.48,0.36,3.7,15,0.15,27,253,0,13,0,158,0.157,0.044,1.061,73.01000000000001,-,,0.03,0,1.061,0,0,-,0,91,,0,-,-,0,0,0,0,0,0,0,0,0,0,0,0,0,0.11,,0,,,0,0,,0.25,0.01,,0,0,0,0,0,0,0,,,3.53,,,1.31,,,,,0,,9.48,,0,0,0,,,1.26,,,,,,,0,,,,,,,,,,,,,,,,,,,,,,104,,190,,,,,,,,109,,,,,,,,,,,,,,,,,,,,,,,,,
STD-DB10_2-000538,연근,S,국가표준식품성분표,,농진청('15),,채소류,,연근,,,,,,,100g,75,80,1.63,0.07000000000000001,1.02,17.28,1.81,3.3,28,0.8,75,478,21,0,0,0,0.08699999999999999,0.124,0.136,28.35,0,,0.02,0,0,0.136,3.51,-,0,7,,0.334,0,0,0.34,0.34,0,0,0,0,0,0,0,0,0,0,0,0.19,,0,,,0,1.62,,0,0.05,,0,0,0,0,0,0,0,,,33.93,,,0.75,,,,,0,,6.02,,0,0,0,,,6.76,,,,,,,0,,,,,,,,,,,,,,,,,,,,,,32,,48,,,,,,,,34,,,,,,,,,,,,,,,,,,,,,,,,,
STD-DB10_2-000539,"연근, 데친것",S,국가표준식품성분표,,농진청('15),,채소류,,"연근, 데친것",,,,,,,100g,62,84,1.07,0.08,0.44,14.41,0.59,2.8,20,0.29,43,172,6,0,0,0,0.023,0.065,0.078,17.32,0,,0.02,0,0.004,0.074,4.11,-,0,14,,0.166,0,0,0.42,0.42,0,0,0,0,0,0,0,0,0,0,0,0,,0,,,0,0.59,,0,0.06,,0,0,0,0,0,0,0,,,38.86,,,0.72,,,,,0,,6.64,,0,0,0,,,5.96,,,,,,,0,,,,,,,,,,,,,,,,,,,,,,20,,41,,,,,,,,26,,,,,,,,,,,,,,,,,,,,,,,,,
STD-DB10_2-000540,"열대비름(아마란스), 잎",S,국가표준식품성분표,,농진청('86),,채소류,,"열대비름(아마란스), 잎",,,,,,,100g,45,84.2,5.8,0.9,2.6,6.5,-,-,172,2.3,52,-,-,155,0,1859,0.06,0.15,3.1,23,-,,-,-,-,-,-,-,-,-,,-,-,-,-,-,-,-,-,-,-,-,-,-,-,-,-,-,,-,,,-,-,,-,-,,-,-,-,-,-,-,-,,,-,,,-,,,,,-,,-,,-,-,-,,,-,,,,,,,-,,,,,,,,,,,,,,,,,,,,,,-,,-,,,,,,,,-,,,,,,,,,,,,,,,,,,,,,,,,,
STD-DB10_2-000541,"열대비름(아마란스), 어린잎",S,국가표준식품성분표,,농진청('20),,채소류,,"열대비름(아마란스), 어린잎",,,,,,,100g,21,91.40000000000001,2.99,0.35,2.14,3.11,0,1,300,7,81,595,18,390,0,4681,0.096,0.229,1.836,1.48,0,,0.05,0,1.753,0.083,2.45,0.246,0,109,,0.203,0,0,0.27,0.2,0.15,0,0,0,0,0,0,432.85,432.85,0,0,0,,0,,,0,0,,0,0.18,,0.59,0,0,0,0.84,0,0,,,45.64,,,0.91,,,,,0,,122.12,,0.24,0,0,,,6.06,,,,,,,0,,,,,,,,,,,,,,,,,,,,,,131,,173,,,,,,,,74,,,,,,,,,,,,,,,,,,,,,,,,,
STD-DB10_2-000542,열무,S,국가표준식품성분표,,농진청('14),,채소류,,열무,,,,,,,100g,14,94.5,2.08,0.21,1.22,1.99,0,1.3,156,1.7,44,326,48,225,0,2698,0.044,0.096,0.359,7.25,0,,0.04,0,0.037,0.323,0.14,-,0,71,,0.257,0,0,0.31,0.31,0,0,0,0,0,0,0,345.616,345.616,0,0,0,,0,,,0,0,,0,0.16,,0,0,0.96,0,0,0,0,,,17.78,,,23.82,,,,,0.9,,111.95,,0,0,0,,,4.19,,,,,,,0,,,,,,,,,,,,,,,,,,,,,,53,,64,,,,,,,,44,,,,,,,,,,,,,,,,,,,,,,,,,
STD-DB10_2-000543,"열무, 데친것",S,국가표준식품성분표,,농진청('14),,채소류,,"열무, 데친것",,,,,,,100g,19,93.40000000000001,2.69,0.25,0.71,2.95,0,2.8,129,0.74,52,150,30,282,0,3388,0.004,0.07000000000000001,0.104,9.619999999999999,0,,0.05,0,0,0.104,0.43,-,0,63,,0,0,0,0.67,0.66,0.01,0.04,0.01,0.01,0,0,0,598.888,598.888,0,0,0,,0,,,0,0,,0,0.19,,0,0,0.8100000000000001,0,0,0,0,,,23.54,,,30.05,,,,,0.93,,125.74,,0,0,0,,,6.62,,,,,,,0,,,,,,,,,,,,,,,,,,,,,,112,,192,,,,,,,,85,,,,,,,,,,,,,,,,,,,,,,,,,
STD-DB10_2-000544,"염교(락교), 뿌리줄기",S,국가표준식품성분표,,JAPAN('20),,채소류,,"염교(락교), 뿌리줄기",,,,,,,100g,83,68.3,1.4,0.2,0.8,29.3,-,20.7,14,0.5,35,230,2,(0),(0),0,0.07000000000000001,0.05,2.1,23,(0),,(0.03),-,-,-,0.9,0.12,(0),29,,0.5600000000000001,-,-,0.8,0.8,Tr,0,0,-,-,-,-,1,-,-,-,-,,-,,,-,-,,-,(0.11),,(0),-,-,-,(0),(0),-,,,(74),,,-,,,,,(0),,(4),,-,-,(0),,,-,,,,,,,-,,,,,,,,,,,,,,,,,,,,,,29,,47,,,,,,,,29,,,,,,,,,,,,,,,,,,,,,,,,,
STD-DB10_2-000545,염교(락교),S,국가표준식품성분표,,농진청('18),,채소류,,염교(락교),,,,,,,100g,93,74.3,0.52,1,2.4,21.79,18.72,2.6,21,2.83,8,20,840,0,0,0,0.064,0,0.229,0,0,,0.03,0,0.162,0.067,0.77,0.004,0,0,,0,0,0,0.16,0.16,0,0,0,0,0,0,0,0,0,0,0,8.49,,3.16,,,0,0,,7.06,0.03,,0,0,0,0,0,0,0,,,24.02,,,0.52,,,,,0.8,,0.48,,0,0,0,,,8.65,,,,,,,0,,,,,,,,,,,,,,,,,,,,,,19,,31,,,,,,,,19,,,,,,,,,,,,,,,,,,,,,,,,,
STD-DB10_2-000546,영아자,S,국가표준식품성분표,,농진청('96),,채소류,,영아자,,,,,,,100g,34,88.09999999999999,2.5,0.1,1.6,7.7,-,-,57,3.1,55,-,14,105,0,1260,0.18,0.61,3.3,109,-,,-,-,-,-,-,-,-,-,,-,-,-,-,-,-,-,-,-,-,-,-,-,-,-,-,-,,-,,,-,-,,-,-,,-,-,-,-,-,-,-,,,-,,,-,,,,,-,,-,,-,-,-,,,-,,,,,,,-,,,,,,,,,,,,,,,,,,,,,,-,,-,,,,,,,,-,,,,,,,,,,,,,,,,,,,,,,,,,
STD-DB10_2-000547,"영아자, 데친것",S,국가표준식품성분표,,농진청('96),,채소류,,"영아자, 데친것",,,,,,,100g,36,88.59999999999999,2.5,0.2,0.9,7.8,-,-,52,1.6,49,397,6,79,0,948,0.08,0.12,1.9,91,-,,-,-,-,-,-,-,-,-,,-,-,-,-,-,-,-,-,-,-,-,-,-,-,-,-,-,,-,,,-,-,,-,-,,-,-,-,-,-,-,-,,,-,,,-,,,,,-,,-,,-,-,-,,,-,,,,,,,-,,,,,,,,,,,,,,,,,,,,,,-,,-,,,,,,,,-,,,,,,,,,,,,,,,,,,,,,,,,,
STD-DB10_2-000548,"영아자, 말린것",S,국가표준식품성분표,,농진청('95),,채소류,,"영아자, 말린것",,,,,,,100g,278,7.2,23.8,3.1,11.5,54.4,-,-,790,10.6,312,1876,15,53,0,630,0.34,2.16,4.7,36,-,,-,-,-,-,-,-,-,-,,-,-,-,-,-,-,-,-,-,-,-,-,-,-,-,-,-,,-,,,-,-,,-,-,,-,-,-,-,-,-,-,,,-,,,-,,,,,-,,-,,-,-,-,,,-,,,,,,,-,,,,,,,,,,,,,,,,,,,,,,-,,-,,,,,,,,-,,,,,,,,,,,,,,,,,,,,,,,,,
STD-DB10_2-000549,"오이, 겨울살이청장",S,국가표준식품성분표,,농진청('06),,채소류,,"오이, 겨울살이청장",,,,,,,100g,13,95.7,0.8,0,0.4,3.1,-,-,18,0.5,23,195,3,1,0,9,0.1,0.02,0.5,0,-,,-,-,-,-,-,-,-,-,,-,-,-,-,-,-,-,-,-,-,-,-,-,-,-,-,-,,-,,,-,-,,-,-,,-,-,-,-,-,-,-,,,-,,,-,,,,,-,,-,,-,-,-,,,-,,,,,,,-,,,,,,,,,,,,,,,,,,,,,,-,,-,,,,,,,,-,,,,,,,,,,,,,,,,,,,,,,,,,
STD-DB10_2-000550,"오이, 늙은오이",S,국가표준식품성분표,,농진청('15),,채소류,,"오이, 늙은오이",,,,,,,100g,9,96.59999999999999,1.19,0.03,0.47,1.71,0.85,1.5,17,0.17,25,200,5,0,0,0,0,0.012,0.106,0.82,0,,0.01,0,0.106,0,1.4,-,0,0,,0.237,0,0,0.18,0.18,0,0,0,0,0,0,0,0,0,0,0,0.65,,0,,,0,0,,0.2,0.01,,0,0,0,0,0,0,0,,,8.68,,,0,,,,,0,,4.58,,0,0,0,,,1.43,,,,,,,0,,,,,,,,,,,,,,,,,,,,,,18,,16,,,,,,,,14,,,,,,,,,,,,,,,,,,,,,,,,,
STD-DB10_2-000551,"오이, 다다기",S,국가표준식품성분표,,농진청('19),,채소류,,"오이, 다다기",,,,,,,100g,13,95.7,1.06,0.05,0.43,2.79,1.51,0.6,18,0.2,39,196,3,5,0,61,0.021,0.034,0.091,11.25,0,,0.01,0,0,0.091,1.03,0.013,0,11,,0.303,0,0,0.03,0.03,0,0.02,0,0,0,0,0,20.19,20.19,0,0,0.75,,0,,,0,0,,0.76,0.02,,0,0,0,0,0,0,0,,,11.89,,,0,,,,,0,,11.57,,0,0,0,,,0,,,,,,,0,,,,,,,,,,,,,,,,,,,,,,24,,37,,,,,,,,22,,,,,,,,,,,,,,,,,,,,,,,,,
STD-DB10_2-000552,"오이, 취청",S,국가표준식품성분표,,농진청('19),,채소류,,"오이, 취청",,,,,,,100g,12,96.09999999999999,0.95,0.04,0.39,2.55,1.77,0.8,34,0.18,23,161,2,15,0,184,0.036,0.036,0.197,3.39,0,,0.01,0,0.002,0.195,0.99,0.017,0,15,,0.361,0,0,0.03,0.03,0,0.01,0,0,0,0,0,37.77,37.77,0,0,0.98,,0,,,0,0,,0.79,0.03,,0,0,0,0,0,0,0,,,14.07,,,0,,,,,0,,11.28,,0,0,0,,,0,,,,,,,0,,,,,,,,,,,,,,,,,,,,,,25,,40,,,,,,,,23,,,,,,,,,,,,,,,,,,,,,,,,,
STD-DB10_2-000553,오이 피클,S,국가표준식품성분표,,농진청('15),,채소류,,오이 피클,,,,,,,100g,91,71.59999999999999,0.38,0.12,2.83,25.07,22.69,2.1,51,0.25,5,36,1040,12,0,141,0.016,0.01,0,0,0,,0.05,0,0,0,0,-,0,8,,0,0,0,0.04,0.04,0,0,0,0,0,0,0,23.21,23.21,0,0,10.78,,0,,,0,2.31,,9.6,0.06,,0,0,0,0,0,0,0,,,24.67,,,0,,,,,0,,33.4,,0,0,0,,,3.71,,,,,,,0,,,,,,,,,,,,,,,,,,,,,,9,,17,,,,,,,,9,,,,,,,,,,,,,,,,,,,,,,,,,
STD-DB10_2-000554,"오이지, 염절임",S,국가표준식품성분표,,농진청('19),,채소류,,"오이지, 염절임",,,,,,,100g,11,92.59999999999999,0.55,0.1,4.36,2.35,0.54,1.3,42,0.39,8,55,1647,1,0,7,0.024,0.094,0.097,0,0,,0.03,0,0.034,0.063,0.11,0.018,0,3,,0.238,0,0,0,0,0,0,0,0,0,0,0,17.87,17.87,0,0,0.34,,0,,,0,0,,0.2,0.05,,0,0,0,0,0,0,0,,,20.36,,,0,,,,,0,,32.05,,0,0,0,,,0,,,,,,,0,,,,,,,,,,,,,,,,,,,,,,24,,42,,,,,,,,25,,,,,,,,,,,,,,,,,,,,,,,,,
STD-DB10_2-000555,오크라,S,국가표준식품성분표,,JAPAN('20),,채소류,,오크라,,,,,,,100g,26,90.2,2.1,0.2,0.9,6.6,1.9,5.0,92,0.5,58,260,4,56,(0),670,0.09,0.09,0.8,11,(0),,(0.03),-,-,-,6.0,0.10,(0),110,,0.42,-,-,1.2,1.2,0,0.2,0,-,-,-,-,71,-,-,-,0.6,,0,,,(0),0.7,,0.6,(0.05),,(0),-,-,-,(0),(0),-,,,(27),,,-,,,,,(0),,(1),,-,-,(0),,,-,,,,,,,-,,,,,,,,,,,,,,,,,,,,,,66,,99,,,,,,,,61,,,,,,,,,,,,,,,,,,,,,,,,,
STD-DB10_2-000556,"오크라, 데친것",S,국가표준식품성분표,,JAPAN('20),,채소류,,"오크라, 데친것",,,,,,,100g,29,89.40000000000001,2.1,0.1,0.8,7.6,(2.1),5.2,90,0.5,56,280,4,60,(0),720,0.09,0.09,0.8,7,(0),,(0.02),-,-,-,-,0.08,(0),110,,0.42,-,-,1.2,1.2,0,0.1,0,-,-,-,-,75,-,-,-,(0.7),,(Tr),,,(0),(0.7),,(0.7),(0.03),,(0),-,-,-,(0),(0),-,,,(21),,,-,,,,,(0),,(Tr),,-,-,(0),,,-,,,,,,,-,,,,,,,,,,,,,,,,,,,,,,(66),,(98),,,,,,,,(59),,,,,,,,,,,,,,,,,,,,,,,,,
STD-DB10_2-000557,"옥수수, 순",S,국가표준식품성분표,,농진청('84),,채소류,,"옥수수, 순",,,,,,,100g,40,89.2,1.7,0.3,0.6,8.199999999999999,-,-,10,0.4,53,-,-,0,0,0,0.17,0.1,0.2,22,-,,-,-,-,-,-,-,-,-,,-,-,-,-,-,-,-,-,-,-,-,-,-,-,-,-,-,,-,,,-,-,,-,-,,-,-,-,-,-,-,-,,,-,,,-,,,,,-,,-,,-,-,-,,,-,,,,,,,-,,,,,,,,,,,,,,,,,,,,,,-,,-,,,,,,,,-,,,,,,,,,,,,,,,,,,,,,,,,,
STD-DB10_2-000558,우엉,S,국가표준식품성분표,,농진청('15),,채소류,,우엉,,,,,,,100g,69,81,2.61,0.06,1.04,15.29,2.87,4.6,46,0.8,87,406,6,0,0,0,0.019,0.11,0.108,0.61,0,,0.02,0,0.029,0.079,0.97,-,0,17,,0.197,0,0,0.41,0.41,0,0,0,0,0,0,0,0,0,0,0,1.75,,0,,,0,0.36,,0.76,0.03,,0,0,0,0,0,0,0,,,27.56,,,0.8,,,,,0,,7.22,,0,0,0,,,1.25,,,,,,,0,,,,,,,,,,,,,,,,,,,,,,30,,57,,,,,,,,41,,,,,,,,,,,,,,,,,,,,,,,,,
STD-DB10_2-000559,"우엉, 데친것",S,국가표준식품성분표,,농진청('15),,채소류,,"우엉, 데친것",,,,,,,100g,52,86.09999999999999,1.88,0.09,0.59,11.34,0.6899999999999999,5.4,41,0.68,66,212,5,0,0,0,0.019,0.099,0.092,1.01,0,,0.02,0,0.024,0.068,0,-,0,27,,0.251,0,0,0.43,0.43,0,0,0,0,0,0,0,0,0,0,0,0,,0,,,0,0.6899999999999999,,0,0.06,,0,0,0,0,0,0,0,,,46.71,,,0.8100000000000001,,,,,0,,16.62,,0,0,0,,,1.68,,,,,,,0,,,,,,,,,,,,,,,,,,,,,,28,,51,,,,,,,,39,,,,,,,,,,,,,,,,,,,,,,,,,
STD-DB10_2-000560,"우엉, 장조림",S,국가표준식품성분표,,농진청('16),,채소류,,"우엉, 장조림",,,,,,,100g,149,60.3,2.1,0.3,2.93,34.37,17.4,4.8,40,0.91,49,95,1092,0,0,4,0,0,0.122,0.11,0,,0.05,0,0.053,0.06900000000000001,0,-,0,10,,0,0,0,0.26,0.26,0,0.01,0.01,0.01,0.01,0,0.01,0,0,0,0,6.75,,0,,,0,6.05,,4.6,0.22,,0,0,1.04,0,0,0,0,,,127.04,,,2.72,,,,,0,,14.44,,0,0,0,,,80.61,,,,,,,0,,,,,,,,,,,,,,,,,,,,,,108,,131,,,,,,,,86,,,,,,,,,,,,,,,,,,,,,,,,,
STD-DB10_2-000561,울금,S,국가표준식품성분표,,농진청('17),,채소류,,울금,,,,,,,100g,87,78.5,1.8,2.56,1.42,15.77,3.83,3.1,16,0.6,67,599,11,0,0,0,0.075,0.115,0.036,2.41,0,,0.07000000000000001,0,0,0.036,1.19,0,0,33,,0.213,0,0,0,0,0,0,0,0,0,0,0,0,0,0,0,0.66,,0,,,0,2.61,,0.5600000000000001,0.09,,0,0,0,0,0,0,0,,,67.36,,,0,,,,,0,,18,,0,0,0,,,0,,,,,,,0,,,,,,,,,,,,,,,,,,,,,,0,,0,,,,,,,,0,,,,,,,,,,,,,,,,,,,,,,,,,
STD-DB10_2-000562,울외장아찌,S,국가표준식품성분표,,농진청('96),,채소류,,울외장아찌,,,,,,,100g,67,74.2,5.1,0.3,7.3,13.1,-,-,12,0.8,60,8075,3487,0,0,0,0.09,0.11,0.2,0,-,,-,-,-,-,-,-,-,-,,-,-,-,-,-,-,-,-,-,-,-,-,-,-,-,-,-,,-,,,-,-,,-,-,,-,-,-,-,-,-,-,,,-,,,-,,,,,-,,-,,-,-,-,,,-,,,,,,,-,,,,,,,,,,,,,,,,,,,,,,-,,-,,,,,,,,-,,,,,,,,,,,,,,,,,,,,,,,,,
STD-DB10_2-000563,원추리,S,국가표준식품성분표,,농진청('15),,채소류,,원추리,,,,,,,100g,35,88.7,3.55,0.36,0.91,6.48,2.51,2.2,22,3.51,68,390,1,125,0,1494,-,0.452,0.583,12.05,0,,0.08,0,0.061,0.522,0,-,0,80,,0.257,0,0,1.63,1.48,0.29,0,0.26,0,0,0,0,210.57,210.57,0,0,1.55,,0,,,0,0,,0.96,0.26,,0,0,0,0,0,0,0,,,113.06,,,1.27,,,,,0,,138.29,,0,0,0,,,8.85,,,,,,,0,,,,,,,,,,,,,,,,,,,,,,107,,172,,,,,,,,94,,,,,,,,,,,,,,,,,,,,,,,,,
STD-DB10_2-000564,"원추리, 데친것",S,국가표준식품성분표,,농진청('15),,채소류,,"원추리, 데친것",,,,,,,100g,28,90.7,3.22,0.29,0.7,5.09,1.78,2.3,17,0.97,53,329,1,86,0,1035,-,0.275,0.302,14.83,0,,0.07000000000000001,0,0.006,0.296,0,-,0,42,,0.147,0,0,1.42,1.41,0,0,0.42,0,0,0,0,188.05,188.05,0,0,0.84,,0,,,0,0,,0.9399999999999999,0.21,,0,0,0,0,0,0,0,,,94.44,,,1.18,,,,,0,,107.83,,0,0,0,,,8.960000000000001,,,,,,,0,,,,,,,,,,,,,,,,,,,,,,99,,154,,,,,,,,92,,,,,,,,,,,,,,,,,,,,,,,,,
STD-DB10_2-000565,"유채, 싹",S,국가표준식품성분표,,농진청('11),,채소류,,"유채, 싹",,,,,,,100g,78,84.5,3.4,4.6,0.7,6.8,-,6.4,36,1.2,152,141,5,35,0,419,0.63,0.3,1.1,10,-,,-,-,-,-,-,-,-,-,,-,-,-,-,-,-,-,-,-,-,-,-,-,-,-,-,-,,-,,,-,-,,-,-,,-,-,-,-,-,-,-,,,-,,,-,,,,,-,,-,,-,-,-,,,-,,,,,,,-,,,,,,,,,,,,,,,,,,,,,,-,,-,,,,,,,,-,,,,,,,,,,,,,,,,,,,,,,,,,
STD-DB10_2-000566,"유채, 잎",S,국가표준식품성분표,,농진청('15),,채소류,,"유채, 잎",,,,,,,100g,30,89.5,3.89,0.31,1.32,4.98,0.58,3.3,185,1.4,68,441,12,234,0,2807,0.027,0.256,0.335,52.84,0,,0.06,0,0.067,0.268,0,-,0,266,,0.131,0,0,0.71,0.71,0,0.05,0,0,0,0,0,218.52,218.52,0,0,0.43,,0,,,0,0,,0.15,0.24,,0,0,0,0,0,0,0,,,31.92,,,37.17,,,,,0,,173.23,,0,0,0,,,2.05,,,,,,,0,,,,,,,,,,,,,,,,,,,,,,154,,260,,,,,,,,143,,,,,,,,,,,,,,,,,,,,,,,,,
STD-DB10_2-000567,"유채, 동채",S,국가표준식품성분표,,농진청('15),,채소류,,"유채, 동채",,,,,,,100g,29,89.7,4.13,0.32,1.28,4.6,0.6,3.4,174,1.45,70,428,11,237,0,2840,0.024,0.274,0.358,61.38,0,,0.06,0,0.067,0.291,0,-,0,234,,0.128,0,0,0.74,0.74,0,0,0,0,0,0,0,213.72,213.72,0,0,0.3,,0,,,0,0,,0.3,0.25,,0,0,0,0,0,0,0,,,33.39,,,38.15,,,,,0,,177.58,,0,0,0,,,2.17,,,,,,,0,,,,,,,,,,,,,,,,,,,,,,145,,264,,,,,,,,144,,,,,,,,,,,,,,,,,,,,,,,,,
STD-DB10_2-000568,"유채, 잎줄기",S,국가표준식품성분표,,JAPAN('20),,채소류,,"유채, 잎줄기",,,,,,,100g,36,88.3,4.1,0.4,1.1,6,-,3.7,97,0.9,78,410,12,217,(0),2600,0.11,0.24,1.3,110,(0),,(0.04),-,-,-,-,0.22,(0),240,,0.80,-,-,1.7,1.7,Tr,0.1,0,-,-,-,-,260,-,-,-,-,,-,,,-,-,,-,(0.16),,(Tr),-,-,-,-,-,(0),,,(16),,,-,,,,,(0),,(110),,(1),(0),(0),,,-,,,,,,,-,,,,,,,,,,,,,,,,,,,,,,(200),,(300),,,,,,,,(160),,,,,,,,,,,,,,,,,,,,,,,,,
STD-DB10_2-000569,"잇꽃(홍화), 잎",S,국가표준식품성분표,,농진청('06),,채소류,,"잇꽃(홍화), 잎",,,,,,,100g,45,85.7,3.9,0.4,1.9,9,-,-,244,1.4,40,566,5,28,0,340,0.24,0.26,1.1,62,-,,-,-,-,-,-,-,-,-,,-,-,-,-,-,-,-,-,-,-,-,-,-,-,-,-,-,,-,,,-,-,,-,-,,-,-,-,-,-,-,-,,,-,,,-,,,,,-,,-,,-,-,-,,,-,,,,,,,-,,,,,,,,,,,,,,,,,,,,,,-,,-,,,,,,,,-,,,,,,,,,,,,,,,,,,,,,,,,,
STD-DB10_2-000570,자운영,S,국가표준식품성분표,,농진청('91),,채소류,,자운영,,,,,,,100g,40,87.2,4.6,0.6,1,6.6,-,-,3,6.1,47,-,-,28,0,337,0.03,0.03,1.7,2,-,,-,-,-,-,-,-,-,-,,-,-,-,-,-,-,-,-,-,-,-,-,-,-,-,-,-,,-,,,-,-,,-,-,,-,-,-,-,-,-,-,,,-,,,-,,,,,-,,-,,-,-,-,,,-,,,,,,,-,,,,,,,,,,,,,,,,,,,,,,-,,-,,,,,,,,-,,,,,,,,,,,,,,,,,,,,,,,,,
STD-DB10_2-000571,"잔대, 뿌리",S,국가표준식품성분표,,농진청('11),,채소류,,"잔대, 뿌리",,,,,,,100g,79,78.2,2.1,0.2,0.9,18.6,-,7.3,50,3.4,70,208,8,0,0,0,0.2,0.14,0.8,2,-,,-,-,-,-,-,-,-,-,,-,-,-,-,-,-,-,-,-,-,-,-,-,-,-,-,-,,-,,,-,-,,-,-,,-,-,-,-,-,-,-,,,-,,,-,,,,,-,,-,,-,-,-,,,-,,,,,,,-,,,,,,,,,,,,,,,,,,,,,,-,,-,,,,,,,,-,,,,,,,,,,,,,,,,,,,,,,,,,
STD-DB10_2-000572,"잔대, 순",S,국가표준식품성분표,,농진청('11),,채소류,,"잔대, 순",,,,,,,100g,55,84.2,3.4,0.9,1.6,9.9,-,6.1,82,1.1,81,525,1,1631,0,19566,0.46,0.31,1,18,-,,-,-,-,-,-,-,-,-,,-,-,-,-,-,-,-,-,-,-,-,-,-,-,-,-,-,,-,,,-,-,,-,-,,-,-,-,-,-,-,-,,,-,,,-,,,,,-,,-,,-,-,-,,,-,,,,,,,-,,,,,,,,,,,,,,,,,,,,,,-,,-,,,,,,,,-,,,,,,,,,,,,,,,,,,,,,,,,,
STD-DB10_2-000573,"적양무, 어린잎",S,국가표준식품성분표,,농진청('20),,채소류,,"적양무, 어린잎",,,,,,,100g,19,92.90000000000001,2.54,0.42,1.61,2.54,0.22,0.8,166,10.95,60,508,70,213,0,2551,0.278,0.125,0.485,34.98,0,,0.03,0,0.426,0.059,2.49,0.184,0,63,,0.305,0,0,0.64,0.61,0.06,0,0,0,0,0,0,236.87,236.87,0,0,0.13,,0,,,0,0,,0.09,0.14,,5.22,0,2.05,0,0,0,0.8100000000000001,,,21.52,,,10.54,,,,,0,,67.25,,0.65,0,0,,,10.65,,,,,,,0,,,,,,,,,,,,,,,,,,,,,,88,,110,,,,,,,,46,,,,,,,,,,,,,,,,,,,,,,,,,
STD-DB10_2-000574,제비쑥,S,국가표준식품성분표,,국('85),,채소류,,제비쑥,,,,,,,100g,35,88.2,4.5,0.7,1.6,5,-,-,88,7.9,61,-,-,591,0,7095,0.15,0.12,1.8,48,-,,-,-,-,-,-,-,-,-,,-,-,-,-,-,-,-,-,-,-,-,-,-,-,-,-,-,,-,,,-,-,,-,-,,-,-,-,-,-,-,-,,,-,,,-,,,,,-,,-,,-,-,-,,,-,,,,,,,-,,,,,,,,,,,,,,,,,,,,,,-,,-,,,,,,,,-,,,,,,,,,,,,,,,,,,,,,,,,,
STD-DB10_2-000575,조뱅이,S,국가표준식품성분표,,농진청('85),,채소류,,조뱅이,,,,,,,100g,47,84.5,4,0.2,1.2,10.1,-,-,7,0.3,118,-,-,197,0,2365,0.05,0.46,0.3,5,-,,-,-,-,-,-,-,-,-,,-,-,-,-,-,-,-,-,-,-,-,-,-,-,-,-,-,,-,,,-,-,,-,-,,-,-,-,-,-,-,-,,,-,,,-,,,,,-,,-,,-,-,-,,,-,,,,,,,-,,,,,,,,,,,,,,,,,,,,,,-,,-,,,,,,,,-,,,,,,,,,,,,,,,,,,,,,,,,,
STD-DB10_2-000576,"줄나물, 말린것",S,국가표준식품성분표,,농진청('86),,채소류,,"줄나물, 말린것",,,,,,,100g,236,18.7,29.7,1.7,8,41.9,-,-,31,4.8,649,-,-,3,0,37,0.14,0.07000000000000001,1.4,0,-,,-,-,-,-,-,-,-,-,,-,-,-,-,-,-,-,-,-,-,-,-,-,-,-,-,-,,-,,,-,-,,-,-,,-,-,-,-,-,-,-,,,-,,,-,,,,,-,,-,,-,-,-,,,-,,,,,,,-,,,,,,,,,,,,,,,,,,,,,,-,,-,,,,,,,,-,,,,,,,,,,,,,,,,,,,,,,,,,
STD-DB10_2-000577,진달래꽃,S,국가표준식품성분표,,농진청('97),,채소류,,진달래꽃,,,,,,,100g,26,92.2,1,0.1,0.4,6.3,-,-,22,1.6,16,86,17,40,0,480,0.1,0.09,1.7,6,-,,-,-,-,-,-,-,-,-,,-,-,-,-,-,-,-,-,-,-,-,-,-,-,-,-,-,,-,,,-,-,,-,-,,-,-,-,-,-,-,-,,,-,,,-,,,,,-,,-,,-,-,-,,,-,,,,,,,-,,,,,,,,,,,,,,,,,,,,,,-,,-,,,,,,,,-,,,,,,,,,,,,,,,,,,,,,,,,,
STD-DB10_2-000578,질경이,S,국가표준식품성분표,,농진청('97),,채소류,,질경이,,,,,,,100g,48,83.8,3,0.2,2.2,10.8,-,-,119,1.5,56,383,16,169,0,2030,0.11,0.25,1.6,7,-,,-,-,-,-,-,-,-,-,,-,-,-,-,-,-,-,-,-,-,-,-,-,-,-,-,-,,-,,,-,-,,-,-,,-,-,-,-,-,-,-,,,-,,,-,,,,,-,,-,,-,-,-,,,-,,,,,,,-,,,,,,,,,,,,,,,,,,,,,,-,,-,,,,,,,,-,,,,,,,,,,,,,,,,,,,,,,,,,
STD-DB10_2-000579,"질경이, 데친것",S,국가표준식품성분표,,농진청('97),,채소류,,"질경이, 데친것",,,,,,,100g,45,85.8,2.4,0.1,1,10.7,-,-,95,1.6,39,116,14,139,0,1665,0.15,0.09,1.1,2,-,,-,-,-,-,-,-,-,-,,-,-,-,-,-,-,-,-,-,-,-,-,-,-,-,-,-,,-,,,-,-,,-,-,,-,-,-,-,-,-,-,,,-,,,-,,,,,-,,-,,-,-,-,,,-,,,,,,,-,,,,,,,,,,,,,,,,,,,,,,-,,-,,,,,,,,-,,,,,,,,,,,,,,,,,,,,,,,,,
STD-DB10_2-000580,"참나물, 야생",S,국가표준식품성분표,,농진청('98),,채소류,,"참나물, 야생",,,,,,,100g,39,86.7,3.5,0.4,1.8,7.6,-,-,102,2,71,955,4,482,0,5778,0.09,0.32,0.8,15,-,,-,-,-,-,-,-,-,-,,-,-,-,-,-,-,-,-,-,-,-,-,-,-,-,-,-,,-,,,-,-,,-,-,,-,-,-,-,-,-,-,,,-,,,-,,,,,-,,-,,-,-,-,,,-,,,,,,,-,,,,,,,,,,,,,,,,,,,,,,-,,-,,,,,,,,-,,,,,,,,,,,,,,,,,,,,,,,,,
STD-DB10_2-000581,"참나물, 재배",S,국가표준식품성분표,,농진청('14),,채소류,,"참나물, 재배",,,,,,,100g,20,92.8,1.58,0.19,1.34,4.09,0,2.6,57,1.38,48,582,18,136,0,1626,0.003,0.096,0.513,3.81,0,,0.04,0,0.509,0.004,4.08,-,0,39,,0.194,0,0,0.05,0.05,0,0.04,0,0,0,0,0,314.984,314.984,0,0,0,,0,,,0,0,,0,0.13,,0.71,0,0,0,0,0,0,,,60.8,,,14.23,,,,,0,,53.32,,0.57,0,0,,,4.97,,,,,,,0,,,,,,,,,,,,,,,,,,,,,,55,,84,,,,,,,,40,,,,,,,,,,,,,,,,,,,,,,,,,
STD-DB10_2-000582,"참반디, 말린것",S,국가표준식품성분표,,농진청('95),,채소류,,"참반디, 말린것",,,,,,,100g,288,8,12.6,2.7,11,65.7,-,-,934,10.9,518,1487,6,8,0,94,0.22,1.97,1.6,23,-,,-,-,-,-,-,-,-,-,,-,-,-,-,-,-,-,-,-,-,-,-,-,-,-,-,-,,-,,,-,-,,-,-,,-,-,-,-,-,-,-,,,-,,,-,,,,,-,,-,,-,-,-,,,-,,,,,,,-,,,,,,,,,,,,,,,,,,,,,,-,,-,,,,,,,,-,,,,,,,,,,,,,,,,,,,,,,,,,
STD-DB10_2-000583,"참빗살나무, 잎",S,국가표준식품성분표,,농진청('10),,채소류,,"참빗살나무, 잎",,,,,,,100g,61,80.09999999999999,7.4,0.7,1.5,10.3,-,-,154,4.4,205,730,2,53,0,632,0.52,0.13,1,45,-,,-,-,-,-,-,-,-,-,,-,-,-,-,-,-,-,-,-,-,-,-,-,-,-,-,-,,-,,,-,-,,-,-,,-,-,-,-,-,-,-,,,-,,,-,,,,,-,,-,,-,-,-,,,-,,,,,,,-,,,,,,,,,,,,,,,,,,,,,,-,,-,,,,,,,,-,,,,,,,,,,,,,,,,,,,,,,,,,
STD-DB10_2-000584,청경채,S,국가표준식품성분표,,농진청('14),,채소류,,청경채,,,,,,,100g,10,95.90000000000001,1.41,0.09,0.96,1.64,0,1.2,87,0.38,40,366,17,63,0,753,0.068,0.043,0.193,18.51,0,,0.02,0,0.117,0.076,42.44,-,0,32,,0,0,0,0.04,0.04,0,0.02,0,0,0,0,0,137.078,137.078,0,0,0,,0,,,0,0,,0,0.06,,0,0,0.3,0,0,0,0,,,5.93,,,11.28,,,,,0.37,,42.08,,0,0,0,,,1.39,,,,,,,0,,,,,,,,,,,,,,,,,,,,,,45,,67,,,,,,,,35,,,,,,,,,,,,,,,,,,,,,,,,,
STD-DB10_2-000585,"청경채, 데친것",S,국가표준식품성분표,,농진청('14),,채소류,,"청경채, 데친것",,,,,,,100g,11,95.59999999999999,1.6,0.13,0.86,1.81,0,1.3,82,0.37,39,316,15,70,0,839,0.048,0.044,0.149,18.51,0,,0.03,0,0.134,0.015,18.68,-,0,107,,0,0,0,0.31,0.31,0,0.02,0,0,0,0,0,189.101,189.101,0,0,0,,0,,,0,0,,0,0.1,,0,0,0.35,0,0,0,0,,,9.15,,,15.75,,,,,0.43,,71.33,,0,0,0,,,1.76,,,,,,,0,,,,,,,,,,,,,,,,,,,,,,54,,81,,,,,,,,71,,,,,,,,,,,,,,,,,,,,,,,,,
STD-DB10_2-000586,"청경채, 어린잎",S,국가표준식품성분표,,농진청('20),,채소류,,"청경채, 어린잎",,,,,,,100g,16,94,2.59,0.32,1.25,1.86,0.29,0.3,161,2.56,52,436,45,235,0,2824,0.18,0.141,0.569,35.14,0,,0.03,0,0.123,0.446,3.21,0.24,0,42,,0.295,0,0,0.36,0.33,0.06,0,0,0,0,0,0,228.07,228.07,0,0,0.13,,0,,,0,0,,0.16,0.11,,0,0,0.46,0,0,0,0.6899999999999999,,,13.45,,,17.29,,,,,0,,75.37,,0,0,0,,,1.46,,,,,,,0,,,,,,,,,,,,,,,,,,,,,,81,,107,,,,,,,,57,,,,,,,,,,,,,,,,,,,,,,,,,
STD-DB10_2-000587,"초석잠, 뿌리",S,국가표준식품성분표,,농진청('15),,채소류,,"초석잠, 뿌리",,,,,,,100g,76,79.2,2.3,0.5600000000000001,0.9399999999999999,17,0.17,2.7,14,0.89,77,478,1,0,0,0,0.063,0.057,0.061,5.2,-,,0.03,0,0,0.061,0.55,-,0,18,,0,-,-,0.03,0,0,0.01,0,0.09,0.03,0,0,0,0,0,0,0,,0,,,0,0.17,,0,0.08,,0,0,0,0,0,0,0,,,62.2,,,0,,,,,0,,20.55,,0,0,0,,,1.31,,,,,,,0,,,,,,,,,,,,,,,,,,,,,,57,,104,,,,,,,,77,,,,,,,,,,,,,,,,,,,,,,,,,
STD-DB10_2-000588,"총각무, 뿌리",S,국가표준식품성분표,,농진청('14),,채소류,,"총각무, 뿌리",,,,,,,100g,30,91.09999999999999,1.16,0.05,0.7,6.99,3.34,2.8,32,0.48,46,222,27,0,0,0,0.035,0.047,0.24,16.89,0,,0.02,0,-,-,0,-,0,51,,0.219,0,0,0,0,0,0,0,0,0,0,0,0,0,0,0,1.47,,0.22,,,0,0.1,,1.55,0.03,,0,0,0.47,0,0,0,0,,,5.06,,,3.79,,,,,0,,16.19,,0,0,0,,,2.07,,,,,,,0,,,,,,,,,,,,,,,,,,,,,,30,,42,,,,,,,,25,,,,,,,,,,,,,,,,,,,,,,,,,
STD-DB10_2-000589,"총각무, 잎",S,국가표준식품성분표,,농진청('14),,채소류,,"총각무, 잎",,,,,,,100g,24,91.59999999999999,1.97,0.34,1.5,4.59,0.61,3,261,1.69,41,301,68,240,0,2877,0.126,0.146,0.112,26.28,0,,0.07000000000000001,0,0,0.112,0,-,0,132,,0.306,0,0,1.05,1.05,0,0.02,0,0,0,0,0,391.299,391.299,0,0,0,,0,,,0,0,,0.61,0.26,,0,0,1.38,0,0,0,0,,,20.46,,,40.55,,,,,7.14,,178.45,,0,0,0,,,5.39,,,,,,,0,,,,,,,,,,,,,,,,,,,,,,89,,147,,,,,,,,66,,,,,,,,,,,,,,,,,,,,,,,,,
STD-DB10_2-000590,"취나물, 곰취",S,국가표준식품성분표,,농진청('15),,채소류,,"취나물, 곰취",,,,,,,100g,32,89.2,3.04,0.49,1.5,5.77,1.1,4.1,135,1.6,38,529,2,320,0,3834,0.006,0.334,0.309,7.97,0,,0.09,0,0.022,0.287,0,-,0,122,,0,0,0,0,0,0,0,0,0,0,0,0,310.29,310.29,0,0,0.96,,0,,,0,0,,0.14,0.38,,0,0,0,0,0,0,0,,,78.48,,,0,,,,,0,,297.93,,0,0,0,,,2.94,,,,,,,0,,,,,,,,,,,,,,,,,,,,,,118,,192,,,,,,,,94,,,,,,,,,,,,,,,,,,,,,,,,,
STD-DB10_2-000591,"취나물, 미역취",S,국가표준식품성분표,,농진청('10),,채소류,,"취나물, 미역취",,,,,,,100g,48,84.59999999999999,3.7,0.6,1.5,9.6,-,-,93,3,77,669,20,58,0,699,0.18,0.27,1.1,32,-,,-,-,-,-,-,-,-,-,,-,-,-,-,-,-,-,-,-,-,-,-,-,-,-,-,-,,-,,,-,-,,-,-,,-,-,-,-,-,-,-,,,-,,,-,,,,,-,,-,,-,-,-,,,-,,,,,,,-,,,,,,,,,,,,,,,,,,,,,,-,,-,,,,,,,,-,,,,,,,,,,,,,,,,,,,,,,,,,
STD-DB10_2-000592,"취나물, 참취",S,국가표준식품성분표,,농진청('15),,채소류,,"취나물, 참취",,,,,,,100g,51,83.90000000000001,2.61,0.38,1.45,11.66,2.55,4.8,134,5.99,63,556,5,192,0,2302,0.057,0.497,0.951,12.86,0,,0.07000000000000001,0,0.094,0.857,0,-,0,110,,0,0,0,0.44,0.44,0,0,0,0,0,0,0,280.09,280.09,0,0,2.02,,0,,,0,0,,0.53,0.29,,0,0,0,0,0,0,0,,,97.09999999999999,,,0,,,,,0,,182.47,,0,0,0,,,5.79,,,,,,,0,,,,,,,,,,,,,,,,,,,,,,127,,186,,,,,,,,109,,,,,,,,,,,,,,,,,,,,,,,,,
STD-DB10_2-000593,"치커리, 뿌리",S,국가표준식품성분표,,USDA('18),,채소류,,"치커리, 뿌리",,,,,,,100g,72,80,1.4,0.2,0.89,17.51,8.73,1.5,41,0.8,61,290,50,0,0,-,0.04,0.03,0.4,5,0,,0.048,0,-,-,-,0.241,0,23,,0.323,-,-,-,-,-,-,-,-,-,-,-,-,-,-,-,-,,-,,,-,-,,-,0.091,,-,-,-,-,-,-,-,,,-,,,-,,,,,-,,-,,-,-,-,,,-,,,,,,,-,,,,,,,,,,,,,,,,,,,,,,-,,-,,,,,,,,-,,,,,,,,,,,,,,,,,,,,,,,,,
STD-DB10_2-000594,"치커리, 잎",S,국가표준식품성분표,,농진청('14),,채소류,,"치커리, 잎",,,,,,,100g,16,94,1.7,0.21,1.14,2.95,0,2,93,1.8,24,340,136,179,0,2153,0.015,0.102,0.602,2.11,0,,0.05,0,0.5679999999999999,0.034,0,-,0,61,,0.054,0,0,0.08,0.08,0,0.04,0,0,0,0,0,249.013,249.013,0,0,0,,0,,,0,0,,0,0.16,,0,0,0,0,0,0,0,,,39.31,,,0.85,,,,,0,,107.27,,0,0,0,,,3.86,,,,,,,0,,,,,,,,,,,,,,,,,,,,,,67,,70,,,,,,,,53,,,,,,,,,,,,,,,,,,,,,,,,,
STD-DB10_2-000595,"치커리, 치콘",S,국가표준식품성분표,,농진청('16),,채소류,,"치커리, 치콘",,,,,,,100g,14,95.40000000000001,1.19,0.25,0.54,2.62,-,1.3,11,0,25,247,0,0,0,0,0.08,0.005,0,1.75,-,,0.01,0,0,0,0.6,-,0,22,,0,-,-,0,0,0,0,0,0,0,0,0,0,0,0,-,-,,-,,,-,-,,-,0.04,,0,0,0,0,0,0,0,,,29.24,,,0,,,,,0,,11.66,,0,0,0,,,1.86,,,,,,,0,,,,,,,,,,,,,,,,,,,,,,66,,43,,,,,,,,74,,,,,,,,,,,,,,,,,,,,,,,,,
STD-DB10_2-000596,케일,S,국가표준식품성분표,,농진청('14),,채소류,,케일,,,,,,,100g,26,89.90000000000001,3.11,0.24,2.14,4.61,0,3.2,328,0.8100000000000001,61,594,47,262,0,3145,0.51,0.178,0.353,-,0,,0.05,0,0.024,0.329,22.04,-,0,105,,0,0,0,0.35,0.33,0,0.2,0,0,0,0,0,0,525.062,0,0,0,,0,,,0,0,,0,0.17,,0,0,0,0,0,0,0,,,29.29,,,27.04,,,,,0,,108.67,,0,0,0,,,7.12,,,,,,,0,,,,,,,,,,,,,,,,,,,,,,104,,177,,,,,,,,95,,,,,,,,,,,,,,,,,,,,,,,,,
STD-DB10_2-000597,"케일, 꽃케일",S,국가표준식품성분표,,농진청('05),,채소류,,"케일, 꽃케일",,,,,,,100g,33,88.5,3.3,0.2,1.5,6.5,-,-,292,3.3,66,195,103,101,0,1212,0.23,0.27,0.7,105,-,,-,-,-,-,-,-,-,-,,-,-,-,-,-,-,-,-,-,-,-,-,-,-,-,-,-,,-,,,-,-,,-,-,,-,-,-,-,-,-,-,,,-,,,-,,,,,-,,-,,-,-,-,,,-,,,,,,,-,,,,,,,,,,,,,,,,,,,,,,-,,-,,,,,,,,-,,,,,,,,,,,,,,,,,,,,,,,,,
STD-DB10_2-000598,"케일, 로얄채",S,국가표준식품성분표,,농진청('04),,채소류,,"케일, 로얄채",,,,,,,100g,49,84.59999999999999,2.7,0.3,1.3,11.1,-,-,152,3.9,52,572,11,405,0,4864,0.15,0.16,1,76,-,,-,-,-,-,-,-,-,-,,-,-,-,-,-,-,-,-,-,-,-,-,-,-,-,-,-,,-,,,-,-,,-,-,,-,-,-,-,-,-,-,,,-,,,-,,,,,-,,-,,-,-,-,,,-,,,,,,,-,,,,,,,,,,,,,,,,,,,,,,-,,-,,,,,,,,-,,,,,,,,,,,,,,,,,,,,,,,,,
STD-DB10_2-000599,"케일, 하우스",S,국가표준식품성분표,,농진청('10),,채소류,,"케일, 하우스",,,,,,,100g,22,91.59999999999999,2,0.3,1.9,4.2,-,4.4,268,1.3,52,533,50,97,0,1165,0.13,0.12,0.7,-,-,,-,-,-,-,-,-,-,-,,-,-,-,-,-,-,-,-,-,-,-,-,-,-,-,-,-,,-,,,-,-,,-,-,,-,-,-,-,-,-,-,,,-,,,-,,,,,-,,-,,-,-,-,,,-,,,,,,,-,,,,,,,,,,,,,,,,,,,,,,-,,-,,,,,,,,-,,,,,,,,,,,,,,,,,,,,,,,,,
STD-DB10_2-000600,콜라비,S,국가표준식품성분표,,농진청('13),,채소류,,콜라비,,,,,,,100g,22,92.8,1.16,0.05,0.83,5.16,1.55,2.4,42,0.27,43,312,7,1,0,12,0.8149999999999999,0.035,0.143,-,0,,0.02,0,0.123,0.02,0,-,0,12,,0.8,0,0,0.11,0.11,0,0,0,0,0,0,0,0,0,0,0,0.75,,0,,,0,0,,0.8,0.03,,0,0,0,0,0,0,0,,,7.86,,,3.53,,,,,0,,20.44,,0,0,0,,,0,,,,,,,0,,,,,,,,,,,,,,,,,,,,,,25,,34,,,,,,,,24,,,,,,,,,,,,,,,,,,,,,,,,,
STD-DB10_2-000601,"콜라비, 데친것",S,국가표준식품성분표,,JAPAN('20),,채소류,,"콜라비, 데친것",,,,,,,100g,20,93.09999999999999,1,,0.6,5.2,(2.3),2.3,27,0.2,28,210,7,1,(0),15,0.03,0.05,0.2,37,(0),,-,-,-,-,-,0.06,(0),71,,0.20,-,-,0,0,0,0,0,-,-,-,-,8,-,-,(0),(0.8),,(0),,,(0),(0.5),,(1.0),-,,-,-,-,-,-,-,-,,,-,,,-,,,,,-,,-,,-,-,-,,,-,,,,,,,-,,,,,,,,,,,,,,,,,,,,,,(18),,(23),,,,,,,,(16),,,,,,,,,,,,,,,,,,,,,,,,,
STD-DB10_2-000602,콩나물,S,국가표준식품성분표,,농진청('16),,채소류,,콩나물,,,,,,,100g,36,89.5,4.64,1.36,0.7,3.8,0.35,1.6,48,0.67,85,218,1,1,0,6,0.114,0.08500000000000001,0.677,1.8,0,,0.26,0,0.081,0.596,0,-,0,52,,0.347,0,0,0.04,0.03,0,0.08,0.06,0.01,0,0.01,0,83.58,83.58,-,0,0.23,,0.05,,,0,0,,0.07000000000000001,1.03,,1.98,0,0,0,0,0,0,,,666.65,,,19.61,,,,,1.3,,115.06,,0,0,0,,,229.28,,,,,,,1,,,,,,,,,,,,,,,,,,,,,,132,,220,,,,,,,,158,,,,,,,,,,,,,,,,,,,,,,,,,
STD-DB10_2-000603,"콩나물, 삶은것",S,국가표준식품성분표,,농진청('16),,채소류,,"콩나물, 삶은것",,,,,,,100g,33,91,4.52,1.51,0.42,2.55,0.62,2,53,0.41,69,91,1,2,0,26,0.028,0.044,0.435,1.07,0,,0.24,0,0.039,0.396,0,-,0,28,,0.781,0,0,0.43,0.25,0,1.58,0.51,0.02,0,0.01,0,92.91,92.91,0,0,0.23,,0.05,,,0,0,,0.34,1.2,,1.82,0,0,0,0,0,0,,,766.97,,,18.75,,,,,1.11,,190.44,,0,0,0,,,215.57,,,,,,,0.7,,,,,,,,,,,,,,,,,,,,,,114,,194,,,,,,,,137,,,,,,,,,,,,,,,,,,,,,,,,,
STD-DB10_2-000604,"콩나물, 말린것",S,국가표준식품성분표,,농진청('05),,채소류,,"콩나물, 말린것",,,,,,,100g,406,5.1,45.7,10.8,5.9,32.5,-,-,354,8.800000000000001,631,1976,42,0,0,0,0.83,1.17,3.8,0,-,,-,-,-,-,-,-,-,-,,-,-,-,-,-,-,-,-,-,-,-,-,-,-,-,-,-,,-,,,-,-,,-,-,,-,-,-,-,-,-,-,,,-,,,-,,,,,-,,-,,-,-,-,,,-,,,,,,,-,,,,,,,,,,,,,,,,,,,,,,-,,-,,,,,,,,-,,,,,,,,,,,,,,,,,,,,,,,,,
STD-DB10_2-000605,"콩나물, 가루",S,국가표준식품성분표,,농진청('05),,채소류,,"콩나물, 가루",,,,,,,100g,409,5.5,45.4,11.6,5.8,31.7,-,-,354,9.800000000000001,634,1838,41,0,0,0,0.75,1.32,3.8,0,-,,-,-,-,-,-,-,-,-,,-,-,-,-,-,-,-,-,-,-,-,-,-,-,-,-,-,,-,,,-,-,,-,-,,-,-,-,-,-,-,-,,,-,,,-,,,,,-,,-,,-,-,-,,,-,,,,,,,-,,,,,,,,,,,,,,,,,,,,,,-,,-,,,,,,,,-,,,,,,,,,,,,,,,,,,,,,,,,,
STD-DB10_2-000606,"콩나물, 녹색",S,국가표준식품성분표,,농진청('97),,채소류,,"콩나물, 녹색",,,,,,,100g,27,91.09999999999999,4.2,0.9,1.1,2.7,-,-,10,0.6,46,138,5,1,0,9,0.09,0.16,0.5,17,-,,-,-,-,-,-,-,-,-,,-,-,-,-,-,-,-,-,-,-,-,-,-,-,-,-,-,,-,,,-,-,,-,-,,-,-,-,-,-,-,-,,,-,,,-,,,,,-,,-,,-,-,-,,,-,,,,,,,-,,,,,,,,,,,,,,,,,,,,,,-,,-,,,,,,,,-,,,,,,,,,,,,,,,,,,,,,,,,,
STD-DB10_2-000607,"콩잎, 잎",S,국가표준식품성분표,,농진청('89),,채소류,,"콩잎, 잎",,,,,,,100g,94,69.90000000000001,6.6,0.3,2.2,21,-,-,33,1.6,120,-,-,3,0,37,0.12,0.16,3.9,16,-,,-,-,-,-,-,-,-,-,,-,-,-,-,-,-,-,-,-,-,-,-,-,-,-,-,-,,-,,,-,-,,-,-,,-,-,-,-,-,-,-,,,-,,,-,,,,,-,,-,,-,-,-,,,-,,,,,,,-,,,,,,,,,,,,,,,,,,,,,,-,,-,,,,,,,,-,,,,,,,,,,,,,,,,,,,,,,,,,
STD-DB10_2-000608,"토란대, 줄기",S,국가표준식품성분표,,농진청('16),,채소류,,"토란대, 줄기",,,,,,,100g,16,94.59999999999999,0.28,0.05,0.82,4.25,1.52,1.3,65,0.35,21,430,1,10,0,122,0.033,0.032,0.465,4.12,0,,0.02,0,0.106,0.359,0,-,0,24,,0.065,0,0,0,0,0,0,0,0,0,0,0,0,0,0,0,0.77,,0,,,0,0,,0.75,0.03,,0,0,0,0,0,0,0,,,20.4,,,0,,,,,0,,6.39,,0,0,0,,,3.21,,,,,,,0,,,,,,,,,,,,,,,,,,,,,,11,,16,,,,,,,,8,,,,,,,,,,,,,,,,,,,,,,,,,
STD-DB10_2-000609,토마토,S,국가표준식품성분표,,농진청('15),,채소류,,토마토,,,,,,,100g,19,93.90000000000001,1.03,0.18,0.63,4.26,2.37,2.6,9,0.19,29,250,2,32,0,380,0.013,0.037,0.311,14.16,0,,0.04,0,0,0.311,2.36,-,0,15,,0.298,0,0,0.21,0.2,0,0.14,0,0,0,0,0,0,0,0,0,1.24,,0,,,0,0,,1.13,0.13,,0,0,0,0,0,0,0,,,91.45999999999999,,,0,,,,,0,,6.61,,0,0,0,,,32.92,,,,,,,0,,,,,,,,,,,,,,,,,,,,,,20,,28,,,,,,,,15,,,,,,,,,,,,,,,,,,,,,,,,,
STD-DB10_2-000610,"토마토, 데친것",S,국가표준식품성분표,,농진청('15),,채소류,,"토마토, 데친것",,,,,,,100g,17,94.40000000000001,0.7,0.14,0.7,4.06,2.08,0.9,8,0.15,29,251,2,26,0,307,0.016,0.048,0.309,14.8,0,,0.03,0,0,0.309,2.65,-,0,12,,0.243,0,0,0.18,0.17,0,0.12,0,0,0,0,0,0,0,0,0,1.11,,0,,,0,0,,0.97,0.1,,0,0,0,0,0,0,0,,,71.15000000000001,,,0,,,,,0,,7.04,,0,0,0,,,24.6,,,,,,,0,,,,,,,,,,,,,,,,,,,,,,19,,28,,,,,,,,15,,,,,,,,,,,,,,,,,,,,,,,,,
STD-DB10_2-000611,"토마토, 대저",S,국가표준식품성분표,,농진청('14),,채소류,,"토마토, 대저",,,,,,,100g,23,92.7,0.76,0.04,0.63,5.87,1.45,1.9,7,0.21,24,325,6,45,0,540,0.002,0.021,0.49,16.37,0,,0.01,0,0.361,0.13,0.9399999999999999,-,0,22,,0.07000000000000001,0,0,0.21,0.21,0,0.03,0,0,0,0,0,12.077,12.077,0,0,1.45,,0,,,0,0,,0,0.02,,0,0,0,0,0,0,0,,,15.46,,,0.25,,,,,0,,6.23,,0,0,0,,,4.24,,,,,,,0,,,,,,,,,,,,,,,,,,,,,,20,,26,,,,,,,,24,,,,,,,,,,,,,,,,,,,,,,,,,
STD-DB10_2-000612,"토마토, 방울토마토",S,국가표준식품성분표,,농진청('15),,채소류,,"토마토, 방울토마토",,,,,,,100g,25,92.3,1,0.13,0.55,6.02,3.89,2.1,10,0.37,28,209,5,60,0,714,0.022,0.08699999999999999,0.772,11.37,0,,0.04,0,0,0.772,3.5,-,0,19,,0.239,0,0,0.2,0.19,0,0.13,0,0,0,0,0,0,0,0,0,2.05,,0,,,0,0,,1.84,0.09000000000000001,,0,0,0,0,0,0,0,,,61.84,,,0,,,,,0,,7.01,,0,0,0,,,22.34,,,,,,,0,,,,,,,,,,,,,,,,,,,,,,24,,36,,,,,,,,19,,,,,,,,,,,,,,,,,,,,,,,,,
STD-DB10_2-000613,"토마토, 유기재배",S,국가표준식품성분표,,농진청('07),,채소류,,"토마토, 유기재배",,,,,,,100g,17,94.59999999999999,0.9,0.1,0.5,3.9,-,-,5,0.6,14,304,15,0,0,-,0.05,0.02,0.3,10,-,,-,-,-,-,-,-,-,-,,-,-,-,-,-,-,-,-,-,-,-,-,-,-,-,-,-,,-,,,-,-,,-,-,,-,-,-,-,-,-,-,,,-,,,-,,,,,-,,-,,-,-,-,,,-,,,,,,,-,,,,,,,,,,,,,,,,,,,,,,-,,-,,,,,,,,-,,,,,,,,,,,,,,,,,,,,,,,,,
STD-DB10_2-000614,"토마토, 흑토마토",S,국가표준식품성분표,,농진청('13),,채소류,,"토마토, 흑토마토",,,,,,,100g,21,93.59999999999999,0.68,0.04,0.46,5.22,2.96,0.8999999999999999,11,0.26,30,202,2,54,0,651,0.008999999999999999,0.038,0.153,-,0,,0.02,0,0.113,0.04,2.07,-,0,16,,0,0,0,0.43,0.4,0,0.25,0.04,0,0,0,0,0,0,0,0,1.61,,0,,,0,0,,1.35,0.01,,0,0,0,0,0,0,0,,,8.94,,,0,,,,,0,,2.35,,0,0,0,,,2.81,,,,,,,0,,,,,,,,,,,,,,,,,,,,,,20,,27,,,,,,,,15,,,,,,,,,,,,,,,,,,,,,,,,,
STD-DB10_2-000615,토스카노(잎브로콜리),S,국가표준식품성분표,,농진청('05),,채소류,,토스카노(잎브로콜리),,,,,,,100g,40,86.40000000000001,4.7,0.6,1.6,6.7,-,-,254,0.4,46,263,189,221,0,2647,0.22,0.38,0.8,118,-,,-,-,-,-,-,-,-,-,,-,-,-,-,-,-,-,-,-,-,-,-,-,-,-,-,-,,-,,,-,-,,-,-,,-,-,-,-,-,-,-,,,-,,,-,,,,,-,,-,,-,-,-,,,-,,,,,,,-,,,,,,,,,,,,,,,,,,,,,,-,,-,,,,,,,,-,,,,,,,,,,,,,,,,,,,,,,,,,
STD-DB10_2-000616,파,S,국가표준식품성분표,,농진청('07),,채소류,,파,,,,,,,100g,29,91.40000000000001,1.2,0.2,0.5,6.7,-,-,25,1,26,239,17,1,0,8,0.02,0.04,0.3,11,-,,-,-,-,-,-,-,-,-,,-,-,-,-,-,-,-,-,-,-,-,-,-,-,-,-,-,,-,,,-,-,,-,-,,-,-,-,-,-,-,-,,,-,,,-,,,,,-,,-,,-,-,-,,,-,,,,,,,-,,,,,,,,,,,,,,,,,,,,,,-,,-,,,,,,,,-,,,,,,,,,,,,,,,,,,,,,,,,,
STD-DB10_2-000617,"파, 골파",S,국가표준식품성분표,,농진청('10),,채소류,,"파, 골파",,,,,,,100g,29,91,1.5,0.2,0.8,6.5,-,-,83,0.4,36,237,4,1,0,12,0.14,0.11,0.6,-,-,,-,-,-,-,-,-,-,-,,-,-,-,-,-,-,-,-,-,-,-,-,-,-,-,-,-,,-,,,-,-,,-,-,,-,-,-,-,-,-,-,,,-,,,-,,,,,-,,-,,-,-,-,,,-,,,,,,,-,,,,,,,,,,,,,,,,,,,,,,-,,-,,,,,,,,-,,,,,,,,,,,,,,,,,,,,,,,,,
STD-DB10_2-000618,"파, 실파",S,국가표준식품성분표,,식약('96),,채소류,,"파, 실파",,,,,,,100g,16,94.3,1.5,0.1,0.9,3.2,-,-,75,0.8,39,271,2,60,0,720,0.05,0.08,0.4,24,-,,-,-,-,-,-,-,-,-,,-,-,-,-,-,-,-,-,-,-,-,-,-,-,-,-,-,,-,,,-,-,,-,-,,-,-,-,-,-,-,-,,,-,,,-,,,,,-,,-,,-,-,-,,,-,,,,,,,-,,,,,,,,,,,,,,,,,,,,,,-,,-,,,,,,,,-,,,,,,,,,,,,,,,,,,,,,,,,,
STD-DB10_2-000619,"파, 쪽파",S,국가표준식품성분표,,농진청('16),,채소류,,"파, 쪽파",,,,,,,100g,21,93,1.73,0.14,0.89,4.24,1.17,1.1,72,2.65,43,324,0,73,0,879,0.03,0.147,0.116,13.69,0,,0.04,0,0.033,0.083,0,-,0,58,,0.737,0,0,0.38,0.36,0,0.11,0.02,0.02,0,0.01,0,131.95,131.95,0,0.11,0.59,,0.02,,,0,0,,0.45,0.09,,0,0,0,0,0,0,0,,,45.28,,,0,,,,,0,,42.8,,0,0,0,,,4.46,,,,,,,0,,,,,,,,,,,,,,,,,,,,,,51,,72,,,,,,,,57,,,,,,,,,,,,,,,,,,,,,,,,,
STD-DB10_2-000620,"파, 대파",S,국가표준식품성분표,,농진청('16),,채소류,,"파, 대파",,,,,,,100g,23,92.8,1.78,0.15,0.47,4.8,2.63,1.6,24,0.82,30,181,0,23,0,277,0.066,0.094,0.143,3.55,0,,0.07000000000000001,0,0.075,0.068,0,-,0,20,,0.837,0,0,0,0,0,0,0,0,0,0,0,87.54000000000001,87.54000000000001,0,0.11,1.25,,0,,,0,0.04,,1.23,0.08,,0,0,0,0,0,0,0,,,46.96,,,0,,,,,0,,24.99,,0,0,0,,,8.25,,,,,,,0,,,,,,,,,,,,,,,,,,,,,,39,,71,,,,,,,,35,,,,,,,,,,,,,,,,,,,,,,,,,
STD-DB10_2-000621,파드득나물(삼엽채),S,국가표준식품성분표,,농진청('99),,채소류,,파드득나물(삼엽채),,,,,,,100g,25,90.8,1.8,0.1,1.8,5.5,-,-,81,4.2,45,705,15,122,0,1458,0.05,0.06,0.5,68,-,,-,-,-,-,-,-,-,-,,-,-,-,-,-,-,-,-,-,-,-,-,-,-,-,-,-,,-,,,-,-,,-,-,,-,-,-,-,-,-,-,,,-,,,-,,,,,-,,-,,-,-,-,,,-,,,,,,,-,,,,,,,,,,,,,,,,,,,,,,-,,-,,,,,,,,-,,,,,,,,,,,,,,,,,,,,,,,,,
STD-DB10_2-000622,파슬리,S,국가표준식품성분표,,농진청('21),,채소류,,파슬리,,,,,,,100g,20,92.59999999999999,2.36,0.26,1.45,3.37,0.44,2.2,149,2.8,56,638,10,78,0,933,0.058,0.126,0.584,33.35,0,,0.06,0,-,-,0.44,0.043,0,62,,0.405,0,0,0.49,0.46,0,0.32,0,0,0,0,0,393.32,393.32,0,0,0.12,,0,,,0,0.15,,0.17,0.17,,0,0,0,0,0,0,0,,,74.43000000000001,,,0,,,,,0,,96.11,,0,0,0,,,1.64,,,,,,,0,,,,,,,,,,,,,,,,,,,,,,89,,145,,,,,,,,84,,,,,,,,,,,,,,,,,,,,,,,,,
STD-DB10_2-000623,"파프리카, 노란색",S,국가표준식품성분표,,농진청('13),,채소류,,"파프리카, 노란색",,,,,,,100g,24,92.7,0.77,0.12,0.46,5.95,2.79,1.3,7,0.3,26,209,0,12,0,147,0.016,0.053,0.961,110.6,0,,0.03,0,0.059,0.902,-,-,0,36,,0,0,0,1.59,1.55,0.06,0,0,0.02,0,0,0,3.23,3.23,0,0,1.75,,0,,,0,0,,1.04,0.09,,0,0,0,0,0,0,0,,,51.61,,,2.18,,,,,0,,25.23,,0,0,0,,,7.11,,,,,,,0,,,,,,,,,,,,,,,,,,,,,,21,,31,,,,,,,,19,,,,,,,,,,,,,,,,,,,,,,,,,
STD-DB10_2-000624,"파프리카, 빨간색",S,국가표준식품성분표,,농진청('13),,채소류,,"파프리카, 빨간색",,,,,,,100g,26,92,0.91,0.13,0.54,6.42,2.65,1.6,6,0.37,27,234,0,28,0,338,0.014,0.148,0.927,91.75,0,,0.04,0,0.066,0.861,-,-,0,45,,0,0,0,1.53,1.5,0.05,0.06,0,0,0,0,0,9.91,9.91,0,0,1.63,,0,,,0,0,,1.02,0.09,,0,0,0,0,0,0,0,,,52.1,,,2.11,,,,,0,,29.31,,1.48,0,0,,,3.59,,,,,,,0,,,,,,,,,,,,,,,,,,,,,,22,,34,,,,,,,,20,,,,,,,,,,,,,,,,,,,,,,,,,
STD-DB10_2-000625,"파프리카, 주황색",S,국가표준식품성분표,,농진청('13),,채소류,,"파프리카, 주황색",,,,,,,100g,24,92.40000000000001,1.02,0.12,0.58,5.88,5.26,1.3,7,0.51,22,269,0,23,0,271,0.008999999999999999,0.074,1.015,116.29,0,,0.04,0,0.099,0.916,-,-,0,35,,0.189,0,0,2.09,2.04,0.09,0.07000000000000001,0,0,0,0,0,8,8,0,0,2.69,,0,,,0,0,,2.57,0.08,,0,0,0,0,0,0,0,,,38.99,,,1.41,,,,,0,,27.53,,0,0,0,,,3.72,,,,,,,0,,,,,,,,,,,,,,,,,,,,,,26,,38,,,,,,,,23,,,,,,,,,,,,,,,,,,,,,,,,,
STD-DB10_2-000626,"미니파프리카, 노란색",S,국가표준식품성분표,,농진청('17),,채소류,,"미니파프리카, 노란색",,,,,,,100g,41,89.09999999999999,1.01,1.09,0.5,8.32,8.800000000000001,-,9,0.51,25,241,2,10,0,123,0.011,0.008999999999999999,0.002,168.02,-,,0.05,0,0,0.002,1.16,-,-,58,,0,-,-,1.53,1.53,0,0,0,0,0,0,0,-,-,-,0,3.08,,0,,,0,0.72,,5,0.15,,0,0,0,0,0,0,0,,,94.95,,,3.63,,,,,0,,37.19,,0,0,0,,,11.48,,,,,,,0,,,,,,,,,,,,,,,,,,,,,,43,,58,,,,,,,,36,,,,,,,,,,,,,,,,,,,,,,,,,
STD-DB10_2-000627,"미니파프리카, 빨간색",S,국가표준식품성분표,,농진청('17),,채소류,,"미니파프리카, 빨간색",,,,,,,100g,41,89,1.07,0.9399999999999999,0.54,8.49,7.45,-,10,0.38,25,256,2,13,0,150,0.114,0.066,0,202.75,-,,0.07000000000000001,0,0,0,1.2,-,-,100,,0,-,-,1.91,1.91,0,0,0,0,0,0,0,-,-,-,0,2.52,,0,,,0,0.85,,4.08,0.19,,0,0,0,0,0,0,0,,,121.97,,,5.13,,,,,0,,43.15,,0,0,0,,,16.67,,,,,,,0,,,,,,,,,,,,,,,,,,,,,,35,,58,,,,,,,,29,,,,,,,,,,,,,,,,,,,,,,,,,
STD-DB10_2-000628,"미니파프리카, 주황색",S,국가표준식품성분표,,농진청('17),,채소류,,"미니파프리카, 주황색",,,,,,,100g,38,89.5,0.97,0.79,0.49,8.220000000000001,6.28,-,9,0.68,23,240,3,13,0,157,0.016,0.002,0,191.02,-,,0.05,0,0,0,1.05,-,-,53,,0,-,-,1.78,1.78,0,0,0,0,0,0,0,-,-,-,0,2.55,,0,,,0,0,,3.73,0.13,,0,0,0,0,0,0,0,,,80.22,,,2.59,,,,,0,,39.04,,0,0,0,,,5.57,,,,,,,0,,,,,,,,,,,,,,,,,,,,,,33,,50,,,,,,,,29,,,,,,,,,,,,,,,,,,,,,,,,,
STD-DB10_2-000629,"피망, 빨간색",S,국가표준식품성분표,,농진청('13),,채소류,,"피망, 빨간색",,,,,,,100g,28,91.2,1.17,0.09,0.6,6.94,3.02,2,9,0.35,28,257,1,77,0,918,0.098,0.158,0.9330000000000001,60.08,0,,0.03,0,0.105,0.828,-,-,0,48,,0.293,0,0,3.62,3.53,0.15,0,0,0.04,0,0,0,-,-,-,0,2,,0,,,0,0,,1.02,0.05,,0,0,0,0,0,0,0,,,20.83,,,1.85,,,,,0,,29.26,,0,0,0,,,1.25,,,,,,,0,,,,,,,,,,,,,,,,,,,,,,36,,51,,,,,,,,30,,,,,,,,,,,,,,,,,,,,,,,,,
STD-DB10_2-000630,"피망, 초록색",S,국가표준식품성분표,,농진청('13),,채소류,,"피망, 초록색",,,,,,,100g,22,93.2,0.9,0.04,0.5,5.36,1.35,2.7,14,0.5,25,187,1,17,0,198,0.013,0.04,0.922,21.52,0,,0.02,0,0.054,0.868,4.68,-,0,27,,0,0,0,0.12,0.12,0,0,0,0,0,0,0,20.94,20.94,0,0,0.73,,0,,,0,0,,0.62,0.02,,0,0,0,0,0,0,0,,,12.08,,,0.8,,,,,0,,4.25,,0,0,0,,,1.19,,,,,,,0,,,,,,,,,,,,,,,,,,,,,,30,,42,,,,,,,,23,,,,,,,,,,,,,,,,,,,,,,,,,
STD-DB10_2-000631,"해바라기, 싹",S,국가표준식품성분표,,농진청('99),,채소류,,"해바라기, 싹",,,,,,,100g,9,96.40000000000001,2.2,0.1,0.4,0.9,-,-,31,0.7,44,83,36,0,0,-,0.12,0.33,0.4,6,-,,-,-,-,-,-,-,-,-,,-,-,-,-,-,-,-,-,-,-,-,-,-,-,-,-,-,,-,,,-,-,,-,-,,-,-,-,-,-,-,-,,,-,,,-,,,,,-,,-,,-,-,-,,,-,,,,,,,-,,,,,,,,,,,,,,,,,,,,,,-,,-,,,,,,,,-,,,,,,,,,,,,,,,,,,,,,,,,,
STD-DB10_2-000632,"호박, 싹",S,국가표준식품성분표,,농진청('98),,채소류,,"호박, 싹",,,,,,,100g,38,89.7,4.5,1.7,0.5,3.6,-,-,5,0.7,148,130,4,16,0,189,0.2,0.32,0.6,23,-,,-,-,-,-,-,-,-,-,,-,-,-,-,-,-,-,-,-,-,-,-,-,-,-,-,-,,-,,,-,-,,-,-,,-,-,-,-,-,-,-,,,-,,,-,,,,,-,,-,,-,-,-,,,-,,,,,,,-,,,,,,,,,,,,,,,,,,,,,,-,,-,,,,,,,,-,,,,,,,,,,,,,,,,,,,,,,,,,
STD-DB10_2-000633,"호박, 잎",S,국가표준식품성분표,,농진청('15),,채소류,,"호박, 잎",,,,,,,100g,45,84.09999999999999,4.83,0.38,2.26,8.43,0.84,5,285,2.49,131,627,0,421,0,5053,0.235,0.748,0.793,9.51,0,,0.08,0,0.114,0.679,0,-,0,212,,0,0,0,1.97,1.94,0,0.32,0,0,0,0,0,517,517,0,0,0.48,,0,,,0,0,,0.36,0.28,,0,0,0,0,0,0,0,,,31.62,,,0,,,,,0,,246.98,,0,0,2.76,,,3.56,,,,,,,0,,,,,,,,,,,,,,,,,,,,,,201,,332,,,,,,,,162,,,,,,,,,,,,,,,,,,,,,,,,,
STD-DB10_2-000634,"호박, 늙은호박",S,국가표준식품성분표,,농진청('19),,채소류,,"호박, 늙은호박",,,,,,,100g,38,89.7,0.88,0.17,0.8,8.49,3.5,1.8,21,0.24,46,336,1,71,0,853,0.019,0.032,0.533,2.2,0,,0.03,0,0.103,0.43,0.2,0.05,0,44,,0.326,0,0,0.38,0.34,0,0.3,0.03,0,0,0,0,0,0,0,0,0.99,,0,,,0,1.11,,1.4,0.04,,0,0,0.62,0,0,0,0,,,16.99,,,0.71,,,,,0,,19.04,,0,0,0,,,7.03,,,,,,,0,,,,,,,,,,,,,,,,,,,,,,23,,34,,,,,,,,24,,,,,,,,,,,,,,,,,,,,,,,,,
STD-DB10_2-000635,"호박, 단호박",S,국가표준식품성분표,,농진청('15),,채소류,,"호박, 단호박",,,,,,,100g,57,83.59999999999999,1.19,0.65,0.93,13.63,4.74,5,12,0.36,37,419,0,306,0,3670,0.03,0.136,0.5,12.13,0,,0.12,0,0,0.5,0,-,0,19,,0.721,0,0,3.05,2.87,0.19,0.88,0,0,0,0,0,0,0,0,0,3.08,,0,,,0,0,,1.66,0.5,,0,0,0,0,0,0,0,,,178.2,,,3.34,,,,,0,,80.98,,0,0,0,,,235.35,,,,,,,0,,,,,,,,,,,,,,,,,,,,,,47,,68,,,,,,,,44,,,,,,,,,,,,,,,,,,,,,,,,,
STD-DB10_2-000636,"호박, 애호박",S,국가표준식품성분표,,농진청('15),,채소류,,"호박, 애호박",,,,,,,100g,22,93.09999999999999,1.07,0.09,0.6,5.14,2.43,2.2,15,0.23,38,224,0,23,0,270,0.038,0.08,0.348,3.11,0,,0.03,0,0.026,0.322,0,-,0,33,,0.524,0,0,0.11,0.11,0,0,0,0,0,0,0,0,0,0,0,1.48,,0,,,0,0,,0.95,0.06,,0,0,0,0,0,0,0,,,15.55,,,0,,,,,0,,43.75,,0,0,0,,,1.67,,,,,,,0,,,,,,,,,,,,,,,,,,,,,,25,,46,,,,,,,,29,,,,,,,,,,,,,,,,,,,,,,,,,
STD-DB10_2-000637,"호박, 쥬키니",S,국가표준식품성분표,,농진청('20),,채소류,,"호박, 쥬키니",,,,,,,100g,23,92.90000000000001,1.02,0.1,0.48,5.54,2.34,1.8,29,0.54,50,282,1,36,0,433,0.07000000000000001,0.036,0.5590000000000001,9.99,0,,0.02,0,-,-,1.72,0.126,0,50,,0.241,0,0,0.39,0.39,0,0,0,0,0,0,0,14.39,14.39,0,0,1.17,,0,,,0,0,,1.17,0.05,,0,0,0,0,0,0,0,,,20.2,,,0,,,,,0,,31.09,,0,0,0,,,0,,,,,,,0,,,,,,,,,,,,,,,,,,,,,,39,,60,,,,,,,,37,,,,,,,,,,,,,,,,,,,,,,,,,
STD-DB10_2-000638,호박즙,S,국가표준식품성분표,,농진청('16),,채소류,,호박즙,,,,,,,100g,21,93.90000000000001,0.64,0,0.73,4.73,3.53,0.9,13,0.13,29,271,0,1,0,8,0.036,0.03,0.216,0.19,0,,0,0,0,0.216,0,-,0,18,,0,0,0,0.01,0,0,0.02,0,0.01,0,0,0,0,0,0,0.1,1.09,,0,,,0,1.41,,0.9,0,,0,0,0,0,0,0,0,,,0.25,,,0,,,,,0,,0,,0,0,0,,,0.33,,,,,,,0,,,,,,,,,,,,,,,,,,,,,,10,,9,,,,,,,,11,,,,,,,,,,,,,,,,,,,,,,,,,
STD-DB10_2-000639,"화살나무(홑잎), 순",S,국가표준식품성분표,,농진청('15),,채소류,,"화살나무(홑잎), 순",,,,,,,100g,96,71.3,4.77,0.84,1.5,21.59,3.32,17.2,262,2.95,74,415,1,525,0,6305,-,0.759,1.449,-,0,,0.18,0,0.016,1.433,0,-,0,134,,0.399,0,0,6.62,6.46,0,1.59,0,0,0,0,0,278.44,278.44,0,0.48,0.8,,0,,,0,1.42,,0.62,0.6200000000000001,,0,0,0,0,0,0,0,,,92.13,,,0,,,,,0,,455.76,,0,0,0,,,73.45999999999999,,,,,,,0,,,,,,,,,,,,,,,,,,,,,,204,,304,,,,,,,,144,,,,,,,,,,,,,,,,,,,,,,,,,
STD-DB10_2-000640,검은비늘버섯,S,국가표준식품성분표,,농진청('06),,버섯류,,검은비늘버섯,,,,,,,100g,13,93.2,1.8,0.1,0.4,4.5,-,-,2,1,64,215,3,1,0,8,0.17,0.21,1,5,-,,-,-,-,-,-,-,-,-,,-,-,-,-,-,-,-,-,-,-,-,-,-,-,-,-,-,,-,,,-,-,,-,-,,-,-,-,-,-,-,-,,,-,,,-,,,,,-,,-,,-,-,-,,,-,,,,,,,-,,,,,,,,,,,,,,,,,,,,,,-,,-,,,,,,,,-,,,,,,,,,,,,,,,,,,,,,,,,,
STD-DB10_2-000641,"검은비늘버섯, 말린것",S,국가표준식품성분표,,농진청('88),,버섯류,,"검은비늘버섯, 말린것",,,,,,,100g,177,10.6,20.1,2.7,4.5,62.1,-,-,20,6.9,213,-,-,0,0,0,0.57,1.83,12.5,0,-,,-,-,-,-,-,-,-,-,,-,-,-,-,-,-,-,-,-,-,-,-,-,-,-,-,-,,-,,,-,-,,-,-,,-,-,-,-,-,-,-,,,-,,,-,,,,,-,,-,,-,-,-,,,-,,,,,,,-,,,,,,,,,,,,,,,,,,,,,,-,,-,,,,,,,,-,,,,,,,,,,,,,,,,,,,,,,,,,
STD-DB10_2-000642,꽃송이버섯,S,국가표준식품성분표,,농진청('19),,버섯류,,꽃송이버섯,,,,,,,100g,19,90.90000000000001,1.11,0.39,0.22,7.35,0.89,3.5,4,0.18,28,131,1,0,0,0,0.046,0.08699999999999999,2.001,0,0,,0.03,0,1.173,0.828,0,0.226,0,44,,0.726,0,0,0,0,0,0,0,0,0,0,0,0,0,0,0,0,,0,,,0,0.08,,0.8100000000000001,0.13,,0,0,2.63,0,0,0,0,,,54.03,,,1.71,,,,,0,,0,,0,0,0,,,65.79000000000001,,,,,,,0,,,,,,,,,,,,,,,,,,,,,,27,,46,,,,,,,,24,,,,,,,,,,,,,,,,,,,,,,,,,
STD-DB10_2-000643,"꽃송이버섯, 데친것",S,국가표준식품성분표,,농진청('19),,버섯류,,"꽃송이버섯, 데친것",,,,,,,100g,22,89.5,0.87,0.49,0.11,8.99,0.3,4,2,0.09,20,62,1,0,0,0,0,0.048,1.345,0,0,,0.04,0,0.858,0.487,0,0.191,0,28,,0.156,0,0,0,0,0,0,0,0,0,0,0,0,0,0,0,0,,0,,,0,0.2,,0.11,0.14,,0,0,0,0,0,0,0,,,64.95,,,2.08,,,,,0,,0,,0,0,0,,,71.27,,,,,,,0,,,,,,,,,,,,,,,,,,,,,,26,,46,,,,,,,,23,,,,,,,,,,,,,,,,,,,,,,,,,
STD-DB10_2-000644,"꽃송이버섯, 말린것",S,국가표준식품성분표,,농진청('19),,버섯류,,"꽃송이버섯, 말린것",,,,,,,100g,182,8.6,15.18,4.14,5.58,66.48999999999999,0.45,35.1,19,1.91,528,2301,12,0,0,0,1.208,1.651,8.631,0,2.13,,0.66,0.01,0,8.631,5.38,1.168,0,435,,9.695,2.13,0,0,0,0,0,0,0,0,0,0,0,0,0,0,0,,0,,,0,0.13,,0.33,2.69,,9.33,0,5.49,0,0,0,0,,,1181.19,,,32.84,,,,,2.35,,4.55,,4.61,0,0,,,1397.37,,,,,,,3.12,,,,,,,,,,,,,,,,,,,,,,612,,994,,,,,,,,522,,,,,,,,,,,,,,,,,,,,,,,,,
STD-DB10_2-000645,"꽃송이버섯, 말린것(자연건조)",S,국가표준식품성분표,,농진청('22),,버섯류,,"꽃송이버섯, 말린것(자연건조)",,,,,,,100g,173,10.7,19.59,2.34,5.74,61.65,0.44,41.1,6,2.85,709,2398,3,0,0,0,0.6889999999999999,0.821,6.912,0,151.34,,0.39,0.01,0,6.912,0.88,1.141,0,263,,5.279,151.34,0,0,0,0,0,0,0,0,0,0,0,0,0,0,0,,0,,,0,0.12,,0.32,1.16,,1.2,0,0,0,0,0,0,,,866.49,,,9.74,,,,,0,,12.99,,1.09,0,0,,,270.31,,,,,,,0.89,,,,,,,,,,,,,,,,,,,,,,963,,1469,,,,,,,,859,,,,,,,,,,,,,,,,,,,,,,,,,
STD-DB10_2-000646,나도팽나무버섯,S,국가표준식품성분표,,농진청('08),,버섯류,,나도팽나무버섯,,,,,,,100g,16,91.2,2.4,0,0.7,5.7,-,-,6,1.2,63,263,14,0,0,0,0.19,0.2,0.5,47,-,,-,-,-,-,-,-,-,-,,-,-,-,-,-,-,-,-,-,-,-,-,-,-,-,-,-,,-,,,-,-,,-,-,,-,-,-,-,-,-,-,,,-,,,-,,,,,-,,-,,-,-,-,,,-,,,,,,,-,,,,,,,,,,,,,,,,,,,,,,-,,-,,,,,,,,-,,,,,,,,,,,,,,,,,,,,,,,,,
STD-DB10_2-000647,"나도팽나무버섯, 말린것",S,국가표준식품성분표,,농진청('08),,버섯류,,"나도팽나무버섯, 말린것",,,,,,,100g,182,3.4,23.6,0.5,6.4,66.09999999999999,-,-,25,15.8,740,2780,64,0,0,0,0.9399999999999999,1.86,5,246,-,,-,-,-,-,-,-,-,-,,-,-,-,-,-,-,-,-,-,-,-,-,-,-,-,-,-,,-,,,-,-,,-,-,,-,-,-,-,-,-,-,,,-,,,-,,,,,-,,-,,-,-,-,,,-,,,,,,,-,,,,,,,,,,,,,,,,,,,,,,-,,-,,,,,,,,-,,,,,,,,,,,,,,,,,,,,,,,,,
STD-DB10_2-000648,노루궁뎅이버섯,S,국가표준식품성분표,,농진청('18),,버섯류,,노루궁뎅이버섯,,,,,,,100g,13,93.3,2.57,0.41,0.79,2.89,0.54,2.5,1,0.76,71,362,2,0,0,0,0.242,0.257,0.486,0,1.14,,0.07000000000000001,0,0,0.486,6.57,0.968,0,51,,0.76,1.14,0,0,0,0,0,0,0,0,0,0,0,0,0,0,0,,0,,,0,0,,0.54,0.15,,0,0,0,0,0,0,0,,,99.22,,,7.74,,,,,0,,0,,0,0,0,,,45.1,,,,,,,0,,,,,,,,,,,,,,,,,,,,,,82,,133,,,,,,,,74,,,,,,,,,,,,,,,,,,,,,,,,,
STD-DB10_2-000649,"노루궁뎅이버섯, 데친것",S,국가표준식품성분표,,농진청('18),,버섯류,,"노루궁뎅이버섯, 데친것",,,,,,,100g,18,90.90000000000001,3.28,0.4,0.72,4.68,0.12,3.4,1,0.58,75,308,5,0,0,0,0.175,0.207,0.183,0,0,,0.11,0,0,0.183,4.05,0.966,0,42,,0.67,0,0,0,0,0,0,0,0,0,0,0,0,0,0,0,0,,0,,,0,0,,0.12,0.22,,0,0,0,0,0,0,0,,,140.68,,,10.68,,,,,0,,0,,0,0,0,,,67.42,,,,,,,0,,,,,,,,,,,,,,,,,,,,,,120,,203,,,,,,,,115,,,,,,,,,,,,,,,,,,,,,,,,,
STD-DB10_2-000650,"노루궁뎅이버섯, 말린것",S,국가표준식품성분표,,농진청('08),,버섯류,,"노루궁뎅이버섯, 말린것",,,,,,,100g,179,3.9,24.5,3.2,10.6,57.8,-,-,41,13.4,1141,5512,57,2,0,25,5.91,4.07,31,225,-,,-,-,-,-,-,-,-,-,,-,-,-,-,-,-,-,-,-,-,-,-,-,-,-,-,-,,-,,,-,-,,-,-,,-,-,-,-,-,-,-,,,-,,,-,,,,,-,,-,,-,-,-,,,-,,,,,,,-,,,,,,,,,,,,,,,,,,,,,,-,,-,,,,,,,,-,,,,,,,,,,,,,,,,,,,,,,,,,
STD-DB10_2-000651,느타리버섯,S,국가표준식품성분표,,농진청('19),,버섯류,,느타리버섯,,,,,,,100g,15,91.90000000000001,2.6,0.14,0.67,4.7,0.74,2.9,0,0.78,100,256,2,0,0,0,0.134,0.15,5.127,0.21,0,,0.03,0,4.151,0.976,6.68,0.18,0,68,,1.852,0,0,0.03,0.03,0,0,0,0,0,0,0,0,0,0,0,0,,0,,,0,0.22,,0.52,0.05,,0,0,0,0,0,0,0,,,40.14,,,0.55,,,,,0,,0.23,,0,0,0,,,6.38,,,,,,,0,,,,,,,,,,,,,,,,,,,,,,90,,143,,,,,,,,86,,,,,,,,,,,,,,,,,,,,,,,,,
STD-DB10_2-000652,"느타리버섯, 데친것",S,국가표준식품성분표,,농진청('19),,버섯류,,"느타리버섯, 데친것",,,,,,,100g,21,89.40000000000001,3.26,0.23,0.61,6.51,0.01,3.8,2,0.68,107,220,3,0,0,0,0.038,0.132,2.832,0,0,,0.03,0,2.117,0.715,8.390000000000001,0.094,0,37,,0.993,0,0,0,0,0,0,0,0,0,0,0,0,0,0,0,0,,0,,,0,0,,0.01,0.15,,0,0,0,0,0,0,0,,,143.92,,,0.53,,,,,0,,0,,0,0,0,,,6.72,,,,,,,0,,,,,,,,,,,,,,,,,,,,,,109,,199,,,,,,,,110,,,,,,,,,,,,,,,,,,,,,,,,,
STD-DB10_2-000653,"느타리버섯, 말린것",S,국가표준식품성분표,,농진청('18),,버섯류,,"느타리버섯, 말린것",,,,,,,100g,189,4.1,25.1,3.9,6.15,60.72,-,57.2,0,9.31,955,2038,19,0,0,0,0.254,0.528,6.684,4.13,2.25,,0.49,0.02,5.344,1.34,6.75,2.05,0,743,,15.003,2.25,0,0,0,0,0,0,0,0,0,0,0,0,0,0,0,,0,,,0,0,,-,2.73,,3.25,0,9.27,2.03,0,0,1.29,,,2539.36,,,8.5,,,,,0.97,,8.289999999999999,,5.93,0,0,,,135.88,,,,,,,0,,,,,,,,,,,,,,,,,,,,,,1008,,1394,,,,,,,,877,,,,,,,,,,,,,,,,,,,,,,,,,
STD-DB10_2-000654,"느타리버섯, 말린것(자연건조)",S,국가표준식품성분표,,농진청('18),,버섯류,,"느타리버섯, 말린것(자연건조)",,,,,,,100g,182,6.3,25.36,2.98,6.41,58.92,-,57.2,1,11.73,961,2017,19,0,0,0,0.102,0.531,5.234,3.33,644.73,,0.4,0.02,3.752,1.482,4.17,1.973,0,734,,15.375,644.73,0,0,0,0,0,0,0,0,0,0,0,0,0,0,0,,0,,,0,0,,-,2.15,,2.81,0,8,2.62,0,0,0,,,2002.09,,,5.93,,,,,0,,5.16,,5.45,2.16,0,,,112.11,,,,,,,0,,,,,,,,,,,,,,,,,,,,,,978,,1342,,,,,,,,846,,,,,,,,,,,,,,,,,,,,,,,,,
STD-DB10_2-000655,"느타리버섯, 노랑느타리버섯",S,국가표준식품성분표,,농진청('07),,버섯류,,"느타리버섯, 노랑느타리버섯",,,,,,,100g,16,91.5,2.5,0.1,0.6,5.3,-,-,7,2.8,85,275,20,0,0,0,0.21,0.18,0.6,1,-,,-,-,-,-,-,-,-,-,,-,-,-,-,-,-,-,-,-,-,-,-,-,-,-,-,-,,-,,,-,-,,-,-,,-,-,-,-,-,-,-,,,-,,,-,,,,,-,,-,,-,-,-,,,-,,,,,,,-,,,,,,,,,,,,,,,,,,,,,,-,,-,,,,,,,,-,,,,,,,,,,,,,,,,,,,,,,,,,
STD-DB10_2-000656,"느타리버섯, 분홍느타리버섯",S,국가표준식품성분표,,농진청('07),,버섯류,,"느타리버섯, 분홍느타리버섯",,,,,,,100g,24,87,4.1,0,0.8,8.1,-,-,4,2,146,255,11,0,0,0,0.52,0.22,1,0,-,,-,-,-,-,-,-,-,-,,-,-,-,-,-,-,-,-,-,-,-,-,-,-,-,-,-,,-,,,-,-,,-,-,,-,-,-,-,-,-,-,,,-,,,-,,,,,-,,-,,-,-,-,,,-,,,,,,,-,,,,,,,,,,,,,,,,,,,,,,-,,-,,,,,,,,-,,,,,,,,,,,,,,,,,,,,,,,,,
STD-DB10_2-000657,"느타리버섯, 여름느타리버섯",S,국가표준식품성분표,,농진청('07),,버섯류,,"느타리버섯, 여름느타리버섯",,,,,,,100g,21,88.8,4.4,0.1,0.7,6,-,-,5,1.4,142,346,17,0,0,0,0.33,0.26,1.1,4,-,,-,-,-,-,-,-,-,-,,-,-,-,-,-,-,-,-,-,-,-,-,-,-,-,-,-,,-,,,-,-,,-,-,,-,-,-,-,-,-,-,,,-,,,-,,,,,-,,-,,-,-,-,,,-,,,,,,,-,,,,,,,,,,,,,,,,,,,,,,-,,-,,,,,,,,-,,,,,,,,,,,,,,,,,,,,,,,,,
STD-DB10_2-000658,"느타리버섯, 율무느타리버섯",S,국가표준식품성분표,,농진청('04),,버섯류,,"느타리버섯, 율무느타리버섯",,,,,,,100g,21,89,3.6,0.3,0.7,6.4,-,-,0,1.3,118,361,3,0,0,0,0.14,0.22,0.6,0,-,,-,-,-,-,-,-,-,-,,-,-,-,-,-,-,-,-,-,-,-,-,-,-,-,-,-,,-,,,-,-,,-,-,,-,-,-,-,-,-,-,,,-,,,-,,,,,-,,-,,-,-,-,,,-,,,,,,,-,,,,,,,,,,,,,,,,,,,,,,-,,-,,,,,,,,-,,,,,,,,,,,,,,,,,,,,,,,,,
STD-DB10_2-000659,"느타리버섯, 참타리버섯",S,국가표준식품성분표,,농진청('06),,버섯류,,"느타리버섯, 참타리버섯",,,,,,,100g,16,91.40000000000001,2.6,0,0.7,5.3,-,-,3,0.9,68,245,5,0,0,0,0.2,0.21,0.6,4,-,,-,-,-,-,-,-,-,-,,-,-,-,-,-,-,-,-,-,-,-,-,-,-,-,-,-,,-,,,-,-,,-,-,,-,-,-,-,-,-,-,,,-,,,-,,,,,-,,-,,-,-,-,,,-,,,,,,,-,,,,,,,,,,,,,,,,,,,,,,-,,-,,,,,,,,-,,,,,,,,,,,,,,,,,,,,,,,,,
STD-DB10_2-000660,"느타리버섯, 청느타리버섯",S,국가표준식품성분표,,농진청('07),,버섯류,,"느타리버섯, 청느타리버섯",,,,,,,100g,18,90.2,3.9,0,0.7,5.2,-,-,2,1.1,107,308,9,0,0,0,0.31,0.11,1.2,1,-,,-,-,-,-,-,-,-,-,,-,-,-,-,-,-,-,-,-,-,-,-,-,-,-,-,-,,-,,,-,-,,-,-,,-,-,-,-,-,-,-,,,-,,,-,,,,,-,,-,,-,-,-,,,-,,,,,,,-,,,,,,,,,,,,,,,,,,,,,,-,,-,,,,,,,,-,,,,,,,,,,,,,,,,,,,,,,,,,
STD-DB10_2-000661,능이버섯(향버섯),S,국가표준식품성분표,,농진청('11),,버섯류,,능이버섯(향버섯),,,,,,,100g,17,91,2.2,0.1,0.8,5.9,-,7,2,2.1,39,334,12,2,0,23,0.36,0.24,0.7,-,-,,-,-,-,-,-,-,-,-,,-,-,-,-,-,-,-,-,-,-,-,-,-,-,-,-,-,,-,,,-,-,,-,-,,-,-,-,-,-,-,-,,,-,,,-,,,,,-,,-,,-,-,-,,,-,,,,,,,-,,,,,,,,,,,,,,,,,,,,,,-,,-,,,,,,,,-,,,,,,,,,,,,,,,,,,,,,,,,,
STD-DB10_2-000662,만가닥버섯,S,국가표준식품성분표,,농진청('19),,버섯류,,만가닥버섯,,,,,,,100g,19,89.90000000000001,2.5,0.34,0.9399999999999999,6.34,0.37,3.4,1,0.51,83,348,2,0,0,0,0.165,0.138,4.131,0.36,0,,0.05,0,2.676,1.455,7.89,0.098,0,36,,2.554,0,0,0,0,0,0,0,0,0,0,0,0,0,0,0.2,0,,0,,,0,0,,0.18,0.15,,0,0,0,0,0,0,0,,,131.78,,,6.2,,,,,0,,0,,0,0,0,,,8.470000000000001,,,,,,,0,,,,,,,,,,,,,,,,,,,,,,92,,152,,,,,,,,86,,,,,,,,,,,,,,,,,,,,,,,,,
STD-DB10_2-000663,"만가닥버섯, 데친것",S,국가표준식품성분표,,농진청('19),,버섯류,,"만가닥버섯, 데친것",,,,,,,100g,19,90.09999999999999,2.73,0.35,0.78,6.07,0.11,4.3,2,0.38,79,275,2,0,0,0,0.08,0.12,2.018,0,0,,0.04,0,1.478,0.541,8.56,0.083,0,22,,0.842,0,0,0,0,0,0,0,0,0,0,0,0,0,0,0.1,0,,0,,,0,0,,0.01,0.21,,0,0,0,0,0,0,0,,,201.01,,,6,,,,,0,,0,,0,0,0,,,7.19,,,,,,,0,,,,,,,,,,,,,,,,,,,,,,99,,173,,,,,,,,93,,,,,,,,,,,,,,,,,,,,,,,,,
STD-DB10_2-000664,목이버섯,S,국가표준식품성분표,,농진청('19),,버섯류,,목이버섯,,,,,,,100g,13,93.59999999999999,0.79,0.19,0.24,5.22,0.12,3.6,45,0.28,15,55,10,0,0,0,0.042,0.046,0.323,0,0.38,,0.01,0,0.144,0.179,5.58,0.027,0,13,,0.491,0.38,0,0,0,0,0,0,0,0,0,0,0,0,0,0,0,,0,,,0,0,,0.12,0.06,,0,0,0.45,0,0,0,0,,,46.25,,,1.76,,,,,0,,2.77,,0,0,0,,,11.58,,,,,,,0,,,,,,,,,,,,,,,,,,,,,,32,,32,,,,,,,,14,,,,,,,,,,,,,,,,,,,,,,,,,
STD-DB10_2-000665,"목이버섯, 데친것",S,국가표준식품성분표,,농진청('19),,버섯류,,"목이버섯, 데친것",,,,,,,100g,13,93.5,1.15,0.23,0.26,4.84,0,3.7,37,0.32,17,65,11,0,0,0,0.108,0.049,1.01,0,0.87,,0.01,0,0.652,0.358,0,0.023,0,15,,0,0.87,0,0,0,0,0,0,0,0,0,0,0,0,0,0,0,,0,,,0,0,,0,0.06,,0,0,0.67,0,0,0,0,,,45.72,,,1.63,,,,,0,,1.55,,0,0,0,,,12.28,,,,,,,0,,,,,,,,,,,,,,,,,,,,,,30,,43,,,,,,,,21,,,,,,,,,,,,,,,,,,,,,,,,,
STD-DB10_2-000666,"목이버섯, 말린것",S,국가표준식품성분표,,농진청('19),,버섯류,,"목이버섯, 말린것",,,,,,,100g,169,12.9,11.88,1.26,4.35,69.66,1.57,43.5,694,5.1,319,1085,108,0,0,0,0.147,0.897,2.047,0,4.04,,0.13,0.01,0.304,1.743,6.67,0.204,0.88,79,,2.161,4.04,0,0,0,0,0,0,0,0,0,0,0,0,0,0,0,,0,,,0,0,,1.57,0.83,,0.58,0,0.76,0,0,0,0,,,644.53,,,19.27,,,,,2.44,,38.84,,0.97,0,0,,,113.21,,,,,,,0,,,,,,,,,,,,,,,,,,,,,,369,,589,,,,,,,,169,,,,,,,,,,,,,,,,,,,,,,,,,
STD-DB10_2-000667,"목이버섯, 말린것(자연건조)",S,국가표준식품성분표,,농진청('19),,버섯류,,"목이버섯, 말린것(자연건조)",,,,,,,100g,183,6.7,14.1,1.99,4.44,72.78,1.67,53,602,7.22,317,1004,157,0,0,0,0.256,1.172,2.007,0,9.26,,0.19,0.01,0.162,1.845,0.37,0.218,1.97,111,,3.454,9.26,0,0,0,0,0,0,0,0,0,0,0,0,0,0,0,,0,,,0,0,,1.67,0.98,,1.69,0,2.21,0,0,0,0,,,734.98,,,23.32,,,,,3.89,,22.4,,2.52,0,0,,,178.11,,,,,,,0,,,,,,,,,,,,,,,,,,,,,,355,,506,,,,,,,,135,,,,,,,,,,,,,,,,,,,,,,,,,
STD-DB10_2-000668,"목이버섯, 흰백목이",S,국가표준식품성분표,,농진청('19),,버섯류,,"목이버섯, 흰백목이",,,,,,,100g,28,85.59999999999999,1.2,0.55,1.1,11.58,0.18,5.5,5,0.04,42,361,7,0,0,0,0,0.053,0.094,0,0,,0.09,0,0,0.094,1.06,0.018,0,33,,0.148,0,0,0,0,0,0,0,0,0,0,0,0,0,0,0,0,,0,,,0,0,,0.18,0.25,,0,0,0,0,0,0,0,,,68.90000000000001,,,6.51,,,,,0,,0.85,,0,0,0,,,168.08,,,,,,,0,,,,,,,,,,,,,,,,,,,,,,91,,83,,,,,,,,47,,,,,,,,,,,,,,,,,,,,,,,,,
STD-DB10_2-000669,밤버섯,S,국가표준식품성분표,,국('77),,버섯류,,밤버섯,,,,,,,100g,17,91.7,2.9,0.9,1,3.5,-,-,41,5.6,40,-,-,0,0,0,0.4,0.06,38.4,2,-,,-,-,-,-,-,-,-,-,,-,-,-,-,-,-,-,-,-,-,-,-,-,-,-,-,-,,-,,,-,-,,-,-,,-,-,-,-,-,-,-,,,-,,,-,,,,,-,,-,,-,-,-,,,-,,,,,,,-,,,,,,,,,,,,,,,,,,,,,,-,,-,,,,,,,,-,,,,,,,,,,,,,,,,,,,,,,,,,
STD-DB10_2-000670,버들송이버섯,S,국가표준식품성분표,,농진청('00),,버섯류,,버들송이버섯,,,,,,,100g,20,88.40000000000001,4.2,0.1,0.9,5.5,-,-,2,0.9,14,435,7,0,0,0,0.22,0.74,5,17,-,,-,-,-,-,-,-,-,-,,-,-,-,-,-,-,-,-,-,-,-,-,-,-,-,-,-,,-,,,-,-,,-,-,,-,-,-,-,-,-,-,,,-,,,-,,,,,-,,-,,-,-,-,,,-,,,,,,,-,,,,,,,,,,,,,,,,,,,,,,-,,-,,,,,,,,-,,,,,,,,,,,,,,,,,,,,,,,,,
STD-DB10_2-000671,"버들송이버섯, 갓, 말린것",S,국가표준식품성분표,,농진청('88),,버섯류,,"버들송이버섯, 갓, 말린것",,,,,,,100g,191,3.9,23.3,4.7,6.5,61.6,-,-,6,5.2,251,-,-,0,0,0,0.43,1.47,20.3,0,-,,-,-,-,-,-,-,-,-,,-,-,-,-,-,-,-,-,-,-,-,-,-,-,-,-,-,,-,,,-,-,,-,-,,-,-,-,-,-,-,-,,,-,,,-,,,,,-,,-,,-,-,-,,,-,,,,,,,-,,,,,,,,,,,,,,,,,,,,,,-,,-,,,,,,,,-,,,,,,,,,,,,,,,,,,,,,,,,,
STD-DB10_2-000672,"버들송이버섯, 줄기, 말린것",S,국가표준식품성분표,,농진청('88),,버섯류,,"버들송이버섯, 줄기, 말린것",,,,,,,100g,183,7.6,14.3,2.7,4.3,71.09999999999999,-,-,17,4.6,231,-,-,0,0,0,0.36,1.25,16.9,0,-,,-,-,-,-,-,-,-,-,,-,-,-,-,-,-,-,-,-,-,-,-,-,-,-,-,-,,-,,,-,-,,-,-,,-,-,-,-,-,-,-,,,-,,,-,,,,,-,,-,,-,-,-,,,-,,,,,,,-,,,,,,,,,,,,,,,,,,,,,,-,,-,,,,,,,,-,,,,,,,,,,,,,,,,,,,,,,,,,
STD-DB10_2-000673,"뽕나무버섯, 야생, 갓, 말린것",S,국가표준식품성분표,,농진청('92),,버섯류,,"뽕나무버섯, 야생, 갓, 말린것",,,,,,,100g,195,3.3,27.7,6.9,7.7,54.4,-,-,7,1.6,264,236,5,0,0,0,0.4,1.47,18.2,0,-,,-,-,-,-,-,-,-,-,,-,-,-,-,-,-,-,-,-,-,-,-,-,-,-,-,-,,-,,,-,-,,-,-,,-,-,-,-,-,-,-,,,-,,,-,,,,,-,,-,,-,-,-,,,-,,,,,,,-,,,,,,,,,,,,,,,,,,,,,,-,,-,,,,,,,,-,,,,,,,,,,,,,,,,,,,,,,,,,
STD-DB10_2-000674,"뽕나무버섯, 재배, 갓, 말린것",S,국가표준식품성분표,,농진청('92),,버섯류,,"뽕나무버섯, 재배, 갓, 말린것",,,,,,,100g,192,2.8,24.4,5.7,8.5,58.6,-,-,7,1.3,258,242,5,0,0,0,0.34,1.35,13.4,0,-,,-,-,-,-,-,-,-,-,,-,-,-,-,-,-,-,-,-,-,-,-,-,-,-,-,-,,-,,,-,-,,-,-,,-,-,-,-,-,-,-,,,-,,,-,,,,,-,,-,,-,-,-,,,-,,,,,,,-,,,,,,,,,,,,,,,,,,,,,,-,,-,,,,,,,,-,,,,,,,,,,,,,,,,,,,,,,,,,
STD-DB10_2-000675,"상황버섯, 말린것",S,국가표준식품성분표,,농진청('13),,버섯류,,"상황버섯, 말린것",,,,,,,100g,179,9.4,4.4,0.27,1.35,84.58,0,74.40000000000001,173,1.74,83,304,33,3,0,31,0.052,0.176,-,1.32,0,,0.07000000000000001,0,-,-,10.92,-,0,0,,0,0,0,0,0,0,0,0,0,0,0,0,0,0,0,0,0,,0,,,0,0,,0,0.19,,0,0,0,0,0,0,0,,,178.13,,,0,,,,,0,,0,,0,0,0,,,7.3,,,,,,,0,,,,,,,,,,,,,,,,,,,,,,179,,335,,,,,,,,159,,,,,,,,,,,,,,,,,,,,,,,,,
STD-DB10_2-000676,"상황버섯, 추출",S,국가표준식품성분표,,농진청('19),,버섯류,,"상황버섯, 추출",,,,,,,100g,3,99.40000000000001,0.07000000000000001,0.01,0,0.5600000000000001,0.12,0,1,0.05,12,13,1,0,0,0,0.08799999999999999,0,0.263,0,0,,0,0,0.263,0,0,0.024,0,8,,0,0,0,0,0,0,0,0,0,0,0,0,0,0,0,0,0.03,,0,,,0,0.05,,0.04,0,,0,0,0,0,0,0,0,,,0.63,,,0,,,,,0,,0,,0,0,0,,,0.52,,,,,,,0,,,,,,,,,,,,,,,,,,,,,,3,,3,,,,,,,,3,,,,,,,,,,,,,,,,,,,,,,,,,
STD-DB10_2-000677,"석이버섯, 말린것",S,국가표준식품성분표,,농진청('15),,버섯류,,"석이버섯, 말린것",,,,,,,100g,165,12.9,11.75,0.96,5.92,68.47,0.33,60.9,47,54.6,89,403,6,99,0,1185,0,0.284,2.277,0,0,,0.16,0.03,0.533,1.744,0,-,2.17,80,,0.119,0,0,4.54,4.43,0,1.11,0,0,0,0.09,0,0,0,0,0,0.14,,0.19,,,0,0,,0,0.73,,0,0,0,0,0,0,0,,,475.04,,,23.59,,,,,6.88,,147.03,,0,0,0,,,72.54000000000001,,,,,,,0,,,,,,,,,,,,,,,,,,,,,,479,,599,,,,,,,,363,,,,,,,,,,,,,,,,,,,,,,,,,
STD-DB10_2-000678,송이버섯,S,국가표준식품성분표,,농진청('16),,버섯류,,송이버섯,,,,,,,100g,21,89,2.05,0.15,0.68,8.119999999999999,0.31,4.6,1,1.85,33,317,1,0,0,0,0.016,0.402,3.758,1.18,0,,0.04,0,1.382,2.376,0,-,0,25,,0.447,0,0,0.04,0.03,0,0.01,0,0.04,0,0,0,0,0,0,0,0,,0,,,0,0,,0.31,0.09999999999999999,,0,0,0,0,0,0,0,,,94.2,,,1.79,,,,,0,,0,,0,0,0,,,11.42,,,,,,,0.52,,,,,,,,,,,,,,,,,,,,,,48,,137,,,,,,,,118,,,,,,,,,,,,,,,,,,,,,,,,,
STD-DB10_2-000679,"송이버섯, 데친것",S,국가표준식품성분표,,농진청('16),,버섯류,,"송이버섯, 데친것",,,,,,,100g,22,88.40000000000001,2.15,0.24,0.7,8.51,1.22,5.2,1,1.42,33,305,1,0,0,0,0.013,0.454,2.909,1.8,0,,0.05,0,0.106,2.803,0,-,0,10,,0.441,0,0,0.01,0.01,0,0,0,0.01,0,0,0,0,0,0,0,0,,0,,,0,1.22,,0,0.18,,0,0,0,0,0,0,0,,,158.14,,,2.78,,,,,0,,0,,0,0,0,,,19.69,,,,,,,0.74,,,,,,,,,,,,,,,,,,,,,,47,,124,,,,,,,,113,,,,,,,,,,,,,,,,,,,,,,,,,
STD-DB10_2-000680,싸리버섯,S,국가표준식품성분표,,국('88),,버섯류,,싸리버섯,,,,,,,100g,20,90.09999999999999,2.8,0.6,0.8,5.7,-,-,41,6.2,44,-,-,0,0,0,0.09,0.43,46.3,3,-,,-,-,-,-,-,-,-,-,,-,-,-,-,-,-,-,-,-,-,-,-,-,-,-,-,-,,-,,,-,-,,-,-,,-,-,-,-,-,-,-,,,-,,,-,,,,,-,,-,,-,-,-,,,-,,,,,,,-,,,,,,,,,,,,,,,,,,,,,,-,,-,,,,,,,,-,,,,,,,,,,,,,,,,,,,,,,,,,
STD-DB10_2-000681,"싸리버섯, 말린것",S,국가표준식품성분표,,식약('96),,버섯류,,"싸리버섯, 말린것",,,,,,,100g,179,10.3,19.9,4.8,6.1,58.9,-,-,18,22.9,276,2737,57,0,0,0,0.76,1.18,29.4,0,-,,-,-,-,-,-,-,-,-,,-,-,-,-,-,-,-,-,-,-,-,-,-,-,-,-,-,,-,,,-,-,,-,-,,-,-,-,-,-,-,-,,,-,,,-,,,,,-,,-,,-,-,-,,,-,,,,,,,-,,,,,,,,,,,,,,,,,,,,,,-,,-,,,,,,,,-,,,,,,,,,,,,,,,,,,,,,,,,,
STD-DB10_2-000682,아위버섯,S,국가표준식품성분표,,농진청('18),,버섯류,,아위버섯,,,,,,,100g,26,86.8,3.53,0.4,0.74,8.56,0.59,4.6,3,0.31,113,296,6,0,0,4,0.092,0.204,2.374,0,0,,0.04,0,1.204,1.17,3.45,0.5570000000000001,0,73,,1.246,0,0,0,0,0,0,0,0,0,0,0,0,0,0,0,0,,0,,,0,0,,0.59,0.15,,0,0,0.39,0,0,0,0,,,124.05,,,3.54,,,,,0,,0,,0,0,0,,,24.17,,,,,,,0,,,,,,,,,,,,,,,,,,,,,,138,,203,,,,,,,,127,,,,,,,,,,,,,,,,,,,,,,,,,
STD-DB10_2-000683,"아위버섯, 데친것",S,국가표준식품성분표,,농진청('18),,버섯류,,"아위버섯, 데친것",,,,,,,100g,27,86.7,3.62,0.43,0.59,8.69,0.01,6,3,0.3,107,263,5,0,0,4,0.038,0.252,4.467,0,0,,0.05,0,3.54,0.927,1.74,0.574,0,45,,0.698,0,0,0,0,0,0,0,0,0,0,0,0,0,0,0,0,,0,,,0,0,,0.01,0.23,,0,0,1.53,0,0,0,0,,,184.05,,,3.92,,,,,0,,0,,0,0,0,,,34.38,,,,,,,0,,,,,,,,,,,,,,,,,,,,,,142,,214,,,,,,,,134,,,,,,,,,,,,,,,,,,,,,,,,,
STD-DB10_2-000684,애느타리버섯,S,국가표준식품성분표,,농진청('93),,버섯류,,애느타리버섯,,,,,,,100g,16,91.40000000000001,4.2,0.1,0.8,3.5,-,-,3,1,84,262,7,0,0,0,0.09,0.29,1.3,-,-,,-,-,-,-,-,-,-,-,,-,-,-,-,-,-,-,-,-,-,-,-,-,-,-,-,-,,-,,,-,-,,-,-,,-,-,-,-,-,-,-,,,-,,,-,,,,,-,,-,,-,-,-,,,-,,,,,,,-,,,,,,,,,,,,,,,,,,,,,,-,,-,,,,,,,,-,,,,,,,,,,,,,,,,,,,,,,,,,
STD-DB10_2-000685,양송이버섯,S,국가표준식품성분표,,농진청('19),,버섯류,,양송이버섯,,,,,,,100g,15,91.90000000000001,3.12,0.23,0.88,3.89,0.1,2.1,2,0.62,106,382,5,0,0,0,0.057,0.349,3.404,0,0,,0.05,0,2.92,0.484,4.77,0.091,0,36,,1.281,0,0,0,0,0,0,0,0,0,0,0,0,0,0,0,0.03,,0,,,0,0,,0.07000000000000001,0.14,,0,0,0.38,0,0,0,0,,,133.11,,,0.68,,,,,0,,0,,0,0.48,0,,,1.18,,,,,,,1.7,,,,,,,,,,,,,,,,,,,,,,72,,144,,,,,,,,85,,,,,,,,,,,,,,,,,,,,,,,,,
STD-DB10_2-000686,"양송이버섯, 데친것",S,국가표준식품성분표,,농진청('19),,버섯류,,"양송이버섯, 데친것",,,,,,,100g,15,92.09999999999999,3.15,0.26,0.91,3.63,0.09,2.4,2,1.12,111,351,5,0,0,0,0.036,0.292,2.764,0,0,,0.05,0,2.393,0.371,2.62,0.08500000000000001,0,35,,1.133,0,0,0.01,0,0,0.01,0,0,0,0,0,0,0,0,0,0.03,,0,,,0,0,,0.06,0.14,,0,0,0.14,0,0,0,0,,,132.85,,,0.58,,,,,0,,0,,0,0.15,0,,,1.44,,,,,,,1.42,,,,,,,,,,,,,,,,,,,,,,95,,144,,,,,,,,86,,,,,,,,,,,,,,,,,,,,,,,,,
STD-DB10_2-000687,"양송이버섯, 말린것",S,국가표준식품성분표,,농진청('22),,버섯류,,"양송이버섯, 말린것",,,,,,,100g,180,5.1,31.34,2.59,7.92,53.02,1.21,18.9,8,7.5,991,3347,68,0,0,0,0.664,2.698,13.589,0,0,,0.48,0.01,-,-,24.61,0.926,0,331,,10.691,0,0,0,0,0,0,0,0,0,0,0,0,0,0,0,0.34,,0,,,0,0,,0.86,1.7,,1.17,0,0,0,0,0,0,,,1663.86,,,10.64,,,,,0,,0.76,,1.4,0,0,,,12.69,,,,,,,0.98,,,,,,,,,,,,,,,,,,,,,,1258,,1604,,,,,,,,1084,,,,,,,,,,,,,,,,,,,,,,,,,
STD-DB10_2-000688,"양송이버섯, 말린것(자연건조)",S,국가표준식품성분표,,농진청('19),,버섯류,,"양송이버섯, 말린것(자연건조)",,,,,,,100g,166,9.699999999999999,34.62,3.52,11.88,40.29,1.15,12.6,14,3.72,1465,5305,72,0,0,0,0.584,2.248,14.037,0,68.81,,0.68,0.02,11.089,2.948,16.36,0.881,1.47,284,,15.275,68.81,0,0,0,0,0,0,0,0,0,0,0,0,0,0,0.33,,0,,,0,0,,0.82,1.85,,1.8,0,3.4,0,0,0,0,,,1723.8,,,37.9,,,,,12.02,,1.64,,3.01,3.24,0,,,25.71,,,,,,,2.25,,,,,,,,,,,,,,,,,,,,,,1072,,1414,,,,,,,,903,,,,,,,,,,,,,,,,,,,,,,,,,
STD-DB10_2-000689,"양송이버섯, 가루",S,국가표준식품성분표,,농진청('15),,버섯류,,"양송이버섯, 가루",,,,,,,100g,176,6,33.39,3.57,10.55,46.45,1.18,17.8,23,33.28,1357,4395,65,1,0,14,0.539,1.337,15.831,0,0,,0.54,0,15.831,0,7.63,-,0,253,,6.237,0,0,0,0,0,0,0,0,0,0,0,0,0,0,0,0.31,,0,,,0,0,,0.87,2.87,,0,0,0,0,0,0,0,,,2871.59,,,0,,,,,0,,0,,0,0,0,,,0,,,,,,,0,,,,,,,,,,,,,,,,,,,,,,1041,,1606,,,,,,,,1013,,,,,,,,,,,,,,,,,,,,,,,,,
STD-DB10_2-000690,"양송이버섯, 갈색양송이",S,국가표준식품성분표,,농진청('19),,버섯류,,"양송이버섯, 갈색양송이",,,,,,,100g,15,91.90000000000001,3.73,0.2,0.95,3.24,0.59,3,2,0.33,119,404,5,0,0,0,0.075,0.304,3.116,0,0,,0.04,0,2.395,0.721,2.44,0.117,0,47,,1.377,0,0,0,0,0,0,0,0,0,0,0,0,0,0,0,0.08,,0,,,0,0.16,,0.35,0.14,,0,0,0,0,0,0,0,,,129.67,,,1.95,,,,,0,,0,,0,0,0,,,3.03,,,,,,,0,,,,,,,,,,,,,,,,,,,,,,109,,157,,,,,,,,98,,,,,,,,,,,,,,,,,,,,,,,,,
STD-DB10_2-000691,"영지버섯, 말린것",S,국가표준식품성분표,,농진청('15),,버섯류,,"영지버섯, 말린것",,,,,,,100g,187,7.1,9.41,1.4,1.06,81.03,0,77.90000000000001,128,2.19,144,263,2,2,0,25,0,2.61,-,0,0,,0.28,0,-,-,6.24,-,0,23,,8.358000000000001,0,0,0.04,0.03,0,0.06,0.09,0,0,0,0,0,0,0,0,0,,0,,,0,0,,0,1.06,,0,0,0,0,0,0,0,,,628.88,,,19.54,,,,,0,,21.9,,0,0,0,,,387.62,,,,,,,0,,,,,,,,,,,,,,,,,,,,,,381,,630,,,,,,,,380,,,,,,,,,,,,,,,,,,,,,,,,,
STD-DB10_2-000692,"영지버섯, 추출",S,국가표준식품성분표,,농진청('19),,버섯류,,"영지버섯, 추출",,,,,,,100g,0,99.90000000000001,0.07000000000000001,0.01,0,0.03,0,0,0,0.04,1,4,1,0,0,0,0.043,0.008,0.617,0,0,,0,0,0.332,0.285,0,0.032,0,6,,0,0,0,0,0,0,0,0,0,0,0,0,0,0,0,0,0,,0,,,0,0,,0,0,,0,0,0,0,0,0,0,,,1.31,,,0,,,,,0,,0,,0,0,0,,,2.14,,,,,,,0,,,,,,,,,,,,,,,,,,,,,,1,,0,,,,,,,,0,,,,,,,,,,,,,,,,,,,,,,,,,
STD-DB10_2-000693,잎새버섯,S,국가표준식품성분표,,농진청('19),,버섯류,,잎새버섯,,,,,,,100g,13,93.3,2.2,0.5,0.76,3.29,0.14,3.6,1,0.41,77,293,1,0,0,0,0.11,0.168,0.998,0,0,,0.04,0,0.763,0.235,3.15,0.118,0,30,,1.3,0,0,0,0,0,0,0,0,0,0,0,0,0,0,0,0,,0,,,0,0,,0.14,0.21,,0.41,0,0,0,0,0,0,,,74.97,,,0.76,,,,,0,,0.41,,0,0,0,,,133.32,,,,,,,0,,,,,,,,,,,,,,,,,,,,,,83,,76,,,,,,,,66,,,,,,,,,,,,,,,,,,,,,,,,,
STD-DB10_2-000694,"잎새버섯, 데친것",S,국가표준식품성분표,,농진청('19),,버섯류,,"잎새버섯, 데친것",,,,,,,100g,16,92.09999999999999,2.26,0.57,0.66,4.46,0,4.4,1,0.4,76,279,0,0,0,0,0.07099999999999999,0.134,0.764,0,0,,0.07000000000000001,0,0.483,0.281,3.36,0.097,0,26,,1.47,0,0,0,0,0,0,0,0,0,0,0,0,0,0,0,0,,0,,,0,0,,0,0.33,,0.82,0,0,0,0,0,0,,,138.57,,,1.09,,,,,0,,0.79,,0,0,0,,,182.7,,,,,,,0,,,,,,,,,,,,,,,,,,,,,,93,,93,,,,,,,,67,,,,,,,,,,,,,,,,,,,,,,,,,
STD-DB10_2-000695,큰느타리버섯(새송이버섯),S,국가표준식품성분표,,농진청('19),,버섯류,,큰느타리버섯(새송이버섯),,,,,,,100g,20,89.59999999999999,2.92,0.23,0.6899999999999999,6.54,0.25,3.2,1,0.36,93,307,6,0,0,0,0.049,0.229,5.261,0,0,,0.04,0,4.979,0.282,2.65,0.142,0,53,,0.408,0,0,0,0,0,0,0,0,0,0,0,0,0,0,0,0,,0,,,0,0,,0.25,0.13,,0,0,0,0,0,0,0,,,111.37,,,1.19,,,,,0,,0,,0,0,0,,,19.76,,,,,,,0,,,,,,,,,,,,,,,,,,,,,,121,,172,,,,,,,,101,,,,,,,,,,,,,,,,,,,,,,,,,
STD-DB10_2-000696,"큰느타리버섯(새송이버섯), 데친것",S,국가표준식품성분표,,농진청('19),,버섯류,,"큰느타리버섯(새송이버섯), 데친것",,,,,,,100g,21,89.40000000000001,3.14,0.33,0.71,6.48,0.03,3.7,1,0.26,92,270,5,0,0,0,0.012,0.135,4.477,0,0,,0.04,0,2.765,1.712,2.81,0.112,0,69,,0.655,0,0,0.01,0,0,0.02,0,0,0,0,0,0,0,0,0,0,,0,,,0,0,,0.03,0.17,,0.17,0,0.49,0,0,0,0,,,149.98,,,0.9,,,,,0,,0.23,,0,0.24,0,,,20.64,,,,,,,0,,,,,,,,,,,,,,,,,,,,,,122,,176,,,,,,,,104,,,,,,,,,,,,,,,,,,,,,,,,,
STD-DB10_2-000697,"큰느타리버섯(새송이버섯), 말린것",S,국가표준식품성분표,,농진청('19),,버섯류,,"큰느타리버섯(새송이버섯), 말린것",,,,,,,100g,179,6.1,25.05,2.07,6.97,59.81,4.88,32.2,3,3.36,772,2696,42,0,0,0,0.179,1.626,6.619,0,0,,0.31,0.01,1.977,4.642,6.14,1.084,0,445,,7.45,0,0,0,0,0,0,0,0,0,0,0,0,0,0,0,0,,0,,,0,0,,4.88,1.45,,2.52,0,3.69,0,0,0,0,,,1271.97,,,7.07,,,,,1.58,,2.7,,2.84,1.61,0,,,151.57,,,,,,,0,,,,,,,,,,,,,,,,,,,,,,790,,1022,,,,,,,,438,,,,,,,,,,,,,,,,,,,,,,,,,
STD-DB10_2-000698,"큰느타리버섯(새송이버섯), 말린것(자연건조)",S,국가표준식품성분표,,농진청('19),,버섯류,,"큰느타리버섯(새송이버섯), 말린것(자연건조)",,,,,,,100g,171,9.6,26.23,2.09,7.35,54.68,4.69,31,6,3.71,890,2745,45,0,0,0,0.306,1.311,9.105,0,62.33,,0.31,0.01,2.062,7.043,2.53,1.209,0,420,,9.891999999999999,62.33,0,0,0,0,0,0,0,0,0,0,0,0,0,0,0,,0,,,0,0,,4.69,1.39,,2.67,0,4.51,0,0,0,0,,,1163.76,,,15.05,,,,,1.71,,2.14,,3.1,1.4,0,,,187.81,,,,,,,0,,,,,,,,,,,,,,,,,,,,,,786,,951,,,,,,,,395,,,,,,,,,,,,,,,,,,,,,,,,,
STD-DB10_2-000699,"큰느타리버섯(새송이버섯), 가루",S,국가표준식품성분표,,농진청('15),,버섯류,,"큰느타리버섯(새송이버섯), 가루",,,,,,,100g,184,4.8,25.09,2.51,6.2,61.4,-,27.6,5,2.98,940,2768,34,0,0,0,0.152,0.885,15.954,0,0,,0.34,0,15.954,0,0,-,0,400,,2.151,0,0,0,0,0,0,0,0,0,0,0,0,0,0,-,-,,-,,,-,-,,-,2.07,,0,0,0,0,0,0,0,,,1650.4,,,0,,,,,0,,0,,0,0,0,,,415.6,,,,,,,0,,,,,,,,,,,,,,,,,,,,,,965,,1372,,,,,,,,824,,,,,,,,,,,,,,,,,,,,,,,,,
STD-DB10_2-000700,팽이버섯,S,국가표준식품성분표,,농진청('19),,버섯류,,팽이버섯,,,,,,,100g,21,89.2,2.41,0.51,0.92,7,0.54,3.7,1,1.02,82,369,3,0,0,0,0.097,0.262,1.277,0,0,,0.04,0,0.369,0.908,4.13,0.118,0,69,,1.268,0,0,0,0,0,0,0,0,0,0,0,0,0,0,0,0,,0,,,0,0,,0.54,0.18,,0,0,0.9,0,0,0,0,,,111.26,,,0.55,,,,,0,,50.91,,0,0,0,,,10.83,,,,,,,0,,,,,,,,,,,,,,,,,,,,,,82,,113,,,,,,,,68,,,,,,,,,,,,,,,,,,,,,,,,,
STD-DB10_2-000701,"팽이버섯, 데친것",S,국가표준식품성분표,,농진청('19),,버섯류,,"팽이버섯, 데친것",,,,,,,100g,20,90.09999999999999,2.6,0.39,0.52,6.43,0.06,5.2,2,0.74,64,226,2,0,0,0,0.06,0.128,1.082,0,0,,0.05,0,0.623,0.46,3.99,0.102,0,62,,0.668,0,0,0,0,0,0,0,0,0,0,0,0,0,0,0,0,,0,,,0,0,,0.06,0.18,,0,0,1.09,0,0,0,0,,,112.76,,,1,,,,,0,,51.13,,0,0,0,,,12.66,,,,,,,0,,,,,,,,,,,,,,,,,,,,,,85,,126,,,,,,,,73,,,,,,,,,,,,,,,,,,,,,,,,,
STD-DB10_2-000702,"팽이버섯, 갈뫼",S,국가표준식품성분표,,농진청('07),,버섯류,,"팽이버섯, 갈뫼",,,,,,,100g,18,90.59999999999999,2,0,0.5,6.9,-,-,4,1.5,85,184,13,0,0,0,0.21,0.1,1.2,6,-,,-,-,-,-,-,-,-,-,,-,-,-,-,-,-,-,-,-,-,-,-,-,-,-,-,-,,-,,,-,-,,-,-,,-,-,-,-,-,-,-,,,-,,,-,,,,,-,,-,,-,-,-,,,-,,,,,,,-,,,,,,,,,,,,,,,,,,,,,,-,,-,,,,,,,,-,,,,,,,,,,,,,,,,,,,,,,,,,
STD-DB10_2-000703,"팽이버섯, 백로",S,국가표준식품성분표,,농진청('07),,버섯류,,"팽이버섯, 백로",,,,,,,100g,22,88.09999999999999,2.6,0.1,0.8,8.4,-,-,4,1.6,95,281,14,0,0,0,0.31,0.13,1.6,6,-,,-,-,-,-,-,-,-,-,,-,-,-,-,-,-,-,-,-,-,-,-,-,-,-,-,-,,-,,,-,-,,-,-,,-,-,-,-,-,-,-,,,-,,,-,,,,,-,,-,,-,-,-,,,-,,,,,,,-,,,,,,,,,,,,,,,,,,,,,,-,,-,,,,,,,,-,,,,,,,,,,,,,,,,,,,,,,,,,
STD-DB10_2-000704,"팽이버섯, 야생",S,국가표준식품성분표,,농진청('05),,버섯류,,"팽이버섯, 야생",,,,,,,100g,18,91.2,1.4,0.7,0.6,6.1,-,-,1,1.8,75,405,1,0,0,0,0.15,0.1,1.5,0,-,,-,-,-,-,-,-,-,-,,-,-,-,-,-,-,-,-,-,-,-,-,-,-,-,-,-,,-,,,-,-,,-,-,,-,-,-,-,-,-,-,,,-,,,-,,,,,-,,-,,-,-,-,,,-,,,,,,,-,,,,,,,,,,,,,,,,,,,,,,-,,-,,,,,,,,-,,,,,,,,,,,,,,,,,,,,,,,,,
STD-DB10_2-000705,"팽이버섯, 갈색팽이",S,국가표준식품성분표,,농진청('19),,버섯류,,"팽이버섯, 갈색팽이",,,,,,,100g,21,89.2,3.06,0.6,1.06,6.13,0.65,3.7,5,0.47,92,434,5,0,0,0,0.078,0.196,1.091,0,2.61,,0.04,0,0.735,0.356,2.43,0.096,0,60,,0.759,2.61,0,0,0,0,0,0,0,0,0,0,0,0,0,0,0,,0,,,0,0,,0.65,0.18,,0,0,1.92,0,0,0,0,,,115.16,,,2.41,,,,,0,,52.39,,0,0,0,,,8.44,,,,,,,0,,,,,,,,,,,,,,,,,,,,,,102,,150,,,,,,,,94,,,,,,,,,,,,,,,,,,,,,,,,,
STD-DB10_2-000706,포타벨라,S,국가표준식품성분표,,농진청('09),,버섯류,,포타벨라,,,,,,,100g,16,91.09999999999999,3.3,0.1,0.9,4.6,-,-,2,1.1,107,425,10,0,0,0,0.11,0.32,1.1,0,-,,-,-,-,-,-,-,-,-,,-,-,-,-,-,-,-,-,-,-,-,-,-,-,-,-,-,,-,,,-,-,,-,-,,-,-,-,-,-,-,-,,,-,,,-,,,,,-,,-,,-,-,-,,,-,,,,,,,-,,,,,,,,,,,,,,,,,,,,,,-,,-,,,,,,,,-,,,,,,,,,,,,,,,,,,,,,,,,,
STD-DB10_2-000707,"표고버섯, 배지재배",S,국가표준식품성분표,,농진청('19),,버섯류,,"표고버섯, 배지재배",,,,,,,100g,31,84,3.9,0.38,0.9,10.84,0.36,6.6,5,0.51,95,358,3,0,0,0,0.08,0.241,2.331,0.12,0,,0.05,0,1.08,1.251,3.36,0.207,0,23,,1.03,0,0,0,0,0,0,0,0,0,0,0,0,0,0,0,0.01,,0,,,0,0,,0.35,0.22,,0,0,0,0,0,0,0,,,217.17,,,0.79,,,,,0,,0,,0,0,0,,,5.67,,,,,,,0,,,,,,,,,,,,,,,,,,,,,,138,,182,,,,,,,,104,,,,,,,,,,,,,,,,,,,,,,,,,
STD-DB10_2-000708,"표고버섯, 참나무재배",S,국가표준식품성분표,,농진청('96),,버섯류,,"표고버섯, 참나무재배",,,,,,,100g,18,90.8,2,0.3,0.8,6.1,-,-,6,0.6,28,180,5,0,0,0,0.08,0.23,4,-,-,,-,-,-,-,-,-,-,-,,-,-,-,-,-,-,-,-,-,-,-,-,-,-,-,-,-,,-,,,-,-,,-,-,,-,-,-,-,-,-,-,,,-,,,-,,,,,-,,-,,-,-,-,,,-,,,,,,,-,,,,,,,,,,,,,,,,,,,,,,-,,-,,,,,,,,-,,,,,,,,,,,,,,,,,,,,,,,,,
STD-DB10_2-000709,"표고버섯, 가루",S,국가표준식품성분표,,농진청('15),,버섯류,,"표고버섯, 가루",,,,,,,100g,186,5.5,18.84,2.54,4.87,68.25,4.61,37.8,31,5.18,699,2137,20,2,0,20,0.234,1.282,4.155,0.93,0,,0.35,0,1.661,2.494,10.54,-,0,202,,6.579,0,0,0,0,0,0,0,0,0,0,0,0,0,0,0,0,,4.61,,,0,0,,0,2.08,,0,0,0,0,0,0,0,,,1780.88,,,0,,,,,0,,50.56,,0,0,0,,,248.49,,,,,,,0,,,,,,,,,,,,,,,,,,,,,,641,,953,,,,,,,,535,,,,,,,,,,,,,,,,,,,,,,,,,
STD-DB10_2-000710,풀버섯,S,국가표준식품성분표,,농진청('09),,버섯류,,풀버섯,,,,,,,100g,15,91.90000000000001,2.7,0.1,0.7,4.6,-,-,4,1.7,91,434,4,0,0,0,0.45,0.25,0.6,8,-,,-,-,-,-,-,-,-,-,,-,-,-,-,-,-,-,-,-,-,-,-,-,-,-,-,-,,-,,,-,-,,-,-,,-,-,-,-,-,-,-,,,-,,,-,,,,,-,,-,,-,-,-,,,-,,,,,,,-,,,,,,,,,,,,,,,,,,,,,,-,,-,,,,,,,,-,,,,,,,,,,,,,,,,,,,,,,,,,
STD-DB10_2-000711,"감, 탈삽",S,국가표준식품성분표,,JAPAN('20),,과일류,,"감, 탈삽",,,,,,,100g,59,82.2,0.5,0.1,0.3,16.9,13.6,2.8,7,0.1,16,200,1,8,(0),100,0.02,0.02,0.3,55,(0),,(0.01),-,-,-,1.1,0.05,(0),20,,0.27,-,-,0.2,0.2,0,0,0,-,-,-,-,(2),-,-,-,5.2,,Tr,,,(0),2.6,,5.8,(0.03),,(Tr),-,-,-,-,-,(0),,,(2),,,-,,,,,(0),,(11),,(0),-,-,,,-,,,,,,,-,,,,,,,,,,,,,,,,,,,,,,(22),,(32),,,,,,,,(21),,,,,,,,,,,,,,,,,,,,,,,,,
STD-DB10_2-000712,"감, 단감",S,국가표준식품성분표,,농진청('15),,과일류,,"감, 단감",,,,,,,100g,51,85.59999999999999,0.41,0.04,0.29,13.66,10.52,6.4,6,0.15,15,132,0,7,0,81,0.057,0.051,0.305,13.95,0,,0.01,0,0,0.305,1.85,-,0,26,,0.229,0,0,0.07000000000000001,0.07000000000000001,0,0,0,0,0,0,0,0,0,0,0,5.13,,0,,,0,0,,5.39,0.03,,0,0,0,0,0,0,0,,,0,,,10.06,,,,,0,,10.21,,0,0,0,,,1.77,,,,,,,0,,,,,,,,,,,,,,,,,,,,,,18,,27,,,,,,,,14,,,,,,,,,,,,,,,,,,,,,,,,,
STD-DB10_2-000713,"감, 대봉, 갑주백목",S,국가표준식품성분표,,농진청('15),,과일류,,"감, 대봉, 갑주백목",,,,,,,100g,72,80.7,0.51,0.86,0.4,17.57,16.66,2.7,6,0.14,13,156,0,20,0,239,0,0.01,0.5,10.29,0,,0.01,0,-,-,0.86,-,0,21,,-,0,0,0.13,0.13,0.01,0,0,0,0,0,0,0.23,0.23,0,0,8.01,,0,,,0,0,,8.65,0.03,,0,0,0,0,0,0,0,,,0,,,0,,,,,0,,4.9,,0,0,0,,,13.34,,,,,,,0,,,,,,,,,,,,,,,,,,,,,,21,,41,,,,,,,,40,,,,,,,,,,,,,,,,,,,,,,,,,
STD-DB10_2-000714,"감, 둥시",S,국가표준식품성분표,,농진청('08),,과일류,,"감, 둥시",,,,,,,100g,71,80.09999999999999,0.6,0.1,0.4,18.8,-,-,6,0.3,12,185,12,1,0,16,0.07000000000000001,0.08,1.6,28,-,,-,-,-,-,-,-,-,-,,-,-,-,-,-,-,-,-,-,-,-,-,-,-,-,-,-,,-,,,-,-,,-,-,,-,-,-,-,-,-,-,,,-,,,-,,,,,-,,-,,-,-,-,,,-,,,,,,,-,,,,,,,,,,,,,,,,,,,,,,-,,-,,,,,,,,-,,,,,,,,,,,,,,,,,,,,,,,,,
STD-DB10_2-000715,"감, 연시",S,국가표준식품성분표,,농진청('15),,과일류,,"감, 연시",,,,,,,100g,65,81.59999999999999,0.29,0.04,0.31,17.76,12.32,6.5,8,0.12,23,171,1,26,0,308,0.028,-,0.221,1.22,0,,0.01,0,0.123,0.098,1.33,-,0,16,,0.344,0,0,0.12,0.12,0,0,0,0,0,0,0,0,0,0,0,5.98,,0,,,0,0,,6.34,0.02,,0,0,0,0,0,0,0,,,0,,,11.95,,,,,0,,10.02,,0,0,0,,,0,,,,,,,0,,,,,,,,,,,,,,,,,,,,,,12,,13,,,,,,,,15,,,,,,,,,,,,,,,,,,,,,,,,,
STD-DB10_2-000716,"감, 감말랭이, 말린것",S,국가표준식품성분표,,농진청('15),,과일류,,"감, 감말랭이, 말린것",,,,,,,100g,255,27.9,1.94,0.16,1.39,68.61,55.11,11.2,21,0.64,78,647,3,46,0,549,0.01,0.224,0.6879999999999999,5.11,0,,0.04,0,0,0.6879999999999999,2.11,-,0,70,,0.332,0,0,0.18,0.18,0,0,0,0,0,0,0,0,0,0,0,23.86,,0,,,0,0,,31.25,0.11,,0,0,0,0,0,0,0,,,0,,,45.97,,,,,0,,28.67,,0,0,0,,,4.93,,,,,,,0,,,,,,,,,,,,,,,,,,,,,,72,,117,,,,,,,,73,,,,,,,,,,,,,,,,,,,,,,,,,
STD-DB10_2-000717,"감, 곶감, 말린것",S,국가표준식품성분표,,농진청('15),,과일류,,"감, 곶감, 말린것",,,,,,,100g,214,39.4,1.93,0.08,1.14,57.45,29.76,8.5,14,0.62,69,551,1,24,0,286,0.008999999999999999,0.243,0.438,2.67,0,,0.03,0,0,0.438,2.43,-,0,45,,0.596,0,0,0.42,0.42,0,0,0,0,0,0,0,0,0,0,0,13.46,,0,,,0,0,,16.3,0.04,,0,0,0,0,0,0,0,,,0,,,22.41,,,,,0,,12.61,,0,0,0,,,1.57,,,,,,,0,,,,,,,,,,,,,,,,,,,,,,59,,103,,,,,,,,71,,,,,,,,,,,,,,,,,,,,,,,,,
STD-DB10_2-000718,"구기자, 열매, 재래종",S,국가표준식품성분표,,농진청('15),,과일류,,"구기자, 열매, 재래종",,,,,,,100g,69,82.2,4.5,2.04,1.03,10.23,7.31,5.8,5,0.83,66,601,1,8,0,99,1.112,0.046,0.159,31.82,-,,0.25,0,0.14,0.019,2.32,-,0,36,,0,-,-,1.66,1.59,0,0.67,0.02,0,0,0,0,0,0,0,0,3.61,,0,,,0,0,,3.7,1.78,,0,0,0,0,0,0,0,,,1470.835,,,20.942,,,,,0,,30.421,,0,0,0,,,256.565,,,,,,,0,,,,,,,,,,,,,,,,,,,,,,113,,155,,,,,,,,91,,,,,,,,,,,,,,,,,,,,,,,,,
STD-DB10_2-000719,구아바,S,국가표준식품성분표,,JAPAN('20),,과일류,,구아바,,,,,,,100g,33,88.90000000000001,0.6,0.1,0.5,9.9,(3.5),5.1,8,0.1,16,240,3,48,(0),580,0.03,0.04,0.8,220,(0),,-,-,-,-,-,0.06,(0),41,,0.32,-,-,0.3,0.3,0,0,0,-,-,-,-,(2),-,-,-,(1.7),,(0),,,(0),(0.3),,(1.5),-,,-,-,-,-,-,-,-,,,-,,,-,,,,,-,,-,,-,-,-,,,-,,,,,,,-,,,,,,,,,,,,,,,,,,,,,,(30),,(40),,,,,,,,(22),,,,,,,,,,,,,,,,,,,,,,,,,
STD-DB10_2-000720,"구아바, 넥타, 과육 20%",S,국가표준식품성분표,,JAPAN('20),,과일류,,"구아바, 넥타, 과육 20%",,,,,,,100g,49,87.40000000000001,0.1,0.1,0.1,12.3,(9.9),0.8,3,0.2,3,49,4,2,(0),24,0,0.01,0.1,19,(0),,-,-,-,-,-,0.01,(0),9,,0,-,-,0.1,0.1,0,0,0,-,-,-,-,-,-,-,(0),(4.4),,(1.1),,,(0),(0.1),,(4.3),-,,-,-,-,-,-,-,-,,,-,,,-,,,,,-,,-,,-,-,-,,,-,,,,,,,-,,,,,,,,,,,,,,,,,,,,,,-,,-,,,,,,,,-,,,,,,,,,,,,,,,,,,,,,,,,,
STD-DB10_2-000721,구즈베리,S,국가표준식품성분표,,JAPAN('20),,과일류,,구즈베리,,,,,,,100g,51,85.2,1,0.1,0.5,13.2,(10.9),2.5,14,1.3,24,200,1,10,(0),120,0.02,0.02,0.2,22,(0),,-,-,-,-,-,0.02,0,47,,0.40,-,-,1,1.0,Tr,0.1,0,-,-,-,-,-,-,-,-,(5.3),,(0),,,(0),(0.5),,(5.1),-,,-,-,-,-,-,-,-,,,-,,,-,,,,,-,,-,,-,-,-,,,-,,,,,,,-,,,,,,,,,,,,,,,,,,,,,,-,,-,,,,,,,,-,,,,,,,,,,,,,,,,,,,,,,,,,
STD-DB10_2-000722,"귤, 만감류, 레드향",S,국가표준식품성분표,,농진청('19),,과일류,,"귤, 만감류, 레드향",,,,,,,100g,48,86.7,0.59,0.12,0.2,12.39,10.44,1.3,11,0.06,13,134,1,2,0,20,0.217,0.026,0.752,47.89,0,,0.01,0,0,0.752,0,0.062,0,21,,0.151,0,0,0.18,0.18,0,0,0,0,0,0,0,0,0,0,0,2.57,,0,,,0,5.24,,2.64,0.03,,0,0,0,0,0,0,0,,,12.06,,,7.48,,,,,0,,5.01,,0,0,0,,,6.37,,,,,,,0,,,,,,,,,,,,,,,,,,,,,,13,,12,,,,,,,,3,,,,,,,,,,,,,,,,,,,,,,,,,
STD-DB10_2-000723,"귤, 온주밀감",S,국가표준식품성분표,,농진청('19),,과일류,,"귤, 온주밀감",,,,,,,100g,39,89.09999999999999,0.53,0.1,0.19,10.04,7.99,1.6,13,0.12,12,101,2,4,0,52,0.175,0.023,0.372,30.69,0,,0.02,0,0.003,0.369,0.25,0.089,0,21,,0.156,0,0,0.37,0.37,0,0.02,0,0,0,0,0,0,0,0,0,1.75,,0,,,0,4.3,,1.93,0.04,,0,0,0,0,0,0,0,,,10.38,,,9.99,,,,,0,,5.54,,0,0,0,,,14.77,,,,,,,0,,,,,,,,,,,,,,,,,,,,,,14,,19,,,,,,,,11,,,,,,,,,,,,,,,,,,,,,,,,,
STD-DB10_2-000724,"귤, 임온주",S,국가표준식품성분표,,농진청('03),,과일류,,"귤, 임온주",,,,,,,100g,43,87.8,1,0.1,0.3,10.8,-,-,9,0.6,18,120,15,0,0,-,0.07000000000000001,0.02,0.7,48,-,,-,-,-,-,-,-,-,-,,-,-,-,-,-,-,-,-,-,-,-,-,-,-,-,-,-,,-,,,-,-,,-,-,,-,-,-,-,-,-,-,,,-,,,-,,,,,-,,-,,-,-,-,,,-,,,,,,,-,,,,,,,,,,,,,,,,,,,,,,-,,-,,,,,,,,-,,,,,,,,,,,,,,,,,,,,,,,,,
STD-DB10_2-000725,"귤, 잼",S,국가표준식품성분표,,농진청('22),,과일류,,"귤, 잼",,,,,,,100g,289,27.5,0.62,0.08,0.25,71.51000000000001,65.78,0.9,15,0.13,11,119,1,7,0,88,0.31,0.022,0.254,5.68,0,,0.01,0,0,0.254,0.14,0.022,0,15,,0.055,0,0,0.23,0.23,0,0,0,0,0,0,0,0,0,0,0,5.23,,0,,,0,55.75,,4.8,0.03,,0,0,0,0,0,0,0,,,7.94,,,8.619999999999999,,,,,0,,5.3,,0,0,0,,,11.24,,,,,,,0,,,,,,,,,,,,,,,,,,,,,,12,,16,,,,,,,,10,,,,,,,,,,,,,,,,,,,,,,,,,
STD-DB10_2-000726,금귤,S,국가표준식품성분표,,농진청('14),,과일류,,금귤,,,,,,,100g,73,79.40000000000001,1.19,0.13,0.51,18.77,11.77,3.2,37,0.33,16,226,5,3,0,35,0.002,0.08500000000000001,0.518,28.89,0,,0.04,0,0.518,0,0,-,0,15,,0,0,0,1.25,1.17,0.15,0,0,0,0,0,0,0,0,0,0,5.49,,0,,,0,0.05,,6.23,0.08,,0,0,0,0,0,0,0,,,38.68,,,9.199999999999999,,,,,0,,22.65,,0,0,0,,,14.54,,,,,,,0,,,,,,,,,,,,,,,,,,,,,,28,,34,,,,,,,,18,,,,,,,,,,,,,,,,,,,,,,,,,
STD-DB10_2-000727,"꾸지뽕, 열매",S,국가표준식품성분표,,농진청('16),,과일류,,"꾸지뽕, 열매",,,,,,,100g,74,81.3,1.74,2.16,0.98,13.82,9.9,5,36,0.21,36,365,0,24,0,287,0.725,0.138,0.44,19.79,-,,0.15,0,0.144,0.297,2.21,-,0,38,,0,-,-,3.76,3.75,0,0.1,0,0,0,0,0,51.96,51.96,0,0,5.06,,0,,,0,0,,4.84,0.43,,0.76,0,0.65,0,0,0,0,,,308.12,,,5.3,,,,,0,,64.12,,0,0,0,,,51.42,,,,,,,0,,,,,,,,,,,,,,,,,,,,,,67,,86,,,,,,,,51,,,,,,,,,,,,,,,,,,,,,,,,,
STD-DB10_2-000728,다래,S,국가표준식품성분표,,농진청('10),,과일류,,다래,,,,,,,100g,67,81.09999999999999,1.6,0.4,0.7,16.2,-,-,57,0.5,39,307,2,1,0,17,0.05,0.04,0.7,35,-,,-,-,-,-,-,-,-,-,,-,-,-,-,-,-,-,-,-,-,-,-,-,-,-,-,-,,-,,,-,-,,-,-,,-,-,-,-,-,-,-,,,-,,,-,,,,,-,,-,,-,-,-,,,-,,,,,,,-,,,,,,,,,,,,,,,,,,,,,,-,,-,,,,,,,,-,,,,,,,,,,,,,,,,,,,,,,,,,
STD-DB10_2-000729,대추,S,국가표준식품성분표,,농진청('14),,과일류,,대추,,,,,,,100g,105,70.2,1.45,0.1,0.6899999999999999,27.56,24.34,3,14,0.28,42,310,1,2,0,25,0.018,0.231,0.427,85.98999999999999,0,,0.03,0,0.025,0.402,2,-,0,84,,0,0,0,0.05,0.05,0,0,0,0,0,0,0,0,0,0,0,4.71,,0,,,0,14.79,,4.84,0.06,,0,0,0,0,0,0,0,,,8.08,,,5.9,,,,,0,,2.9,,0,0,0,,,6.96,,,,,,,0,,,,,,,,,,,,,,,,,,,,,,24,,26,,,,,,,,19,,,,,,,,,,,,,,,,,,,,,,,,,
STD-DB10_2-000730,"대추, 말린것",S,국가표준식품성분표,,농진청('14),,과일류,,"대추, 말린것",,,,,,,100g,276,20.9,3.73,0.25,2.55,72.56999999999999,59.09,9.5,39,0.75,116,805,2,4,0,42,0.14,0.8149999999999999,1.027,18.79,0,,0.07000000000000001,0.01,0.12,0.907,2.25,-,0,37,,0.9379999999999999,0,0,0.27,0.27,0,0.03,0,0,0,0.09,0,0,31.67,0,0,26.03,,0,,,0,10.8,,22.26,0.15,,0,0,0,0,0,0,0,,,39.63,,,13.24,,,,,0,,20.45,,0,0,0,,,14.92,,,,,,,0,,,,,,,,,,,,,,,,,,,,,,68,,59,,,,,,,,47,,,,,,,,,,,,,,,,,,,,,,,,,
STD-DB10_2-000731,"대추야자, 말린것",S,국가표준식품성분표,,JAPAN('20),,과일류,,"대추야자, 말린것",,,,,,,100g,281,24.8,2.2,0.2,1.5,71.3,(59.0),7.0,71,0.8,58,550,Tr,13,(0),160,0.07000000000000001,0.04,1.8,0,(0),,(0.02),-,-,-,-,0.16,(0),19,,0.9399999999999999,-,-,1.4,1.4,Tr,0.3,0,-,-,-,-,(3),-,-,(0),(29.9),,(0),,,(0),(0),,(29.1),(0.03),,(0),(0),-,-,(0),(0),-,,,(8),,,-,,,,,(0),,(2),,(0),(0),(0),,,-,,,,,,,-,,,,,,,,,,,,,,,,,,,,,,(91),,(75),,,,,,,,(44),,,,,,,,,,,,,,,,,,,,,,,,,
STD-DB10_2-000732,두리안,S,국가표준식품성분표,,JAPAN('20),,과일류,,두리안,,,,,,,100g,140,66.40000000000001,2.3,3.3,0.9,27.1,-,2.1,5,0.3,36,510,Tr,3,(0),36,0.33,0.20,1.4,31,(0),,1.18,-,-,-,5.9,0.25,0,150,,0.22,-,-,2.3,2.3,0,0.1,0,-,-,-,-,-,-,-,-,-,,-,,,-,-,,-,1.46,,2,0,0,0,0,0,-,,,160,,,-,,,,,0,,120,,0,0,0,,,-,,,,,,,-,,,,,,,,,,,,,,,,,,,,,,-,,-,,,,,,,,-,,,,,,,,,,,,,,,,,,,,,,,,,
STD-DB10_2-000733,"딸기, 개량종",S,국가표준식품성분표,,농진청('03),,과일류,,"딸기, 개량종",,,,,,,100g,36,89.7,0.8,0.2,0.4,8.9,-,-,7,0.4,30,167,13,0,0,-,0.03,0.02,0.5,71,-,,-,-,-,-,-,-,-,-,,-,-,-,-,-,-,-,-,-,-,-,-,-,-,-,-,-,,-,,,-,-,,-,-,,-,-,-,-,-,-,-,,,-,,,-,,,,,-,,-,,-,-,-,,,-,,,,,,,-,,,,,,,,,,,,,,,,,,,,,,-,,-,,,,,,,,-,,,,,,,,,,,,,,,,,,,,,,,,,
STD-DB10_2-000734,"딸기, 설향",S,국가표준식품성분표,,농진청('14),,과일류,,"딸기, 설향",,,,,,,100g,34,90.40000000000001,0.7,0.07000000000000001,0.33,8.5,6.09,1.4,17,0.33,30,153,0,1,0,9,0.081,0.062,0.4,67.11,0,,0.01,0,0.377,0.023,0,-,0,54,,0.125,0,0,0.3,0.29,0,0.11,0,0,0,0,0,0,5.519,0,0,3.4,,0,,,0,0,,2.69,0.05,,0,0,0,0,0,0,0,,,22.14,,,1.01,,,,,0,,18.15,,0,0,0,,,8.57,,,,,,,0,,,,,,,,,,,,,,,,,,,,,,20,,26,,,,,,,,13,,,,,,,,,,,,,,,,,,,,,,,,,
STD-DB10_2-000735,"딸기, 재래종",S,국가표준식품성분표,,식약('96),,과일류,,"딸기, 재래종",,,,,,,100g,29,91.5,0.8,0.1,0.4,7.2,-,-,13,0.4,27,156,2,1,0,12,0.02,0.02,0.3,82,-,,-,-,-,-,-,-,-,-,,-,-,-,-,-,-,-,-,-,-,-,-,-,-,-,-,-,,-,,,-,-,,-,-,,-,-,-,-,-,-,-,,,-,,,-,,,,,-,,-,,-,-,-,,,-,,,,,,,-,,,,,,,,,,,,,,,,,,,,,,-,,-,,,,,,,,-,,,,,,,,,,,,,,,,,,,,,,,,,
STD-DB10_2-000736,"딸기, 말린것",S,국가표준식품성분표,,JAPAN('20),,과일류,,"딸기, 말린것",,,,,,,100g,329,15.4,0.5,0.2,1.0,82.8,-,3.0,140,0.4,9,15,260,2,(0),24,0,0,0.1,0,(0),,(0.02),-,-,-,(7.0),0.01,(0),4,,0.02,-,-,0.7,0.7,0,0.3,0,-,-,-,-,(21),-,-,-,-,,-,,,-,-,,-,(0.14),,(Tr),-,-,-,-,-,(0),,,(70),,,-,,,,,(0),,(53),,(Tr),(0),-,,,-,,,,,,,-,,,,,,,,,,,,,,,,,,,,,,(17),,(23),,,,,,,,(14),,,,,,,,,,,,,,,,,,,,,,,,,
STD-DB10_2-000737,"딸기, 잼",S,국가표준식품성분표,,농진청('20),,과일류,,"딸기, 잼",,,,,,,100g,285,28.7,0.51,0.09,0.21,70.45,52.33,0.5,12,0.15,16,113,3,0,0,3,0.07099999999999999,0.036,0.123,11.24,0,,0.02,0,0.092,0.032,0.51,0.027,0,26,,0,0,0,0.08,0.07000000000000001,0,0.03,0.01,0,0,0,0,0,0,0,0,8.44,,0,,,0,35.27,,8.609999999999999,0.05,,0,0,0,0,0,0,0,,,18.73,,,0.85,,,,,0,,17.31,,0,0,0,,,16.59,,,,,,,0,,,,,,,,,,,,,,,,,,,,,,13,,16,,,,,,,,8,,,,,,,,,,,,,,,,,,,,,,,,,
STD-DB10_2-000738,라임,S,국가표준식품성분표,,USDA('18),,과일류,,라임,,,,,,,100g,30,88.26000000000001,0.7,0.2,0.3,10.54,1.69,2.8,33,0.6,18,102,2,3,0,30,0.03,0.02,0.2,29.1,0,,0.022,0,-,-,-,0.043,0,8,,0.217,-,-,0.22,0.22,-,-,-,-,-,-,-,-,0.6,-,-,-,,-,,,-,-,,-,0.074,,0,-,-,-,0,0,-,,,-,,,-,,,,,-,,-,,-,-,0,,,-,,,,,,,-,,,,,,,,,,,,,,,,,,,,,,-,,-,,,,,,,,-,,,,,,,,,,,,,,,,,,,,,,,,,
STD-DB10_2-000739,라즈베리,S,국가표준식품성분표,,USDA('18),,과일류,,라즈베리,,,,,,,100g,52,85.75,1.2,0.65,0.46,11.94,4.42,6.5,25,0.6899999999999999,29,151,1,1,0,12,0.032,0.038,0.598,26.2,0,,0.019,0,-,-,-,0.055,0,21,,0.329,-,-,1.07,0.87,0.06,1.42,1.04,0,0,0,0,-,7.8,-,0,2.35,,0,,,0,0.2,,1.86,0.439,,5,-,-,-,0,0,-,,,-,,,-,,,,,-,,-,,-,-,0,,,-,,,,,,,-,,,,,,,,,,,,,,,,,,,,,,-,,-,,,,,,,,-,,,,,,,,,,,,,,,,,,,,,,,,,
STD-DB10_2-000740,"라즈베리, 냉동",S,국가표준식품성분표,,USDA('18),,과일류,,"라즈베리, 냉동",,,,,,,100g,56,85.01000000000001,1.15,0.8100000000000001,0.48,12.55,6.54,4.3,24,0.76,30,184,4,1,0,10,0.089,0.1,0.675,17.6,0,,0.064,0,-,-,-,0.062,0,28,,0.402,-,-,1,0.75,0.26,1.11,0.37,0,0,0,0,-,-,-,0,3.24,,0,,,0,0.44,,2.87,0.059,,0,0,0,-,0,0,0,,,15,,,-,,,,,-,,19,,0,0,0,,,-,,,,,,,-,,,,,,,,,,,,,,,,,,,,,,-,,-,,,,,,,,-,,,,,,,,,,,,,,,,,,,,,,,,,
STD-DB10_2-000741,레몬,S,국가표준식품성분표,,농진청('14),,과일류,,레몬,,,,,,,100g,36,89.59999999999999,0.71,0.08,0.31,9.27,1.87,1.1,32,0.1,22,122,2,0,0,0,0.058,0.064,0.544,52.07,0,,0.02,0,0.137,0.407,0,-,0,40,,0.221,0,0,0.6,0.6,0,0,0,0,0,0,0,0,0,0,0,0.72,,0,,,0,0,,1.16,0.06,,0,0,0,0,0,0,0,,,30.95,,,2.18,,,,,0.51,,15.33,,0,0,0,,,8.92,,,,,,,0,,,,,,,,,,,,,,,,,,,,,,23,,20,,,,,,,,10,,,,,,,,,,,,,,,,,,,,,,,,,
STD-DB10_2-000742,레몬 과즙,S,국가표준식품성분표,,JAPAN('20),,과일류,,레몬 과즙,,,,,,,100g,24,90.5,0.4,0.2,0.3,8.6,1.5,Tr,7,0.1,9,100,2,0,(0),0,0.04,0.02,0.1,50,(0),,(0.02),-,-,-,0.3,0.05,(0),19,,0.18,-,-,0.1,0.1,0,0,0,-,-,-,-,(0),-,-,(0),0.6,,(0),,,(0),0.3,,0.6,(0.04),,(Tr),-,-,-,-,-,(0),,,(20),,,-,,,,,(0),,(11),,(0),-,-,,,-,,,,,,,-,,,,,,,,,,,,,,,,,,,,,,8.300000000000001,,9.0,,,,,,,,5.8,,,,,,,,,,,,,,,,,,,,,,,,,
STD-DB10_2-000743,롱안,S,국가표준식품성분표,,USDA('18),,과일류,,롱안,,,,,,,100g,60,82.75,1.31,0.1,0.7,15.14,-,1.1,1,0.13,21,266,0,-,-,-,0.031,0.14,0.3,84,-,,-,0,-,-,-,-,0,-,,-,-,-,-,-,-,-,-,-,-,-,-,-,-,-,-,-,,-,,,-,-,,-,-,,-,-,-,-,-,-,-,,,-,,,-,,,,,-,,-,,-,-,-,,,-,,,,,,,-,,,,,,,,,,,,,,,,,,,,,,42,,54,,,,,,,,26,,,,,,,,,,,,,,,,,,,,,,,,,
STD-DB10_2-000744,"롱안, 말린것",S,국가표준식품성분표,,USDA('18),,과일류,,"롱안, 말린것",,,,,,,100g,286,17.6,4.9,0.4,3.1,74,-,-,45,5.4,196,658,48,0,0,-,0.04,0.5,1,28,-,,-,-,-,-,-,-,0,-,,-,-,-,-,-,-,-,-,-,-,-,-,-,-,-,-,-,,-,,,-,-,,-,-,,-,-,-,-,-,-,-,,,-,,,-,,,,,-,,-,,-,-,-,,,-,,,,,,,-,,,,,,,,,,,,,,,,,,,,,,158,,202,,,,,,,,97,,,,,,,,,,,,,,,,,,,,,,,,,
STD-DB10_2-000745,리치,S,국가표준식품성분표,,JAPAN('20),,과일류,,리치,,,,,,,100g,61,82.09999999999999,1,0.1,0.4,16.4,(14.9),0.9,2,0.2,22,170,Tr,(0),(0),0,0.02,0.06,1.0,36,(0),,(0.02),-,-,-,-,0.09,0,100,,0,-,-,0.1,0.1,0,0,0,-,-,-,-,(Tr),-,-,-,(7.0),,(0),,,(0),(0.6),,(7.3),(0.06),,(0),-,-,-,(0),(0),-,,,(15),,,-,,,,,(0),,(15),,-,-,(0),,,-,,,,,,,-,,,,,,,,,,,,,,,,,,,,,,(32),,(41),,,,,,,,(20),,,,,,,,,,,,,,,,,,,,,,,,,
STD-DB10_2-000746,"리치, 냉동",S,국가표준식품성분표,,농진청('15),,과일류,,"리치, 냉동",,,,,,,100g,56,84.3,0.85,0.08,0.3,14.47,12.21,2.1,3,0.18,24,151,2,0,0,0,0.025,0.094,0.208,7.88,0,,0.02,0,0,0.208,0,-,0,36,,0,0,0,0.08,0.08,0,0,0,0,0,0,0,0,0,0,0.06,6.17,,0,,,0,0,,5.98,0.05,,0,0,0,0,0,0,0,,,10.61,,,2.39,,,,,0,,20.18,,0,0,0,,,16.03,,,,,,,0,,,,,,,,,,,,,,,,,,,,,,26,,33,,,,,,,,16,,,,,,,,,,,,,,,,,,,,,,,,,
STD-DB10_2-000747,마가목 열매,S,국가표준식품성분표,,농진청('87),,과일류,,마가목 열매,,,,,,,100g,115,70.09999999999999,1.3,0.8,2.5,25.5,-,-,2,0.1,4,-,-,0,0,0,0.02,0.01,1.2,2,-,,-,-,-,-,-,-,-,-,,-,-,-,-,-,-,-,-,-,-,-,-,-,-,-,-,-,,-,,,-,-,,-,-,,-,-,-,-,-,-,-,,,-,,,-,,,,,-,,-,,-,-,-,,,-,,,,,,,-,,,,,,,,,,,,,,,,,,,,,,-,,-,,,,,,,,-,,,,,,,,,,,,,,,,,,,,,,,,,
STD-DB10_2-000748,망고,S,국가표준식품성분표,,농진청('20),,과일류,,망고,,,,,,,100g,59,83.5,0.73,0.12,0.32,15.36,13.65,1.5,7,0.24,16,142,0,47,0,560,0.024,0.039,0.318,21.62,0,,0.03,0,0.199,0.119,0.13,0.119,0,15,,0.241,0,0,0.15,0.14,0,0.01,0,0.01,0,0.01,0,4.07,4.07,0,0,4.68,,0,,,0,6.96,,2.01,0.07000000000000001,,0,0,0,0,0,0,0,,,6.22,,,10.89,,,,,0,,24.54,,0,0,0,,,18.18,,,,,,,0,,,,,,,,,,,,,,,,,,,,,,35,,52,,,,,,,,27,,,,,,,,,,,,,,,,,,,,,,,,,
STD-DB10_2-000749,"망고, 애플망고",S,국가표준식품성분표,,농진청('20),,과일류,,"망고, 애플망고",,,,,,,100g,52,85.59999999999999,0.65,0.2,0.32,13.27,11.62,1.5,9,0.17,14,156,0,23,0,278,0.07099999999999999,0.061,0.252,32.41,0,,0.03,0,0.252,0,0.38,0.115,0,39,,0.211,0,0,0.16,0.16,0,0,0,0,0,0,0,0.24,0.24,0,0,4.64,,0,,,0,6.49,,0.49,0.07000000000000001,,0,0,0,0,0,0,0,,,17.51,,,11.09,,,,,0,,8.83,,0,0,0,,,19.26,,,,,,,0,,,,,,,,,,,,,,,,,,,,,,24,,37,,,,,,,,17,,,,,,,,,,,,,,,,,,,,,,,,,
STD-DB10_2-000750,망고스틴,S,국가표준식품성분표,,JAPAN('20),,과일류,,망고스틴,,,,,,,100g,71,81.5,0.6,0.2,0.2,17.5,-,1.4,6,0.1,12,100,1,(0),(0),0,0.11,0.03,0.5,3,(0),,-,-,-,-,0.6,0.04,0,20,,0.33,-,-,0.7,0.6,0.1,0.1,0.1,-,-,-,-,-,-,-,-,-,,-,,,-,-,,-,-,,-,-,-,-,-,-,-,,,-,,,-,,,,,-,,-,,-,-,-,,,-,,,,,,,-,,,,,,,,,,,,,,,,,,,,,,-,,-,,,,,,,,-,,,,,,,,,,,,,,,,,,,,,,,,,
STD-DB10_2-000751,매실,S,국가표준식품성분표,,농진청('08),,과일류,,매실,,,,,,,100g,41,89.40000000000001,1.1,1.1,0.6,7.8,-,-,28,3.7,24,301,3,1,0,14,0.06,0.02,0.5,11,-,,-,-,-,-,-,-,-,-,,-,-,-,-,-,-,-,-,-,-,-,-,-,-,-,-,-,,-,,,-,-,,-,-,,-,-,-,-,-,-,-,,,-,,,-,,,,,-,,-,,-,-,-,,,-,,,,,,,-,,,,,,,,,,,,,,,,,,,,,,-,,-,,,,,,,,-,,,,,,,,,,,,,,,,,,,,,,,,,
STD-DB10_2-000752,"매실, 남고",S,국가표준식품성분표,,농진청('19),,과일류,,"매실, 남고",,,,,,,100g,26,91,0.9399999999999999,0.77,1.02,6.24,2.76,2.3,9,0.19,20,239,2,39,0,468,0.07099999999999999,0.024,0.631,4.91,0,,0.03,0.01,0.19,0.441,2.91,0.035,0,23,,0.173,0,0,1.11,1.02,0,0.87,0.07000000000000001,0,0,0,0,57.96,57.96,0,0,1.53,,0,,,0,0.53,,0.7,0.04,,0,0,0,0,0,0,0,,,25.43,,,0,,,,,0,,11.8,,0,0,0,,,0,,,,,,,4.41,,,,,,,,,,,,,,,,,,,,,,24,,28,,,,,,,,13,,,,,,,,,,,,,,,,,,,,,,,,,
STD-DB10_2-000753,"매실, 선암매",S,국가표준식품성분표,,농진청('10),,과일류,,"매실, 선암매",,,,,,,100g,39,89.40000000000001,1.2,0.7,0.7,8,-,-,13,0.7,21,341,1,20,0,234,0.06,0.04,0.5,6,-,,-,-,-,-,-,-,-,-,,-,-,-,-,-,-,-,-,-,-,-,-,-,-,-,-,-,,-,,,-,-,,-,-,,-,-,-,-,-,-,-,,,-,,,-,,,,,-,,-,,-,-,-,,,-,,,,,,,-,,,,,,,,,,,,,,,,,,,,,,-,,-,,,,,,,,-,,,,,,,,,,,,,,,,,,,,,,,,,
STD-DB10_2-000754,"매실, 천매",S,국가표준식품성분표,,농진청('08),,과일류,,"매실, 천매",,,,,,,100g,37,90.2,0.7,0.6,0.4,8.1,-,-,8,0.6,14,225,2,22,0,262,0.04,0.03,0.4,5,-,,-,-,-,-,-,-,-,-,,-,-,-,-,-,-,-,-,-,-,-,-,-,-,-,-,-,,-,,,-,-,,-,-,,-,-,-,-,-,-,-,,,-,,,-,,,,,-,,-,,-,-,-,,,-,,,,,,,-,,,,,,,,,,,,,,,,,,,,,,-,,-,,,,,,,,-,,,,,,,,,,,,,,,,,,,,,,,,,
STD-DB10_2-000755,매실청,S,국가표준식품성분표,,농진청('20),,과일류,,매실청,,,,,,,100g,213,46.7,0.23,0.18,0.2,52.72,44.06,0.3,4,0.11,7,104,1,0,0,0,0.08799999999999999,0.005,0.349,0.2,0,,0.01,0,0.022,0.327,0.21,0.019,0,2,,0.6820000000000001,0,0,0,0,0,0,0,0,0,0,0,0,0,0,0,18.63,,0,,,0,5.37,,20.06,0,,0,0,0,0,0,0,0,,,1.44,,,0.17,,,,,0,,0,,0,0,0,,,2.86,,,,,,,0,,,,,,,,,,,,,,,,,,,,,,5,,7,,,,,,,,3,,,,,,,,,,,,,,,,,,,,,,,,,
STD-DB10_2-000756,"매실 절임, 당절임, 고형물",S,국가표준식품성분표,,농진청('20),,과일류,,"매실 절임, 당절임, 고형물",,,,,,,100g,216,46.2,1.86,0.52,0.33,51.08,33.85,7.9,19,0.48,24,159,1,57,0,687,0.284,0.03,0.101,0,0,,0.11,0.01,0.022,0.079,1.5,0.018,0,3,,0.5639999999999999,0,0,3.28,2.74,0.13,4.58,0.25,0,0,0,0,0,0,0,0,14.24,,0,,,0,4.1,,15.51,0.12,,0,0,0,0,0,0,0,,,72.78,,,2.63,,,,,0,,32.3,,1.09,0,0,,,12.62,,,,,,,0,,,,,,,,,,,,,,,,,,,,,,72,,89,,,,,,,,30,,,,,,,,,,,,,,,,,,,,,,,,,
STD-DB10_2-000757,"매실 절임, 염절임, 고형물",S,국가표준식품성분표,,JAPAN('20),,과일류,,"매실 절임, 염절임, 고형물",,,,,,,100g,29,72.2,0.9,0.7,17.6,8.6,0.9,3.3,33,1.1,21,220,7200,0,0,5,0.02,0.01,0.4,0,0,,(0.04),-,-,-,0.8,0.04,0,Tr,,0.03,-,-,0.4,0.2,Tr,1.8,0.1,-,-,-,-,9,-,-,-,0.4,,0,,,0,0,,0.5,(0.45),,(0),-,-,-,(0),(0),-,,,(110),,,-,,,,,(0),,(0),,-,-,(0),,,-,,,,,,,-,,,,,,,,,,,,,,,,,,,,,,(17),,(26),,,,,,,,(17),,,,,,,,,,,,,,,,,,,,,,,,,
STD-DB10_2-000758,"머루, 껍질과 씨 포함",S,국가표준식품성분표,,농진청('18),,과일류,,"머루, 껍질과 씨 포함",,,,,,,100g,79,78.5,1.51,0.9399999999999999,0.73,18.32,7.39,2.5,60,0.53,43,286,0,7,0,88,0,0.044,0.746,3.57,0,,0.1,0,0.556,0.19,1.06,0.074,0,6,,0.908,0,0,1.48,1.48,0,0,0,0,0,0,0,85.95,85.95,0,0,3.73,,0,,,0,0.01,,3.65,0.61,,1.17,0,0,0,0,0,0,,,461.61,,,6.87,,,,,0,,13.48,,0,0,0,,,124.62,,,,,,,0,,,,,,,,,,,,,,,,,,,,,,98,,87,,,,,,,,54,,,,,,,,,,,,,,,,,,,,,,,,,
STD-DB10_2-000759,"머루, 개량머루, 껍질과 씨 포함",S,국가표준식품성분표,,농진청('18),,과일류,,"머루, 개량머루, 껍질과 씨 포함",,,,,,,100g,83,78.5,1.6,1.83,0.77,17.27,10.92,2,51,0.65,58,299,1,8,0,101,0,0.041,1.135,5.31,0,,0.11,0,0.776,0.359,2.67,0.079,0,8,,0.806,0,0,1,1,0,0,0,0,0,0,0,32.86,32.86,0,0,5.56,,0,,,0,0,,5.35,0.86,,2.13,0,0,0,0,0,0,,,668.23,,,8.42,,,,,0,,14.03,,0,0,0,,,169.31,,,,,,,0,,,,,,,,,,,,,,,,,,,,,,86,,74,,,,,,,,46,,,,,,,,,,,,,,,,,,,,,,,,,
STD-DB10_2-000760,"머루, 머스켓베일리에이",S,국가표준식품성분표,,농진청('18),,과일류,,"머루, 머스켓베일리에이",,,,,,,100g,76,79.59999999999999,0.34,0.75,0.37,18.96,16.86,1.6,4,0.17,14,189,0,1,0,6,0.041,0.017,0.197,2.03,0,,0.01,0,0.08799999999999999,0.109,0.35,0.094,0,5,,0.176,0,0,0.23,0.23,0,0.04,0,0,0,0,0.01,3.91,3.91,0,0,8.44,,0,,,0,0,,8.42,0.05,,0,0,0,0,0,0,0,,,27.51,,,0.36,,,,,0,,6.06,,0,0,0,,,12.49,,,,,,,0,,,,,,,,,,,,,,,,,,,,,,13,,12,,,,,,,,9,,,,,,,,,,,,,,,,,,,,,,,,,
STD-DB10_2-000761,"머루, 왕머루, 껍질과 씨 포함",S,국가표준식품성분표,,농진청('18),,과일류,,"머루, 왕머루, 껍질과 씨 포함",,,,,,,100g,87,76.5,1.58,1.27,1.01,19.67,8.41,2.7,89,0.42,58,378,0,6,0,74,0,0.044,0.61,2.96,0,,0.14,0,0.355,0.255,0.97,0.08699999999999999,0,9,,0.841,0,0,0.9,0.9,0,0,0,0,0,0,0,25.02,25.02,0,0,3.96,,0,,,0,0,,4.45,1.04,,1.72,0,0,0,0,0,0,,,851.65,,,8.31,,,,,2.01,,18.25,,0.67,0,0,,,156.5,,,,,,,0,,,,,,,,,,,,,,,,,,,,,,113,,90,,,,,,,,55,,,,,,,,,,,,,,,,,,,,,,,,,
STD-DB10_2-000762,"멜론, 감로",S,국가표준식품성분표,,농진청('10),,과일류,,"멜론, 감로",,,,,,,100g,21,94,0.5,0.1,0.3,5.1,-,1.2,9,0.4,8,137,13,3,0,40,0.05,0.01,0.5,-,-,,-,-,-,-,-,-,-,-,,-,-,-,-,-,-,-,-,-,-,-,-,-,-,-,-,-,,-,,,-,-,,-,-,,-,-,-,-,-,-,-,,,-,,,-,,,,,-,,-,,-,-,-,,,-,,,,,,,-,,,,,,,,,,,,,,,,,,,,,,-,,-,,,,,,,,-,,,,,,,,,,,,,,,,,,,,,,,,,
STD-DB10_2-000763,"멜론, 머스크",S,국가표준식품성분표,,농진청('16),,과일류,,"멜론, 머스크",,,,,,,100g,40,88.09999999999999,1.5,0.04,0.72,9.640000000000001,8.08,2,7,0.34,19,374,13,2,0,29,0.032,0.033,0.17,2.02,0,,0.01,0,0,0.17,0,-,0,21,,0,0,0,0.09,0.07000000000000001,0.02,0.02,0,0.03,0,0.01,0,0,0,0,0,1.11,,0,,,0,5.98,,1,0.03,,0,0,0,0,0,0,0,,,5.27,,,2.09,,,,,0,,10.67,,0,0,0,,,2.02,,,,,,,0,,,,,,,,,,,,,,,,,,,,,,94,,47,,,,,,,,35,,,,,,,,,,,,,,,,,,,,,,,,,
STD-DB10_2-000764,"멜론, 화이트",S,국가표준식품성분표,,식약('96),,과일류,,"멜론, 화이트",,,,,,,100g,38,89.09999999999999,0.7,0.1,0.5,9.6,-,-,3,0.5,21,290,10,0,0,0,0.03,0.01,0.4,15,-,,-,-,-,-,-,-,-,-,,-,-,-,-,-,-,-,-,-,-,-,-,-,-,-,-,-,,-,,,-,-,,-,-,,-,-,-,-,-,-,-,,,-,,,-,,,,,-,,-,,-,-,-,,,-,,,,,,,-,,,,,,,,,,,,,,,,,,,,,,-,,-,,,,,,,,-,,,,,,,,,,,,,,,,,,,,,,,,,
STD-DB10_2-000765,모과,S,국가표준식품성분표,,식약('96),,과일류,,모과,,,,,,,100g,78,78.3,0.7,0.4,0.6,20,-,-,21,0.5,18,247,2,1,0,6,0.02,0.01,0.3,81,-,,-,-,-,-,-,-,-,-,,-,-,-,-,-,-,-,-,-,-,-,-,-,-,-,-,-,,-,,,-,-,,-,-,,-,-,-,-,-,-,-,,,-,,,-,,,,,-,,-,,-,-,-,,,-,,,,,,,-,,,,,,,,,,,,,,,,,,,,,,-,,-,,,,,,,,-,,,,,,,,,,,,,,,,,,,,,,,,,
STD-DB10_2-000766,"무화과, 승정도후인",S,국가표준식품성분표,,농진청('19),,과일류,,"무화과, 승정도후인",,,,,,,100g,47,86.5,0.79,0.15,0.44,12.12,10.59,1.3,41,0.33,19,176,0,2,0,24,0.131,0.029,0.195,1.12,0,,0.03,0,0.031,0.164,0.1,0.019,0,25,,0.282,0,0,0.19,0.19,0,0.06,0.01,0,0,0,0,20.26,20.26,0,0,5.58,,0,,,0,0,,5,0.05,,0,0,0,0,0,0,0,,,24.58,,,0.63,,,,,0,,12.8,,0,0,0,,,11.6,,,,,,,0,,,,,,,,,,,,,,,,,,,,,,28,,36,,,,,,,,21,,,,,,,,,,,,,,,,,,,,,,,,,
STD-DB10_2-000767,"무화과, 봉래시",S,국가표준식품성분표,,농진청('14),,과일류,,"무화과, 봉래시",,,,,,,100g,45,87.09999999999999,0.76,0.11,0.46,11.6,9.94,1.4,36,0.31,19,177,0,2,0,24,0.061,0.073,0.212,2.93,0,,0.03,0,0.024,0.188,0,-,0,33,,0,0,0,0.26,0.25,0,0.09,0,0,0,0,0,0,0,0,0,5.15,,0,,,0,0,,4.79,0.07000000000000001,,0,0,0,0,0,0,0,,,31.39,,,1.58,,,,,0,,24.55,,0,0,0,,,13.19,,,,,,,0,,,,,,,,,,,,,,,,,,,,,,25,,32,,,,,,,,19,,,,,,,,,,,,,,,,,,,,,,,,,
STD-DB10_2-000768,"무화과, 수입산, 말린것",S,국가표준식품성분표,,농진청('14),,과일류,,"무화과, 수입산, 말린것",,,,,,,100g,319,11.9,4.75,3.01,3.12,77.22,58.92,20.8,458,2.02,76,925,14,4,0,43,0.095,0.712,1.042,2.3,0,,0.41,0.06,0.133,0.909,0,-,0,15,,0,0,0,1.88,0.84,0,10.3,0.3,0,0,0,0,10.894,10.894,0,0,30.77,,0,,,0,0,,28.15,2.42,,6.19,0,0,0,0,0,0,,,884.51,,,30.13,,,,,0,,1069.94,,1.25,0,0,,,421.8,,,,,,,0.6899999999999999,,,,,,,,,,,,,,,,,,,,,,180,,210,,,,,,,,123,,,,,,,,,,,,,,,,,,,,,,,,,
STD-DB10_2-000769,바나나,S,국가표준식품성분표,,농진청('20),,과일류,,바나나,,,,,,,100g,77,78,1.11,0.2,0.68,20,14.4,2.2,6,0.25,23,355,0,2,0,21,0.049,0.052,0.299,6.6,0,,0.05,0,0.064,0.235,3.63,0.401,0,24,,0.235,0,0,0.11,0.11,0,0,0,0,0,0,0,0,0,0,0,5.17,,0,,,0,3.74,,5.49,0.05,,0,0,0,0,0,0,0,,,22.71,,,5.63,,,,,0.17,,11.82,,0,0,0,,,9.31,,,,,,,0,,,,,,,,,,,,,,,,,,,,,,39,,75,,,,,,,,28,,,,,,,,,,,,,,,,,,,,,,,,,
STD-DB10_2-000770,"바나나, 말린것",S,국가표준식품성분표,,JAPAN('20),,과일류,,"바나나, 말린것",,,,,,,100g,314,14.3,3.8,0.4,3.0,78.5,(53.9),7.0,26,1.1,84,1300,1,56,(0),670,0.07000000000000001,0.12,1.4,Tr,(0),,(0.15),-,-,-,-,1.04,(0),34,,1.13,-,-,1.4,1.4,Tr,0,0,-,-,-,-,(2),-,-,-,(8.3),,(Tr),,,(0),(36.6),,(9.0),(0.10),,(0),-,-,-,(0),(0),-,,,(47),,,-,,,,,(0),,(28),,-,-,(0),,,-,,,,,,,-,,,,,,,,,,,,,,,,,,,,,,(140),,(240),,,,,,,,(120),,,,,,,,,,,,,,,,,,,,,,,,,
STD-DB10_2-000771,"바나나칩, 튀긴것",S,국가표준식품성분표,,농진청('14),,과일류,,"바나나칩, 튀긴것",,,,,,,100g,517,1.6,2.07,25.67,1.34,69.31999999999999,16.1,17.3,19,0.5,72,534,1,22,0,263,0.002,0.166,1.092,10.49,0,,22.06,0.02,0.061,1.031,0,-,0,39,,0,0,0,0.35,0.33,0,0,0,0.06,0,0,0,16.623,16.623,-,0,0,,0,,,0,16.1,,0,2.12,,14.17,0,0,0,0,0,0,,,464.09,,,29.39,,,,,0,,39.67,,0,0,0,,,1568.6,,,,,,,9.49,,,,,,,,,,,,,,,,,,,,,,115,,157,,,,,,,,66,,,,,,,,,,,,,,,,,,,,,,,,,
STD-DB10_2-000772,배,S,국가표준식품성분표,,농진청('14),,과일류,,배,,,,,,,100g,45,86.90000000000001,0.29,0.04,0.52,12.24,8.300000000000001,1.1,2,0.06,13,124,0,0,0,0,0.022,0.063,0.139,2.65,0,,0.01,0,0.089,0.051,0,-,0,0,,0.242,0,0,0.02,0.02,0,0,0,0,0,0,0,0,0,0,0,4.84,,0,,,0,1.51,,1.95,0.02,,0,0,0,0,0,0,0,,,18.13,,,0.4,,,,,0,,2.38,,0,0,0,,,1.96,,,,,,,0,,,,,,,,,,,,,,,,,,,,,,5,,3,,,,,,,,6,,,,,,,,,,,,,,,,,,,,,,,,,
STD-DB10_2-000773,"배, 돌배",S,국가표준식품성분표,,농진청('11),,과일류,,"배, 돌배",,,,,,,100g,46,87.09999999999999,0.3,0.1,0.2,12.3,-,1.8,3,0.4,17,100,0,0,0,0,0.04,0.02,0.3,-,-,,-,-,-,-,-,-,-,-,,-,-,-,-,-,-,-,-,-,-,-,-,-,-,-,-,-,,-,,,-,-,,-,-,,-,-,-,-,-,-,-,,,-,,,-,,,,,-,,-,,-,-,-,,,-,,,,,,,-,,,,,,,,,,,,,,,,,,,,,,-,,-,,,,,,,,-,,,,,,,,,,,,,,,,,,,,,,,,,
STD-DB10_2-000774,"배, 만풍",S,국가표준식품성분표,,농진청('14),,과일류,,"배, 만풍",,,,,,,100g,44,87.3,0.26,0.04,0.39,11.98,9.85,1.2,1,0.07000000000000001,11,107,0,0,0,0,0.015,0.068,0.138,3.02,0,,0.01,0,0.096,0.042,0,-,0,0,,0.624,0,0,0.03,0.03,0,0.01,0,0,0,0,0,0,0,0,0,6.3,,0,,,0,2.14,,1.41,0.02,,0,0,0,0,0,0,0,,,16.7,,,0.37,,,,,0,,3.11,,0,0,0,,,1.92,,,,,,,0,,,,,,,,,,,,,,,,,,,,,,5,,2,,,,,,,,5,,,,,,,,,,,,,,,,,,,,,,,,,
STD-DB10_2-000775,"배, 백운배",S,국가표준식품성분표,,농진청('10),,과일류,,"배, 백운배",,,,,,,100g,39,88.90000000000001,0.3,0.1,0.3,10.4,-,3.3,4,0.4,11,169,1,0,0,0,0.07000000000000001,0.03,0.5,6,-,,-,-,-,-,-,-,-,-,,-,-,-,-,-,-,-,-,-,-,-,-,-,-,-,-,-,,-,,,-,-,,-,-,,-,-,-,-,-,-,-,,,-,,,-,,,,,-,,-,,-,-,-,,,-,,,,,,,-,,,,,,,,,,,,,,,,,,,,,,-,,-,,,,,,,,-,,,,,,,,,,,,,,,,,,,,,,,,,
STD-DB10_2-000776,"배, 신고",S,국가표준식품성분표,,농진청('14),,과일류,,"배, 신고",,,,,,,100g,46,87,0.3,0.04,0.31,12.4,9.81,1.3,1,0.05,12,128,0,0,0,0,0.016,0.049,0.147,2.76,0,,0.01,0,0.079,0.068,0,-,0,0,,0,0,0,0.01,0.01,0,0,0,0,0,0,0,0,0,0,0,4.86,,0,,,0,0.51,,4.44,0.02,,0,0,0,0,0,0,0,,,18.27,,,0.34,,,,,0,,1.16,,0,0,0,,,2.2,,,,,,,0,,,,,,,,,,,,,,,,,,,,,,5,,2,,,,,,,,6,,,,,,,,,,,,,,,,,,,,,,,,,
STD-DB10_2-000777,"배, 원황",S,국가표준식품성분표,,농진청('14),,과일류,,"배, 원황",,,,,,,100g,46,86.5,0.29,0.04,0.88,12.34,5.23,0.8,2,0.07000000000000001,14,138,0,0,0,0,0.036,0.07199999999999999,0.133,2.16,0,,0.01,0,0.091,0.042,0,-,0,0,,0.101,0,0,0.01,0.01,0,0.01,0,0,0,0,0,0,0,0,0,3.34,,0,,,0,1.89,,0,0.03,,0,0,0,0,0,0,0,,,19.41,,,0.48,,,,,0,,2.89,,0,0,0,,,1.75,,,,,,,0,,,,,,,,,,,,,,,,,,,,,,6,,5,,,,,,,,8,,,,,,,,,,,,,,,,,,,,,,,,,
STD-DB10_2-000778,"배, 장심랑",S,국가표준식품성분표,,국('87),,과일류,,"배, 장심랑",,,,,,,100g,35,90.40000000000001,0.4,0.3,0.4,8.6,-,-,5,0.3,12,111,4,0,0,0,0.02,0.01,0.3,4,-,,-,-,-,-,-,-,-,-,,-,-,-,-,-,-,-,-,-,-,-,-,-,-,-,-,-,,-,,,-,-,,-,-,,-,-,-,-,-,-,-,,,-,,,-,,,,,-,,-,,-,-,-,,,-,,,,,,,-,,,,,,,,,,,,,,,,,,,,,,-,,-,,,,,,,,-,,,,,,,,,,,,,,,,,,,,,,,,,
STD-DB10_2-000779,"배, 수입산",S,국가표준식품성분표,,JAPAN('20),,과일류,,"배, 수입산",,,,,,,100g,49,86.8,0.2,0.1,0.2,12.7,-,1.4,2,0.1,8,140,1,0,0,-,0.02,0.01,0.2,6,(0),,(0.01),-,-,-,-,0.02,(0),6,,0.14,-,-,0.2,0.2,Tr,0,0,-,-,-,-,-,-,-,-,-,,-,,,-,-,,-,(0.04),,(Tr),-,-,-,(0),(0),-,,,(23),,,-,,,,,(0),,(Tr),,-,-,(0),,,-,,,,,,,-,,,,,,,,,,,,,,,,,,,,,,(3.4),,(5.9),,,,,,,,(4.4),,,,,,,,,,,,,,,,,,,,,,,,,
STD-DB10_2-000780,배즙,S,국가표준식품성분표,,농진청('20),,과일류,,배즙,,,,,,,100g,38,89.2,0.23,0,0.25,10.33,8.1,0,2,0.06,12,63,2,0,0,0,0.046,0.008999999999999999,0.23,0,0,,0,0,-,-,0.1,0.001,0,0,,0.134,0,0,0,0,0,0,0,0,0,0,0,0,0,0,0,5.2,,0,,,0,0.62,,2.28,0,,0,0,0,0,0,0,0,,,0,,,0,,,,,0,,0,,0,0,0,,,0,,,,,,,0,,,,,,,,,,,,,,,,,,,,,,4,,4,,,,,,,,3,,,,,,,,,,,,,,,,,,,,,,,,,
STD-DB10_2-000781,"백향과(패션프루트), 씨 포함",S,국가표준식품성분표,,농진청('13),,과일류,,"백향과(패션프루트), 씨 포함",,,,,,,100g,100,73.59999999999999,1.68,1.55,0.59,22.58,8.58,6.5,5,0.65,53,248,1,58,0,698,0.031,0.17,0.338,24.29,0,,0.19,0,0.286,0.052,0.22,-,0,83,,0,0,0,0.57,0.42,0,0.16,0.05,0.45,0,0.27,0.62,0,0,0,0,2.63,,0,,,0,3.41,,2.54,1.3,,1.5,0,0,0,0,0,0,,,1049.25,,,20.12,,,,,0,,35.57,,0.58,0,0,,,178.84,,,,,,,0,,,,,,,,,,,,,,,,,,,,,,70,,93,,,,,,,,48,,,,,,,,,,,,,,,,,,,,,,,,,
STD-DB10_2-000782,버찌,S,국가표준식품성분표,,농진청('10),,과일류,,버찌,,,,,,,100g,60,82.59999999999999,1.7,0.1,0.7,14.9,-,-,22,1,49,350,1,2,0,22,0.09,0.09,0.6,10,-,,-,-,-,-,-,-,-,-,,-,-,-,-,-,-,-,-,-,-,-,-,-,-,-,-,-,,-,,,-,-,,-,-,,-,-,-,-,-,-,-,,,-,,,-,,,,,-,,-,,-,-,-,,,-,,,,,,,-,,,,,,,,,,,,,,,,,,,,,,-,,-,,,,,,,,-,,,,,,,,,,,,,,,,,,,,,,,,,
STD-DB10_2-000783,"보리밥 열매, 말린것",S,국가표준식품성분표,,농진청('86),,과일류,,"보리밥 열매, 말린것",,,,,,,100g,354,9.800000000000001,18.5,1.3,1.9,68.5,-,-,3,0.5,382,-,-,2,0,27,0.07000000000000001,0.07000000000000001,4.7,0,-,,-,-,-,-,-,-,-,-,,-,-,-,-,-,-,-,-,-,-,-,-,-,-,-,-,-,,-,,,-,-,,-,-,,-,-,-,-,-,-,-,,,-,,,-,,,,,-,,-,,-,-,-,,,-,,,,,,,-,,,,,,,,,,,,,,,,,,,,,,-,,-,,,,,,,,-,,,,,,,,,,,,,,,,,,,,,,,,,
STD-DB10_2-000784,복분자,S,국가표준식품성분표,,농진청('17),,과일류,,복분자,,,,,,,100g,88,77.59999999999999,1.52,2.2,0.68,17.96,8.06,-,59,1.66,46,311,4,0,0,0,0.55,0.14,0.294,3.05,-,,0.06,0,0,0.294,0.3,-,-,25,,0.701,-,-,1.84,1.43,0.37,2.02,0.86,0,0,0,0,0,0,0,0,4.44,,0,,,0,0,,3.63,0.8,,0,2.75,0,0,0,0,4.32,,,440.44,,,5.58,,,,,0,,268.62,,-,0,0,,,73.72,,,,,,,0,,,,,,,,,,,,,,,,,,,,,,-,,-,,,,,,,,-,,,,,,,,,,,,,,,,,,,,,,,,,
STD-DB10_2-000785,"복숭아, 미숙",S,국가표준식품성분표,,농진청('02),,과일류,,"복숭아, 미숙",,,,,,,100g,48,87,1.8,0.7,0.5,10,-,-,8,0.6,42,217,3,-,-,-,0.08,0.23,1.2,9,-,,-,-,-,-,-,-,-,-,,-,-,-,-,-,-,-,-,-,-,-,-,-,-,-,-,-,,-,,,-,-,,-,-,,-,-,-,-,-,-,-,,,-,,,-,,,,,-,,-,,-,-,-,,,-,,,,,,,-,,,,,,,,,,,,,,,,,,,,,,-,,-,,,,,,,,-,,,,,,,,,,,,,,,,,,,,,,,,,
STD-DB10_2-000786,"복숭아, 백도",S,국가표준식품성분표,,농진청('15),,과일류,,"복숭아, 백도",,,,,,,100g,49,85.8,0.59,0.04,0.47,13.1,9.449999999999999,2.6,4,0.11,24,216,0,0,0,3,0.022,0.023,0.29,2.1,0,,0.02,0,0.277,0.013,0.37,-,0,0,,0.094,0,0,0.41,0.41,0,0,0,0,0,0,0,0,0,0,0,3.96,,0,,,0,1.21,,4.28,0.02,,0,0,0,0,0,0,0,,,10.65,,,0.9399999999999999,,,,,0,,8.68,,0,0,0,,,2.91,,,,,,,0,,,,,,,,,,,,,,,,,,,,,,12,,19,,,,,,,,11,,,,,,,,,,,,,,,,,,,,,,,,,
STD-DB10_2-000787,"복숭아, 천도",S,국가표준식품성분표,,농진청('15),,과일류,,"복숭아, 천도",,,,,,,100g,32,90.7,0.93,0.05,0.47,7.85,4.67,3.8,6,0.19,21,231,0,8,0,94,0.028,0.018,0.215,1.69,0,,0.02,0,0.215,0,0.58,-,0,21,,0.172,0,0,0.99,0.99,0,0,0,0,0,0,0,0,0,0,0,2.33,,0,,,0,0,,2.34,0.03,,0,0,0,0,0,0,0,,,17.72,,,1.02,,,,,0,,5.63,,0,0,0,,,4.1,,,,,,,0,,,,,,,,,,,,,,,,,,,,,,18,,24,,,,,,,,13,,,,,,,,,,,,,,,,,,,,,,,,,
STD-DB10_2-000788,"복숭아, 천중도",S,국가표준식품성분표,,농진청('16),,과일류,,"복숭아, 천중도",,,,,,,100g,49,86.8,0.74,0.79,0.49,11.18,10.21,-,1,0.19,21,238,0,0,0,0,0.135,0.012,0.092,4.66,-,,0.01,0,0,0.092,0.11,-,0,1,,0,-,-,0.2,0.13,0.13,0,0,0,0,0,0,-,-,-,0,1.1,,0,,,0,7.9,,1.2,0.02,,0,0,0,0,0,0,0,,,15.77,,,1.25,,,,,0,,5.39,,0,0,0,,,0.9,,,,,,,0,,,,,,,,,,,,,,,,,,,,,,12,,22,,,,,,,,12,,,,,,,,,,,,,,,,,,,,,,,,,
STD-DB10_2-000789,"복숭아, 황도",S,국가표준식품성분표,,농진청('15),,과일류,,"복숭아, 황도",,,,,,,100g,49,86.09999999999999,0.4,0.04,0.43,13.03,9.289999999999999,4.3,5,0.09,20,188,2,9,0,105,0.018,0.022,0.233,1.67,0,,0.02,0,0.215,0.018,0.44,-,0,0,,0.137,0,0,0.54,0.54,0,0,0,0,0,0,0,0,0,0,0,4,,0,,,0,1.09,,4.2,0.02,,0,0,0,0,0,0,0,,,10.75,,,0.75,,,,,0,,6.26,,0,0,0,,,2.33,,,,,,,0,,,,,,,,,,,,,,,,,,,,,,11,,14,,,,,,,,9,,,,,,,,,,,,,,,,,,,,,,,,,
STD-DB10_2-000790,"복숭아, 당절임",S,국가표준식품성분표,,농진청('96),,과일류,,"복숭아, 당절임",,,,,,,100g,311,21.5,2.6,0.1,0.8,75,-,-,5,1.2,60,1238,51,0,0,-,0.06,0.14,0.5,0,-,,-,-,-,-,-,-,-,-,,-,-,-,-,-,-,-,-,-,-,-,-,-,-,-,-,-,,-,,,-,-,,-,-,,-,-,-,-,-,-,-,,,-,,,-,,,,,-,,-,,-,-,-,,,-,,,,,,,-,,,,,,,,,,,,,,,,,,,,,,-,,-,,,,,,,,-,,,,,,,,,,,,,,,,,,,,,,,,,
STD-DB10_2-000791,"복숭아, 넥타",S,국가표준식품성분표,,농진청('15),,과일류,,"복숭아, 넥타",,,,,,,100g,54,86.5,0.29,0.03,0.16,13.02,9.92,2.4,9,0.15,7,77,4,7,0,81,0.016,0.016,0.07199999999999999,15.45,0,,0.01,0,0.008,0.064,0,-,0,0,,0.185,0,0,0.44,0.44,0,0,0,0,0,0,0,0,0,0,0,3.51,,0,,,0,1.75,,4.66,0.01,,0,0,0,0,0,0,0,,,6.78,,,0.33,,,,,0,,4.76,,0,0,0,,,2.35,,,,,,,0,,,,,,,,,,,,,,,,,,,,,,6,,10,,,,,,,,5,,,,,,,,,,,,,,,,,,,,,,,,,
STD-DB10_2-000792,"복숭아, 잼",S,국가표준식품성분표,,농진청('15),,과일류,,"복숭아, 잼",,,,,,,100g,211,47,0.66,0.03,0.33,51.98,43.37,9.9,8,0.14,16,155,8,15,0,183,0,0.056,0.47,0,0,,0.01,0,0.403,0.067,0,-,0,7,,0.068,0,0,0.47,0.3,0,0,0,0.58,0,0,0,0,0,0,0,12.14,,0,,,0,14.52,,16.71,0.01,,0,0,0,0,0,0,0,,,13.59,,,0,,,,,0,,0,,0,0,0,,,0,,,,,,,0,,,,,,,,,,,,,,,,,,,,,,11,,20,,,,,,,,12,,,,,,,,,,,,,,,,,,,,,,,,,
STD-DB10_2-000793,블랙베리,S,국가표준식품성분표,,농진청('16),,과일류,,블랙베리,,,,,,,100g,43,89.2,0.67,1.13,0.31,8.69,5.76,7,21,0.47,19,139,0,8,0,100,0.064,0.013,0.13,5.23,-,,0.05,0,0.078,0.051,0.64,-,0,11,,0,-,-,0.31,0.31,0,0,0,0,0,0,0,38.32,38.32,0,0,3.09,,0,,,0,0,,2.66,0.36,,1.2,0,0,0,0,0,0,,,242.32,,,3.18,,,,,0,,67.54000000000001,,0,0,0,,,48.48,,,,,,,0,,,,,,,,,,,,,,,,,,,,,,41,,51,,,,,,,,29,,,,,,,,,,,,,,,,,,,,,,,,,
STD-DB10_2-000794,블랙커런트,S,국가표준식품성분표,,USDA('18),,과일류,,블랙커런트,,,,,,,100g,63,81.95999999999999,1.4,0.41,0.86,15.38,-,-,55,1.54,59,322,2,0,0,-,0.05,0.05,0.3,181,-,,0.034,0,-,-,-,0.066,0,-,,0.398,-,-,1,1,-,-,-,-,-,-,-,-,-,-,-,-,,-,,,-,-,,-,0.237,,-,-,-,-,-,-,-,,,-,,,-,,,,,-,,-,,-,-,-,,,-,,,,,,,-,,,,,,,,,,,,,,,,,,,,,,-,,-,,,,,,,,-,,,,,,,,,,,,,,,,,,,,,,,,,
STD-DB10_2-000795,블루베리,S,국가표준식품성분표,,농진청('20),,과일류,,블루베리,,,,,,,100g,43,88.09999999999999,0.5,0.12,0.16,11.11,7.86,2.4,9,0.23,12,70,0,2,0,26,0.017,0.014,0.233,6.9,0,,0.02,0,0.014,0.219,3.36,0.014,0,11,,0.177,0,0,0.76,0.72,0,0.38,0,0,0,0.06,0,25.9,25.9,0,0,3.76,,0,,,0,0.08,,4.02,0.07000000000000001,,0,0,0,0,0,0,0,,,37.86,,,0.78,,,,,0,,19.66,,0,0,0,,,13.9,,,,,,,0,,,,,,,,,,,,,,,,,,,,,,28,,36,,,,,,,,18,,,,,,,,,,,,,,,,,,,,,,,,,
STD-DB10_2-000796,"블루베리, 말린것",S,국가표준식품성분표,,농진청('16),,과일류,,"블루베리, 말린것",,,,,,,100g,325,9.5,4.45,1.11,1.37,83.56999999999999,48.28,18.8,35,3.04,98,585,3,12,0,138,0.193,0.309,1.716,0.33,0,,0.19,0.02,0.044,1.672,0,-,0,24,,0,0,0,4.41,4.36,0,0.5,0,0,0,0.37,0,43.89,43.89,0,0,24.27,,0,,,0,0.32,,23.69,0.86,,20.72,0,0,0,0,0,0,,,400.34,,,10.48,,,,,0,,302.33,,0,0,0,,,122.13,,,,,,,0,,,,,,,,,,,,,,,,,,,,,,181,,229,,,,,,,,126,,,,,,,,,,,,,,,,,,,,,,,,,
STD-DB10_2-000797,"블루베리, 냉동",S,국가표준식품성분표,,농진청('15),,과일류,,"블루베리, 냉동",,,,,,,100g,41,88.7,0.8100000000000001,0.26,0.16,10.07,6.64,2.7,7,0.28,11,75,6,4,0,48,0.051,0.039,0.776,3.83,0,,0.02,0,0,0.776,0,-,0,6,,0.144,0,0,0.46,0.43,0,0.27,0,0,0,0.12,0,0,0,0,0,3.27,,0,,,0,0,,3.37,0.23,,0,0,0,0,0,0,0,,,116.85,,,0,,,,,0,,74.81999999999999,,0,0,0,,,41.66,,,,,,,0,,,,,,,,,,,,,,,,,,,,,,20,,30,,,,,,,,16,,,,,,,,,,,,,,,,,,,,,,,,,
STD-DB10_2-000798,"블루베리, 잼",S,국가표준식품성분표,,농진청('15),,과일류,,"블루베리, 잼",,,,,,,100g,283,29.4,0.21,0.11,0.06,70.22,44.44,2.9,7,0.07000000000000001,4,23,13,0,0,2,0.045,0.055,0.357,0,0,,0.03,0,0.146,0.211,0,-,0,10,,-,0,0,0.12,0.12,0,0,0,0,0,0,0,0,0,0,0,0,,0,,,0,31.05,,13.39,0.07000000000000001,,0,0,0,0,0,0,0,,,33.92,,,0,,,,,0,,36.76,,0,0,0,,,0,,,,,,,0,,,,,,,,,,,,,,,,,,,,,,7,,10,,,,,,,,5,,,,,,,,,,,,,,,,,,,,,,,,,
STD-DB10_2-000799,비파,S,국가표준식품성분표,,농진청('16),,과일류,,비파,,,,,,,100g,45,87.2,0.29,0.2,0.36,11.95,10.8,-,15,0.05,6,167,0,11,0,129,0.066,0.007,0.08400000000000001,7.49,-,,0.02,0,0,0.08400000000000001,0,-,0,4,,0.237,-,-,0,0,0,0,0,0,0,0,0,0,0,0,0,4.78,,0,,,0,2.06,,3.95,0.03,,0,0,0,0,0,0,0,,,19.41,,,0,,,,,0,,5.53,,0,0,0,,,10.5,,,,,,,0,,,,,,,,,,,,,,,,,,,,,,17,,29,,,,,,,,15,,,,,,,,,,,,,,,,,,,,,,,,,
STD-DB10_2-000800,사과,S,국가표준식품성분표,,농진청('20),,과일류,,사과,,,,,,,100g,52,85.5,0.26,0.07000000000000001,0.22,13.96,10.62,1.8,3,0.11,10,116,0,1,0,10,0.017,0.011,0.3,2.03,0,,0.01,0,0.008999999999999999,0.291,0.13,0.028,0,4,,0.038,0,0,0,0,0,0,0,0,0,0,0,0,0,0,0,5.57,,0,,,0,2.93,,2.12,0.02,,0,0,0,0,0,0,0,,,19.24,,,0.52,,,,,0,,1.7,,0,0,0,,,2.6,,,,,,,0,,,,,,,,,,,,,,,,,,,,,,7,,11,,,,,,,,12,,,,,,,,,,,,,,,,,,,,,,,,,
STD-DB10_2-000801,"사과, 감홍",S,국가표준식품성분표,,농진청('20),,과일류,,"사과, 감홍",,,,,,,100g,51,85.59999999999999,0.34,0.08,0.25,13.74,11.37,1.6,4,0.11,10,124,0,1,0,10,0.017,0.012,0.24,3.03,0,,0.02,0,0,0.24,0.26,0.025,0,4,,0.08,0,0,0,0,0,0,0,0,0,0,0,0,0,0,0,5.41,,0,,,0,3.21,,2.75,0.03,,0,0,0,0,0,0,0,,,23.42,,,1.36,,,,,0,,1.38,,0,0,0,,,3.51,,,,,,,0,,,,,,,,,,,,,,,,,,,,,,7,,11,,,,,,,,12,,,,,,,,,,,,,,,,,,,,,,,,,
STD-DB10_2-000802,"사과, 부사",S,국가표준식품성분표,,농진청('16),,과일류,,"사과, 부사",,,,,,,100g,53,85.2,0.2,0.07000000000000001,0.21,14.28,11.13,1.7,4,0.1,11,107,0,1,0,9,0.017,0.019,0.388,1.41,0,,0.01,0,0.003,0.385,0,-,0,3,,0,0,0,0,0,0,0,0,0,0,0,0,0,0,0,0,6.37,,0,,,0,2.15,,2.62,0.02,,0,0,0,0,0,0,0,,,14.92,,,0,,,,,0,,1.09,,0,0,0,,,1.58,,,,,,,0,,,,,,,,,,,,,,,,,,,,,,7,,10,,,,,,,,6,,,,,,,,,,,,,,,,,,,,,,,,,
STD-DB10_2-000803,"사과, 양광",S,국가표준식품성분표,,농진청('20),,과일류,,"사과, 양광",,,,,,,100g,47,86.7,0.29,0.1,0.24,12.68,9.26,1.3,2,0.11,10,119,0,1,0,10,0.017,0.008999999999999999,0.253,2.44,0,,0.01,0,0,0.253,0.27,0.03,0,8,,0.07099999999999999,0,0,0,0,0,0,0,0,0,0,0,0,0,0,0,4.88,,0,,,0,3.1,,1.28,0.02,,0,0,0,0,0,0,0,,,23.25,,,0,,,,,0,,0,,0,0,0,,,0,,,,,,,0,,,,,,,,,,,,,,,,,,,,,,7,,11,,,,,,,,12,,,,,,,,,,,,,,,,,,,,,,,,,
STD-DB10_2-000804,"사과, 홍옥",S,국가표준식품성분표,,농진청('16),,과일류,,"사과, 홍옥",,,,,,,100g,58,84.40000000000001,0.21,0.04,0.18,15.16,10.73,1.3,3,0.12,9,115,0,1,0,11,0.017,0.025,0.318,1.23,0,,0.02,0,0.031,0.287,0,-,0,0,,0,0,0,0,0,0,0,0,0,0,0,0,0,0,0,0,5.62,,0,,,0,3.27,,1.85,0.03,,0,0,0,0,0,0,0,,,15.37,,,0.7,,,,,0,,4.32,,0,0,0,,,5.32,,,,,,,0,,,,,,,,,,,,,,,,,,,,,,7,,12,,,,,,,,17,,,,,,,,,,,,,,,,,,,,,,,,,
STD-DB10_2-000805,"사과, 아오리",S,국가표준식품성분표,,농진청('13),,과일류,,"사과, 아오리",,,,,,,100g,52,85.2,0.27,0.04,0.33,14.16,8.85,2,2,0.12,9,108,0,1,0,10,0.033,0.032,0.095,-,0,,0.01,0,0.01,0.08500000000000001,0,-,0,10,,0,0,0,0.06,0.06,0,0,0,0,0,0,0,0,0,0,0,4.69,,0,,,0,2.52,,1.64,0.02,,0,0,0,0,0,0,0,,,16.62,,,0,,,,,0,,4.46,,0,0,0,,,1.14,,,,,,,0,,,,,,,,,,,,,,,,,,,,,,6,,8,,,,,,,,4,,,,,,,,,,,,,,,,,,,,,,,,,
STD-DB10_2-000806,"사과, 동결건조",S,국가표준식품성분표,,농진청('19),,과일류,,"사과, 동결건조",,,,,,,100g,332,8.1,1.86,1.94,2.29,85.87,67.3,9.5,24,0.6899999999999999,77,820,0,0,0,0,0,0.052,0.137,15.63,0,,0.06,0,0.04,0.097,1.74,0.058,0,25,,0.181,0,0,0.82,0.82,0,0,0,0,0,0,0,0,0,0,0,35.29,,0,,,0,18.57,,13.45,0.15,,0,0,0,0,0,0,0,,,115.83,,,0,,,,,0,,16.02,,0,0,0,,,17.49,,,,,,,0,,,,,,,,,,,,,,,,,,,,,,65,,69,,,,,,,,48,,,,,,,,,,,,,,,,,,,,,,,,,
STD-DB10_2-000807,"사과, 잼",S,국가표준식품성분표,,농진청('19),,과일류,,"사과, 잼",,,,,,,100g,249,37.7,0.18,0.09,0.17,61.9,52.88,1.4,7,0,13,27,7,0,0,0,0.008999999999999999,0.004,0,51.04,0,,0,0,0,0,0.08,0.006,0,0,,0,0,0,0,0,0,0,0,0,0,0,0,0,0,0,0,6.84,,1.71,,,0,42.99,,1.33,0,,0,0,0,0,0,0,0,,,0,,,0,,,,,0,,0,,0,0,0,,,0,,,,,,,0,,,,,,,,,,,,,,,,,,,,,,26,,3,,,,,,,,5,,,,,,,,,,,,,,,,,,,,,,,,,
STD-DB10_2-000808,산딸기,S,국가표준식품성분표,,농진청('15),,과일류,,산딸기,,,,,,,100g,55,84.5,1.35,0.22,0.38,13.55,7.8,6.9,29,0.34,33,154,0,4,0,52,0.091,0.059,0.432,9.84,0,,0.04,0,0.432,0,0,-,0,17,,0.485,0,0,0.55,0,0.93,0.85,0,0,0,0,0,0,0,0,0,3.83,,0,,,0,0,,3.97,0.17,,0,0,0,0,0,0,0,,,128.21,,,0,,,,,0,,32.92,,0,0,0,,,11.76,,,,,,,0,,,,,,,,,,,,,,,,,,,,,,40,,49,,,,,,,,29,,,,,,,,,,,,,,,,,,,,,,,,,
STD-DB10_2-000809,"산수유, 열매",S,국가표준식품성분표,,농진청('15),,과일류,,"산수유, 열매",,,,,,,100g,112,71.2,0.87,2.82,1.28,23.83,10.33,7.1,63,0.35,34,621,3,2,0,20,0.371,0.09,3.083,72.15000000000001,-,,0.03,0,2.684,0.4,3.87,-,0,22,,0,-,-,3.96,3.88,0.12,0.21,0.06,0,0,0,0,10.23,10.23,0,0,5.27,,0.14,,,0,0.21,,4.71,0.08,,0,0,0,0,0,0,0,,,49.16,,,0,,,,,0,,22.95,,0,0,0,,,7.64,,,,,,,0,,,,,,,,,,,,,,,,,,,,,,45,,45,,,,,,,,25,,,,,,,,,,,,,,,,,,,,,,,,,
STD-DB10_2-000810,"산수유, 과육, 말린것",S,국가표준식품성분표,,농진청('05),,과일류,,"산수유, 과육, 말린것",,,,,,,100g,292,14.8,3.6,0.5,4.5,76.59999999999999,-,-,209,6.2,108,2345,7,0,0,0,0.14,0.77,0.9,45,-,,-,-,-,-,-,-,-,-,,-,-,-,-,-,-,-,-,-,-,-,-,-,-,-,-,-,,-,,,-,-,,-,-,,-,-,-,-,-,-,-,,,-,,,-,,,,,-,,-,,-,-,-,,,-,,,,,,,-,,,,,,,,,,,,,,,,,,,,,,-,,-,,,,,,,,-,,,,,,,,,,,,,,,,,,,,,,,,,
STD-DB10_2-000811,살구,S,국가표준식품성분표,,농진청('13),,과일류,,살구,,,,,,,100g,30,90.90000000000001,1.2,0.05,0.73,7.12,7.39,1.9,15,0.45,22,249,1,190,0,2280,0.078,0.032,0.157,-,0,,0.02,0,0.046,0.111,2.37,-,0,0,,0,0,0,0.14,0.12,0.03,0.03,0,0,0,0,0,8.08,8.08,0,0,2.12,,0,,,0,3.13,,2.14,0.02,,0,0,0,0,0,0,0,,,13.59,,,1.02,,,,,0,,9.539999999999999,,0,0,1.46,,,1.61,,,,,,,0,,,,,,,,,,,,,,,,,,,,,,12,,24,,,,,,,,15,,,,,,,,,,,,,,,,,,,,,,,,,
STD-DB10_2-000812,"살구, 말린것",S,국가표준식품성분표,,농진청('19),,과일류,,"살구, 말린것",,,,,,,100g,258,25.7,2.97,0.24,2.81,68.31999999999999,34.61,9.4,80,3.02,78,1236,2,139,0,1669,0,0.041,3.463,0,0,,0.05,0,0.147,3.316,0,0.133,0,9,,0.306,0,0,2.47,2.45,0.05,0,0,0,0,0,0,0,0,0,0,11.58,,0,,,0,6.45,,16.59,0.12,,0,0,0,0,0,0,0,,,59.52,,,0,,,,,0,,58.43,,0,0,0,,,0,,,,,,,0,,,,,,,,,,,,,,,,,,,,,,67,,100,,,,,,,,60,,,,,,,,,,,,,,,,,,,,,,,,,
STD-DB10_2-000813,"살구, 넥타",S,국가표준식품성분표,,농진청('96),,과일류,,"살구, 넥타",,,,,,,100g,41,89.7,0.2,0.1,0.1,9.9,-,-,2,0.5,15,29,1,58,0,690,0.02,0.01,0.2,1,-,,-,-,-,-,-,-,-,-,,-,-,-,-,-,-,-,-,-,-,-,-,-,-,-,-,-,,-,,,-,-,,-,-,,-,-,-,-,-,-,-,,,-,,,-,,,,,-,,-,,-,-,-,,,-,,,,,,,-,,,,,,,,,,,,,,,,,,,,,,-,,-,,,,,,,,-,,,,,,,,,,,,,,,,,,,,,,,,,
STD-DB10_2-000814,"살구, 잼",S,국가표준식품성분표,,농진청('15),,과일류,,"살구, 잼",,,,,,,100g,304,24,0.46,0.03,0.15,75.36,56.06,2.8,6,0.21,3,60,4,28,0,340,0,0.012,0.415,23.11,0,,0.01,0,0.4,0.015,0,-,0,6,,0.026,0,0,0.26,0.1,0,0,0,0.53,0,0,0,0,0,0,0,20.96,,0,,,0,7.9,,27.2,0.01,,0,0,0,0,0,0,0,,,9.039999999999999,,,0,,,,,0,,0,,0,0,0,,,0,,,,,,,0,,,,,,,,,,,,,,,,,,,,,,8,,16,,,,,,,,8,,,,,,,,,,,,,,,,,,,,,,,,,
STD-DB10_2-000815,석류,S,국가표준식품성분표,,농진청('15),,과일류,,석류,,,,,,,100g,77,78.3,0.29,0.2,0.5,20.71,9.94,5.8,6,0.26,39,242,1,0,0,3,0.101,0.022,0.395,7.08,0,,0.05,0,0.041,0.354,0,-,0,34,,0.39,0,0,0.33,0.09,0,2.4,0.09,0,0,0,0,0,0,0,0,5.07,,0,,,0,0,,4.87,0.14,,3.99,0,0,0,0,0,0,,,78.75,,,5.6,,,,,0,,2.69,,0,0,0,,,45.55,,,,,,,0,,,,,,,,,,,,,,,,,,,,,,20,,16,,,,,,,,11,,,,,,,,,,,,,,,,,,,,,,,,,
STD-DB10_2-000816,소귀나무 열매,S,국가표준식품성분표,,농진청('95),,과일류,,소귀나무 열매,,,,,,,100g,24,93.7,0.8,0.6,0.3,4.6,-,-,3,0.9,58,47,23,1,0,10,0.13,0.26,0.4,7,-,,-,-,-,-,-,-,-,-,,-,-,-,-,-,-,-,-,-,-,-,-,-,-,-,-,-,,-,,,-,-,,-,-,,-,-,-,-,-,-,-,,,-,,,-,,,,,-,,-,,-,-,-,,,-,,,,,,,-,,,,,,,,,,,,,,,,,,,,,,-,,-,,,,,,,,-,,,,,,,,,,,,,,,,,,,,,,,,,
STD-DB10_2-000817,"수박, 적육질",S,국가표준식품성분표,,농진청('13),,과일류,,"수박, 적육질",,,,,,,100g,31,91.09999999999999,0.79,0.05,0.23,7.83,5.06,0.2,6,0.18,12,109,0,71,0,853,0.024,0.03,0.285,-,0,,0.02,0,0.272,0.013,0,-,0,0,,0.535,0,0,0.04,0.04,0,0,0,0,0,0,0,0,0,0,0,2.16,,0,,,0,2.43,,0.47,0.04,,0,0,0,0,0,0,0,,,13.86,,,0.64,,,,,0,,2.93,,0,0,0,,,18.05,,,,,,,0,,,,,,,,,,,,,,,,,,,,,,9,,15,,,,,,,,16,,,,,,,,,,,,,,,,,,,,,,,,,
STD-DB10_2-000818,"수박, 황육질",S,국가표준식품성분표,,농진청('14),,과일류,,"수박, 황육질",,,,,,,100g,36,89.8,0.65,0.05,0.24,9.26,5.53,0.7,4,0.2,9,116,1,8,0,100,0.008999999999999999,0.038,0.415,3.1,0,,0.02,0,0.415,0,0,-,0,8,,0,0,0,0.03,0.03,0,0.02,0,0,0,0,0,0,0,0,1.9,2.67,,0,,,0,0,,0.96,0.03,,0,0,0,0,0,0,0,,,13.84,,,1.31,,,,,0,,2.48,,0,0,0,,,10.75,,,,,,,0,,,,,,,,,,,,,,,,,,,,,,11,,18,,,,,,,,18,,,,,,,,,,,,,,,,,,,,,,,,,
STD-DB10_2-000819,"애플수박, S-비너스",S,국가표준식품성분표,,농진청('16),,과일류,,"애플수박, S-비너스",,,,,,,100g,40,89.59999999999999,0.9399999999999999,0.8100000000000001,0.26,8.390000000000001,6.23,-,0,0.19,9,117,0,91,0,1090,0.174,0.017,0.171,3.02,-,,0.02,0,0.032,0.139,0.28,-,0,3,,0.343,-,-,0,0,0,0,0,0,0,0,0,-,-,-,0,2.28,,0,,,0,2.9,,1.06,0.06,,0,0,0,0,0,0,0,,,21.69,,,1.36,,,,,0,,4.35,,0,0,0,,,28.57,,,,,,,0,,,,,,,,,,,,,,,,,,,,,,27,,41,,,,,,,,38,,,,,,,,,,,,,,,,,,,,,,,,,
STD-DB10_2-000820,산자나무 열매(씨벅톤),S,국가표준식품성분표,,농진청('96),,과일류,,산자나무 열매(씨벅톤),,,,,,,100g,70,85,1,3.8,0.5,9.699999999999999,-,-,6,2.8,13,239,20,0,0,-,0.1,0.07000000000000001,0.8,91,-,,-,-,-,-,-,-,-,-,,-,-,-,-,-,-,-,-,-,-,-,-,-,-,-,-,-,,-,,,-,-,,-,-,,-,-,-,-,-,-,-,,,-,,,-,,,,,-,,-,,-,-,-,,,-,,,,,,,-,,,,,,,,,,,,,,,,,,,,,,-,,-,,,,,,,,-,,,,,,,,,,,,,,,,,,,,,,,,,
STD-DB10_2-000821,아떼모야,S,국가표준식품성분표,,농진청('09),,과일류,,아떼모야,,,,,,,100g,73,79.40000000000001,1.2,0.1,0.3,19,-,-,11,0.2,21,308,2,0,0,2,0.13,0.1,0.7,10,-,,-,-,-,-,-,-,-,-,,-,-,-,-,-,-,-,-,-,-,-,-,-,-,-,-,-,,-,,,-,-,,-,-,,-,-,-,-,-,-,-,,,-,,,-,,,,,-,,-,,-,-,-,,,-,,,,,,,-,,,,,,,,,,,,,,,,,,,,,,-,,-,,,,,,,,-,,,,,,,,,,,,,,,,,,,,,,,,,
STD-DB10_2-000822,"아로니아, 네로",S,국가표준식품성분표,,농진청('15),,과일류,,"아로니아, 네로",,,,,,,100g,60,83.09999999999999,0.82,0.21,0.46,15.41,4.49,7.1,33,0.37,21,185,0,59,0,712,0,0.187,0.5600000000000001,2.63,0,,0.04,0,0,0.5600000000000001,0,-,0,0,,0,0,0,1.56,1.44,0.24,0,0,0,0,0,0,0,0,0,0,2.03,,0,,,0,0,,2.46,0.17,,0,0,0,0,0,0,0,,,121.78,,,1.69,,,,,0,,13.54,,0,0,0,,,30.6,,,,,,,0,,,,,,,,,,,,,,,,,,,,,,43,,51,,,,,,,,28,,,,,,,,,,,,,,,,,,,,,,,,,
STD-DB10_2-000823,"아로니아, 바이킹, 냉동",S,국가표준식품성분표,,농진청('15),,과일류,,"아로니아, 바이킹, 냉동",,,,,,,100g,68,80.59999999999999,1.08,0.23,0.64,17.45,4.44,8.9,45,0.5600000000000001,32,232,0,99,0,1183,0,0.165,0.762,3.38,0,,0.04,0,0,0.762,0,-,0,0,,0,0,0,1.37,1.36,0,0.07000000000000001,0,0,0,0,0,0,0,0,0,2.01,,0,,,0,0,,2.43,0.17,,0,0,0,0,0,0,0,,,127.84,,,1.84,,,,,0,,16.63,,0,0,0,,,33,,,,,,,0,,,,,,,,,,,,,,,,,,,,,,41,,49,,,,,,,,28,,,,,,,,,,,,,,,,,,,,,,,,,
STD-DB10_2-000824,아보카도,S,국가표준식품성분표,,USDA('18),,과일류,,아보카도,,,,,,,100g,160,73.23,2,14.66,1.58,8.529999999999999,0.66,6.7,12,0.55,52,485,7,5,0,62,0.067,0.13,1.738,10,0,,2.126,0,-,-,-,0.257,0,81,,1.389,-,-,2.13,2.07,0.05,0.33,0.02,0.01,0,0,0,-,21,-,0.1,0.12,,0,,,0,0.06,,0.37,11.615,,25,15,-,-,0,0,-,,,-,,,-,,,,,-,,111,,0,-,0,,,-,,,,,,,-,,,,,,,,,,,,,,,,,,,,,,104,,143,,,,,,,,84,,,,,,,,,,,,,,,,,,,,,,,,,
STD-DB10_2-000825,"아세로라, 감미종",S,국가표준식품성분표,,JAPAN('20),,과일류,,"아세로라, 감미종",,,,,,,100g,36,89.90000000000001,0.7,0.1,0.3,9,-,1.9,11,0.5,18,130,7,31,0,370,0.03,0.04,0.3,800,(0),,-,-,-,-,-,0,0,45,,0.25,-,-,0.9,0.7,0.1,1.4,0.2,-,-,-,-,-,-,-,-,-,,-,,,-,-,,-,-,,-,-,-,-,-,-,-,,,-,,,-,,,,,-,,-,,-,-,-,,,-,,,,,,,-,,,,,,,,,,,,,,,,,,,,,,-,,-,,,,,,,,-,,,,,,,,,,,,,,,,,,,,,,,,,
STD-DB10_2-000826,앵두,S,국가표준식품성분표,,농진청('08),,과일류,,앵두,,,,,,,100g,61,82.90000000000001,1.1,0.3,0.5,15.2,-,-,23,0.5,30,268,10,0,0,4,0.06,0.04,0.7,17,-,,-,-,-,-,-,-,-,-,,-,-,-,-,-,-,-,-,-,-,-,-,-,-,-,-,-,,-,,,-,-,,-,-,,-,-,-,-,-,-,-,,,-,,,-,,,,,-,,-,,-,-,-,,,-,,,,,,,-,,,,,,,,,,,,,,,,,,,,,,-,,-,,,,,,,,-,,,,,,,,,,,,,,,,,,,,,,,,,
STD-DB10_2-000827,엘더베리,S,국가표준식품성분표,,USDA('18),,과일류,,엘더베리,,,,,,,100g,73,79.8,0.66,0.5,0.64,18.4,-,7,38,1.6,39,280,6,0,0,-,0.07000000000000001,0.06,0.5,36,-,,0.023,0,-,-,-,0.23,0,6,,0.14,-,-,-,-,-,-,-,-,-,-,-,-,-,-,-,-,,-,,,-,-,,-,0.327,,0,-,-,-,0,0,-,,,-,,,-,,,,,-,,-,,-,-,0,,,-,,,,,,,-,,,,,,,,,,,,,,,,,,,,,,36,,60,,,,,,,,27,,,,,,,,,,,,,,,,,,,,,,,,,
STD-DB10_2-000828,오디,S,국가표준식품성분표,,농진청('10),,과일류,,오디,,,,,,,100g,56,84.3,0.8,0.4,0.5,14,-,-,36,0.7,33,272,1,4,0,48,0.11,0.07000000000000001,0.6,28,-,,-,-,-,-,-,-,-,-,,-,-,-,-,-,-,-,-,-,-,-,-,-,-,-,-,-,,-,,,-,-,,-,-,,-,-,-,-,-,-,-,,,-,,,-,,,,,-,,-,,-,-,-,,,-,,,,,,,-,,,,,,,,,,,,,,,,,,,,,,-,,-,,,,,,,,-,,,,,,,,,,,,,,,,,,,,,,,,,
STD-DB10_2-000829,"오디, 재래종",S,국가표준식품성분표,,농진청('93),,과일류,,"오디, 재래종",,,,,,,100g,54,84.2,2.6,0.3,0.9,12,-,-,45,2.3,45,284,16,4,0,50,1.47,0.07000000000000001,0.6,5,-,,-,-,-,-,-,-,-,-,,-,-,-,-,-,-,-,-,-,-,-,-,-,-,-,-,-,,-,,,-,-,,-,-,,-,-,-,-,-,-,-,,,-,,,-,,,,,-,,-,,-,-,-,,,-,,,,,,,-,,,,,,,,,,,,,,,,,,,,,,-,,-,,,,,,,,-,,,,,,,,,,,,,,,,,,,,,,,,,
STD-DB10_2-000830,오렌지,S,국가표준식품성분표,,농진청('20),,과일류,,오렌지,,,,,,,100g,47,86.5,1.15,0.11,0.4,11.86,9.16,1.3,44,0.17,23,152,2,3,0,36,0.134,0.039,0.321,55.9,0,,0.01,0,-,-,0.57,0.037,0,30,,0.288,0,0,0.29,0.29,0,0,0,0,0,0,0,0,0,0,0,2.71,,0,,,0,4.17,,2.28,0.03,,0,0,0,0,0,0,0,,,12.38,,,7.06,,,,,0,,9.25,,0,0,0,,,3.52,,,,,,,0,,,,,,,,,,,,,,,,,,,,,,34,,24,,,,,,,,12,,,,,,,,,,,,,,,,,,,,,,,,,
STD-DB10_2-000831,"오렌지, 네블",S,국가표준식품성분표,,농진청('19),,과일류,,"오렌지, 네블",,,,,,,100g,47,86.8,0.92,0.16,0.3,11.81,9.210000000000001,2.1,36,0.14,20,138,2,1,0,12,0.179,0.031,0.365,50.51,0,,0.02,0,0,0.365,0.76,0.052,0,28,,0.17,0,0,0.21,0.21,0,0,0,0,0,0,0,0,0,0,0,2.58,,0,,,0,4.18,,2.45,0.05,,0,0,0,0,0,0,0,,,18.19,,,9.67,,,,,0,,11.96,,0,0,0,,,4.48,,,,,,,0,,,,,,,,,,,,,,,,,,,,,,20,,20,,,,,,,,6,,,,,,,,,,,,,,,,,,,,,,,,,
STD-DB10_2-000832,"오렌지, 발렌시아",S,국가표준식품성분표,,농진청('20),,과일류,,"오렌지, 발렌시아",,,,,,,100g,48,86.2,1.37,0.05,0.5,11.91,9.109999999999999,0.6,51,0.2,26,166,2,5,0,61,0.08799999999999999,0.045,0.277,61.29,0,,0.01,0,-,-,0.38,0.021,0,33,,0.405,0,0,0.37,0.37,0,0,0,0,0,0,0,0,0,0,0,2.84,,0,,,0,4.15,,2.11,0.02,,0,0,0,0,0,0,0,,,6.57,,,4.44,,,,,0,,6.55,,0,0,0,,,2.55,,,,,,,0,,,,,,,,,,,,,,,,,,,,,,49,,29,,,,,,,,19,,,,,,,,,,,,,,,,,,,,,,,,,
STD-DB10_2-000833,오렌지 마멀레이드,S,국가표준식품성분표,,USDA('18),,과일류,,오렌지 마멀레이드,,,,,,,100g,246,33.2,0.3,0,0.2,66.3,60,0.7,38,0.15,4,37,56,1,0,15,0.005,0.025,0.052,4.8,0,,0,-,-,-,-,0.019,0,9,,0.015,-,-,0.06,0.06,-,-,-,-,-,-,-,-,0,-,-,-,,-,,,-,-,,-,0,,0,-,-,-,0,0,-,,,-,,,-,,,,,-,,-,,-,-,0,,,-,,,,,,,-,,,,,,,,,,,,,,,,,,,,,,30,,7,,,,,,,,8,,,,,,,,,,,,,,,,,,,,,,,,,
STD-DB10_2-000834,오렴자(카람볼라),S,국가표준식품성분표,,JAPAN('20),,과일류,,오렴자(카람볼라),,,,,,,100g,30,91.40000000000001,0.7,0.1,0.3,7.5,-,1.8,5,0.2,10,140,1,5,(0),64,0.03,0.02,0.3,12,(0),,(0.01),-,-,-,-,0.02,0,11,,0.38,-,-,0.3,0.2,0.1,0.2,0.1,-,-,-,-,(0),-,-,-,-,,-,,,-,-,,-,(0.07),,(0),-,-,-,(0),(0),-,,,(48),,,-,,,,,(0),,(8),,-,-,(0),,,-,,,,,,,-,,,,,,,,,,,,,,,,,,,,,,(34),,(52),,,,,,,,(30),,,,,,,,,,,,,,,,,,,,,,,,,
STD-DB10_2-000835,오미자,S,국가표준식품성분표,,농진청('10),,과일류,,오미자,,,,,,,100g,81,80.5,2.1,3.3,1.3,12.8,-,-,21,0.7,57,350,1,1,0,6,0.08,0.04,0.6,0,-,,-,-,-,-,-,-,-,-,,-,-,-,-,-,-,-,-,-,-,-,-,-,-,-,-,-,,-,,,-,-,,-,-,,-,-,-,-,-,-,-,,,-,,,-,,,,,-,,-,,-,-,-,,,-,,,,,,,-,,,,,,,,,,,,,,,,,,,,,,-,,-,,,,,,,,-,,,,,,,,,,,,,,,,,,,,,,,,,
STD-DB10_2-000836,"오미자, 말린것",S,국가표준식품성분표,,농진청('10),,과일류,,"오미자, 말린것",,,,,,,100g,362,11,8.5,13.5,5.7,61.3,-,31.3,59,2.3,216,1362,4,2,0,23,0.19,0.26,1.8,0,-,,-,-,-,-,-,-,-,-,,-,-,-,-,-,-,-,-,-,-,-,-,-,-,-,-,-,,-,,,-,-,,-,-,,-,-,-,-,-,-,-,,,-,,,-,,,,,-,,-,,-,-,-,,,-,,,,,,,-,,,,,,,,,,,,,,,,,,,,,,-,,-,,,,,,,,-,,,,,,,,,,,,,,,,,,,,,,,,,
STD-DB10_2-000837,오미자청,S,국가표준식품성분표,,농진청('18),,과일류,,오미자청,,,,,,,100g,226,43.5,0.14,0.26,0.21,55.87,50.14,-,2,0.03,4,60,0,0,0,0,0,0.101,0.665,1.84,0,,0.01,0,0.54,0.125,0.75,0.005,0,3,,5.832,0,0,0,0,0,0,0,0,0,0,0,0,0,0,0,17.52,,0,,,0,13.74,,18.89,0.01,,0,0,0,0,0,0,0,,,2.97,,,0,,,,,0,,0,,0,0,0,,,3.14,,,,,,,0,,,,,,,,,,,,,,,,,,,,,,2,,0,,,,,,,,0,,,,,,,,,,,,,,,,,,,,,,,,,
STD-DB10_2-000838,"올리브 절임, 미숙, 초록색",S,국가표준식품성분표,,농진청('16),,과일류,,"올리브 절임, 미숙, 초록색",,,,,,,100g,137,76.7,1.09,12.36,4.51,5.34,0,-,151,0.77,8,44,1625,21,0,246,0.095,0,0.489,0.25,0,,2.35,0.01,0.375,0.114,0,-,0,4,,0,0,0,2.92,2.9,0,0.15,0,0,0,0,0,0,0,0,0,0,,0,,,0,0,,0,9.470000000000001,,31.03,0,0,0,0,0,0,,,607.25,,,358,,,,,0,,127.49,,4.64,0,0,,,8180.48,,,,,,,3.72,,,,,,,,,,,,,,,,,,,,,,37,,62,,,,,,,,37,,,,,,,,,,,,,,,,,,,,,,,,,
STD-DB10_2-000839,"올리브 절임, 완숙, 검은색",S,국가표준식품성분표,,JAPAN('20),,과일류,,"올리브 절임, 완숙, 검은색",,,,,,,100g,121,81.59999999999999,0.8,12.3,1.9,3.4,-,2.5,68,0.8,5,10,640,0,0,-,0.05,0.06,0.3,Tr,(0),,2.07,-,-,-,-,0.02,(0),2,,0,-,-,4.7,4.6,0.1,0.1,0,-,-,-,-,(1),-,-,-,-,,-,,,-,-,,-,9.390000000000001,,35,-,-,-,-,-,-,,,570,,,-,,,,,0,,100,,0,-,-,,,-,,,,,,,-,,,,,,,,,,,,,,,,,,,,,,(47),,(48),,,,,,,,(30),,,,,,,,,,,,,,,,,,,,,,,,,
STD-DB10_2-000840,"용과, 백육종",S,국가표준식품성분표,,농진청('09),,과일류,,"용과, 백육종",,,,,,,100g,44,87.90000000000001,1,0.4,0.4,10.3,-,-,6,0.3,29,305,1,1,0,15,0.08,0.03,0.4,7,-,,-,-,-,-,-,-,-,-,,-,-,-,-,-,-,-,-,-,-,-,-,-,-,-,-,-,,-,,,-,-,,-,-,,-,-,-,-,-,-,-,,,-,,,-,,,,,-,,-,,-,-,-,,,-,,,,,,,-,,,,,,,,,,,,,,,,,,,,,,-,,-,,,,,,,,-,,,,,,,,,,,,,,,,,,,,,,,,,
STD-DB10_2-000841,"용과, 적육종",S,국가표준식품성분표,,농진청('09),,과일류,,"용과, 적육종",,,,,,,100g,45,87.3,0.9,0.2,0.4,11.2,-,-,11,0.2,28,232,2,2,0,19,0.08,0.03,0.4,9,-,,-,-,-,-,-,-,-,-,,-,-,-,-,-,-,-,-,-,-,-,-,-,-,-,-,-,,-,,,-,-,,-,-,,-,-,-,-,-,-,-,,,-,,,-,,,,,-,,-,,-,-,-,,,-,,,,,,,-,,,,,,,,,,,,,,,,,,,,,,-,,-,,,,,,,,-,,,,,,,,,,,,,,,,,,,,,,,,,
STD-DB10_2-000842,"용과, 황색종",S,국가표준식품성분표,,농진청('09),,과일류,,"용과, 황색종",,,,,,,100g,54,84.59999999999999,1,0.1,0.4,13.9,-,-,10,0.5,26,141,1,1,0,8,0.08,0.03,0.4,4,-,,-,-,-,-,-,-,-,-,,-,-,-,-,-,-,-,-,-,-,-,-,-,-,-,-,-,,-,,,-,-,,-,-,,-,-,-,-,-,-,-,,,-,,,-,,,,,-,,-,,-,-,-,,,-,,,,,,,-,,,,,,,,,,,,,,,,,,,,,,-,,-,,,,,,,,-,,,,,,,,,,,,,,,,,,,,,,,,,
STD-DB10_2-000843,"유자, 과육",S,국가표준식품성분표,,농진청('15),,과일류,,"유자, 과육",,,,,,,100g,41,88.3,0.87,0.06,0.49,10.32,2.24,0.6,32,0.15,18,234,2,0,0,3,0.073,0.042,0.168,50.77,0,,0.01,0,0.019,0.149,2.32,0.029,0,14,,0.425,0,0,0.15,0.15,0,0,0,0,0,0,0,0,0,0,0,1.19,,0,,,0,0,,1.05,0.05,,0,0,0,0,0,0,0,,,16.8,,,9.44,,,,,0,,14.83,,0,0,0,,,4.86,,,,,,,0,,,,,,,,,,,,,,,,,,,,,,29,,36,,,,,,,,24,,,,,,,,,,,,,,,,,,,,,,,,,
STD-DB10_2-000844,"유자, 껍질",S,국가표준식품성분표,,농진청('15),,과일류,,"유자, 껍질",,,,,,,100g,55,84.3,1.02,0.09,0.38,14.22,5.88,6.6,35,0.16,10,150,3,1,0,14,0.067,0.035,0.128,104.74,0,,0.02,0,0.027,0.101,2.76,0.08699999999999999,0,15,,0.857,0,0,2.07,2.04,0,0.31,0,0,0,0,0,0,0,0,0,2.8,,0,,,0,0.22,,2.85,0.06,,0,0,0,0,0,0,0,,,31.56,,,2.67,,,,,0,,20.17,,0,0,0,,,4.82,,,,,,,0,,,,,,,,,,,,,,,,,,,,,,32,,38,,,,,,,,25,,,,,,,,,,,,,,,,,,,,,,,,,
STD-DB10_2-000845,으름,S,국가표준식품성분표,,농진청('87),,과일류,,으름,,,,,,,100g,158,72.2,2,12.9,1,11.9,-,-,6,3.4,269,-,-,3,0,39,0.06,0.04,5.7,31,-,,-,-,-,-,-,-,-,-,,-,-,-,-,-,-,-,-,-,-,-,-,-,-,-,-,-,,-,,,-,-,,-,-,,-,-,-,-,-,-,-,,,-,,,-,,,,,-,,-,,-,-,-,,,-,,,,,,,-,,,,,,,,,,,,,,,,,,,,,,-,,-,,,,,,,,-,,,,,,,,,,,,,,,,,,,,,,,,,
STD-DB10_2-000846,자두,S,국가표준식품성분표,,농진청('03),,과일류,,자두,,,,,,,100g,26,93.2,0.5,0.6,0.4,5.3,-,-,3,0.2,12,164,1,-,-,-,0.04,0.03,0.3,5,-,,-,-,-,-,-,-,-,-,,-,-,-,-,-,-,-,-,-,-,-,-,-,-,-,-,-,,-,,,-,-,,-,-,,-,-,-,-,-,-,-,,,-,,,-,,,,,-,,-,,-,-,-,,,-,,,,,,,-,,,,,,,,,,,,,,,,,,,,,,-,,-,,,,,,,,-,,,,,,,,,,,,,,,,,,,,,,,,,
STD-DB10_2-000847,"자두, 대석",S,국가표준식품성분표,,농진청('07),,과일류,,"자두, 대석",,,,,,,100g,32,90.3,0.6,,0.7,8.4,-,0.5,6,0.4,12,135,11,2,0,24,0.09,0.03,0.3,7,-,,-,-,-,-,-,-,-,-,,-,-,-,-,-,-,-,-,-,-,-,-,-,-,-,-,-,,-,,,-,-,,-,-,,-,-,-,-,-,-,-,,,-,,,-,,,,,-,,-,,-,-,-,,,-,,,,,,,-,,,,,,,,,,,,,,,,,,,,,,-,,-,,,,,,,,-,,,,,,,,,,,,,,,,,,,,,,,,,
STD-DB10_2-000848,"자두, 후무사",S,국가표준식품성분표,,농진청('15),,과일류,,"자두, 후무사",,,,,,,100g,44,87.3,0.64,0.05,0.54,11.47,8.92,2,5,0.09,18,176,0,7,0,89,0.02,0.035,0.421,4.07,0,,0.02,0,0.421,0,0,-,0,0,,0.146,0,0,0.22,0.19,0,0,0,0.09,0,0,0,0,0,0,0,4.43,,0,,,0,0,,4.49,0.03,,0,0,0,0,0,0,0,,,22.77,,,1.88,,,,,0,,0,,0,0,0,,,4.39,,,,,,,0,,,,,,,,,,,,,,,,,,,,,,9,,17,,,,,,,,25,,,,,,,,,,,,,,,,,,,,,,,,,
STD-DB10_2-000849,"자두, 말린것",S,국가표준식품성분표,,USDA('18),,과일류,,"자두, 말린것",,,,,,,100g,240,30.92,2.18,0.38,2.64,63.88,38.13,7.1,43,0.93,69,732,2,33,0,394,0.051,0.186,1.882,0.6,0,,0.08799999999999999,-,-,-,-,0.205,0,4,,0.422,-,-,0.44,0.43,0,0.02,0,0.01,0,0,0,-,59.5,-,0,12.45,,0.06,,,0,0.15,,25.46,0.115,,0,0,-,-,0,0,-,,,-,,,-,,,,,-,,-,,0,-,0,,,-,,,,,,,-,,,,,,,,,,,,,,,,,,,,,,47,,66,,,,,,,,41,,,,,,,,,,,,,,,,,,,,,,,,,
STD-DB10_2-000850,자몽(그레이프프루트),S,국가표준식품성분표,,농진청('16),,과일류,,자몽(그레이프프루트),,,,,,,100g,32,90.8,0.84,0.05,0.39,7.92,4.2,1.2,31,0.12,19,164,1,46,0,551,0.097,0.022,0.128,31.75,0,,0.01,0,0.004,0.124,0,-,0,28,,0.219,0,0,0.1,0.08,0,0.08,0,0.03,0.01,0,0,0,0,0,0,1.5,,0,,,0,2.7,,0,0.03,,0,0,0,0,0,0,0,,,13.8,,,6.08,,,,,0,,5.72,,0,0,0,,,5.74,,,,,,,0,,,,,,,,,,,,,,,,,,,,,,15,,16,,,,,,,,8,,,,,,,,,,,,,,,,,,,,,,,,,
STD-DB10_2-000851,잭프루트,S,국가표준식품성분표,,USDA('18),,과일류,,잭프루트,,,,,,,100g,95,73.45999999999999,1.72,0.64,0.9399999999999999,23.25,19.08,1.5,24,0.23,21,448,2,5,0,61,0.105,0.055,0.92,13.7,-,,0.195,0,-,-,-,0.329,0,24,,0.235,-,-,0.37,0.34,0.03,0,0,0.05,0,0,0,-,-,-,0,9.19,,0,,,0,0.42,,9.48,0.249,,0,0,0,-,0,0,0,,,15,,,-,,,,,-,,79,,0,0,0,,,-,,,,,,,-,,,,,,,,,,,,,,,,,,,,,,86,,103,,,,,,,,69,,,,,,,,,,,,,,,,,,,,,,,,,
STD-DB10_2-000852,"참외, 씨 제거",S,국가표준식품성분표,,농진청('15),,과일류,,"참외, 씨 제거",,,,,,,100g,45,86.5,1.33,0.04,0.9,11.23,9.81,2.9,4,0.22,29,456,3,0,0,1,0.005,0.08400000000000001,0.168,21,0,,0.01,0,0.162,0.006,0,-,0,33,,0.627,0,0,0.05,0.03,0,0.16,0,0,0,0,0,0,0,0,0,1.66,,0,,,0,6.65,,1.5,0.03,,0,0,0,0,0,0,0,,,6.97,,,0,,,,,0,,9.109999999999999,,0,0,0,,,0,,,,,,,0,,,,,,,,,,,,,,,,,,,,,,25,,16,,,,,,,,10,,,,,,,,,,,,,,,,,,,,,,,,,
STD-DB10_2-000853,"참외, 씨 포함",S,국가표준식품성분표,,농진청('20),,과일류,,"참외, 씨 포함",,,,,,,100g,48,86.09999999999999,1.19,0.29,0.78,11.67,9.08,1.8,6,0.31,9,218,2,1,0,6,0.006,0.017,0.184,19.36,0,,0.05,0,0,0.184,0.48,0.015,0,15,,0.734,0,0,0.11,0.05,0,0.67,0,0,0,0,0,0,0,0,0,1.64,,0,,,0,5.92,,1.52,0.23,,0,0,0,0,0,0,0,,,167.43,,,2.29,,,,,0,,9.08,,0,0,0,,,41.22,,,,,,,0,,,,,,,,,,,,,,,,,,,,,,46,,24,,,,,,,,16,,,,,,,,,,,,,,,,,,,,,,,,,
STD-DB10_2-000854,체리,S,국가표준식품성분표,,농진청('20),,과일류,,체리,,,,,,,100g,57,83.59999999999999,1.36,0.15,0.58,14.35,8.01,2.3,11,0.63,25,231,1,9,0,113,0.055,0.026,0.198,11.79,0,,0.02,0,0.041,0.157,0.17,0.013,0,9,,0.16,0,0,0.13,0.13,0,0,0,0,0,0,0,6.96,6.96,0,0,3.31,,0,,,0,0,,4.71,0.05,,0,0,0,0,0,0,0,,,14.33,,,0,,,,,0,,10.27,,0,0,0,,,20,,,,,,,0,,,,,,,,,,,,,,,,,,,,,,39,,32,,,,,,,,18,,,,,,,,,,,,,,,,,,,,,,,,,
STD-DB10_2-000855,크랜베리,S,국가표준식품성분표,,USDA('18),,과일류,,크랜베리,,,,,,,100g,46,87.31999999999999,0.46,0.13,0.12,11.97,4.27,3.6,8,0.23,11,80,2,3,0,38,0.012,0.02,0.101,14,0,,0.008,0,-,-,-,0.057,0,1,,0.295,-,-,1.32,1.32,0,0.04,0,0,0,0.29,0,-,5,-,0,0.67,,0,,,0,0.16,,3.44,0.073,,0,-,-,-,0,0,-,,,-,,,-,,,,,-,,-,,-,-,0,,,-,,,,,,,-,,,,,,,,,,,,,,,,,,,,,,48,,53,,,,,,,,33,,,,,,,,,,,,,,,,,,,,,,,,,
STD-DB10_2-000856,"크랜베리, 말린것, 가당",S,국가표준식품성분표,,농진청('16),,과일류,,"크랜베리, 말린것, 가당",,,,,,,100g,314,13.3,0.25,0.58,0.14,85.73,74.3,5.6,8,0.27,7,56,2,2,0,24,0.022,0.055,0.162,0.73,0,,0.08,0.02,0,0.162,0,-,0,23,,0,0,0,0.83,0.79,0.04,0.03,0.04,0.04,0,0.04,0,0,0,0,0,34.1,,0,,,0,2.4,,37.8,0.46,,1.71,0,0,0,0,0,0,,,105.52,,,5.75,,,,,0,,17.98,,0,0,0,,,330.73,,,,,,,1.13,,,,,,,,,,,,,,,,,,,,,,29,,9,,,,,,,,12,,,,,,,,,,,,,,,,,,,,,,,,,
STD-DB10_2-000857,"키위, 골드",S,국가표준식품성분표,,농진청('13),,과일류,,"키위, 골드",,,,,,,100g,54,84.59999999999999,0.77,0.26,0.64,13.73,7.07,2,19,1.72,27,262,1,4,0,46,0.007,0.052,0.119,90.94,0,,0.03,0,0.03,0.089,0,-,0,32,,0.227,0,0,1.52,1.52,0,0,0,0,0,0.05,0,11.23,11.23,0,0,4.49,,0,,,0,0,,2.58,0.21,,0.77,0,0,0,0,0,3.35,,,58.59,,,1.9,,,,,0,,119.02,,2.56,0,0,,,23.92,,,,,,,0,,,,,,,,,,,,,,,,,,,,,,34,,42,,,,,,,,25,,,,,,,,,,,,,,,,,,,,,,,,,
STD-DB10_2-000858,"키위, 그린",S,국가표준식품성분표,,농진청('13),,과일류,,"키위, 그린",,,,,,,100g,66,81.59999999999999,0.93,0.63,0.76,16.08,6.73,2.6,30,0.32,33,284,2,7,0,84,0.175,0.057,-,86.51000000000001,0,,0.05,0,-,-,0,-,0,38,,0,0,0,1.05,1.04,0,0.05,0,0,0,0.17,0,42.71,42.71,0,0,4.25,,0,,,0,0,,2.48,0.5499999999999999,,1.89,0,0,0,0,0,2.05,,,89.66,,,12.57,,,,,0,,373.08,,1.48,0,0,,,64.98999999999999,,,,,,,0,,,,,,,,,,,,,,,,,,,,,,49,,54,,,,,,,,37,,,,,,,,,,,,,,,,,,,,,,,,,
STD-DB10_2-000859,탱자,S,국가표준식품성분표,,농진청('92),,과일류,,탱자,,,,,,,100g,84,77.90000000000001,1.3,1.5,0.8,18.5,-,-,9,0.1,9,27,2,1,0,14,0.07000000000000001,0.08,0.6,132,-,,-,-,-,-,-,-,-,-,,-,-,-,-,-,-,-,-,-,-,-,-,-,-,-,-,-,,-,,,-,-,,-,-,,-,-,-,-,-,-,-,,,-,,,-,,,,,-,,-,,-,-,-,,,-,,,,,,,-,,,,,,,,,,,,,,,,,,,,,,-,,-,,,,,,,,-,,,,,,,,,,,,,,,,,,,,,,,,,
STD-DB10_2-000860,파인애플,S,국가표준식품성분표,,농진청('14),,과일류,,파인애플,,,,,,,100g,53,84.90000000000001,0.46,0.04,0.28,14.32,10.26,2.5,16,0.09,5,97,0,5,0,62,0.052,0.08699999999999999,0.137,45.43,0,,0.01,0,0.005,0.132,3.42,-,0,23,,0,0,0,0,0,0,0,0,0,0,0,0,0,0,0,0,1.44,,0,,,0,5.84,,2.98,0.02,,0,0,0,0,0,0,0,,,7.38,,,0.18,,,,,0,,7.43,,0,0,0,,,9.68,,,,,,,0,,,,,,,,,,,,,,,,,,,,,,21,,22,,,,,,,,14,,,,,,,,,,,,,,,,,,,,,,,,,
STD-DB10_2-000861,"파인애플, 넥타",S,국가표준식품성분표,,농진청('09),,과일류,,"파인애플, 넥타",,,,,,,100g,71,82.2,0.3,0,0.1,17.4,-,-,4,1,3,63,2,0,0,0,0.09,0.03,0.3,17,-,,-,-,-,-,-,-,-,-,,-,-,-,-,-,-,-,-,-,-,-,-,-,-,-,-,-,,-,,,-,-,,-,-,,-,-,-,-,-,-,-,,,-,,,-,,,,,-,,-,,-,-,-,,,-,,,,,,,-,,,,,,,,,,,,,,,,,,,,,,-,,-,,,,,,,,-,,,,,,,,,,,,,,,,,,,,,,,,,
STD-DB10_2-000862,"파파야, 미숙",S,국가표준식품성분표,,농진청('13),,과일류,,"파파야, 미숙",,,,,,,100g,23,93.09999999999999,0.45,0.05,0.42,5.95,1.73,2.5,17,0.15,17,154,5,1,0,9,0.053,0.02,0.133,15.07,0,,0.02,0,0.02,0.113,0,-,0,18,,0.105,0,0,0.07000000000000001,0.05,0,0.25,0,0,0,0,0,0,0,0,0,1.24,,0,,,0,0,,0.5,0.03,,0,0,0,0,0,0,0,,,20.14,,,0,,,,,0,,2.42,,0,0,0,,,9.130000000000001,,,,,,,0,,,,,,,,,,,,,,,,,,,,,,27,,22,,,,,,,,11,,,,,,,,,,,,,,,,,,,,,,,,,
STD-DB10_2-000863,"파파야, 완숙",S,국가표준식품성분표,,농진청('13),,과일류,,"파파야, 완숙",,,,,,,100g,40,88.5,0.7,0.08,0.51,10.24,8.779999999999999,1.9,16,0.26,16,220,9,17,0,203,0.045,0.042,0.377,63.48,0,,0.03,0,0.08699999999999999,0.29,0,-,0,41,,0,0,0,0.23,0.18,0,0.44,0,0,0,0,0,0,0,0,0,3.65,,0,,,0,0,,5.14,0.04,,0,0,0,0,0,0,0,,,8.17,,,1.51,,,,,0,,20.76,,0,0,0,,,7.07,,,,,,,0,,,,,,,,,,,,,,,,,,,,,,60,,34,,,,,,,,21,,,,,,,,,,,,,,,,,,,,,,,,,
STD-DB10_2-000864,"포도, 거봉",S,국가표준식품성분표,,농진청('18),,과일류,,"포도, 거봉",,,,,,,100g,60,82.5,0.4,0.27,1.11,15.73,13.74,1.6,4,0.16,17,176,1,2,0,29,0.055,0.024,0.018,3.88,0,,0.02,0,0,0.018,1.04,0.089,0,13,,0.159,0,0,0.16,0.16,0,0,0,0,0,0,0,0,0,0,0,6.87,,0,,,0,0,,6.87,0.02,,0,0,0,0,0,0,0,,,12.28,,,0.2,,,,,0,,5.38,,0,0,0,,,5.43,,,,,,,0,,,,,,,,,,,,,,,,,,,,,,8,,9,,,,,,,,5,,,,,,,,,,,,,,,,,,,,,,,,,
STD-DB10_2-000865,"포도, 나르샤, 껍질 포함",S,국가표준식품성분표,,농진청('18),,과일류,,"포도, 나르샤, 껍질 포함",,,,,,,100g,58,83.40000000000001,0.55,0.22,0.66,15.18,12.94,1.9,14,0.3,32,322,1,5,0,63,0.063,0,0.052,4.22,0,,0.02,0,0,0.052,0.67,0.07199999999999999,0,12,,0.355,0,0,0.27,0.27,0,0,0,0,0,0,0,35.81,35.81,0,0,6.51,,0,,,0,0,,6.43,0.03,,0,0,0,0,0,0,0,,,14.45,,,0.54,,,,,1.9,,6.5,,0,0,0,,,2.86,,,,,,,0,,,,,,,,,,,,,,,,,,,,,,20,,24,,,,,,,,15,,,,,,,,,,,,,,,,,,,,,,,,,
STD-DB10_2-000866,"포도, 델라웨어",S,국가표준식품성분표,,농진청('10),,과일류,,"포도, 델라웨어",,,,,,,100g,67,81.09999999999999,0.6,0.1,0.3,17.9,-,4.2,9,0.3,14,143,0,0,0,1,0.16,0.03,0.2,-,-,,-,-,-,-,-,-,-,-,,-,-,-,-,-,-,-,-,-,-,-,-,-,-,-,-,-,,-,,,-,-,,-,-,,-,-,-,-,-,-,-,,,-,,,-,,,,,-,,-,,-,-,-,,,-,,,,,,,-,,,,,,,,,,,,,,,,,,,,,,-,,-,,,,,,,,-,,,,,,,,,,,,,,,,,,,,,,,,,
STD-DB10_2-000867,"포도, 두누리",S,국가표준식품성분표,,농진청('18),,과일류,,"포도, 두누리",,,,,,,100g,57,84.2,0.44,0.25,0.33,14.82,13.87,2.5,4,0.13,20,174,0,4,0,50,0.078,0.065,0,2.56,0,,0.02,0,0,0,0.48,0.045,0,7,,0.414,0,0,0.27,0.24,0,0.29,0,0,0,0,0,0,0,0,0,6.46,,0,,,0,0,,7.41,0.02,,0,0,0,0,0,0,0,,,10.16,,,0.63,,,,,0,,5.39,,0,0,0,,,5.84,,,,,,,0,,,,,,,,,,,,,,,,,,,,,,8,,9,,,,,,,,5,,,,,,,,,,,,,,,,,,,,,,,,,
STD-DB10_2-000868,"포도, 레드글로브, 껍질 포함",S,국가표준식품성분표,,농진청('18),,과일류,,"포도, 레드글로브, 껍질 포함",,,,,,,100g,57,84.2,0.4,0.24,0.29,14.91,11.42,1.4,6,0.17,20,146,6,1,0,12,0.08599999999999999,0.014,0.242,1.24,0,,0.01,0,0.115,0.127,0.38,0.059,0,9,,0.104,0,0,0.37,0.32,0,0.54,0,0,0,0,0,3.46,3.46,0,0,5.37,,0,,,0,1.75,,4.29,0.01,,0,0,0,0,0,0,0,,,7.98,,,0,,,,,0,,3.42,,0,0,0,,,2.1,,,,,,,0,,,,,,,,,,,,,,,,,,,,,,11,,14,,,,,,,,9,,,,,,,,,,,,,,,,,,,,,,,,,
STD-DB10_2-000869,"포도, 마스캇함브르그",S,국가표준식품성분표,,농진청('10),,과일류,,"포도, 마스캇함브르그",,,,,,,100g,66,81.5,0.5,0.2,0.5,17.3,-,-,5,0.2,22,217,1,0,0,3,0.08,0.02,0.2,0,-,,-,-,-,-,-,-,-,-,,-,-,-,-,-,-,-,-,-,-,-,-,-,-,-,-,-,,-,,,-,-,,-,-,,-,-,-,-,-,-,-,,,-,,,-,,,,,-,,-,,-,-,-,,,-,,,,,,,-,,,,,,,,,,,,,,,,,,,,,,-,,-,,,,,,,,-,,,,,,,,,,,,,,,,,,,,,,,,,
STD-DB10_2-000870,"포도, 새마루",S,국가표준식품성분표,,농진청('18),,과일류,,"포도, 새마루",,,,,,,100g,54,84.59999999999999,0.46,0.15,0.47,14.28,11.74,2.2,3,0.14,16,209,1,3,0,34,0.08400000000000001,0.005,0.016,4.13,0,,0.02,0,0,0.016,1.41,0.062,0,8,,0.181,0,0,0.41,0.38,0,0.38,0,0,0,0,0,0,0,0,0,5.54,,0,,,0,1.01,,5.19,0.03,,0,0,0,0,0,0,0,,,11.93,,,0.64,,,,,0.57,,5.32,,0,0,0,,,8.119999999999999,,,,,,,0,,,,,,,,,,,,,,,,,,,,,,9,,11,,,,,,,,6,,,,,,,,,,,,,,,,,,,,,,,,,
STD-DB10_2-000871,"포도, 샤이니스타",S,국가표준식품성분표,,농진청('18),,과일류,,"포도, 샤이니스타",,,,,,,100g,76,78.59999999999999,0.49,0.22,0.5,20.2,17.07,2.6,11,0.23,28,243,0,7,0,89,0.08,0.165,0,4.39,0,,0.03,0,0,0,1.51,0.073,0,10,,0.332,0,0,1.04,1.01,0,0.33,0,0,0,0,0,0,0,0,0,8.49,,0,,,0,0,,8.58,0.03,,0,0,0,0,0,0,3.36,,,13.59,,,0.44,,,,,0,,9.41,,0,0,0,,,5.75,,,,,,,0,,,,,,,,,,,,,,,,,,,,,,16,,20,,,,,,,,12,,,,,,,,,,,,,,,,,,,,,,,,,
STD-DB10_2-000872,"포도, 샤인머스캣, 껍질 포함",S,국가표준식품성분표,,농진청('18),,과일류,,"포도, 샤인머스캣, 껍질 포함",,,,,,,100g,66,81.40000000000001,0.38,0.1,0.47,17.66,15.29,2.4,9,0.14,20,205,1,3,0,34,0.123,0.011,0.04,3.24,0,,0.02,0,0.01,0.031,0,0.06900000000000001,0,5,,0.093,0,0,0.5600000000000001,0.5600000000000001,0,0.02,0,0,0,0,0,18.01,18.01,0,0,8.119999999999999,,0,,,0,0,,7.18,0.03,,0,0,0,0,0,0,0,,,18.66,,,0.15,,,,,0.22,,6.21,,0,0,0,,,2.46,,,,,,,0,,,,,,,,,,,,,,,,,,,,,,10,,13,,,,,,,,7,,,,,,,,,,,,,,,,,,,,,,,,,
STD-DB10_2-000873,"포도, 세레단",S,국가표준식품성분표,,식약('96),,과일류,,"포도, 세레단",,,,,,,100g,58,83.59999999999999,0.6,0.1,0.3,15.4,-,-,6,0.4,11,134,5,2,0,20,0.03,0.01,0.2,3,-,,-,-,-,-,-,-,-,-,,-,-,-,-,-,-,-,-,-,-,-,-,-,-,-,-,-,,-,,,-,-,,-,-,,-,-,-,-,-,-,-,,,-,,,-,,,,,-,,-,,-,-,-,,,-,,,,,,,-,,,,,,,,,,,,,,,,,,,,,,-,,-,,,,,,,,-,,,,,,,,,,,,,,,,,,,,,,,,,
STD-DB10_2-000874,"포도, 수옥",S,국가표준식품성분표,,농진청('18),,과일류,,"포도, 수옥",,,,,,,100g,69,80.7,0.2,0.18,0.41,18.5,16.7,2.4,5,0.1,23,200,1,2,0,23,0.073,0,0,6.84,0,,0.02,0,0,0,0.6,0.052,0,7,,0.272,0,0,0.17,0.14,0,0.31,0,0,0,0,0,0,0,0,0,8.24,,0,,,0,0,,8.460000000000001,0.02,,0,0,0,0,0,0,0,,,8.58,,,0.31,,,,,0,,4.21,,0,0,0,,,4,,,,,,,0,,,,,,,,,,,,,,,,,,,,,,5,,6,,,,,,,,3,,,,,,,,,,,,,,,,,,,,,,,,,
STD-DB10_2-000875,"포도, 스텔라, 껍질 포함",S,국가표준식품성분표,,농진청('18),,과일류,,"포도, 스텔라, 껍질 포함",,,,,,,100g,50,86,0.7,0.16,0.42,12.75,11.59,2,8,0.23,23,233,1,1,0,16,0.074,0,0.057,2.22,0,,0.01,0,0,0.057,0.6,0.07000000000000001,0,6,,0.353,0,0,0.3,0.3,0,0,0,0,0,0,0,61.19,61.19,0,0,5.63,,0,,,0,0,,5.96,0.02,,0,0,0,0,0,0,0,,,11.81,,,0.22,,,,,0,,5.08,,0,0,0,,,2.54,,,,,,,0,,,,,,,,,,,,,,,,,,,,,,18,,19,,,,,,,,12,,,,,,,,,,,,,,,,,,,,,,,,,
STD-DB10_2-000876,"포도, 진옥",S,국가표준식품성분표,,농진청('18),,과일류,,"포도, 진옥",,,,,,,100g,52,85.2,0.45,0.08,0.36,13.88,12.43,1.4,4,0.13,22,196,1,2,0,18,0,0,0,2.41,0,,0.02,0,0,0,0.4,0.054,0,7,,0.158,0,0,0.16,0.14,0,0.25,0,0,0,0,0,0,0,0,0,6.2,,0,,,0,0,,6.22,0.02,,0,0,0,0,0,0,0,,,10.09,,,0.4,,,,,0,,5.18,,0,0,0,,,4.34,,,,,,,0,,,,,,,,,,,,,,,,,,,,,,9,,10,,,,,,,,6,,,,,,,,,,,,,,,,,,,,,,,,,
STD-DB10_2-000877,"포도, 청수",S,국가표준식품성분표,,농진청('18),,과일류,,"포도, 청수",,,,,,,100g,65,81.90000000000001,0.33,0.07000000000000001,0.18,17.48,16.45,1.7,10,0.21,14,128,0,1,0,7,0.199,0,0,2.94,0,,0.02,0,0,0,0.36,0.067,0,8,,0.167,0,0,0.59,0.49,0,0.95,0,0,0,0,0,0,0,0,0,8.050000000000001,,0,,,0,0,,8.390000000000001,0.02,,0,0,0,0,0,0,0,,,10.17,,,0.29,,,,,0,,6.35,,0,0,0,,,3.08,,,,,,,0,,,,,,,,,,,,,,,,,,,,,,8,,11,,,,,,,,6,,,,,,,,,,,,,,,,,,,,,,,,,
STD-DB10_2-000878,"포도, 캠벨얼리",S,국가표준식품성분표,,농진청('18),,과일류,,"포도, 캠벨얼리",,,,,,,100g,57,83.90000000000001,0.5,0.1,0.39,15.08,11.9,1.4,3,0.11,17,180,1,2,0,29,0.113,0.026,0.274,2.42,0,,0.02,0,0.105,0.169,0.07000000000000001,0.07199999999999999,0,14,,0.075,0,0,0.08,0.08,0,0.05,0,0,0,0,0,10.3,10.3,0,0,6.29,,0,,,0,0,,5.61,0.03,,0,0,0,0,0,0,0,,,13.6,,,0.31,,,,,0,,5.23,,0,0,0,,,5.37,,,,,,,0,,,,,,,,,,,,,,,,,,,,,,9,,10,,,,,,,,6,,,,,,,,,,,,,,,,,,,,,,,,,
STD-DB10_2-000879,"포도, 탄금추",S,국가표준식품성분표,,농진청('18),,과일류,,"포도, 탄금추",,,,,,,100g,50,86,0.35,0.15,0.34,13.13,12.72,2.1,4,0.13,20,161,1,2,0,29,0.064,0.004,0.016,3.67,0,,0.02,0,0,0.016,0,0.348,0,9,,0.171,0,0,0.07000000000000001,0.07000000000000001,0,0.02,0,0,0,0,0,0,0,0,0,6.32,,0,,,0,0,,6.4,0.03,,0,0,0,0,0,0,0,,,14.58,,,0.59,,,,,0,,4.17,,0,0,0,,,7.92,,,,,,,0,,,,,,,,,,,,,,,,,,,,,,7,,8,,,,,,,,4,,,,,,,,,,,,,,,,,,,,,,,,,
STD-DB10_2-000880,"포도, 탐나라",S,국가표준식품성분표,,농진청('18),,과일류,,"포도, 탐나라",,,,,,,100g,49,86.2,0.4,0.06,0.22,13.14,12.3,2.3,4,0.14,18,154,0,2,0,25,0,0,0,2.03,0,,0.02,0,0,0,0.11,0.098,0,8,,0.16,0,0,0,0,0,0,0,0,0,0,0,0,0,0,0,6.08,,0,,,0,0,,6.22,0.02,,0,0,0,0,0,0,0,,,7.85,,,0.16,,,,,0,,4.8,,0,0,0,,,3.24,,,,,,,0,,,,,,,,,,,,,,,,,,,,,,8,,10,,,,,,,,6,,,,,,,,,,,,,,,,,,,,,,,,,
STD-DB10_2-000881,"포도, 홍단",S,국가표준식품성분표,,농진청('18),,과일류,,"포도, 홍단",,,,,,,100g,59,83.40000000000001,0.37,0.13,0.35,15.75,14.84,1.8,6,0.11,24,173,1,1,0,7,0.119,0,0,2.6,0,,0.02,0,0,0,0.06,0.06,0,8,,0.192,0,0,0,0,0,0,0,0,0,0,0,0,0,0,0,7.54,,0,,,0,0,,7.3,0.03,,0,0,0,0,0,0,0,,,14.69,,,0.26,,,,,0,,5.52,,0,0,0,,,6.17,,,,,,,0,,,,,,,,,,,,,,,,,,,,,,8,,9,,,,,,,,6,,,,,,,,,,,,,,,,,,,,,,,,,
STD-DB10_2-000882,"포도, 홍아람",S,국가표준식품성분표,,농진청('18),,과일류,,"포도, 홍아람",,,,,,,100g,57,83.7,0.39,0.09,0.38,15.4,15.3,2.3,4,0.14,18,171,1,3,0,30,0.06900000000000001,0.038,0.03,3.24,0,,0.02,0,0,0.03,0.92,0.07199999999999999,0,10,,0.234,0,0,0.13,0.13,0,0.06,0,0,0,0,0,0,0,0,0,7.45,,0,,,0,0,,7.85,0.02,,0,0,0,0,0,0,0,,,12.93,,,0.37,,,,,0.23,,3.61,,0,0,0,,,5.65,,,,,,,0,,,,,,,,,,,,,,,,,,,,,,9,,9,,,,,,,,4,,,,,,,,,,,,,,,,,,,,,,,,,
STD-DB10_2-000883,"포도, 홍이슬",S,국가표준식품성분표,,농진청('18),,과일류,,"포도, 홍이슬",,,,,,,100g,53,85.09999999999999,0.31,0.06,0.36,14.16,13.01,2.3,11,0.18,21,162,0,2,0,22,0.073,0,0.029,4.32,0,,0.02,0,0,0.029,0.82,0.08500000000000001,0,8,,0.197,0,0,0.12,0.09,0,0.27,0,0,0,0,0,0,0,0,0,6.88,,0.14,,,0,0,,5.99,0.02,,0,0,0,0,0,0,0,,,8.68,,,0,,,,,0.39,,3.79,,0,0,0,,,4.36,,,,,,,0,,,,,,,,,,,,,,,,,,,,,,7,,9,,,,,,,,5,,,,,,,,,,,,,,,,,,,,,,,,,
STD-DB10_2-000884,"포도, 홍주씨들레스, 껍질 포함",S,국가표준식품성분표,,농진청('18),,과일류,,"포도, 홍주씨들레스, 껍질 포함",,,,,,,100g,68,81,0.29,0.17,0.44,18.11,16.04,1.9,17,0.12,23,192,0,1,0,12,0.078,0.032,0.064,4.77,0,,0.02,0,0,0.064,0.33,0.061,0,8,,0.323,0,0,0.6899999999999999,0.66,0,0.23,0,0,0,0,0,20.92,20.92,0,0,7.8,,0,,,0,0,,8.24,0.02,,0,0,0,0,0,0,0,,,14.29,,,0.22,,,,,0,,6.48,,0,0,0,,,2.61,,,,,,,0,,,,,,,,,,,,,,,,,,,,,,13,,15,,,,,,,,10,,,,,,,,,,,,,,,,,,,,,,,,,
STD-DB10_2-000885,"포도, 흑구슬",S,국가표준식품성분표,,농진청('18),,과일류,,"포도, 흑구슬",,,,,,,100g,62,83,0.27,0.6,0.47,15.68,14.64,2.9,4,0.13,24,206,1,3,0,31,0.081,0,0,3.64,0,,0.02,0,0,0,0.53,0.116,0,7,,0.207,0,0,0.05,0.05,0,0,0,0,0,0,0,0,0,0,0,7.16,,0,,,0,0,,7.48,0.03,,0,0,0,0,0,0,0,,,13.04,,,0.47,,,,,0,,4.7,,0,0,0,,,7.61,,,,,,,0,,,,,,,,,,,,,,,,,,,,,,6,,8,,,,,,,,4,,,,,,,,,,,,,,,,,,,,,,,,,
STD-DB10_2-000886,"포도, 흑보석",S,국가표준식품성분표,,농진청('18),,과일류,,"포도, 흑보석",,,,,,,100g,52,85.3,0.3,0.15,0.35,13.9,12.69,2.2,6,0.1,19,163,1,3,0,31,0.081,0,0,4.39,0,,0.01,0,0,0,0,0.123,0,7,,0.338,0,0,0.07000000000000001,0.04,0,0.28,0,0,0,0,0,0,0,0,0,6.21,,0,,,0,0,,6.48,0.02,,0,0,0,0,0,0,0,,,7.52,,,0.21,,,,,0,,4.52,,0,0,0,,,3.63,,,,,,,0,,,,,,,,,,,,,,,,,,,,,,6,,8,,,,,,,,4,,,,,,,,,,,,,,,,,,,,,,,,,
STD-DB10_2-000887,"포도, 힘로드시드레스",S,국가표준식품성분표,,농진청('13),,과일류,,"포도, 힘로드시드레스",,,,,,,100g,47,86.8,0.41,0.03,0.13,12.63,7.94,0.6,4,0.07000000000000001,11,79,0,2,0,19,0.073,0.023,0.225,-,0,,0.01,0,0.043,0.182,2.24,-,0,15,,0,0,0,0.03,0.02,0,0.12,0,0,0,0,0,0,0,0,0,4.22,,0,,,0,0,,3.72,0.01,,0,0,0,0,0,0,0,,,8.74,,,0,,,,,0,,4.13,,0,0,0,,,1.38,,,,,,,0,,,,,,,,,,,,,,,,,,,,,,13,,15,,,,,,,,9,,,,,,,,,,,,,,,,,,,,,,,,,
STD-DB10_2-000888,"포도, 건포도",S,국가표준식품성분표,,농진청('13),,과일류,,"포도, 건포도",,,,,,,100g,297,16.3,2.64,0.53,1.64,78.89,66.70999999999999,4.5,72,1.44,113,682,27,0,0,4,0.076,1.11,1.269,0.23,0,,0.1,0,0.258,1.011,0,-,0,8,,0,0,0,0.29,0.28,0,0.05,0,0,0,0,0,0,0,0,0,36.3,,0,,,0,0,,30.41,0.41,,0,0,0,0,0,0,0,,,67.20999999999999,,,3.54,,,,,0,,13.6,,0,0,0,,,324.29,,,,,,,0,,,,,,,,,,,,,,,,,,,,,,71,,99,,,,,,,,52,,,,,,,,,,,,,,,,,,,,,,,,,
STD-DB10_2-000889,"포도, 넥타",S,국가표준식품성분표,,농진청('09),,과일류,,"포도, 넥타",,,,,,,100g,66,83.59999999999999,0.2,0,0,16.2,-,-,5,0.8,1,5,5,1,0,10,0.07000000000000001,0.02,0.2,30,-,,-,-,-,-,-,-,-,-,,-,-,-,-,-,-,-,-,-,-,-,-,-,-,-,-,-,,-,,,-,-,,-,-,,-,-,-,-,-,-,-,,,-,,,-,,,,,-,,-,,-,-,-,,,-,,,,,,,-,,,,,,,,,,,,,,,,,,,,,,-,,-,,,,,,,,-,,,,,,,,,,,,,,,,,,,,,,,,,
STD-DB10_2-000890,"포도, 잼",S,국가표준식품성분표,,농진청('13),,과일류,,"포도, 잼",,,,,,,100g,292,26.9,0.28,0.03,0.19,72.59999999999999,60.17,1.4,10,0.34,7,78,6,4,0,49,0.021,0.496,0.2,11.51,0,,0.01,0,0.116,0.08400000000000001,0,-,0,0,,0,0,0,0.25,0.24,0,0.11,0,0,0,0,0,0,0,0,0,9.73,,8.619999999999999,,,0,27.12,,14.7,0.01,,0,0,0,0,0,0,0,,,8.43,,,0,,,,,0,,3.74,,0,0,0,,,2.91,,,,,,,0,,,,,,,,,,,,,,,,,,,,,,7,,9,,,,,,,,4,,,,,,,,,,,,,,,,,,,,,,,,,
STD-DB10_2-000891,포도즙,S,국가표준식품성분표,,농진청('14),,과일류,,포도즙,,,,,,,100g,48,85.8,0.66,0.01,0.91,12.62,9.710000000000001,0,7,0.07000000000000001,14,131,1,1,0,9,0.041,0.081,0.111,0.15,0,,0,0,0.111,0,0,-,0,1,,0.18,0,0,0.05,0.05,0,0.04,0,0,0,0,0,0,0,0,0,5.25,,0,,,0,0,,4.46,0,,0,0,0,0,0,0,0,,,3.49,,,0,,,,,0,,1.25,,0,0,0,,,1.52,,,,,,,0,,,,,,,,,,,,,,,,,,,,,,7,,7,,,,,,,,6,,,,,,,,,,,,,,,,,,,,,,,,,
STD-DB10_2-000892,플럼코트,S,국가표준식품성분표,,농진청('16),,과일류,,플럼코트,,,,,,,100g,47,88,0.61,1.05,0.37,9.970000000000001,7.5,1.9,4,0.11,11,186,0,78,0,937,0.303,0.008,0.105,4.58,-,,0.02,0,0.029,0.076,0,-,0,0,,0,-,-,0.27,0.27,0,0,0,0,0,0,0,0,0,0,0,1.56,,0,,,0,4.03,,1.91,0.03,,0,0,0.89,0,0,0,0,,,19.23,,,1.2,,,,,0,,11.8,,0,0,0,,,2.09,,,,,,,0,,,,,,,,,,,,,,,,,,,,,,24,,40,,,,,,,,25,,,,,,,,,,,,,,,,,,,,,,,,,
STD-DB10_2-000893,"거위고기, 살코기",S,국가표준식품성분표,,USDA('18),,육류 및 그 제품,,"거위고기, 살코기",,,,,,,100g,161,68.3,22.75,7.13,1.1,0,-,0,13,2.57,312,420,87,12,12,-,0.129,0.377,4.278,7.2,-,,2.79,-,-,-,-,0.64,0.49,31,,1.973,-,-,-,-,-,-,-,-,-,-,-,-,-,-,-,-,,-,,,-,-,,-,2.75,,0,-,-,-,0,0,-,,,-,,,-,,,,,-,,-,,-,-,0,,,-,,,,,,,-,,,,,,,,,,,,,,,,,,,,,,1274,,1922,,,,,,,,1168,,,,,,,,,,,,,,,,,,,,,,,,,
STD-DB10_2-000894,"거위 부산물, 간",S,국가표준식품성분표,,USDA('18),,육류 및 그 제품,,"거위 부산물, 간",,,,,,,100g,133,71.78,16.37,4.28,1.25,6.32,-,0,43,30.53,261,230,140,9309,9309,-,0.5620000000000001,0.892,6.5,4.5,-,,1.59,-,-,-,-,0.76,54,738,,6.184,-,-,-,-,-,-,-,-,-,-,-,-,-,-,-,-,,-,,,-,-,,-,1.07,,10,-,-,-,0,0,-,,,-,,,-,,,,,-,,-,,-,-,0,,,-,,,,,,,-,,,,,,,,,,,,,,,,,,,,,,951,,1477,,,,,,,,870,,,,,,,,,,,,,,,,,,,,,,,,,
STD-DB10_2-000895,고래고기,S,국가표준식품성분표,,USDA('18),,육류 및 그 제품,,고래고기,,,,,,,100g,111,72.5,26.5,0.5,0.6,0,0,0,7,25.9,239,283,78,102,102,0,0.014,0.184,5.386,0,-,,0.092,-,-,-,-,0.046,2.59,4,,0.595,-,-,0,-,0,0,0,-,-,-,-,-,0,-,0,0,,0,,,0,0,,0,0.362,,48,-,0,-,3,6,-,,,-,,,-,,,,,-,,-,,1,-,4,,,-,,,,,,,-,,,,,,,,,,,,,,,,,,,,,,-,,-,,,,,,,,-,,,,,,,,,,,,,,,,,,,,,,,,,
STD-DB10_2-000896,"고래고기, 붉은살, 냉동",S,국가표준식품성분표,,식약('96),,육류 및 그 제품,,"고래고기, 붉은살, 냉동",,,,,,,100g,132,72,23.5,3.5,1,0,-,-,7,2.8,177,295,58,8,8,0,0.08,0.11,4.7,0,-,,-,-,-,-,-,-,-,-,,-,-,-,-,-,-,-,-,-,-,-,-,-,-,-,-,-,,-,,,-,-,,-,-,,-,-,-,-,-,-,-,,,-,,,-,,,,,-,,-,,-,-,-,,,-,,,,,,,-,,,,,,,,,,,,,,,,,,,,,,-,,-,,,,,,,,-,,,,,,,,,,,,,,,,,,,,,,,,,
STD-DB10_2-000897,"꿩고기, 숫꿩",S,국가표준식품성분표,,농진청('90),,육류 및 그 제품,,"꿩고기, 숫꿩",,,,,,,100g,124,70.40000000000001,27.5,0.8,1.3,0,-,-,6,1.3,281,469,70,0,-,0,0.08,0.18,5.3,0,-,,-,-,-,-,-,-,-,-,,-,-,-,-,-,-,-,-,-,-,-,-,-,-,-,-,-,,-,,,-,-,,-,-,,-,-,-,-,-,-,-,,,-,,,-,,,,,-,,-,,-,-,-,,,-,,,,,,,-,,,,,,,,,,,,,,,,,,,,,,-,,-,,,,,,,,-,,,,,,,,,,,,,,,,,,,,,,,,,
STD-DB10_2-000898,"꿩고기, 암꿩",S,국가표준식품성분표,,농진청('90),,육류 및 그 제품,,"꿩고기, 암꿩",,,,,,,100g,120,70.90000000000001,27.2,0.6,1.3,0,-,-,6,1.5,269,-,-,0,-,0,0.07000000000000001,0.17,6.6,0,-,,-,-,-,-,-,-,-,-,,-,-,-,-,-,-,-,-,-,-,-,-,-,-,-,-,-,,-,,,-,-,,-,-,,-,-,-,-,-,-,-,,,-,,,-,,,,,-,,-,,-,-,-,,,-,,,,,,,-,,,,,,,,,,,,,,,,,,,,,,-,,-,,,,,,,,-,,,,,,,,,,,,,,,,,,,,,,,,,
STD-DB10_2-000899,"닭고기, 살코기",S,국가표준식품성분표,,농진청('97),,육류 및 그 제품,,"닭고기, 살코기",,,,,,,100g,115,73.09999999999999,24,1.4,1.4,0.1,-,-,11,1.1,110,327,58,47,47,0,0.2,0.21,2.9,0,-,,-,-,-,-,-,-,-,-,,-,-,-,-,-,-,-,-,-,-,-,-,-,-,-,-,-,,-,,,-,-,,-,-,,-,-,-,-,-,-,-,,,-,,,-,,,,,-,,-,,-,-,-,,,-,,,,,,,-,,,,,,,,,,,,,,,,,,,,,,-,,-,,,,,,,,-,,,,,,,,,,,,,,,,,,,,,,,,,
STD-DB10_2-000900,"닭고기, 구운것",S,국가표준식품성분표,,식약('96),,육류 및 그 제품,,"닭고기, 구운것",,,,,,,100g,247,55.5,27.8,12.6,1.3,2.8,-,-,15,1.1,233,196,189,24,24,0,0.09,0.2,7.3,0,-,,-,-,-,-,-,-,-,-,,-,-,-,-,-,-,-,-,-,-,-,-,-,-,-,-,-,,-,,,-,-,,-,-,,-,-,-,-,-,-,-,,,-,,,-,,,,,-,,-,,-,-,-,,,-,,,,,,,-,,,,,,,,,,,,,,,,,,,,,,-,,-,,,,,,,,-,,,,,,,,,,,,,,,,,,,,,,,,,
STD-DB10_2-000901,"닭고기, 가슴",S,국가표준식품성분표,,농진청('15),,육류 및 그 제품,,"닭고기, 가슴",,,,,,,100g,106,76.2,22.97,0.97,1.13,0,0,0,4,0.28,251,371,45,10,10,0,0.203,0.054,10.815,0,0,,0.37,0,0,10.815,3.81,-,0.26,10,,0.801,0,0,0.16,0.16,0,0,0,0,0,0,0,-,0,-,0,0,,0,,,0,0,,0,0.5600000000000001,,4.94,0,0,0,0,0,0,,,168.42,,,30.84,,,,,0,,7.06,,6.86,17.24,0,,,285.58,,,,,,,0,,,,,,,,,,,,,,,,,,,,,,991,,1682,,,,,,,,1082,,,,,,,,,,,,,,,,,,,,,,,,,
STD-DB10_2-000902,"닭고기, 날개",S,국가표준식품성분표,,농진청('15),,육류 및 그 제품,,"닭고기, 날개",,,,,,,100g,178,70.8,18.78,10.53,0.78,0,0,0,17,0.5600000000000001,155,195,74,45,45,0,0.132,0.07199999999999999,5.681,0,0,,3.17,0.1,0,5.681,2.97,-,0.44,0,,0.9429999999999999,0,0,0.29,0.28,0,0.11,0,0,0,0,0,-,0,-,0,0,,0,,,0,0,,0,6.79,,36.72,0,0,0,0,0,0,,,1595.02,,,233.63,,,,,0,,97.13,,16.24,20.99,0,,,4067.79,,,,,,,56.84,,,,,,,,,,,,,,,,,,,,,,1224,,1396,,,,,,,,864,,,,,,,,,,,,,,,,,,,,,,,,,
STD-DB10_2-000903,"닭고기, 다리(넓적다리)",S,국가표준식품성분표,,농진청('15),,육류 및 그 제품,,"닭고기, 다리(넓적다리)",,,,,,,100g,190,69.59999999999999,18.59,11.83,0.86,0,0,0,9,0.54,176,251,62,41,41,0,0.156,0.12,4.529,0,0,,3.7,0.1,0,4.529,3.1,-,0.48,23,,1.076,0,0,0.99,0.98,0,0.11,0,0,0,0,0,-,0,-,0,0,,0,,,0,0,,0,7.5,,42.68,0,0,0,0,0,0,,,1743.85,,,282.01,,,,,0,,115,,16.29,22.05,0,,,4455.06,,,,,,,47.54,,,,,,,,,,,,,,,,,,,,,,972,,1369,,,,,,,,843,,,,,,,,,,,,,,,,,,,,,,,,,
STD-DB10_2-000904,"닭고기, 다리(아랫다리)",S,국가표준식품성분표,,농진청('15),,육류 및 그 제품,,"닭고기, 다리(아랫다리)",,,,,,,100g,154,75.09999999999999,19.41,7.67,0.88,0,0,0,9,0.62,170,234,84,28,28,0,0.159,0.066,4.13,0,0,,2.31,0.07000000000000001,0,4.13,3.4,-,0.49,10,,1.155,0,0,0.22,0.22,0,0.07000000000000001,0,0,0,0,0,-,0,-,0,0,,0,,,0,0,,0,4.96,,25.46,0,0,0,0,0,0,,,1183.7,,,180.48,,,,,0,,65.92,,11.83,18.48,0,,,2915.65,,,,,,,36.06,,,,,,,,,,,,,,,,,,,,,,1119,,1403,,,,,,,,812,,,,,,,,,,,,,,,,,,,,,,,,,
STD-DB10_2-000905,"닭고기, 목",S,국가표준식품성분표,,농진청('15),,육류 및 그 제품,,"닭고기, 목",,,,,,,100g,342,56.3,15.05,29.58,0.66,0,0,0,26,0.84,112,147,59,73,73,0,0.014,0.07199999999999999,-,0,0,,6.81,0.24,-,-,3.56,-,0.36,24,,0.717,0,0,0.38,0.38,0,0,0,0,0,0,0,-,0,-,0,0,,0,,,0,0,,0,13.53,,76.06,0,0,0,0,0,0,,,3131.75,,,532.73,,,,,0,,249.28,,21.69,24.99,0,,,7889.29,,,,,,,135.09,,,,,,,,,,,,,,,,,,,,,,866,,794,,,,,,,,453,,,,,,,,,,,,,,,,,,,,,,,,,
STD-DB10_2-000906,"닭고기, 성계",S,국가표준식품성분표,,농진청('99),,육류 및 그 제품,,"닭고기, 성계",,,,,,,100g,180,69.40000000000001,19,10.6,0.9,0.1,-,-,10,0.9,170,59,66,50,50,0,0.2,0.21,2.7,0,-,,-,-,-,-,-,-,-,-,,-,-,-,-,-,-,-,-,-,-,-,-,-,-,-,-,-,,-,,,-,-,,-,-,,-,-,-,-,-,-,-,,,-,,,-,,,,,-,,-,,-,-,-,,,-,,,,,,,-,,,,,,,,,,,,,,,,,,,,,,-,,-,,,,,,,,-,,,,,,,,,,,,,,,,,,,,,,,,,
STD-DB10_2-000907,"닭고기, 영계, 삶은것",S,국가표준식품성분표,,농진청('01),,육류 및 그 제품,,"닭고기, 영계, 삶은것",,,,,,,100g,251,58,26.1,15,0.9,0,-,-,5,1.2,158,232,74,65,65,0,0.03,0.25,2,0,-,,-,-,-,-,-,-,-,-,,-,-,-,-,-,-,-,-,-,-,-,-,-,-,-,-,-,,-,,,-,-,,-,-,,-,-,-,-,-,-,-,,,-,,,-,,,,,-,,-,,-,-,-,,,-,,,,,,,-,,,,,,,,,,,,,,,,,,,,,,-,,-,,,,,,,,-,,,,,,,,,,,,,,,,,,,,,,,,,
STD-DB10_2-000908,"닭고기, 오골계",S,국가표준식품성분표,,식약('96),,육류 및 그 제품,,"닭고기, 오골계",,,,,,,100g,138,74,19,6.1,0.8,0.1,-,-,22,1.2,166,245,80,16,16,0,0.08,0.12,8.300000000000001,0,-,,-,-,-,-,-,-,-,-,,-,-,-,-,-,-,-,-,-,-,-,-,-,-,-,-,-,,-,,,-,-,,-,-,,-,-,-,-,-,-,-,,,-,,,-,,,,,-,,-,,-,-,-,,,-,,,,,,,-,,,,,,,,,,,,,,,,,,,,,,-,,-,,,,,,,,-,,,,,,,,,,,,,,,,,,,,,,,,,
STD-DB10_2-000909,"닭고기, 토종",S,국가표준식품성분표,,농진청('99),,육류 및 그 제품,,"닭고기, 토종",,,,,,,100g,118,74,22,2.6,1.2,0.2,-,-,11,1,169,59,63,21,21,0,0.21,0.17,3.2,0,-,,-,-,-,-,-,-,-,-,,-,-,-,-,-,-,-,-,-,-,-,-,-,-,-,-,-,,-,,,-,-,,-,-,,-,-,-,-,-,-,-,,,-,,,-,,,,,-,,-,,-,-,-,,,-,,,,,,,-,,,,,,,,,,,,,,,,,,,,,,-,,-,,,,,,,,-,,,,,,,,,,,,,,,,,,,,,,,,,
STD-DB10_2-000910,"닭 부산물, 간",S,국가표준식품성분표,,농진청('19),,육류 및 그 제품,,"닭 부산물, 간",,,,,,,100g,125,75.59999999999999,15.63,5.32,1.15,2.25,0,0,5,9.140000000000001,269,288,68,10238,10231,82,0.325,1.472,9.811,23.45,0,,1.05,0,0.655,9.156000000000001,47.49,0.431,8.24,339,,11.672,0,0,0.88,0.8100000000000001,0,0.6899999999999999,0,0,0,0,0,23.2,0,23.2,0,0,,0,,,0,0,,0,1.74,,11.23,6.26,4.23,0,2.17,20.52,0,,,495.66,,,48.78,,,,,199.14,,11.18,,10.87,40.23,5.03,,,800.54,,,,,,,0,,,,,,,,,,,,,,,,,,,,,,794,,1323,,,,,,,,711,,,,,,,,,,,,,,,,,,,,,,,,,
STD-DB10_2-000911,"닭 부산물, 모래주머니",S,국가표준식품성분표,,농진청('15),,육류 및 그 제품,,"닭 부산물, 모래주머니",,,,,,,100g,84,81.5,16.87,1.41,0.6899999999999999,0,0,0,10,1.68,140,175,42,17,17,0,0.133,0.07000000000000001,2.512,0,0,,0.67,0,0,2.512,-,-,0.91,7,,1.603,0,0,0.36,0.31,0,0.48,0,0,0,0,0,-,0,-,0,0,,0,,,0,0,,0,0.67,,0,0,19.24,0,0,0,0,,,199.66,,,29.93,,,,,0,,0,,10.94,25.17,0,,,337.68,,,,,,,0,,,,,,,,,,,,,,,,,,,,,,1339,,1280,,,,,,,,709,,,,,,,,,,,,,,,,,,,,,,,,,
STD-DB10_2-000912,"닭 부산물, 심장",S,국가표준식품성분표,,농진청('20),,육류 및 그 제품,,"닭 부산물, 심장",,,,,,,100g,149,76.2,13.98,9.609999999999999,1.06,0,0,0,13,2.49,180,209,86,8,8,0,0.081,0.647,6.105,2.71,0.57,,2.51,0,0.377,5.728,1.98,0.105,0.79,19,,4.364,0,0.57,1.03,0.97,0,0.36,0,0.08,0,0.01,0,39.66,0,39.66,0,0,,0,,,0,0,,0,5.32,,26.76,9.619999999999999,4.75,0,2.22,3.44,0,,,1453.24,,,166.02,,,,,181.4,,53.48,,18.28,28.69,3.33,,,2934.58,,,,,,,0,,,,,,,,,,,,,,,,,,,,,,813,,1343,,,,,,,,654,,,,,,,,,,,,,,,,,,,,,,,,,
STD-DB10_2-000913,"닭 부산물, 닭발",S,국가표준식품성분표,,농진청('20),,육류 및 그 제품,,"닭 부산물, 닭발",,,,,,,100g,199,68.90000000000001,17.64,13.27,0.46,0,0,0,62,0.49,74,17,66,17,17,0,0.055,0.04,0.972,0,0,,2.61,0.03,0.313,0.659,2.3,0.045,0.41,4,,0.08400000000000001,0,0,0.33,0.33,0,0,0,0,0,0,0,29.19,0,29.19,0,0,,0,,,0,0,,0,8.06,,28.54,19.31,0,0,2.9,4.56,0,,,1717.8,,,279.95,,,,,69.7,,92.8,,18.04,26.32,0,,,4464.93,,,,,,,27.05,,,,,,,,,,,,,,,,,,,,,,-,,-,,,,,,,,-,,,,,,,,,,,,,,,,,,,,,,,,,
STD-DB10_2-000914,닭꼬치,S,국가표준식품성분표,,식약('11),,육류 및 그 제품,,닭꼬치,,,,,,,100g,252,50.4,16.5,12.2,1.7,19.1,-,3,25,10.9,175,218,410,27,21,66,0.32,0.26,2.4,0,-,,-,-,-,-,-,-,-,-,,-,-,-,-,-,-,-,-,-,-,-,-,-,-,-,-,-,,-,,,-,-,,-,-,,-,-,-,-,-,-,-,,,-,,,-,,,,,-,,-,,-,-,-,,,-,,,,,,,-,,,,,,,,,,,,,,,,,,,,,,-,,-,,,,,,,,-,,,,,,,,,,,,,,,,,,,,,,,,,
STD-DB10_2-000915,"치킨너겟, 냉동",S,국가표준식품성분표,,농진청('22),,육류 및 그 제품,,"치킨너겟, 냉동",,,,,,,100g,254,55.4,13.02,16.47,1.66,13.5,1.27,1.3,50,1.03,218,167,430,13,9,45,0.09,0.109,7.391,0,0,,6.1,0.09,3.103,4.288,1.19,0.27,0.18,22,,0.789,0,0,1.77,1.42,0.1,0.68,0.35,0.67,0.32,0.15,0.05,22.25,10.87,11.38,0,0.14,,0.38,,,0.14,0.46,,0.15,8.609999999999999,,39.06,0,0,0,4.71,4.79,0,,,2175.94,,,236.39,,,,,0,,108.26,,13.52,9.76,4.05,,,5575.25,,,,,,,33.92,,,,,,,,,,,,,,,,,,,,,,597,,892,,,,,,,,574,,,,,,,,,,,,,,,,,,,,,,,,,
STD-DB10_2-000916,"돼지고기, 살코기",S,국가표준식품성분표,,대푯값,,육류 및 그 제품,,"돼지고기, 살코기",,,,,,,100g,203,66.5,19.45,12.84,0.97,0,0,0,6,0.6,186,318,50,7,7,0,0.601,0.139,3.824,0.82,0.51,,4.84,0.07000000000000001,0,3.824,1.8,-,0.51,2,,0.605,0,0.51,0.26,0.26,0,0.02,0,0.01,0,0,0,-,0,-,0,0,,0,,,0,0,,0,6.98,,103.87,0,0.02,0,12.77,0.05,16.31,,,1481.47,,,375.04,,,,,27.9,,99,,64.48999999999999,18.43,0,,,4469.98,,,,,,,45.72,,,,,,,,,,,,,,,,,,,,,,1012,,1478,,,,,,,,834,,,,,,,,,,,,,,,,,,,,,,,,,
STD-DB10_2-000917,"돼지고기, 갈비",S,국가표준식품성분표,,농진청('14),,육류 및 그 제품,,"돼지고기, 갈비",,,,,,,100g,236,65,17.77,17.06,0.88,0,0,0,9,0.73,185,287,64,4,4,0,0.61,0.176,3.092,0.87,0,,4.52,0.07000000000000001,0,3.092,0,-,0.6899999999999999,0,,0.382,0,0,0.22,0.22,0,0,0,0,0,0,0,-,0,-,0,0,,0,,,0,0,,0,7.17,,109.12,0,0,0,13.57,0,16.89,,,1447.88,,,441.84,,,,,0,,94.56,,61.33,17.21,0,,,4611.23,,,,,,,42.18,,,,,,,,,,,,,,,,,,,,,,901,,1330,,,,,,,,644,,,,,,,,,,,,,,,,,,,,,,,,,
STD-DB10_2-000918,"돼지고기, 뒷다리",S,국가표준식품성분표,,농진청('16),,육류 및 그 제품,,"돼지고기, 뒷다리",,,,,,,100g,135,72.59999999999999,20.88,4.97,1.06,0,0,0,5,0.68,189,339,48,2,2,0,0.666,0.067,5.724,1.1,0.58,,1.82,0.03,0,5.724,2.31,-,0.43,3,,0.856,0,0.58,0.22,0.21,0,0.02,0,0.01,0,0,0,-,0,-,0,0,,0,,,0,0,,0,2.9,,38.9,0,0,0,7.98,0,6.34,,,786.34,,,158.16,,,,,0,,31.97,,33.72,14.56,0,,,1702.81,,,,,,,18.09,,,,,,,,,,,,,,,,,,,,,,1054,,1599,,,,,,,,983,,,,,,,,,,,,,,,,,,,,,,,,,
STD-DB10_2-000919,"돼지고기, 뒷다리(도가니살)",S,국가표준식품성분표,,농진청('16),,육류 및 그 제품,,"돼지고기, 뒷다리(도가니살)",,,,,,,100g,130,72.5,21.29,4.23,1.08,0,0,0,4,0.65,188,348,46,2,2,0,0.582,0.029,5.591,1.07,0.61,,1.55,0.03,0,5.591,1.43,-,0.43,3,,1.124,0,0.61,0.23,0.22,0,0.03,0,0.01,0,0,0,-,0,-,0,0,,0,,,0,0,,0,2.46,,32.25,0,0,0,7.45,0,5.65,,,699.8099999999999,,,132.99,,,,,0,,28.13,,29.56,13.49,0,,,1413.41,,,,,,,15.46,,,,,,,,,,,,,,,,,,,,,,1186,,1813,,,,,,,,1033,,,,,,,,,,,,,,,,,,,,,,,,,
STD-DB10_2-000920,"돼지고기, 뒷다리(뒷사태살)",S,국가표준식품성분표,,농진청('16),,육류 및 그 제품,,"돼지고기, 뒷다리(뒷사태살)",,,,,,,100g,135,73,20.51,5.11,0.98,0,0,0,5,1,171,315,48,5,5,0,0.461,0.105,5.512,1.48,0.57,,1.83,0.03,0,5.512,2.93,-,0.35,5,,1.037,0,0.57,0.06,0.06,0,0.01,0,0,0,0,0,-,0,-,0,0,,0,,,0,0,,0,3.02,,40.76,0,0,0,8.35,0,6.39,,,813.0700000000001,,,162.93,,,,,0,,34.23,,36.43,15.3,0,,,1777.71,,,,,,,18.78,,,,,,,,,,,,,,,,,,,,,,1089,,1382,,,,,,,,971,,,,,,,,,,,,,,,,,,,,,,,,,
STD-DB10_2-000921,"돼지고기, 뒷다리(보섭살)",S,국가표준식품성분표,,농진청('16),,육류 및 그 제품,,"돼지고기, 뒷다리(보섭살)",,,,,,,100g,138,71.8,21.13,5.14,1.07,0,0,0,5,0.73,195,344,45,2,2,0,0.571,0.111,6.62,1.06,0.67,,1.89,0.03,0,6.62,3.06,-,0.5,4,,0.997,0,0.67,0.26,0.25,0,0.03,0,0.01,0,0,0,-,0,-,0,0,,0,,,0,0,,0,3,,40.95,0,0,0,8.210000000000001,0,7.14,,,885.97,,,150.89,,,,,0,,36.68,,37.81,15.93,0,,,1698.01,,,,,,,19.92,,,,,,,,,,,,,,,,,,,,,,877,,1622,,,,,,,,986,,,,,,,,,,,,,,,,,,,,,,,,,
STD-DB10_2-000922,"돼지고기, 뒷다리(볼기살)",S,국가표준식품성분표,,농진청('16),,육류 및 그 제품,,"돼지고기, 뒷다리(볼기살)",,,,,,,100g,133,73.09999999999999,20.79,4.81,1.08,0,0,0,5,0.61,201,349,51,2,2,0,0.972,0.012,4.987,0.9399999999999999,0.48,,1.78,0.03,0,4.987,1.85,-,0.48,3,,0.659,0,0.48,0.23,0.23,0,0.02,0,0.01,0,0,0,-,0,-,0,0,,0,,,0,0,,0,2.78,,37.77,0,0,0,7.72,0,6.06,,,751.92,,,154.56,,,,,0,,30.19,,31.93,14.19,0,,,1636.96,,,,,,,18.55,,,,,,,,,,,,,,,,,,,,,,977,,1590,,,,,,,,956,,,,,,,,,,,,,,,,,,,,,,,,,
STD-DB10_2-000923,"돼지고기, 뒷다리(설깃살)",S,국가표준식품성분표,,농진청('16),,육류 및 그 제품,,"돼지고기, 뒷다리(설깃살)",,,,,,,100g,139,72.5,20.9,5.39,1.06,0,0,0,4,0.52,184,334,49,2,2,0,0.6,0.103,6.549,1,0.54,,1.95,0.03,0,6.549,2.04,-,0.41,3,,0.6850000000000001,0,0.54,0.29,0.29,0,0.03,0,0.01,0,0.01,0,-,0,-,0,0,,0,,,0,0,,0,3.17,,41.64,0,0,0,8.039999999999999,0,6.61,,,812.4,,,176.44,,,,,0,,32.92,,34.78,14.18,0,,,1906.07,,,,,,,18.35,,,,,,,,,,,,,,,,,,,,,,1127,,1653,,,,,,,,983,,,,,,,,,,,,,,,,,,,,,,,,,
STD-DB10_2-000924,"돼지고기, 뒷다리(홍두깨살)",S,국가표준식품성분표,,농진청('16),,육류 및 그 제품,,"돼지고기, 뒷다리(홍두깨살)",,,,,,,100g,136,73.3,20.03,5.44,1.05,0,0,0,4,0.87,180,337,43,5,5,0,0.58,0.066,3.961,1.48,0.9399999999999999,,2.05,0.03,0,3.961,4.51,-,0.33,5,,0.775,0,0.9399999999999999,0.07000000000000001,0.07000000000000001,0,0.01,0,0,0,0,0,-,0,-,0,0,,0,,,0,0,,0,3.12,,43.2,0,0,0,9.050000000000001,0,6.23,,,756.67,,,186.53,,,,,0,,29.37,,32.38,15.55,0,,,1899.13,,,,,,,16.43,,,,,,,,,,,,,,,,,,,,,,1115,,1191,,,,,,,,966,,,,,,,,,,,,,,,,,,,,,,,,,
STD-DB10_2-000925,"돼지고기, 등심",S,국가표준식품성분표,,농진청('16),,육류 및 그 제품,,"돼지고기, 등심",,,,,,,100g,142,71.09999999999999,23.33,4.58,1.1,0,0,0,4,0.43,222,370,42,3,3,0,0.627,0.147,3.168,0.75,0.25,,1.68,0.03,0,3.168,1.78,-,0.37,1,,0.598,0,0.25,0.27,0.27,0,0.03,0,0.01,0,0,0,-,0,-,0,0,,0,,,0,0,,0,2.62,,36.67,0,0,0,6.6,0,5.17,,,634.3200000000001,,,155.19,,,,,0,,27.58,,26.07,10.46,0,,,1597.66,,,,,,,15.45,,,,,,,,,,,,,,,,,,,,,,1165,,1787,,,,,,,,976,,,,,,,,,,,,,,,,,,,,,,,,,
STD-DB10_2-000926,"돼지고기, 등심(등심살)",S,국가표준식품성분표,,농진청('14),,육류 및 그 제품,,"돼지고기, 등심(등심살)",,,,,,,100g,135,71.59999999999999,24.03,3.6,1.12,0,0,0,4,0.38,222,354,39,1,1,0,0.273,0.179,1.796,0.52,0,,1.32,0.02,0,1.796,1.72,-,0.38,0,,0.471,0,0,0.19,0.19,0,0,0,0,0,0,0,-,0,-,0,0,,0,,,0,0,,0,2.1,,30.11,0,0,0,5.53,0,4.05,,,432.74,,,142.26,,,,,0,,22.15,,16.09,7.12,0,,,1340.03,,,,,,,12.19,,,,,,,,,,,,,,,,,,,,,,1047,,1715,,,,,,,,865,,,,,,,,,,,,,,,,,,,,,,,,,
STD-DB10_2-000927,"돼지고기, 등심(등심덧살)",S,국가표준식품성분표,,농진청('16),,육류 및 그 제품,,"돼지고기, 등심(등심덧살)",,,,,,,100g,203,66.90000000000001,17.51,13.74,0.96,0,0,0,7,0.73,167,300,52,9,9,0,0.465,0.144,5.495,1.7,0.98,,4.53,0.09,0,5.495,2.95,-,0.71,5,,1.182,0,0.98,0.42,0.42,0,0,0,0,0,0,0,-,0,-,0,0,,0,,,0,0,,0,6.8,,98.12,0,0,0,12.58,0,15.17,,,1927.05,,,315.07,,,,,0,,83.2,,85.75,22.27,0,,,4001.29,,,,,,,46.34,,,,,,,,,,,,,,,,,,,,,,947,,1307,,,,,,,,770,,,,,,,,,,,,,,,,,,,,,,,,,
STD-DB10_2-000928,"돼지고기, 등심(알등심살)",S,국가표준식품성분표,,농진청('16),,육류 및 그 제품,,"돼지고기, 등심(알등심살)",,,,,,,100g,145,70.8,22.9,5.13,1.09,0,0,0,5,0.46,225,395,45,6,6,0,1.069,0.108,4.671,0.96,0.51,,1.93,0.03,0,4.671,1.77,-,0.33,3,,0.711,0,0.51,0.37,0.36,0,0.08,0,0.01,0,0.01,0,-,0,-,0,0,,0,,,0,0,,0,2.95,,40.31,0,0,0,7.47,0,5.82,,,788.02,,,159.61,,,,,0,,30.27,,33.99,13.69,0,,,1741.16,,,,,,,17.23,,,,,,,,,,,,,,,,,,,,,,1324,,1909,,,,,,,,1125,,,,,,,,,,,,,,,,,,,,,,,,,
STD-DB10_2-000929,"돼지고기, 목심",S,국가표준식품성분표,,농진청('14),,육류 및 그 제품,,"돼지고기, 목심",,,,,,,100g,227,62,17.21,16.36,0.9,0,0,0,8,0.73,183,301,51,16,16,0,0.66,0.293,3.119,0,0.61,,5.91,0.13,0,3.119,1.24,-,1.15,0,,0.5570000000000001,0,0.61,0.36,0.36,0,0.04,0,0,0,0,0,-,0,-,0,0,,0,,,0,0,,0,8.609999999999999,,115.23,0,0,0,15.4,0,17.22,,,1896.15,,,483.05,,,,,98.55,,118.3,,75.58,22.07,0,,,5413.73,,,,,,,92.55,,,,,,,,,,,,,,,,,,,,,,891,,1300,,,,,,,,622,,,,,,,,,,,,,,,,,,,,,,,,,
STD-DB10_2-000930,"돼지고기, 사태",S,국가표준식품성분표,,농진청('14),,육류 및 그 제품,,"돼지고기, 사태",,,,,,,100g,156,72.40000000000001,19.78,7.72,0.92,0,0,0,10,0.83,178,289,71,7,7,0,0.522,0.301,3.064,0.38,0.82,,2.76,0.04,0,3.064,2.01,-,0.9,0,,0,0,0.82,0.29,0.29,0,0.03,0,0,0,0,0,-,0,-,0,0,,0,,,0,0,,0,4.58,,59.77,0,0,0,10.42,0,7.28,,,837.2,,,265.4,,,,,86.2,,51.02,,35,14.27,0,,,3030.9,,,,,,,33.39,,,,,,,,,,,,,,,,,,,,,,1210,,1419,,,,,,,,691,,,,,,,,,,,,,,,,,,,,,,,,,
STD-DB10_2-000931,"돼지고기, 삼겹살",S,국가표준식품성분표,,농진청('16),,육류 및 그 제품,,"돼지고기, 삼겹살",,,,,,,100g,372,52.2,13.9,33.31,0.73,0,0,0,8,0.49,147,239,56,18,18,0,0.479,0.163,1.737,0.59,0.71,,13.27,0.16,0,1.737,1.15,-,0.52,1,,0.135,0,0.71,0.29,0.29,0,0,0,0,0,0,0,-,0,-,0,0,,0,,,0,0,,0,18.11,,285.42,0,0.07000000000000001,0.01,26.24,0.23,45.2,,,3391.56,,,939.1799999999999,,,,,86.7,,288.63,,151.96,31.58,0.01,,,12029.69,,,,,,,111.07,,,,,,,,,,,,,,,,,,,,,,831,,1040,,,,,,,,527,,,,,,,,,,,,,,,,,,,,,,,,,
STD-DB10_2-000932,"돼지고기, 삼겹살(갈매기살)",S,국가표준식품성분표,,농진청('16),,육류 및 그 제품,,"돼지고기, 삼겹살(갈매기살)",,,,,,,100g,190,67.90000000000001,17.92,12.16,0.95,0,0,0,6,1.58,184,307,56,9,9,0,0.5659999999999999,0.234,5.752,1.95,1.15,,5.04,0.09,0,5.752,2.66,-,1,4,,1.423,0,1.15,0.47,0.47,0,0,0,0,0,0,0,-,0,-,0,0,,0,,,0,0,,0,6.5,,89.34999999999999,0,0,0,15.01,0,14.72,,,2026.86,,,283.66,,,,,0,,85.33,,80.98999999999999,27.27,0,,,3688.33,,,,,,,47.26,,,,,,,,,,,,,,,,,,,,,,952,,1451,,,,,,,,760,,,,,,,,,,,,,,,,,,,,,,,,,
STD-DB10_2-000933,"돼지고기, 삼겹살(등갈비)",S,국가표준식품성분표,,농진청('16),,육류 및 그 제품,,"돼지고기, 삼겹살(등갈비)",,,,,,,100g,237,65.3,17.88,17.19,0.95,0,0,0,18,0.71,179,297,52,11,11,0,0.374,0.118,5.553,1.63,0.82,,6.38,0.14,0,5.553,4.03,-,0.43,4,,0.951,0,0.82,0.18,0.18,0,0.02,0,0,0,0,0,-,0,-,0,0,,0,,,0,0,,0,9.91,,138.26,0,0,0,18.96,0,24.28,,,3095.46,,,417.36,,,,,0,,139.68,,130.76,36.16,0,,,5596.23,,,,,,,73.17,,,,,,,,,,,,,,,,,,,,,,930,,1377,,,,,,,,791,,,,,,,,,,,,,,,,,,,,,,,,,
STD-DB10_2-000934,"돼지고기, 삼겹살(삼겹살)",S,국가표준식품성분표,,농진청('14),,육류 및 그 제품,,"돼지고기, 삼겹살(삼겹살)",,,,,,,100g,392,50.3,13.27,35.7,0.6899999999999999,0,0,0,6,0.42,143,231,55,19,19,0,0.489,0.163,1.192,0.44,0.67,,14.42,0.16,0,1.192,0.63,-,0.51,0,,0,0,0.67,0.29,0.29,0,0,0,0,0,0,0,-,0,-,0,0,,0,,,0,0,,0,19.54,,310.4,0,0,0,27.62,0,48.85,,,3489.15,,,1025.43,,,,,100.27,,314.41,,157.46,31.4,0,,,13110.99,,,,,,,118.24,,,,,,,,,,,,,,,,,,,,,,818,,988,,,,,,,,485,,,,,,,,,,,,,,,,,,,,,,,,,
STD-DB10_2-000935,"돼지고기, 삼겹살(오돌삼겹)",S,국가표준식품성분표,,농진청('16),,육류 및 그 제품,,"돼지고기, 삼겹살(오돌삼겹)",,,,,,,100g,325,58.4,17.12,26.89,0.9399999999999999,0,0,0,24,0.68,144,241,102,13,13,0,0.346,0.13,4.83,1.52,1.12,,6.55,0.13,0,4.83,6.54,-,0.67,7,,0.791,0,1.12,0.41,0.4,0,0.04,0,0.03,0,0.01,0,-,0,-,0,0,,0,,,0,0,,0,10.25,,144.97,0,0,0,17.74,5.99,25.01,,,3006.08,,,458.59,,,,,0,,137.44,,131.07,33.28,0,,,5934.85,,,,,,,71.47,,,,,,,,,,,,,,,,,,,,,,793,,1218,,,,,,,,790,,,,,,,,,,,,,,,,,,,,,,,,,
STD-DB10_2-000936,"돼지고기, 삼겹살(토시살)",S,국가표준식품성분표,,농진청('16),,육류 및 그 제품,,"돼지고기, 삼겹살(토시살)",,,,,,,100g,141,71.8,20.46,5.82,1.03,0,0,0,7,1.82,192,323,59,3,3,0,0.653,0.472,3.141,0.1,0.63,,2.41,0.04,0,3.141,4.2,-,0.98,3,,1.274,0,0.63,0.5,0.48,0.01,0.06,0.01,0.03,0,0.01,0,-,0,-,0,0,,0,,,0,0,,0,3.11,,41.67,0,7.01,1.36,9.58,2.84,6.96,,,1002.12,,,141.71,,,,,0,,37.96,,35.64,16.81,1.35,,,1710.72,,,,,,,22.13,,,,,,,,,,,,,,,,,,,,,,1104,,1657,,,,,,,,909,,,,,,,,,,,,,,,,,,,,,,,,,
STD-DB10_2-000937,"돼지고기, 안심",S,국가표준식품성분표,,농진청('14),,육류 및 그 제품,,"돼지고기, 안심",,,,,,,100g,123,74.40000000000001,22.21,3.15,1.17,0,0,0,3,0.78,211,373,46,3,3,0,0.868,0.298,3.954,0.26,0.2,,1.17,0.02,0,3.954,2.5,-,0.5,0,,0,0,0.2,0.26,0.26,0,0.05,0,0,0,0,0,-,0,-,0,0,,0,,,0,0,,0,1.82,,24.98,0,0,0,6.73,0,2.7,,,462.22,,,99.15000000000001,,,,,63.22,,24.01,,16.16,8.869999999999999,0,,,1036.16,,,,,,,10.73,,,,,,,,,,,,,,,,,,,,,,898,,1699,,,,,,,,841,,,,,,,,,,,,,,,,,,,,,,,,,
STD-DB10_2-000938,"돼지고기, 앞다리",S,국가표준식품성분표,,농진청('16),,육류 및 그 제품,,"돼지고기, 앞다리",,,,,,,100g,159,71.3,20.21,7.87,0.99,0,0,0,5,0.76,179,326,51,4,4,0,0.556,0.11,5.139,1.27,0.62,,2.66,0.05,0,5.139,2.57,-,0.47,3,,1.049,0,0.62,0.23,0.22,0,0.02,0,0.01,0,0,0,-,0,-,0,0,,0,,,0,0,,0,4.38,,58.69,0,0,0,10.32,0,9.890000000000001,,,1152.31,,,233.31,,,,,0,,49.9,,51.66,18.2,0,,,2618.22,,,,,,,27.09,,,,,,,,,,,,,,,,,,,,,,1072,,1518,,,,,,,,959,,,,,,,,,,,,,,,,,,,,,,,,,
STD-DB10_2-000939,"돼지고기, 앞다리(꾸리살)",S,국가표준식품성분표,,농진청('16),,육류 및 그 제품,,"돼지고기, 앞다리(꾸리살)",,,,,,,100g,135,73.09999999999999,18.83,5.91,1.06,0,0,0,5,0.92,175,328,48,5,5,0,0.634,0.076,4.771,1.47,0.59,,2.1,0.04,0,4.771,3.5,-,0.45,4,,1.436,0,0.59,0.06,0.06,0,0.01,0,0,0,0,0,-,0,-,0,0,,0,,,0,0,,0,3.42,,47.29,0,0,0,9.85,0,7.95,,,920.4400000000001,,,185.85,,,,,0,,38.28,,41.63,17.18,0,,,2008.43,,,,,,,21.15,,,,,,,,,,,,,,,,,,,,,,992,,1351,,,,,,,,915,,,,,,,,,,,,,,,,,,,,,,,,,
STD-DB10_2-000940,"돼지고기, 앞다리(부채살)",S,국가표준식품성분표,,농진청('16),,육류 및 그 제품,,"돼지고기, 앞다리(부채살)",,,,,,,100g,152,71.59999999999999,20.09,7.18,0.98,0,0,0,7,0.83,181,330,54,6,6,0,0.427,0.179,5.128,1.64,0.6,,2.41,0.04,0,5.128,4.01,-,0.7,5,,1.325,0,0.6,0.14,0.14,0,0.02,0,0.01,0,0,0,-,0,-,0,0,,0,,,0,0,,0,3.91,,54.6,0,0,0,10.15,0,8.76,,,991.09,,,215.08,,,,,0,,41.29,,46.83,17.18,0,,,2356.61,,,,,,,23.61,,,,,,,,,,,,,,,,,,,,,,1384,,1488,,,,,,,,985,,,,,,,,,,,,,,,,,,,,,,,,,
STD-DB10_2-000941,"돼지고기, 앞다리(앞다리살)",S,국가표준식품성분표,,농진청('16),,육류 및 그 제품,,"돼지고기, 앞다리(앞다리살)",,,,,,,100g,161,71.40000000000001,20.56,7.92,0.99,0,0,0,5,0.6899999999999999,181,327,50,4,4,0,0.522,0.109,5.113,1.08,0.68,,2.86,0.05,0,5.113,1.71,-,0.45,2,,1.018,0,0.68,0.35,0.35,0,0.03,0,0.02,0,0.01,0,-,0,-,0,0,,0,,,0,0,,0,4.66,,61.22,0,0,0,10.49,0,10.49,,,1243.71,,,245.52,,,,,0,,54.22,,54.56,18.85,0,,,2772.28,,,,,,,29.16,,,,,,,,,,,,,,,,,,,,,,1080,,1559,,,,,,,,979,,,,,,,,,,,,,,,,,,,,,,,,,
STD-DB10_2-000942,"돼지고기, 앞다리(앞사태살)",S,국가표준식품성분표,,농진청('16),,육류 및 그 제품,,"돼지고기, 앞다리(앞사태살)",,,,,,,100g,132,73.59999999999999,20.82,4.68,1.01,0,0,0,6,0.99,173,318,62,4,4,0,0.771,0.095,4.863,1.59,0.38,,1.67,0.03,0,4.863,3.54,-,0.47,3,,0.819,0,0.38,0.04,0.04,0,0,0,0,0,0,0,-,0,-,0,0,,0,,,0,0,,0,2.79,,38.46,0,0,0,8.66,0,5.99,,,657.1799999999999,,,166.16,,,,,0,,26.2,,31.34,13.9,0,,,1714.57,,,,,,,14.76,,,,,,,,,,,,,,,,,,,,,,1030,,1552,,,,,,,,1013,,,,,,,,,,,,,,,,,,,,,,,,,
STD-DB10_2-000943,"돼지고기, 앞다리(주걱살)",S,국가표준식품성분표,,농진청('16),,육류 및 그 제품,,"돼지고기, 앞다리(주걱살)",,,,,,,100g,144,72.3,20.49,6.13,1.04,0,0,0,4,0.68,209,371,41,5,5,0,0.591,0.178,6.124,1.27,0.52,,2.24,0.04,0,6.124,3.8,-,0.39,6,,1.016,0,0.52,0.17,0.17,0,0,0,0,0,0,0,-,0,-,0,0,,0,,,0,0,,0,3.58,,47.12,0,0,0,8.960000000000001,0,7.67,,,985.08,,,189.61,,,,,0,,39.57,,40.79,15.04,0,,,2110.85,,,,,,,21.32,,,,,,,,,,,,,,,,,,,,,,972,,1625,,,,,,,,881,,,,,,,,,,,,,,,,,,,,,,,,,
STD-DB10_2-000944,"돼지고기, 앞다리(항정살)",S,국가표준식품성분표,,농진청('16),,육류 및 그 제품,,"돼지고기, 앞다리(항정살)",,,,,,,100g,307,57.6,17.98,24.52,0.86,0,0,0,4,0.39,152,282,50,10,10,0,0.247,0.081,6.197,1.29,0.86,,5.74,0.13,0,6.197,3.19,-,0.48,4,,0.721,0,0.86,0.1,0.1,0,0.01,0,0.01,0,0,0,-,0,-,0,0,,0,,,0,0,,0,10.07,,138.24,0,0,0,16.15,0,23.92,,,2634.96,,,492.13,,,,,0,,126.44,,124.33,31.24,0,,,6082.36,,,,,,,67.38,,,,,,,,,,,,,,,,,,,,,,950,,1335,,,,,,,,736,,,,,,,,,,,,,,,,,,,,,,,,,
STD-DB10_2-000945,"돼지 부산물, 간",S,국가표준식품성분표,,USDA('18),,육류 및 그 제품,,"돼지 부산물, 간",,,,,,,100g,134,71.06,21.39,3.65,1.44,2.47,-,0,9,23.3,288,273,87,6502,6502,-,0.283,3.005,15.301,25.3,-,,1.17,-,-,-,-,0.6899999999999999,26,212,,6.65,-,-,-,-,-,-,-,-,-,-,-,-,-,-,-,-,,-,,,-,-,,-,1.39,,0,-,-,-,30,20,-,,,-,,,-,,,,,-,,-,,-,-,0,,,-,,,,,,,-,,,,,,,,,,,,,,,,,,,,,,1239,,1906,,,,,,,,1085,,,,,,,,,,,,,,,,,,,,,,,,,
STD-DB10_2-000946,"돼지 부산물, 대장",S,국가표준식품성분표,,축과원('11),,육류 및 그 제품,,"돼지 부산물, 대장",,,,,,,100g,227,70.90000000000001,8.699999999999999,20.2,0.2,0,-,-,20,1.2,61,40,21,0,-,0,0.07000000000000001,0.05,1,-,-,,-,-,-,-,-,-,-,-,,-,-,-,-,-,-,-,-,-,-,-,-,-,-,-,-,-,,-,,,-,-,,-,-,,-,-,-,-,-,-,-,,,-,,,-,,,,,-,,-,,-,-,-,,,-,,,,,,,-,,,,,,,,,,,,,,,,,,,,,,-,,-,,,,,,,,-,,,,,,,,,,,,,,,,,,,,,,,,,
STD-DB10_2-000947,"돼지 부산물, 맹장",S,국가표준식품성분표,,축과원('11),,육류 및 그 제품,,"돼지 부산물, 맹장",,,,,,,100g,371,54.3,10.8,34.6,0.3,0,-,-,16,0.2,133,127,54,-,-,-,-,-,-,-,-,,-,-,-,-,-,-,-,-,,-,-,-,-,-,-,-,-,-,-,-,-,-,-,-,-,-,,-,,,-,-,,-,-,,-,-,-,-,-,-,-,,,-,,,-,,,,,-,,-,,-,-,-,,,-,,,,,,,-,,,,,,,,,,,,,,,,,,,,,,-,,-,,,,,,,,-,,,,,,,,,,,,,,,,,,,,,,,,,
STD-DB10_2-000948,"돼지 부산물, 머리고기, 삶은것",S,국가표준식품성분표,,농진청('22),,육류 및 그 제품,,"돼지 부산물, 머리고기, 삶은것",,,,,,,100g,363,51.6,17.52,30.67,0.46,0,0,0,14,1.07,88,100,84,16,16,0,0.102,0.171,1.281,0,0,,9.449999999999999,0.18,0.488,0.793,0.45,-,0.5600000000000001,4,,0.323,0,0,0.48,0.46,0,0,0,0.08,0,0,0,19.01,0,19.01,0,0,,0,,,0,0,,0,17.02,,257.08,0,0,5.07,30.01,8.34,24.5,,,3259.83,,,1121.68,,,,,0,,148.07,,154.86,36.77,1.94,,,11104.34,,,,,,,96.92,,,,,,,,,,,,,,,,,,,,,,1946,,1200,,,,,,,,571,,,,,,,,,,,,,,,,,,,,,,,,,
STD-DB10_2-000949,"돼지 부산물, 비장",S,국가표준식품성분표,,축과원('11),,육류 및 그 제품,,"돼지 부산물, 비장",,,,,,,100g,85,79.90000000000001,18,1,1.1,0,-,-,7,22.4,257,340,92,-,-,-,0.1,0.09,3.6,-,-,,-,-,-,-,-,-,-,-,,-,-,-,-,-,-,-,-,-,-,-,-,-,-,-,-,-,,-,,,-,-,,-,-,,-,-,-,-,-,-,-,,,-,,,-,,,,,-,,-,,-,-,-,,,-,,,,,,,-,,,,,,,,,,,,,,,,,,,,,,-,,-,,,,,,,,-,,,,,,,,,,,,,,,,,,,,,,,,,
STD-DB10_2-000950,"돼지 부산물, 소창(곱창)",S,국가표준식품성분표,,USDA('18),,육류 및 그 제품,,"돼지 부산물, 소창(곱창)",,,,,,,100g,182,76.11,7.64,16.61,0.2,0,0,0,16,1.02,48,18,24,0,0,0,0.02,0.091,0.215,1.1,-,,7.619,0,-,-,-,0.014,0.82,3,,0.227,-,-,0.19,0.18,0,0.02,0,0.04,0,0,0,-,0,-,-,-,,-,,,-,-,,-,6.363,,110,0,-,-,0,0,-,,,-,,,-,,,,,-,,28,,46,-,0,,,-,,,,,,,-,,,,,,,,,,,,,,,,,,,,,,-,,-,,,,,,,,-,,,,,,,,,,,,,,,,,,,,,,,,,
STD-DB10_2-000951,"돼지 부산물, 신장",S,국가표준식품성분표,,국('77),,육류 및 그 제품,,"돼지 부산물, 신장",,,,,,,100g,110,77.2,16.7,3.7,1.2,1.2,-,-,76,4.5,247,196,114,-,-,-,2.4,1.01,51.4,0,-,,-,-,-,-,-,-,-,-,,-,-,-,-,-,-,-,-,-,-,-,-,-,-,-,-,-,,-,,,-,-,,-,-,,-,-,-,-,-,-,-,,,-,,,-,,,,,-,,-,,-,-,-,,,-,,,,,,,-,,,,,,,,,,,,,,,,,,,,,,-,,-,,,,,,,,-,,,,,,,,,,,,,,,,,,,,,,,,,
STD-DB10_2-000952,"돼지 부산물, 심장(염통)",S,국가표준식품성분표,,USDA('18),,육류 및 그 제품,,"돼지 부산물, 심장(염통)",,,,,,,100g,118,76.20999999999999,17.27,4.36,0.84,1.33,0,0,5,4.68,169,294,56,8,8,0,0.613,1.185,6.765,5.3,-,,1.16,-,-,-,-,0.39,3.79,4,,2.515,-,-,0.63,0.63,-,-,-,-,-,-,-,-,-,-,-,-,,-,,,-,-,,-,2.14,,18,-,-,-,0,0,-,,,-,,,-,,,,,-,,-,,-,-,0,,,-,,,,,,,-,,,,,,,,,,,,,,,,,,,,,,939,,1558,,,,,,,,831,,,,,,,,,,,,,,,,,,,,,,,,,
STD-DB10_2-000953,"돼지 부산물, 위(오소리감투)",S,국가표준식품성분표,,축과원('11),,육류 및 그 제품,,"돼지 부산물, 위(오소리감투)",,,,,,,100g,112,78.3,17.3,4.1,0.3,0,-,-,12,1.2,139,178,121,-,-,-,0.12,0.17,0.4,-,-,,-,-,-,-,-,-,-,-,,-,-,-,-,-,-,-,-,-,-,-,-,-,-,-,-,-,,-,,,-,-,,-,-,,-,-,-,-,-,-,-,,,-,,,-,,,,,-,,-,,-,-,-,,,-,,,,,,,-,,,,,,,,,,,,,,,,,,,,,,-,,-,,,,,,,,-,,,,,,,,,,,,,,,,,,,,,,,,,
STD-DB10_2-000954,"돼지 부산물, 자궁",S,국가표준식품성분표,,축과원('11),,육류 및 그 제품,,"돼지 부산물, 자궁",,,,,,,100g,73,82.5,15.4,0.8,1.3,0,-,-,12,0.3,118,131,195,-,-,-,0.05,0.04,1.5,-,-,,-,-,-,-,-,-,-,-,,-,-,-,-,-,-,-,-,-,-,-,-,-,-,-,-,-,,-,,,-,-,,-,-,,-,-,-,-,-,-,-,,,-,,,-,,,,,-,,-,,-,-,-,,,-,,,,,,,-,,,,,,,,,,,,,,,,,,,,,,-,,-,,,,,,,,-,,,,,,,,,,,,,,,,,,,,,,,,,
STD-DB10_2-000955,"돼지 부산물, 족발",S,국가표준식품성분표,,USDA('18),,육류 및 그 제품,,"돼지 부산물, 족발",,,,,,,100g,212,64.98999999999999,23.16,12.59,0.68,0,0,0,70,0.58,75,63,132,0,0,0,0.026,0.106,1.13,0,-,,3.57,0,-,-,-,0.053,0.52,10,,0.303,-,-,0.02,0.02,0,0,0,0,0,0,0,-,0,-,-,-,,-,,,-,-,,-,7.381,,114,0,-,-,0,0,-,,,-,,,-,,,,,-,,43,,54,-,0,,,-,,,,,,,-,,,,,,,,,,,,,,,,,,,,,,-,,-,,,,,,,,-,,,,,,,,,,,,,,,,,,,,,,,,,
STD-DB10_2-000956,"돼지 부산물, 직장",S,국가표준식품성분표,,축과원('11),,육류 및 그 제품,,"돼지 부산물, 직장",,,,,,,100g,344,57.5,9.9,32.1,0.5,0,-,-,12,0.1,93,100,73,-,-,-,-,-,-,-,-,,-,-,-,-,-,-,-,-,,-,-,-,-,-,-,-,-,-,-,-,-,-,-,-,-,-,,-,,,-,-,,-,-,,-,-,-,-,-,-,-,,,-,,,-,,,,,-,,-,,-,-,-,,,-,,,,,,,-,,,,,,,,,,,,,,,,,,,,,,-,,-,,,,,,,,-,,,,,,,,,,,,,,,,,,,,,,,,,
STD-DB10_2-000957,"돼지 부산물, 췌장",S,국가표준식품성분표,,축과원('11),,육류 및 그 제품,,"돼지 부산물, 췌장",,,,,,,100g,154,72.09999999999999,20.7,7.1,0.1,0,-,-,22,3.8,315,308,85,-,-,-,0.11,0.22,3.45,-,-,,-,-,-,-,-,-,-,-,,-,-,-,-,-,-,-,-,-,-,-,-,-,-,-,-,-,,-,,,-,-,,-,-,,-,-,-,-,-,-,-,,,-,,,-,,,,,-,,-,,-,-,-,,,-,,,,,,,-,,,,,,,,,,,,,,,,,,,,,,-,,-,,,,,,,,-,,,,,,,,,,,,,,,,,,,,,,,,,
STD-DB10_2-000958,"돼지 부산물, 허파",S,국가표준식품성분표,,USDA('18),,육류 및 그 제품,,"돼지 부산물, 허파",,,,,,,100g,85,79.52,14.08,2.72,0.8,0,-,0,7,18.9,196,303,153,0,0,-,0.08500000000000001,0.43,3.345,12.3,-,,0.96,-,-,-,-,0.1,2.75,3,,0.9,-,-,-,-,-,-,-,-,-,-,-,-,-,-,-,-,,-,,,-,-,,-,0.95,,10,-,-,-,30,10,-,,,-,,,-,,,,,-,,-,,-,-,10,,,-,,,,,,,-,,,,,,,,,,,,,,,,,,,,,,1027,,1093,,,,,,,,563,,,,,,,,,,,,,,,,,,,,,,,,,
STD-DB10_2-000959,베이컨,S,국가표준식품성분표,,농진청('21),,육류 및 그 제품,,베이컨,,,,,,,100g,266,58.5,16.58,21.6,2.17,1.2,1.14,0,6,0.54,206,222,662,3,3,0,0.216,0.137,3.848,45.89,0.58,,8.01,0.08,0,3.848,0.9,0.136,0.3,3,,0.669,0,0.58,0.32,0.32,0,0,0.06,0,0,0,0,6.03,0,6.03,0,0.2,,0,,,0,0.79,,0.14,12.8,,175.34,0,6.04,3.29,25.03,9.58,26.91,,,2744.53,,,635.85,,,,,0,,178.64,,124.75,26.38,3.23,,,8312.17,,,,,,,49.98,,,,,,,,,,,,,,,,,,,,,,790,,1269,,,,,,,,697,,,,,,,,,,,,,,,,,,,,,,,,,
STD-DB10_2-000960,"베이컨, 데친것",S,국가표준식품성분표,,농진청('21),,육류 및 그 제품,,"베이컨, 데친것",,,,,,,100g,260,56.8,21.24,17.87,0.53,3.58,0.31,0,6,0.84,89,58,177,3,3,0,0.192,0.065,0.992,7.88,0,,6.5,0.07000000000000001,0,0.992,0.39,0.141,0.3,1,,0.463,0,0,0.37,0.37,0,0,0,0,0,0,0,1.18,0,1.18,0,0,,0,,,0,0.23,,0.08,10.9,,147.65,0,5.75,3.32,26.23,11.05,24.03,,,2410.32,,,567.62,,,,,0,,159.41,,110.3,27.71,3.75,,,6928.54,,,,,,,42.37,,,,,,,,,,,,,,,,,,,,,,1028,,1899,,,,,,,,952,,,,,,,,,,,,,,,,,,,,,,,,,
STD-DB10_2-000961,"베이컨, 구운것(팬)",S,국가표준식품성분표,,농진청('21),,육류 및 그 제품,,"베이컨, 구운것(팬)",,,,,,,100g,381,33.3,32.28,26.67,4.7,3.02,2.21,0,14,1.14,431,528,1495,2,2,0,0.157,0.199,8.696,51.5,0,,8.359999999999999,0.08,0,8.696,1.37,0.218,0.54,1,,1.062,0,0,0.23,0.23,0,0,0,0,0,0,0,3.64,0,3.64,0,0.15,,0,,,0,1.89,,0.17,14.03,,196.68,0,7.22,3.86,31.58,12.59,27.34,,,2824.89,,,743.3099999999999,,,,,0,,178.57,,133.34,32.7,4.57,,,9207.33,,,,,,,49.1,,,,,,,,,,,,,,,,,,,,,,2349,,2769,,,,,,,,1600,,,,,,,,,,,,,,,,,,,,,,,,,
STD-DB10_2-000962,"소시지, 말린것",S,국가표준식품성분표,,JAPAN('20),,육류 및 그 제품,,"소시지, 말린것",,,,,,,100g,467,23.5,26.7,42,5.3,2.6,1.9,(0),27,2.6,250,430,1700,3,3,-,0.64,0.39,6.7,3,0.5,,15.61,-,-,-,6.2,0.24,1.6,4,,0.85,-,-,1.1,1.1,0,0.1,Tr,-,-,-,-,11,-,-,-,0,,0.1,,,-,0.5,,1.3,22.45,,310,0,0,0,60,48,-,,,3500,,,-,,,,,99,,440,,160,35,13,,,-,,,,,,,-,,,,,,,,,,,,,,,,,,,,,,1400,,2100,,,,,,,,1200,,,,,,,,,,,,,,,,,,,,,,,,,
STD-DB10_2-000963,"소시지, 리용소시지",S,국가표준식품성분표,,JAPAN('20),,육류 및 그 제품,,"소시지, 리용소시지",,,,,,,100g,188,65.2,14.9,13.1,3.1,3.7,0.6000000000000001,(0),13,1.0,240,200,910,4,4,0,0.33,0.14,3.1,43,0.4,,4.55,-,-,-,3.1,0.20,0.4,5,,0.68,-,-,0.4,0.4,0,0.1,0,-,-,-,-,4,-,-,-,0,,0,,,-,0.2,,0.4,7.26,,100,0,0,0,28,36,-,,,1500,,,-,,,,,49,,110,,61,15,9,,,-,,,,,,,-,,,,,,,,,,,,,,,,,,,,,,960,,1200,,,,,,,,680,,,,,,,,,,,,,,,,,,,,,,,,,
STD-DB10_2-000964,"소시지, 볼로냐소시지",S,국가표준식품성분표,,JAPAN('20),,육류 및 그 제품,,"소시지, 볼로냐소시지",,,,,,,100g,242,60.9,12.5,21,2.7,2.9,1.1,(0),9,1.0,210,180,830,5,5,-,0.20,0.13,2.4,10,0.3,,7.70,-,-,-,3.8,0.15,0.4,4,,0.88,-,-,0.4,0.4,Tr,0.1,0,-,-,-,-,5,-,-,-,0,,0,,,-,0.7,,0.4,11.9,,180,0,0,0,28,32,-,,,2000,,,-,,,,,63,,150,,94,19,2,,,-,,,,,,,-,,,,,,,,,,,,,,,,,,,,,,720,,990,,,,,,,,570,,,,,,,,,,,,,,,,,,,,,,,,,
STD-DB10_2-000965,"소시지, 위너(비엔나)소시지",S,국가표준식품성분표,,농진청('16),,육류 및 그 제품,,"소시지, 위너(비엔나)소시지",,,,,,,100g,251,55.6,15.27,16.91,2.87,9.359999999999999,0.87,0.1,30,0.74,208,368,732,1,1,0,0.292,0.12,3.487,34.1,0.35,,5.63,0.08,0.002,3.485,0,-,0.37,6,,0.177,0,0.35,0.29,0.26,0,0.24,0,0,0,0,0,-,0,-,0,0,,0.87,,,0,0,,0,10.45,,131.83,0,0,0,15.7,6.62,29.99,,,2562.49,,,521.48,,,,,74.70999999999999,,181.22,,121.15,24.74,0,,,6406.58,,,,,,,45.06,,,,,,,,,,,,,,,,,,,,,,886,,1001,,,,,,,,656,,,,,,,,,,,,,,,,,,,,,,,,,
STD-DB10_2-000966,"소시지, 이탈리안소시지",S,국가표준식품성분표,,USDA('18),,육류 및 그 제품,,"소시지, 이탈리안소시지",,,,,,,100g,290,56.44,13.9,24.26,2.42,2.97,1.19,0,12,1.77,126,211,563,0,0,0,-,0.23,5.8,0,-,,8.615,0.115,-,-,-,-,1,-,,-,-,-,-,-,-,-,-,-,-,-,-,-,-,-,-,-,,-,,,-,-,,1.19,15.41,,282,5,3,-,21,3,27,,,3769,,,-,,,,,-,,152,,192,31,2,,,-,,,,,,,-,,,,,,,,,,,,,,,,,,,,,,-,,-,,,,,,,,-,,,,,,,,,,,,,,,,,,,,,,,,,
STD-DB10_2-000967,"소시지, 프랑크푸르트소시지",S,국가표준식품성분표,,농진청('17),,육류 및 그 제품,,"소시지, 프랑크푸르트소시지",,,,,,,100g,241,59.3,14.41,17.7,2.72,5.9,1.28,0.1,9,0.47,227,232,795,5,5,0,0.375,0.153,3.763,45.28,0,,5.66,0.11,0,3.763,0,-,0.46,7,,0.364,0,0,0.18,0.18,0,0,0,0,0,0,0,0,0,0,0,0,,0.75,,,0,0,,0.53,10.85,,132.17,0,0,4.2,15.72,8.109999999999999,27.66,,,3053.23,,,541.87,,,,,0,,155.43,,126.74,29.96,0,,,6335.72,,,,,,,59.59,,,,,,,,,,,,,,,,,,,,,,967,,1074,,,,,,,,608,,,,,,,,,,,,,,,,,,,,,,,,,
STD-DB10_2-000968,"햄, 등심햄",S,국가표준식품성분표,,농진청('17),,육류 및 그 제품,,"햄, 등심햄",,,,,,,100g,121,71.2,20.66,3.34,2.79,1.97,1.53,0,8,0.36,266,280,759,1,1,0,0.493,0.12,5.157,28.09,0,,1.32,0.02,0,5.157,2.94,-,0.43,2,,0.363,0,0,0.36,0.35,0,0.14,0,0,0,0,0,0,0,0,0,0,,0,,,0,1.41,,0.12,1.86,,25.97,0,0,0,5.55,3.26,3.62,,,375.17,,,112.2,,,,,0,,18.21,,13.77,7.06,0,,,1212.16,,,,,,,12.85,,,,,,,,,,,,,,,,,,,,,,1002,,1690,,,,,,,,923,,,,,,,,,,,,,,,,,,,,,,,,,
STD-DB10_2-000969,"햄, 런천미트햄",S,국가표준식품성분표,,농진청('16),,육류 및 그 제품,,"햄, 런천미트햄",,,,,,,100g,197,62.5,15.43,11.53,2.62,7.92,0.93,0,7,0.6899999999999999,196,214,778,5,5,0,0.079,0.132,3.268,22.89,0.71,,3.68,0.08,0.012,3.256,1.48,0.017,0.29,8,,0.497,0,0.71,0.3,0.25,0,0.25,0,0.09,0,0.03,0,25.69,0,25.69,-,-,,-,,,-,-,,-,7.26,,74.18000000000001,0,0,0,8.279999999999999,7.58,11.53,,,1992.94,,,333.02,,,,,57.38,,100.99,,64.23999999999999,15.34,0,,,4301.14,,,,,,,39.4,,,,,,,,,,,,,,,,,,,,,,776,,1021,,,,,,,,643,,,,,,,,,,,,,,,,,,,,,,,,,
STD-DB10_2-000970,"햄, 본레스햄, 구운것",S,국가표준식품성분표,,USDA('18),,육류 및 그 제품,,"햄, 본레스햄, 구운것",,,,,,,100g,145,67.67,20.93,5.53,4.37,1.5,0,0,8,1.48,196,287,1203,0,0,0,0.754,0.202,4.023,0,0.8,,1.81,-,-,-,-,0.4,0.65,3,,0.403,-,0.8,0.25,0.25,-,-,-,-,-,-,-,-,0,-,-,-,,-,,,-,-,,-,3.16,,0,-,-,-,0,0,-,,,-,,,-,,,,,-,,-,,-,-,0,,,-,,,,,,,-,,,,,,,,,,,,,,,,,,,,,,1088,,1661,,,,,,,,918,,,,,,,,,,,,,,,,,,,,,,,,,
STD-DB10_2-000971,"햄, 프레스햄",S,국가표준식품성분표,,농진청('20),,육류 및 그 제품,,"햄, 프레스햄",,,,,,,100g,234,61.8,15.11,18.02,2.33,2.77,1.92,0,26,0.63,204,339,628,7,7,0,0.508,0.147,2.778,32.19,0.51,,6.08,0.11,0.5610000000000001,2.217,0.86,0.345,0.43,4,,0.58,0,0.51,0.29,0.28,0,0,0.16,0.01,0,0,0,8.039999999999999,0,8.039999999999999,0,0,,0,,,0,1.5,,0.42,10.2,,166.42,0,7.22,2.7,9.640000000000001,5.06,16.1,,,2105.28,,,520.12,,,,,0,,120.28,,94.38,25.3,2.37,,,6676.82,,,,,,,65.67,,,,,,,,,,,,,,,,,,,,,,787,,1095,,,,,,,,681,,,,,,,,,,,,,,,,,,,,,,,,,
STD-DB10_2-000972,"햄, 슬라이스햄",S,국가표준식품성분표,,농진청('19),,육류 및 그 제품,,"햄, 슬라이스햄",,,,,,,100g,193,65.40000000000001,17.01,12.82,2.45,2.3,1.34,0,27,0.77,200,368,703,7,7,0,0.346,0.149,2.339,41.48,0,,4.23,0.06,0,2.339,0,0.375,0.3,8,,0.871,0,0,0.22,0.22,0,0,0.13,0.01,0,0,0,7.9,0,7.9,0,0,,0,,,0,1.17,,0.18,8.289999999999999,,113.83,0,6.4,2.51,14.83,4.32,13.99,,,2039.8,,,444.55,,,,,0,,112.19,,91.53,28.08,1.51,,,5043.68,,,,,,,36.63,,,,,,,,,,,,,,,,,,,,,,804,,957,,,,,,,,584,,,,,,,,,,,,,,,,,,,,,,,,,
STD-DB10_2-000973,돼지불고기,S,국가표준식품성분표,,식약('96),,육류 및 그 제품,,돼지불고기,,,,,,,100g,128,74.90000000000001,14.1,6.9,1.7,2.4,-,-,16,1,146,253,330,5,2,31,0.33,0.15,4.2,3,-,,-,-,-,-,-,-,-,-,,-,-,-,-,-,-,-,-,-,-,-,-,-,-,-,-,-,,-,,,-,-,,-,-,,-,-,-,-,-,-,-,,,-,,,-,,,,,-,,-,,-,-,-,,,-,,,,,,,-,,,,,,,,,,,,,,,,,,,,,,-,,-,,,,,,,,-,,,,,,,,,,,,,,,,,,,,,,,,,
STD-DB10_2-000974,"순대, 선지 비율 낮은것",S,국가표준식품성분표,,농진청('19),,육류 및 그 제품,,"순대, 선지 비율 낮은것",,,,,,,100g,178,59.3,3.18,3.96,1.32,32.28,1.09,0.5,19,2.56,24,44,506,1,0,13,0.055,0.027,0.753,0.12,0,,1.35,0.03,0.495,0.258,0,0.013,0.06,32,,0.115,0,0,0,0,0,0,0,0,0,0,0,2.97,1.58,1.4,0,0.1,,0,,,0,0.79,,0.19,1.8,,28.01,0,3.5,0,1.84,0,2.34,,,350.08,,,82.19,,,,,0,,15.46,,15.36,3.06,0,,,1232.36,,,,,,,18.95,,,,,,,,,,,,,,,,,,,,,,181,,218,,,,,,,,74,,,,,,,,,,,,,,,,,,,,,,,,,
STD-DB10_2-000975,"순대, 선지 비율 높은것",S,국가표준식품성분표,,농진청('19),,육류 및 그 제품,,"순대, 선지 비율 높은것",,,,,,,100g,150,70.40000000000001,9.220000000000001,7.37,1.41,11.65,2.36,0.8,31,9.699999999999999,63,194,386,1,0,10,0.067,0.051,0.6899999999999999,4.12,0,,2.41,0.06,0.424,0.266,0.71,0.026,0.12,33,,2.904,0,0,0.28,0.25,0,0.3,0,0,0,0,0,19.03,15.3,3.73,0,0.8100000000000001,,0,,,0,0.6,,0.95,4.42,,60.91,0,5.57,0,5.04,0,5.76,,,1022.29,,,177.38,,,,,0,,194.41,,33.75,8.01,0,,,2774.85,,,,,,,26.58,,,,,,,,,,,,,,,,,,,,,,402,,643,,,,,,,,196,,,,,,,,,,,,,,,,,,,,,,,,,
STD-DB10_2-000976,"포크커틀릿, 냉동",S,국가표준식품성분표,,식약('96),,육류 및 그 제품,,"포크커틀릿, 냉동",,,,,,,100g,285,49.9,9.4,18.2,1.5,21,-,-,23,1.2,142,172,345,5,5,0,0.05,0.05,1.6,0,-,,-,-,-,-,-,-,-,-,,-,-,-,-,-,-,-,-,-,-,-,-,-,-,-,-,-,,-,,,-,-,,-,-,,-,-,-,-,-,-,-,,,-,,,-,,,,,-,,-,,-,-,-,,,-,,,,,,,-,,,,,,,,,,,,,,,,,,,,,,-,,-,,,,,,,,-,,,,,,,,,,,,,,,,,,,,,,,,,
STD-DB10_2-000977,"말고기, 살코기",S,국가표준식품성분표,,JAPAN('20),,육류 및 그 제품,,"말고기, 살코기",,,,,,,100g,102,76.09999999999999,20.1,2.5,1.0,0.3,-,(0),11,4.3,170,300,50,9,9,-,0.10,0.24,5.8,1,-,,0.80,-,-,-,1.1,0.02,7.1,4,,1.01,-,-,0.9,0.9,0,0,0,-,-,-,-,2,-,-,-,-,,-,,,-,-,,-,1.28,,11,-,0,-,0,0,-,,,180,,,-,,,,,12,,91,,3,1,0,,,-,,,,,,,-,,,,,,,,,,,,,,,,,,,,,,880,,1700,,,,,,,,1000,,,,,,,,,,,,,,,,,,,,,,,,,
STD-DB10_2-000978,메추리고기,S,국가표준식품성분표,,JAPAN('20),,육류 및 그 제품,,메추리고기,,,,,,,100g,194,65.40000000000001,20.5,12.9,1.1,0.1,-,(0),15,2.9,100,280,35,45,45,-,0.12,0.50,5.8,Tr,0.1,,2.93,-,-,-,-,0.53,0.7,11,,1.85,-,-,0.8,0.8,Tr,0.2,0,-,-,-,-,53,-,-,-,-,,-,,,-,-,,-,8.449999999999999,,22,0,0,0,20,31,-,,,4200,,,-,,,,,130,,190,,18,12,0,,,-,,,,,,,-,,,,,,,,,,,,,,,,,,,,,,"(1,600)",,"(1,700)",,,,,,,,"(1,100)",,,,,,,,,,,,,,,,,,,,,,,,,
STD-DB10_2-000979,멧돼지고기,S,국가표준식품성분표,,JAPAN('20),,육류 및 그 제품,,멧돼지고기,,,,,,,100g,249,60.1,18.8,19.8,0.8,0.5,-,(0),4,2.5,170,270,45,4,4,-,0.24,0.29,5.2,1,0.4,,5.83,-,-,-,5.0,0.35,1.7,1,,1.02,-,-,0.5,0.5,0,0.1,0,-,-,-,-,1,-,-,-,-,,-,,,-,-,,-,11.92,,290,0,0,0,0,0,-,,,2300,,,-,,,,,60,,47,,150,15,0,,,-,,,,,,,-,,,,,,,,,,,,,,,,,,,,,,"(1,100)",,"(1,500)",,,,,,,,(880),,,,,,,,,,,,,,,,,,,,,,,,,
STD-DB10_2-000980,"멧돼지고기, 앞다리",S,국가표준식품성분표,,농진청('96),,육류 및 그 제품,,"멧돼지고기, 앞다리",,,,,,,100g,191,68.8,21.5,10.7,1,0,-,-,11,2.1,70,304,55,2,2,0,0.39,0.18,3.7,0,-,,-,-,-,-,-,-,-,-,,-,-,-,-,-,-,-,-,-,-,-,-,-,-,-,-,-,,-,,,-,-,,-,-,,-,-,-,-,-,-,-,,,-,,,-,,,,,-,,-,,-,-,-,,,-,,,,,,,-,,,,,,,,,,,,,,,,,,,,,,-,,-,,,,,,,,-,,,,,,,,,,,,,,,,,,,,,,,,,
STD-DB10_2-000981,"소고기, 수입산, 갈비, 구운것(오븐)",S,국가표준식품성분표,,USDA('18),,육류 및 그 제품,,"소고기, 수입산, 갈비, 구운것(오븐)",,,,,,,100g,400,43.4,22.57,33.7,0.91,0,-,0,11,2.17,175,304,65,0,0,-,0.07000000000000001,0.18,3.4,0,-,,13.96,-,-,-,-,0.26,2.56,7,,0.36,-,-,-,-,-,-,-,-,-,-,-,-,-,-,-,-,,-,,,-,-,,-,15.86,,50,-,-,-,-,-,-,,,-,,,-,,,,,-,,-,,-,-,-,,,-,,,,,,,-,,,,,,,,,,,,,,,,,,,,,,1231,,1784,,,,,,,,1015,,,,,,,,,,,,,,,,,,,,,,,,,
STD-DB10_2-000982,"소고기, 한우, 갈비",S,국가표준식품성분표,,농진청('03),,육류 및 그 제품,,"소고기, 한우, 갈비",,,,,,,100g,307,56.4,16.5,24.4,0.8,1.9,-,-,9,3,110,194,127,0,0,0,0.03,0.27,0.9,0,-,,-,-,-,-,-,-,-,-,,-,-,-,-,-,-,-,-,-,-,-,-,-,-,-,-,-,,-,,,-,-,,-,-,,-,-,-,-,-,-,-,,,-,,,-,,,,,-,,-,,-,-,-,,,-,,,,,,,-,,,,,,,,,,,,,,,,,,,,,,-,,-,,,,,,,,-,,,,,,,,,,,,,,,,,,,,,,,,,
STD-DB10_2-000983,"소고기, 한우(1++등급), 살코기",S,국가표준식품성분표,,대푯값,,육류 및 그 제품,,"소고기, 한우(1++등급), 살코기",,,,,,,100g,269,60.1,17.88,20.6,0.78,0,0,0,5,2.65,150,267,51,5,5,0,0.14,0.113,2.874,1.08,0.23,,6.11,0.35,0.074,2.8,0.3,0.392,1.77,5,,1.087,0.21,0.03,0.32,0.3,0,0.14,0,0.02,0,0,0,5.87,0,5.87,0,0,,0,,,0,0,,0,9.1,,86.8,0,2.24,1.07,6.47,0,0.21,,,302.27,,,440.95,,,,,1.32,,17.61,,8.369999999999999,39.86,0.05,,,7162.86,,,,,,,199.57,,,,,,,,,,,,,,,,,,,,,,774,,1086,,,,,,,,633,,,,,,,,,,,,,,,,,,,,,,,,,
STD-DB10_2-000984,"소고기, 한우(1+등급), 살코기",S,국가표준식품성분표,,대푯값,,육류 및 그 제품,,"소고기, 한우(1+등급), 살코기",,,,,,,100g,251,62.7,19.01,18.18,0.84,0,0,0,3,2.36,159,276,44,9,9,0,0.051,0.164,2.68,0.96,0,,5.78,0.34,0,2.68,1.49,-,2.27,4,,1.831,0,0,0.22,0.21,0,0,0,0.01,0,0,0,6.04,0,6.04,0,0,,0,,,0,0,,0,9.02,,57.71,0,0,0.5600000000000001,5.54,0,0.05,,,452.97,,,385.36,,,,,0.79,,22.9,,10.31,32.57,0,,,7040.58,,,,,,,214.06,,,,,,,,,,,,,,,,,,,,,,968,,1358,,,,,,,,756,,,,,,,,,,,,,,,,,,,,,,,,,
STD-DB10_2-000985,"소고기, 한우(1등급), 살코기",S,국가표준식품성분표,,대푯값,,육류 및 그 제품,,"소고기, 한우(1등급), 살코기",,,,,,,100g,233,63.3,20.22,15.7,0.87,0,0,0,5,2.42,174,291,53,5,5,0,0.062,0.161,2.185,0.53,0,,5.6,0.3,0,2.185,1.8,-,1.71,3,,0.989,0,0,0.25,0.24,0.01,0.03,0,0.03,0,0.01,0,-,0,-,0,0,,0,,,0,0,,0,7.38,,43.94,0,0,0.41,5.27,0.25,0.05,,,325.2,,,321.53,,,,,0.73,,13.33,,8.06,34.78,0.09,,,5630.9,,,,,,,185.26,,,,,,,,,,,,,,,,,,,,,,940,,1583,,,,,,,,927,,,,,,,,,,,,,,,,,,,,,,,,,
STD-DB10_2-000986,"소고기, 한우(2등급), 살코기",S,국가표준식품성분표,,대푯값,,육류 및 그 제품,,"소고기, 한우(2등급), 살코기",,,,,,,100g,214,65.09999999999999,19.99,13.78,0.84,0,0,0,4,2.68,163,287,54,6,6,0,0.058,0.099,3.938,1.11,1.73,,4.44,0.29,0.294,3.645,0.47,0.402,1.2,4,,0.971,1.32,0.41,0.35,0.34,0,0.04,0,0.02,0,0,0,5.64,0,5.64,0,0,,0,,,0,0,,0,5.94,,33.41,2.71,1.47,0.73,6.05,0,0.04,,,263.41,,,213.71,,,,,1.18,,24,,6.62,20.17,0.04,,,4688.14,,,,,,,176.58,,,,,,,,,,,,,,,,,,,,,,965,,1350,,,,,,,,790,,,,,,,,,,,,,,,,,,,,,,,,,
STD-DB10_2-000987,"소고기, 한우(3등급), 등심",S,국가표준식품성분표,,농진청('11),,육류 및 그 제품,,"소고기, 한우(3등급), 등심",,,,,,,100g,117,74.59999999999999,21.3,2.9,1.2,0,-,-,-,-,186,327,49,10,10,0,0.14,0.29,1.2,-,-,,-,-,-,-,-,-,-,-,,-,-,-,-,-,-,-,-,-,-,-,-,-,-,-,-,-,,-,,,-,-,,-,-,,-,-,-,-,-,-,-,,,-,,,-,,,,,-,,-,,-,-,-,,,-,,,,,,,-,,,,,,,,,,,,,,,,,,,,,,-,,-,,,,,,,,-,,,,,,,,,,,,,,,,,,,,,,,,,
STD-DB10_2-000988,"소 부산물, 간",S,국가표준식품성분표,,USDA('18),,육류 및 그 제품,,"소 부산물, 간",,,,,,,100g,135,70.81,20.36,3.63,1.31,3.89,0,0,5,4.9,387,313,69,4967,4948,232,0.189,2.755,13.175,1.3,1.2,,1.233,0.17,-,-,-,1.083,59.3,290,,7.173,-,1.2,0.39,0.38,0,0.07000000000000001,0,0,0,0,0,-,3.1,-,-,-,,-,,,-,-,,-,0.944,,7,9,-,-,0,0,-,,,299,,,-,,,,,-,,7,,10,-,0,,,-,,,,,,,-,,,,,,,,,,,,,,,,,,,,,,1164,,1910,,,,,,,,967,,,,,,,,,,,,,,,,,,,,,,,,,
STD-DB10_2-000989,"소 부산물, 골",S,국가표준식품성분표,,식약('96),,육류 및 그 제품,,"소 부산물, 골",,,,,,,100g,123,79.5,9.300000000000001,8.199999999999999,1.3,1.7,-,-,14,2.8,292,259,154,91,91,0,0.15,0.15,3,10,-,,-,-,-,-,-,-,-,-,,-,-,-,-,-,-,-,-,-,-,-,-,-,-,-,-,-,,-,,,-,-,,-,-,,-,-,-,-,-,-,-,,,-,,,-,,,,,-,,-,,-,-,-,,,-,,,,,,,-,,,,,,,,,,,,,,,,,,,,,,-,,-,,,,,,,,-,,,,,,,,,,,,,,,,,,,,,,,,,
STD-DB10_2-000990,"소 부산물, 꼬리",S,국가표준식품성분표,,식약('96),,육류 및 그 제품,,"소 부산물, 꼬리",,,,,,,100g,252,62.7,17.4,19,0.9,0,-,-,22,1.5,165,189,42,6,6,0,0.07000000000000001,0.12,4.2,0,-,,-,-,-,-,-,-,-,-,,-,-,-,-,-,-,-,-,-,-,-,-,-,-,-,-,-,,-,,,-,-,,-,-,,-,-,-,-,-,-,-,,,-,,,-,,,,,-,,-,,-,-,-,,,-,,,,,,,-,,,,,,,,,,,,,,,,,,,,,,-,,-,,,,,,,,-,,,,,,,,,,,,,,,,,,,,,,,,,
STD-DB10_2-000991,"소 부산물, 선지(피)",S,국가표준식품성분표,,농진청('04),,육류 및 그 제품,,"소 부산물, 선지(피)",,,,,,,100g,51,85.3,10.1,0,2.4,2.2,-,-,8,23.7,9,34,598,0,0,0,0.04,0.01,0.6,-,-,,-,-,-,-,-,-,-,-,,-,-,-,-,-,-,-,-,-,-,-,-,-,-,-,-,-,,-,,,-,-,,-,-,,-,-,-,-,-,-,-,,,-,,,-,,,,,-,,-,,-,-,-,,,-,,,,,,,-,,,,,,,,,,,,,,,,,,,,,,-,,-,,,,,,,,-,,,,,,,,,,,,,,,,,,,,,,,,,
STD-DB10_2-000992,"소 부산물, 소장(곱창)",S,국가표준식품성분표,,식약('96),,육류 및 그 제품,,"소 부산물, 소장(곱창)",,,,,,,100g,145,79.2,9,11.3,0.4,0.1,-,-,12,2.1,97,98,45,15,15,0,0.05,0.11,1.4,0,-,,-,-,-,-,-,-,-,-,,-,-,-,-,-,-,-,-,-,-,-,-,-,-,-,-,-,,-,,,-,-,,-,-,,-,-,-,-,-,-,-,,,-,,,-,,,,,-,,-,,-,-,-,,,-,,,,,,,-,,,,,,,,,,,,,,,,,,,,,,-,,-,,,,,,,,-,,,,,,,,,,,,,,,,,,,,,,,,,
STD-DB10_2-000993,"소 부산물, 신장",S,국가표준식품성분표,,USDA('18),,육류 및 그 제품,,"소 부산물, 신장",,,,,,,100g,99,77.89,17.4,3.09,1.33,0.29,0,0,13,4.6,257,262,182,419,419,0,0.357,2.84,8.029999999999999,9.4,1.1,,0.868,0.1,-,-,-,0.665,27.5,98,,3.97,-,1.1,0.22,0.22,0,0.02,0,0,0,0,0,-,0,-,-,-,,-,,,-,-,,-,1.131,,12,6,-,-,0,0,-,,,-,,,-,,,,,-,,7,,12,-,0,,,-,,,,,,,-,,,,,,,,,,,,,,,,,,,,,,-,,-,,,,,,,,-,,,,,,,,,,,,,,,,,,,,,,,,,
STD-DB10_2-000994,"소 부산물, 심장",S,국가표준식품성분표,,USDA('18),,육류 및 그 제품,,"소 부산물, 심장",,,,,,,100g,112,77.11,17.72,3.94,1.1,0.14,0,0,7,4.31,212,287,98,0,0,0,0.238,0.906,7.53,2,-,,1.383,0.18,-,-,-,0.279,8.550000000000001,3,,1.79,-,-,0.22,0.22,0,0.02,0,0,0,0,0,-,0,-,-,-,,-,,,-,-,,-,1.683,,11,5,-,-,0,0,-,,,-,,,-,,,,,-,,11,,7,-,0,,,-,,,,,,,-,,,,,,,,,,,,,,,,,,,,,,-,,-,,,,,,,,-,,,,,,,,,,,,,,,,,,,,,,,,,
STD-DB10_2-000995,"소 부산물, 양(위)",S,국가표준식품성분표,,식약('96),,육류 및 그 제품,,"소 부산물, 양(위)",,,,,,,100g,61,87.7,9.9,2,0.3,0.1,-,-,14,3,67,105,33,2,2,0,0.05,0.16,1.5,0,-,,-,-,-,-,-,-,-,-,,-,-,-,-,-,-,-,-,-,-,-,-,-,-,-,-,-,,-,,,-,-,,-,-,,-,-,-,-,-,-,-,,,-,,,-,,,,,-,,-,,-,-,-,,,-,,,,,,,-,,,,,,,,,,,,,,,,,,,,,,-,,-,,,,,,,,-,,,,,,,,,,,,,,,,,,,,,,,,,
STD-DB10_2-000996,"소 부산물, 천엽",S,국가표준식품성분표,,JAPAN('20),,육류 및 그 제품,,"소 부산물, 천엽",,,,,,,100g,57,86.59999999999999,11.7,1.3,0.4,0,-,(0),16,6.8,80,83,50,4,4,-,0.04,0.32,1.7,4,0,,0.38,-,-,-,-,0.02,4.6,33,,0.64,-,-,0.1,0.1,0,0,0,-,-,-,-,4,-,-,-,-,,-,,,-,-,,-,0.51,,5,0,0,0,3,0,-,,,55,,,-,,,,,25,,2,,1,7,0,,,-,,,,,,,-,,,,,,,,,,,,,,,,,,,,,,"(1,100)",,(810),,,,,,,,(420),,,,,,,,,,,,,,,,,,,,,,,,,
STD-DB10_2-000997,"소 부산물, 허파",S,국가표준식품성분표,,USDA('18),,육류 및 그 제품,,"소 부산물, 허파",,,,,,,100g,92,79.38,16.2,2.5,0.98,0,-,0,10,7.95,224,340,198,14,14,-,0.047,0.23,4,38.5,-,,0.86,-,-,-,-,0.04,3.81,11,,1,-,-,-,-,-,-,-,-,-,-,-,-,-,-,-,-,,-,,,-,-,,-,0.98,,20,-,-,-,0,0,-,,,-,,,-,,,,,-,,-,,-,-,0,,,-,,,,,,,-,,,,,,,,,,,,,,,,,,,,,,734,,1190,,,,,,,,772,,,,,,,,,,,,,,,,,,,,,,,,,
STD-DB10_2-000998,"소 부산물, 혀",S,국가표준식품성분표,,식약('96),,육류 및 그 제품,,"소 부산물, 혀",,,,,,,100g,191,71.8,13,14.5,0.7,0,-,-,5,2.5,136,170,87,5,5,0,0.06,0.16,3,0,-,,-,-,-,-,-,-,-,-,,-,-,-,-,-,-,-,-,-,-,-,-,-,-,-,-,-,,-,,,-,-,,-,-,,-,-,-,-,-,-,-,,,-,,,-,,,,,-,,-,,-,-,-,,,-,,,,,,,-,,,,,,,,,,,,,,,,,,,,,,-,,-,,,,,,,,-,,,,,,,,,,,,,,,,,,,,,,,,,
STD-DB10_2-000999,"소고기, 육포",S,국가표준식품성분표,,식약('96),,육류 및 그 제품,,"소고기, 육포",,,,,,,100g,351,15.2,49,8.199999999999999,7.4,20.2,-,-,13,6.4,606,700,2180,0,0,0,0.21,0.25,19.6,0,-,,-,-,-,-,-,-,-,-,,-,-,-,-,-,-,-,-,-,-,-,-,-,-,-,-,-,,-,,,-,-,,-,-,,-,-,-,-,-,-,-,,,-,,,-,,,,,-,,-,,-,-,-,,,-,,,,,,,-,,,,,,,,,,,,,,,,,,,,,,-,,-,,,,,,,,-,,,,,,,,,,,,,,,,,,,,,,,,,
STD-DB10_2-001000,"소불고기, 볶은것",S,국가표준식품성분표,,농진청('19),,육류 및 그 제품,,"소불고기, 볶은것",,,,,,,100g,186,68.09999999999999,10.33,13.1,1.75,6.73,3.34,0.9,18,1.4,102,378,468,17,5,148,0.028,0.137,2.353,2.08,0,,5.32,0.06,0.228,2.125,0.42,0.222,1.58,11,,0.629,0,0,0.14,0.11,0,0.27,0,0,0,0,0,6.42,3.29,3.13,0,0.67,,0,,,0,1.92,,0.75,6.91,,19.36,0,0,0,3.07,0,0,,,816.6799999999999,,,164.15,,,,,35.28,,17.77,,0,17.98,0,,,5460.21,,,,,,,58.15,,,,,,,,,,,,,,,,,,,,,,484,,710,,,,,,,,508,,,,,,,,,,,,,,,,,,,,,,,,,
STD-DB10_2-001001,"송아지고기, 수입산, 갈비",S,국가표준식품성분표,,USDA('18),,육류 및 그 제품,,"송아지고기, 수입산, 갈비",,,,,,,100g,162,71.15000000000001,18.86,9.01,0.97,0,-,0,13,0.86,184,290,89,0,0,-,0.07000000000000001,0.23,6.68,0,-,,3.71,-,-,-,-,0.42,1.29,12,,1.13,-,-,0.21,0.21,-,-,-,-,-,-,-,-,-,-,-,-,,-,,,-,-,,-,4.06,,0,-,-,-,0,0,-,,,-,,,-,,,,,-,,-,,-,-,0,,,-,,,,,,,-,,,,,,,,,,,,,,,,,,,,,,969,,1501,,,,,,,,929,,,,,,,,,,,,,,,,,,,,,,,,,
STD-DB10_2-001002,"송아지 부산물, 수입산, 간",S,국가표준식품성분표,,USDA('18),,육류 및 그 제품,,"송아지 부산물, 수입산, 간",,,,,,,100g,140,70.89,19.93,4.85,1.42,2.91,0,0,5,6.4,379,308,77,11706,11705,11,0.173,2.44,10.55,0.7,-,,1.56,0.215,-,-,-,0.957,59.85,125,,6.065,-,-,0.37,0.37,0,0.03,0,0,0,0,0,-,0.9,-,-,-,,-,,,-,-,,-,1.797,,13,8,-,-,0,0,-,,,517,,,-,,,,,-,,28,,12,-,0,,,-,,,,,,,-,,,,,,,,,,,,,,,,,,,,,,1739,,1905,,,,,,,,968,,,,,,,,,,,,,,,,,,,,,,,,,
STD-DB10_2-001003,"양고기, 수입산, 다리",S,국가표준식품성분표,,JAPAN('20),,육류 및 그 제품,,"양고기, 수입산, 다리",,,,,,,100g,205,65.0,18.8,15.3,0.8,0.1,-,(0),4,2.5,140,230,37,7,7,-,0.14,0.33,4.6,1,0.4,,6.88,-,-,-,-,0.30,1.6,1,,1.12,-,-,1.3,1.3,0,0,0,-,-,-,-,18,-,-,-,-,,-,,,-,-,,-,6.100000000000001,,22,0,0,0,28,0,-,,,330,,,-,,,,,43,,150,,7,0,14,,,-,,,,,,,-,,,,,,,,,,,,,,,,,,,,,,1100,,1600,,,,,,,,900,,,,,,,,,,,,,,,,,,,,,,,,,
STD-DB10_2-001004,"어린양고기, 수입산, 갈비",S,국가표준식품성분표,,USDA('18),,육류 및 그 제품,,"어린양고기, 수입산, 갈비",,,,,,,100g,372,50.8,14.52,34.39,0.74,0,-,0,15,1.39,137,190,56,0,0,-,0.1,0.19,6.09,0,-,,15.16,-,-,-,-,0.11,2.09,14,,0.62,-,-,0.18,0.18,-,-,-,-,-,-,-,-,-,-,-,-,,-,,,-,-,,-,16.82,,-,-,-,-,-,-,-,,,-,,,-,,,,,-,,-,,-,-,-,,,-,,,,,,,-,,,,,,,,,,,,,,,,,,,,,,709,,1129,,,,,,,,700,,,,,,,,,,,,,,,,,,,,,,,,,
STD-DB10_2-001005,"어린양 부산물, 수입산, 간",S,국가표준식품성분표,,USDA('18),,육류 및 그 제품,,"어린양 부산물, 수입산, 간",,,,,,,100g,139,71.37,20.38,5.02,1.44,1.78,-,0,7,7.37,364,313,70,7391,7391,-,0.34,3.63,16.11,4,-,,1.94,-,-,-,-,0.9,90.05,230,,6.13,-,-,-,-,-,-,-,-,-,-,-,-,-,-,-,-,,-,,,-,-,,-,1.8,,-,-,-,-,-,-,-,,,-,,,-,,,,,-,,-,,-,-,-,,,-,,,,,,,-,,,,,,,,,,,,,,,,,,,,,,985,,1665,,,,,,,,878,,,,,,,,,,,,,,,,,,,,,,,,,
STD-DB10_2-001006,염소고기,S,국가표준식품성분표,,농진청('13),,육류 및 그 제품,,염소고기,,,,,,,100g,181,64.59999999999999,19.88,10.31,0.99,0,0,0,10,2.73,186,298,70,5,5,0,0.101,0.172,2.58,1.51,0,,3.53,0.219,0.011,2.569,0,-,1.96,18,,0.015,0,0,0.42,0.4,0,0.16,0,0.02,0,0,0,-,0,-,0,0,,0,,,0,0,,0,4.25,,8.06,0,1.6,0,11.86,2.53,0,,,185.19,,,98.06999999999999,,,,,79.15000000000001,,12,,4.58,5.63,5.16,,,3599.37,,,,,,,151.35,,,,,,,,,,,,,,,,,,,,,,1187,,1512,,,,,,,,748,,,,,,,,,,,,,,,,,,,,,,,,,
STD-DB10_2-001007,"염소고기, 삶은것",S,국가표준식품성분표,,농진청('13),,육류 및 그 제품,,"염소고기, 삶은것",,,,,,,100g,251,56,29.39,13.51,0.77,0,0,0,15,3.83,152,170,39,5,5,0,0.034,0.335,1.053,0.5,0,,4.89,0.3,0,1.053,0,-,1.42,7,,0,0,0,0.4,0.39,0,0.11,0,0,0,0,0,-,0,-,0,0,,0,,,0,0,,0,5.93,,11.43,0,3.2,0,17.61,3.51,0,,,278.07,,,138.19,,,,,123.8,,17.25,,7.33,8.699999999999999,7.69,,,4993.11,,,,,,,205.34,,,,,,,,,,,,,,,,,,,,,,1662,,2477,,,,,,,,1277,,,,,,,,,,,,,,,,,,,,,,,,,
STD-DB10_2-001008,"염소고기, 수입산",S,국가표준식품성분표,,JAPAN('20),,육류 및 그 제품,,"염소고기, 수입산",,,,,,,100g,99,75.40000000000001,21.9,1.5,1.0,0.2,-,(0),7,3.8,170,310,45,3,3,-,0.07000000000000001,0.28,6.7,1,0,,0.38,-,-,-,-,0.26,2.8,2,,0.45,-,-,1,1.0,0,0,0,-,-,-,-,2,-,-,-,-,,-,,,-,-,,-,0.53,,2,0,0,0,17,2,-,,,94,,,-,,,,,35,,17,,4,4,11,,,-,,,,,,,-,,,,,,,,,,,,,,,,,,,,,,1000,,1800,,,,,,,,1100,,,,,,,,,,,,,,,,,,,,,,,,,
STD-DB10_2-001009,"오리고기, 살코기",S,국가표준식품성분표,,농진청('16),,육류 및 그 제품,,"오리고기, 살코기",,,,,,,100g,117,76.8,21,3.07,1.05,0,0,0,11,2.61,212,305,83,11,11,0,0.203,0.103,5.159,0.45,1.3,,1.17,0.02,0.006,5.153,4.38,-,3.41,5,,2.324,0,1.3,0.3,0.29,0,0.06,0,0.02,0,0,0,-,0,-,0,0,,0,,,0,0,,0,1.75,,10.03,0,0,0,7.33,7.01,0,,,475.85,,,53.8,,,,,0,,18.91,,8.449999999999999,15.29,1.88,,,1063.8,,,,,,,7.16,,,,,,,,,,,,,,,,,,,,,,957,,1595,,,,,,,,926,,,,,,,,,,,,,,,,,,,,,,,,,
STD-DB10_2-001010,"오리고기, 껍질 포함",S,국가표준식품성분표,,농진청('16),,육류 및 그 제품,,"오리고기, 껍질 포함",,,,,,,100g,249,64.59999999999999,16.63,18.99,0.72,0,0,0,16,1.56,155,215,70,35,35,0,0.124,0.207,3.299,0.23,1.97,,6.17,0.14,0.013,3.286,3.74,0.101,3.25,6,,1.843,0,1.97,0.4,0.38,0,0.08,0,0.03,0.01,0.01,0,26.59,0,26.59,0,0,,0,,,0,0,,0,11.84,,63.42,0,0,0,9.85,7.17,0,,,3212.46,,,276.6,,,,,0,,162.9,,30.26,24.78,2.66,,,7294.62,,,,,,,48.6,,,,,,,,,,,,,,,,,,,,,,976,,1102,,,,,,,,651,,,,,,,,,,,,,,,,,,,,,,,,,
STD-DB10_2-001011,"오리고기, 삶은것, 껍질포함",S,국가표준식품성분표,,농진청('22),,육류 및 그 제품,,"오리고기, 삶은것, 껍질포함",,,,,,,100g,277,53.2,28.74,16.58,0.72,0,0,0,4,2.45,171,104,25,16,16,0,0.164,0.275,2.846,0,1.79,,4.72,0.11,0.574,2.272,0.45,0.133,1.46,10,,1.459,0,1.79,0.5600000000000001,0.5,0,0.22,0,0.12,0,0,0,35.21,0,35.21,0,0,,0,,,0,0,,0,9.710000000000001,,60.07,0,0,1.59,12.26,3.8,0,,,2283.09,,,271.85,,,,,0,,102.84,,23.56,29.05,2.62,,,6381.26,,,,,,,45.33,,,,,,,,,,,,,,,,,,,,,,1656,,2479,,,,,,,,1303,,,,,,,,,,,,,,,,,,,,,,,,,
STD-DB10_2-001012,"오리고기, 구운것(팬), 껍질포함",S,국가표준식품성분표,,농진청('22),,육류 및 그 제품,,"오리고기, 구운것(팬), 껍질포함",,,,,,,100g,308,48.4,28.98,19.76,1.4,0,0,0,6,3.32,311,418,89,20,20,0,0.374,0.418,7.278,0,2.19,,5.31,0.12,0.6870000000000001,6.591,0.65,0.147,3.12,12,,2.452,0,2.19,0.97,0.9,0,0.26,0,0.13,0,0,0,28.6,0,28.6,0,0,,0,,,0,0,,0,10.92,,67.39,0,0,1.78,14.37,4.36,0,,,2479.1,,,306.34,,,,,0,,114.36,,25.51,31.65,2.91,,,7240.16,,,,,,,48.69,,,,,,,,,,,,,,,,,,,,,,1749,,2478,,,,,,,,1268,,,,,,,,,,,,,,,,,,,,,,,,,
STD-DB10_2-001013,"오리고기, 조미훈제",S,국가표준식품성분표,,농진청('22),,육류 및 그 제품,,"오리고기, 조미훈제",,,,,,,100g,277,56,17.96,21.74,1.89,2.37,0.29,0,6,2.03,284,202,538,12,11,6,0.222,0.227,4.312,28.49,2.05,,6.45,0.17,1.685,2.627,0.46,-,1.45,6,,1.236,0,2.05,1.01,0.92,0.06,0.25,0,0.12,0,0,0,53.88,0,53.88,0,0.29,,0,,,0,0,,0,13.26,,89.79000000000001,0,0,2.51,27.24,9.15,0,,,3131.41,,,364.45,,,,,0,,208.13,,35.42,36.08,5.28,,,8645.08,,,,,,,82.12,,,,,,,,,,,,,,,,,,,,,,1070,,1264,,,,,,,,791,,,,,,,,,,,,,,,,,,,,,,,,,
STD-DB10_2-001014,"자라고기, 수입산",S,국가표준식품성분표,,JAPAN('20),,육류 및 그 제품,,"자라고기, 수입산",,,,,,,100g,175,69.09999999999999,16.4,13.4,0.6,0.5,-,(0),18,0.9,88,150,69,94,94,-,0.91,0.41,3.0,1,3.6,,2.66,-,-,-,-,0.11,1.2,16,,0.20,-,-,1,1.0,0,0.2,0,-,-,-,-,5,-,-,-,-,,-,,,-,-,,-,8.789999999999999,,600,0,33,0,140,860,-,,,910,,,-,,,,,89,,550,,20,0,630,,,-,,,,,,,-,,,,,,,,,,,,,,,,,,,,,,-,,-,,,,,,,,-,,,,,,,,,,,,,,,,,,,,,,,,,
STD-DB10_2-001015,"토끼고기, 집토끼",S,국가표준식품성분표,,식약('96),,육류 및 그 제품,,"토끼고기, 집토끼",,,,,,,100g,135,72.2,21.7,4.4,1.1,0.6,-,-,12,2.4,231,360,56,6,6,0,0.07000000000000001,0.11,7.9,0,-,,-,-,-,-,-,-,-,-,,-,-,-,-,-,-,-,-,-,-,-,-,-,-,-,-,-,,-,,,-,-,,-,-,,-,-,-,-,-,-,-,,,-,,,-,,,,,-,,-,,-,-,-,,,-,,,,,,,-,,,,,,,,,,,,,,,,,,,,,,-,,-,,,,,,,,-,,,,,,,,,,,,,,,,,,,,,,,,,
STD-DB10_2-001016,"토끼고기, 살코기",S,국가표준식품성분표,,농진청('20),,육류 및 그 제품,,"토끼고기, 살코기",,,,,,,100g,161,72.3,20.97,7.68,1.07,0,0.62,0,14,0.6,214,366,50,22,22,0,0.045,0.129,7.735,0.8,0,,3.11,0.03,0.174,7.561,0.6,0.581,6.5,6,,0.618,0,0,0.08,0.08,0,0.01,0,0,0,0,0,4.3,1.41,2.89,0,0.62,,0,,,0,0,,0,3.97,,22.92,0,2.12,1.44,18.64,2.72,5.85,,,1719.08,,,81.81999999999999,,,,,1.53,,259.66,,20.6,9.880000000000001,2.07,,,1530.95,,,,,,,16.51,,,,,,,,,,,,,,,,,,,,,,-,,-,,,,,,,,-,,,,,,,,,,,,,,,,,,,,,,,,,
STD-DB10_2-001017,거위알,S,국가표준식품성분표,,농진청('96),,난류,,거위알,,,,,,,100g,193,71,13.2,14.1,0.9,0.8,-,-,41,2.5,70,77,45,172,170,18,0.15,0.48,0.1,0,-,,-,-,-,-,-,-,-,-,,-,-,-,-,-,-,-,-,-,-,-,-,-,-,-,-,-,,-,,,-,-,,-,-,,-,-,-,-,-,-,-,,,-,,,-,,,,,-,,-,,-,-,-,,,-,,,,,,,-,,,,,,,,,,,,,,,,,,,,,,-,,-,,,,,,,,-,,,,,,,,,,,,,,,,,,,,,,,,,
STD-DB10_2-001018,"거위알, 삶은것",S,국가표준식품성분표,,농진청('96),,난류,,"거위알, 삶은것",,,,,,,100g,187,71.90000000000001,12.7,13.6,0.8,1,-,-,41,2.5,70,76,45,173,171,18,0.06,0.32,0.1,0,-,,-,-,-,-,-,-,-,-,,-,-,-,-,-,-,-,-,-,-,-,-,-,-,-,-,-,,-,,,-,-,,-,-,,-,-,-,-,-,-,-,,,-,,,-,,,,,-,,-,,-,-,-,,,-,,,,,,,-,,,,,,,,,,,,,,,,,,,,,,-,,-,,,,,,,,-,,,,,,,,,,,,,,,,,,,,,,,,,
STD-DB10_2-001019,기러기알,S,국가표준식품성분표,,농진청('02),,난류,,기러기알,,,,,,,100g,193,70.2,12.3,13.9,1.2,2.4,-,-,78,3.3,249,106,143,185,185,-,0.13,0.33,0.1,0,-,,-,-,-,-,-,-,-,-,,-,-,-,-,-,-,-,-,-,-,-,-,-,-,-,-,-,,-,,,-,-,,-,-,,-,-,-,-,-,-,-,,,-,,,-,,,,,-,,-,,-,-,-,,,-,,,,,,,-,,,,,,,,,,,,,,,,,,,,,,-,,-,,,,,,,,-,,,,,,,,,,,,,,,,,,,,,,,,,
STD-DB10_2-001020,"기러기알, 삶은것",S,국가표준식품성분표,,농진청('02),,난류,,"기러기알, 삶은것",,,,,,,100g,212,66.8,13.1,14.9,1.2,4,-,-,77,2.6,217,132,138,185,185,-,0.07000000000000001,0.38,0.1,0,-,,-,-,-,-,-,-,-,-,,-,-,-,-,-,-,-,-,-,-,-,-,-,-,-,-,-,,-,,,-,-,,-,-,,-,-,-,-,-,-,-,,,-,,,-,,,,,-,,-,,-,-,-,,,-,,,,,,,-,,,,,,,,,,,,,,,,,,,,,,-,,-,,,,,,,,-,,,,,,,,,,,,,,,,,,,,,,,,,
STD-DB10_2-001021,달걀,S,국가표준식품성분표,,농진청('20),,난류,,달걀,,,,,,,100g,140,76.7,12.86,8.51,0.87,1.07,0.22,0,46,1.9,169,125,137,119,118,2,0.066,0.316,0.039,0,1.04,,2.8,0.03,0,0.039,24.304,0.116,1.17,45,,1.379,0,1.04,1.3,1.24,0,0.51,0,0.05,0,0,0,11.29,0,11.29,0,0,,0,,,0,0,,0.22,4.98,,19.01,2.76,5.84,0.02,4.09,53.75,0.03,,,1151.4,,,167.68,,,,,159.76,,23.82,,11.88,13.09,0.02,,,3152.23,,,,,,,18.54,,,,,,,,,,,,,,,,,,,,,,422,,1080,,,,,,,,680,,,,,,,,,,,,,,,,,,,,,,,,,
STD-DB10_2-001022,"달걀, 삶은것",S,국가표준식품성분표,,농진청('18),,난류,,"달걀, 삶은것",,,,,,,100g,145,75.59999999999999,13.49,8.69,0.91,1.37,0.13,0,52,2.01,193,115,128,67,66,3,0.07099999999999999,0.247,0.04,0,1.07,,2.78,0.04,0,0.04,13.57,0.098,1.13,67,,1.727,0,1.07,1.75,1.58,0.05,1.25,0.17,0.06,0.01,0.03,0,10.39,0,10.39,0,0,,0,,,0,0,,0.13,4.87,,19.8,0,2.6,0.22,6.16,73.02,0.36,,,1105.75,,,171.34,,,,,0.33,,27.64,,12.82,14.86,0.11,,,3212.2,,,,,,,17.69,,,,,,,,,,,,,,,,,,,,,,464,,1083,,,,,,,,706,,,,,,,,,,,,,,,,,,,,,,,,,
STD-DB10_2-001023,"달걀, 난백",S,국가표준식품성분표,,농진청('18),,난류,,"달걀, 난백",,,,,,,100g,50,87.7,11.46,0.05,0.65,0.14,0.12,0,6,0.01,15,140,174,0,0,0,0,0.41,0.061,0,0,,0.01,0,0,0.061,5.51,0.005,0.02,0,,0.073,0,0,0,0,0,0,0,0,0,0,0,0,0,0,0,0,,0,,,0,0,,0.12,0.01,,0,0,0,0,0,0,0,,,2.51,,,0,,,,,0,,0,,0,0,0,,,5,,,,,,,0,,,,,,,,,,,,,,,,,,,,,,388,,943,,,,,,,,604,,,,,,,,,,,,,,,,,,,,,,,,,
STD-DB10_2-001024,"달걀, 난황",S,국가표준식품성분표,,농진청('18),,난류,,"달걀, 난황",,,,,,,100g,326,51.7,15.66,25.18,1.7,5.77,0.04,0,149,5.92,535,112,57,429,429,7,0.236,0.475,0.028,0,3.56,,8.34,0.12,0,0.028,72.94,0.317,2.92,223,,4.243,0,3.56,3.36,3.13,0,1.63,0,0.23,0,0,0,33.48,0,33.48,0,0,,0,,,0,0,,0.04,14.45,,57.57,0,8.48,0.66,17.39,182.12,0.97,,,3362.21,,,498.26,,,,,1.11,,71.28,,37.85,45.29,0.67,,,9497.68,,,,,,,48.59,,,,,,,,,,,,,,,,,,,,,,478,,1363,,,,,,,,853,,,,,,,,,,,,,,,,,,,,,,,,,
STD-DB10_2-001025,"달걀, 가루",S,국가표준식품성분표,,USDA('18),,난류,,"달걀, 가루",,,,,,,100g,592,2.78,48.05,43.9,4.13,1.13,0.5600000000000001,0,244,7.2,629,540,476,300,300,0,0.183,1.977,0.34,0,8.300000000000001,,15.069,0.265,-,-,-,0.499,2.96,119,,5.55,0,8.300000000000001,3.88,3.88,-,-,-,-,-,-,-,-,1.2,-,0,0,,0,,,0,0,,0.5600000000000001,25.04,,98,54,-,-,24,199,-,,,6989,,,-,,,,,-,,170,,85,-,0,,,-,,,,,,,-,,,,,,,,,,,,,,,,,,,,,,1623,,4150,,,,,,,,2434,,,,,,,,,,,,,,,,,,,,,,,,,
STD-DB10_2-001026,"달걀, 부침(달걀프라이)",S,국가표준식품성분표,,농진청('16),,난류,,"달걀, 부침(달걀프라이)",,,,,,,100g,206,66.59999999999999,15.12,13.46,1.03,3.79,0.2,-,72,2.27,235,152,162,140,140,0,0.06900000000000001,0.513,0.054,0,1.52,,3.77,0.1,0,0.054,11.39,-,1.59,160,,1.795,0,1.52,1.24,0.96,0.04,2.22,0.25,0.09,0.05,0,0.14,-,0,-,0,0,,0,,,0,0,,0.2,9,,50.33,0,0,0,7.17,106.85,0,,,3464.69,,,266.32,,,,,0,,292.03,,16.29,14.09,0,,,4556.03,,,,,,,21.13,,,,,,,,,,,,,,,,,,,,,,449,,1098,,,,,,,,760,,,,,,,,,,,,,,,,,,,,,,,,,
STD-DB10_2-001027,"달걀, 스크램블드에그",S,국가표준식품성분표,,USDA('18),,난류,,"달걀, 스크램블드에그",,,,,,,100g,149,76.40000000000001,9.99,10.98,1.01,1.61,1.39,0,66,1.31,165,132,145,161,159,26,0.04,0.376,0.076,0,1.8,,3.331,0.624,-,-,-,0.134,0.76,36,,1.217,-,1.8,1.41,1.15,0.03,2.12,0.65,0.04,0,0.01,0,-,4,-,0,0,,0,,,1.11,0,,0.28,6.869999999999999,,25,-,0,-,5,43,-,,,-,,,-,,,,,-,,-,,13,-,0,,,-,,,,,,,-,,,,,,,,,,,,,,,,,,,,,,335,,861,,,,,,,,532,,,,,,,,,,,,,,,,,,,,,,,,,
STD-DB10_2-001028,"달걀, 유정란",S,국가표준식품성분표,,농진청('10),,난류,,"달걀, 유정란",,,,,,,100g,156,71.2,10.9,8.4,1.4,8.1,-,-,63,2.9,245,133,163,451,450,13,0.18,0.45,0.4,0,-,,-,-,-,-,-,-,-,-,,-,-,-,-,-,-,-,-,-,-,-,-,-,-,-,-,-,,-,,,-,-,,-,-,,-,-,-,-,-,-,-,,,-,,,-,,,,,-,,-,,-,-,-,,,-,,,,,,,-,,,,,,,,,,,,,,,,,,,,,,-,,-,,,,,,,,-,,,,,,,,,,,,,,,,,,,,,,,,,
STD-DB10_2-001029,메추리알,S,국가표준식품성분표,,농진청('18),,난류,,메추리알,,,,,,,100g,146,75.40000000000001,12.8,9.02,1.1,1.66,0,0,59,2.49,222,154,137,194,194,0,0.237,0.403,0.202,0,1.78,,2.85,0.07000000000000001,0.131,0.07099999999999999,14.1,0.06,3.68,105,,1.452,0,1.78,0.82,0.74,0,0.55,0,0.08,0,0.02,0,15.53,0,15.53,0,0,,0,,,0,0,,0,4.76,,11.48,0,0.61,0,9.220000000000001,55.26,0,,,866.1799999999999,,,171.38,,,,,139.98,,20.53,,7.84,13.12,1.67,,,3170.1,,,,,,,19.12,,,,,,,,,,,,,,,,,,,,,,470,,1095,,,,,,,,670,,,,,,,,,,,,,,,,,,,,,,,,,
STD-DB10_2-001030,"메추리알, 삶은것",S,국가표준식품성분표,,농진청('18),,난류,,"메추리알, 삶은것",,,,,,,100g,155,74.8,12.48,10.12,0.9,1.67,0,0,61,2.63,219,107,94,190,190,1,0.172,0.31,0.129,0,2.23,,3.37,0.07000000000000001,0.075,0.054,11.59,0.064,3.79,92,,2.123,0,2.23,0.8,0.73,0,0.62,0,0.03,0,0.02,0,14.57,0,14.57,0,0,,0,,,0,0,,0,5.65,,13.52,0,0,0,10.49,62.49,0,,,981.46,,,208.36,,,,,145.18,,22.52,,8.91,15.72,1.82,,,3811.49,,,,,,,25.82,,,,,,,,,,,,,,,,,,,,,,450,,1087,,,,,,,,675,,,,,,,,,,,,,,,,,,,,,,,,,
STD-DB10_2-001031,"메추리알, 난백",S,국가표준식품성분표,,농진청('18),,난류,,"메추리알, 난백",,,,,,,100g,52,87.40000000000001,11.77,0.11,0.7,0.05,0,0,3,0.02,15,172,184,0,0,0,0.18,0.176,0.03,0,0,,0.01,0,0,0.03,21.6,0.016,0.37,0,,0.032,0,0,0,0,0,0,0,0,0,0,0,0,0,0,0,0,,0,,,0,0,,0,0.01,,0,0,0,0,0,0,0,,,2.39,,,0,,,,,0,,0,,0,0,0,,,4.75,,,,,,,0,,,,,,,,,,,,,,,,,,,,,,491,,1015,,,,,,,,621,,,,,,,,,,,,,,,,,,,,,,,,,
STD-DB10_2-001032,"메추리알, 난황",S,국가표준식품성분표,,농진청('18),,난류,,"메추리알, 난황",,,,,,,100g,296,56.6,14.77,23.24,1.65,3.74,0,0,137,6.35,492,127,71,731,731,2,0.52,0.301,0.025,0,3.59,,7.26,0.17,0,0.025,15,0.144,10.98,231,,4.086,0,3.59,1.24,1.1,0,0.89,0,0.17,0,0.09,0,45.55,0,45.55,0,0,,0,,,0,0,,0,11.63,,27.59,0,3.57,0,18.86,94.04000000000001,0,,,1647.92,,,457.42,,,,,1.12,,35.24,,14.61,29.48,2.61,,,8411.07,,,,,,,48.55,,,,,,,,,,,,,,,,,,,,,,496,,1386,,,,,,,,831,,,,,,,,,,,,,,,,,,,,,,,,,
STD-DB10_2-001033,오리알,S,국가표준식품성분표,,농진청('18),,난류,,오리알,,,,,,,100g,171,72.40000000000001,13.11,11.32,1.09,2.03,0,0,56,2.54,207,120,136,115,107,100,0.26,0.13,0.02,0,8.25,,3.57,0.09,0,0.02,35.52,0.213,1.88,73,,0.552,0,8.25,1.85,1.77,0,0.55,0,0.09,0,0,0,23.57,0,23.57,0,0,,0,,,0,0,,0,6.66,,36.72,0,4.15,2.15,62.07,351.46,3.14,,,1253.86,,,203.95,,,,,2.42,,158.74,,28.56,49.89,11.72,,,4310.23,,,,,,,30.1,,,,,,,,,,,,,,,,,,,,,,460,,1135,,,,,,,,669,,,,,,,,,,,,,,,,,,,,,,,,,
STD-DB10_2-001034,"오리알, 삶은것",S,국가표준식품성분표,,농진청('18),,난류,,"오리알, 삶은것",,,,,,,100g,183,70.8,13.39,12.4,1.02,2.41,0,0,60,2.76,221,100,108,99,89,112,0.108,0.203,0.016,0,8.82,,3.68,0.09,0,0.016,17.33,0.215,1.85,73,,0.488,0,8.82,1.93,1.84,0,0.61,0,0.09,0,0,0,23.48,0,23.48,0,0,,0,,,0,0,,0,6.87,,37.86,0,4.05,2.2,65.25,359.98,3.09,,,1260.81,,,207.85,,,,,2.39,,156.97,,28.85,49.79,11.59,,,4498.41,,,,,,,29.4,,,,,,,,,,,,,,,,,,,,,,446,,1126,,,,,,,,654,,,,,,,,,,,,,,,,,,,,,,,,,
STD-DB10_2-001035,"오리알, 난백",S,국가표준식품성분표,,농진청('18),,난류,,"오리알, 난백",,,,,,,100g,52,87,10.78,0.09,0.74,1.39,0,0,5,0.01,11,134,187,0,0,0,0.095,0.02,0.022,0,0,,0.01,0,0,0.022,0.62,0.008,0.55,0,,0.104,0,0,0,0,0,0,0,0,0,0,0,0,0,0,0,0,,0,,,0,0,,0,0.01,,0,0,0,0,0,0,0,,,2.65,,,0,,,,,0,,0,,0,0,0,,,8.98,,,,,,,0,,,,,,,,,,,,,,,,,,,,,,392,,892,,,,,,,,500,,,,,,,,,,,,,,,,,,,,,,,,,
STD-DB10_2-001036,"오리알, 난황",S,국가표준식품성분표,,농진청('18),,난류,,"오리알, 난황",,,,,,,100g,351,50.2,16.68,28.48,1.62,3.02,0,0,134,6.4,506,99,57,291,270,254,0.522,0.308,0.017,0,20.86,,9,0.22,0,0.017,88.84,0.527,3.91,184,,1.236,0,20.86,4.67,4.47,0,1.38,0,0.22,0,0,0,59.58,0,59.58,0,0,,0,,,0,0,,0,16.82,,92.83,0,10.49,5.43,156.91,888.48,7.93,,,3165.64,,,515.58,,,,,6.12,,401.27,,72.20999999999999,126.13,29.63,,,10882.25,,,,,,,76.09999999999999,,,,,,,,,,,,,,,,,,,,,,563,,1507,,,,,,,,927,,,,,,,,,,,,,,,,,,,,,,,,,
STD-DB10_2-001037,"오리알, 피단",S,국가표준식품성분표,,농진청('19),,난류,,"오리알, 피단",,,,,,,100g,166,71,12.98,10.05,1.76,4.21,0.06,0,56,2.28,177,127,496,103,103,3,0,0.193,0.199,0,7.07,,2.11,0.04,0,0.199,11.99,0.24,1.97,66,,0.616,0,7.07,1.08,1.05,0,0.21,0,0.04,0,0,0,36.82,0,36.82,0,0,,0,,,0,0,,0.06,4.07,,18.85,0,0,0,11,28.86,0,,,638.26,,,91.04000000000001,,,,,316.85,,22.96,,15.96,26.43,0,,,2749.14,,,,,,,12.09,,,,,,,,,,,,,,,,,,,,,,404,,952,,,,,,,,567,,,,,,,,,,,,,,,,,,,,,,,,,
STD-DB10_2-001038,"오리알, 청둥오리",S,국가표준식품성분표,,국('87),,난류,,"오리알, 청둥오리",,,,,,,100g,178,72.2,13.6,12.3,0.9,1,-,-,61,3.1,197,-,-,-,-,-,0.23,0.38,0.1,0,-,,-,-,-,-,-,-,-,-,,-,-,-,-,-,-,-,-,-,-,-,-,-,-,-,-,-,,-,,,-,-,,-,-,,-,-,-,-,-,-,-,,,-,,,-,,,,,-,,-,,-,-,-,,,-,,,,,,,-,,,,,,,,,,,,,,,,,,,,,,-,,-,,,,,,,,-,,,,,,,,,,,,,,,,,,,,,,,,,
STD-DB10_2-001039,가라지,S,국가표준식품성분표,,수('09),,어패류 및 그 제품,,가라지,,,,,,,100g,78,81.5,14.8,1.3,1.7,0.7,-,0,35,1.7,217,-,-,-,-,-,-,-,-,-,-,,-,-,-,-,-,-,-,-,,-,-,-,-,-,-,-,-,-,-,-,-,-,-,-,-,-,,-,,,-,-,,-,-,,-,-,-,-,-,-,-,,,-,,,-,,,,,-,,-,,-,-,-,,,-,,,,,,,-,,,,,,,,,,,,,,,,,,,,,,-,,-,,,,,,,,-,,,,,,,,,,,,,,,,,,,,,,,,,
STD-DB10_2-001040,가물치,S,국가표준식품성분표,,수('09),,어패류 및 그 제품,,가물치,,,,,,,100g,86,79.59999999999999,18.2,0.8,1.1,0.3,-,-,71,1.1,193,401,86,10,10,-,0.08,0.12,7.7,1,-,,-,-,-,-,-,-,-,-,,-,-,-,-,-,-,-,-,-,-,-,-,-,-,-,-,-,,-,,,-,-,,-,-,,-,-,-,-,-,-,-,,,-,,,-,,,,,-,,-,,-,-,-,,,-,,,,,,,-,,,,,,,,,,,,,,,,,,,,,,-,,-,,,,,,,,-,,,,,,,,,,,,,,,,,,,,,,,,,
STD-DB10_2-001041,가시망둑,S,국가표준식품성분표,,수('09),,어패류 및 그 제품,,가시망둑,,,,,,,100g,101,75.40000000000001,22.4,0.7,1.5,0,-,-,46,1.7,202,6,20,6,6,-,0.05,0.12,2.9,0,-,,-,-,-,-,-,-,-,-,,-,-,-,-,-,-,-,-,-,-,-,-,-,-,-,-,-,,-,,,-,-,,-,-,,-,-,-,-,-,-,-,,,-,,,-,,,,,-,,-,,-,-,-,,,-,,,,,,,-,,,,,,,,,,,,,,,,,,,,,,-,,-,,,,,,,,-,,,,,,,,,,,,,,,,,,,,,,,,,
STD-DB10_2-001042,"가오리, 나비가오리",S,국가표준식품성분표,,수('09),,어패류 및 그 제품,,"가오리, 나비가오리",,,,,,,100g,80,78.7,17.3,0.7,3.3,0,-,-,882,1.2,533,-,-,0,0,-,0.04,0.09,4.1,0,-,,-,-,-,-,-,-,-,-,,-,-,-,-,-,-,-,-,-,-,-,-,-,-,-,-,-,,-,,,-,-,,-,-,,-,-,-,-,-,-,-,,,-,,,-,,,,,-,,-,,-,-,-,,,-,,,,,,,-,,,,,,,,,,,,,,,,,,,,,,-,,-,,,,,,,,-,,,,,,,,,,,,,,,,,,,,,,,,,
STD-DB10_2-001043,"가오리, 노랑가오리",S,국가표준식품성분표,,수('09),,어패류 및 그 제품,,"가오리, 노랑가오리",,,,,,,100g,97,75.8,21.6,0.6,2,0,-,-,227,0.8,567,110,254,0,0,-,0.06,0.16,2.5,0,-,,-,-,-,-,-,-,-,-,,-,-,-,-,-,-,-,-,-,-,-,-,-,-,-,-,-,,-,,,-,-,,-,-,,-,-,-,-,-,-,-,,,-,,,-,,,,,-,,-,,-,-,-,,,-,,,,,,,-,,,,,,,,,,,,,,,,,,,,,,-,,-,,,,,,,,-,,,,,,,,,,,,,,,,,,,,,,,,,
STD-DB10_2-001044,"가오리, 목탁가오리",S,국가표준식품성분표,,수('09),,어패류 및 그 제품,,"가오리, 목탁가오리",,,,,,,100g,98,74,22.2,0.5,3.3,0,-,-,685,1.3,388,-,-,3,3,-,0.03,0.06,2.3,0,-,,-,-,-,-,-,-,-,-,,-,-,-,-,-,-,-,-,-,-,-,-,-,-,-,-,-,,-,,,-,-,,-,-,,-,-,-,-,-,-,-,,,-,,,-,,,,,-,,-,,-,-,-,,,-,,,,,,,-,,,,,,,,,,,,,,,,,,,,,,-,,-,,,,,,,,-,,,,,,,,,,,,,,,,,,,,,,,,,
STD-DB10_2-001045,"가오리, 조미하여 말린것",S,국가표준식품성분표,,국('83),,어패류 및 그 제품,,"가오리, 조미하여 말린것",,,,,,,100g,306,15.9,39.3,0.6,8.4,35.8,-,-,160,11.2,664,-,-,0,0,0,0.03,0.02,1.1,0,-,,-,-,-,-,-,-,-,-,,-,-,-,-,-,-,-,-,-,-,-,-,-,-,-,-,-,,-,,,-,-,,-,-,,-,-,-,-,-,-,-,,,-,,,-,,,,,-,,-,,-,-,-,,,-,,,,,,,-,,,,,,,,,,,,,,,,,,,,,,-,,-,,,,,,,,-,,,,,,,,,,,,,,,,,,,,,,,,,
STD-DB10_2-001046,가자미,S,국가표준식품성분표,,식약('96),,어패류 및 그 제품,,가자미,,,,,,,100g,129,72.3,22.1,3.7,1.6,0.3,-,-,40,0.7,196,377,230,8,8,0,0.18,0.26,4.3,2,-,,-,-,-,-,-,-,-,-,,-,-,-,-,-,-,-,-,-,-,-,-,-,-,-,-,-,,-,,,-,-,,-,-,,-,-,-,-,-,-,-,,,-,,,-,,,,,-,,-,,-,-,-,,,-,,,,,,,-,,,,,,,,,,,,,,,,,,,,,,-,,-,,,,,,,,-,,,,,,,,,,,,,,,,,,,,,,,,,
STD-DB10_2-001047,"가자미, 각시가자미",S,국가표준식품성분표,,수('09),,어패류 및 그 제품,,"가자미, 각시가자미",,,,,,,100g,84,80.59999999999999,16.8,1.4,1.2,0,-,-,44,1.2,184,-,-,5,5,-,0.11,0.15,4.5,0,-,,-,-,-,-,-,-,-,-,,-,-,-,-,-,-,-,-,-,-,-,-,-,-,-,-,-,,-,,,-,-,,-,-,,-,-,-,-,-,-,-,,,-,,,-,,,,,-,,-,,-,-,-,,,-,,,,,,,-,,,,,,,,,,,,,,,,,,,,,,-,,-,,,,,,,,-,,,,,,,,,,,,,,,,,,,,,,,,,
STD-DB10_2-001048,"가자미, 갈가자미",S,국가표준식품성분표,,수('09),,어패류 및 그 제품,,"가자미, 갈가자미",,,,,,,100g,90,79.09999999999999,18.3,1.3,1.1,0.2,-,-,22,1.9,144,-,-,-,-,-,-,-,-,-,-,,-,-,-,-,-,-,-,-,,-,-,-,-,-,-,-,-,-,-,-,-,-,-,-,-,-,,-,,,-,-,,-,-,,-,-,-,-,-,-,-,,,-,,,-,,,,,-,,-,,-,-,-,,,-,,,,,,,-,,,,,,,,,,,,,,,,,,,,,,-,,-,,,,,,,,-,,,,,,,,,,,,,,,,,,,,,,,,,
STD-DB10_2-001049,"가자미, 기름가자미",S,국가표준식품성분표,,수('09),,어패류 및 그 제품,,"가자미, 기름가자미",,,,,,,100g,83,79.40000000000001,18.2,0.4,1.3,0.7,-,-,51,0.6,191,-,-,-,-,-,-,-,-,-,-,,-,-,-,-,-,-,-,-,,-,-,-,-,-,-,-,-,-,-,-,-,-,-,-,-,-,,-,,,-,-,,-,-,,-,-,-,-,-,-,-,,,-,,,-,,,,,-,,-,,-,-,-,,,-,,,,,,,-,,,,,,,,,,,,,,,,,,,,,,-,,-,,,,,,,,-,,,,,,,,,,,,,,,,,,,,,,,,,
STD-DB10_2-001050,"가자미, 눈가자미",S,국가표준식품성분표,,수('09),,어패류 및 그 제품,,"가자미, 눈가자미",,,,,,,100g,93,77.8,19.4,1.1,1.4,0.3,-,-,55,0.6,224,-,-,-,-,-,-,-,-,-,-,,-,-,-,-,-,-,-,-,,-,-,-,-,-,-,-,-,-,-,-,-,-,-,-,-,-,,-,,,-,-,,-,-,,-,-,-,-,-,-,-,,,-,,,-,,,,,-,,-,,-,-,-,,,-,,,,,,,-,,,,,,,,,,,,,,,,,,,,,,-,,-,,,,,,,,-,,,,,,,,,,,,,,,,,,,,,,,,,
STD-DB10_2-001051,"가자미, 돌가자미",S,국가표준식품성분표,,수('09),,어패류 및 그 제품,,"가자미, 돌가자미",,,,,,,100g,90,78,20,0.6,1.4,0,-,-,11,0.2,234,263,185,9,9,-,0.08,0.3,4.1,1,-,,-,-,-,-,-,-,-,-,,-,-,-,-,-,-,-,-,-,-,-,-,-,-,-,-,-,,-,,,-,-,,-,-,,-,-,-,-,-,-,-,,,-,,,-,,,,,-,,-,,-,-,-,,,-,,,,,,,-,,,,,,,,,,,,,,,,,,,,,,-,,-,,,,,,,,-,,,,,,,,,,,,,,,,,,,,,,,,,
STD-DB10_2-001052,"가자미, 문치가자미",S,국가표준식품성분표,,수('09),,어패류 및 그 제품,,"가자미, 문치가자미",,,,,,,100g,93,77.7,19.9,0.7,1.2,0.5,-,-,16,0.3,197,-,-,14,14,-,0.21,0.33,0.4,1,-,,-,-,-,-,-,-,-,-,,-,-,-,-,-,-,-,-,-,-,-,-,-,-,-,-,-,,-,,,-,-,,-,-,,-,-,-,-,-,-,-,,,-,,,-,,,,,-,,-,,-,-,-,,,-,,,,,,,-,,,,,,,,,,,,,,,,,,,,,,-,,-,,,,,,,,-,,,,,,,,,,,,,,,,,,,,,,,,,
STD-DB10_2-001053,"가자미, 범가자미",S,국가표준식품성분표,,수('09),,어패류 및 그 제품,,"가자미, 범가자미",,,,,,,100g,82,79.5,18.2,0.2,1.3,0.8,-,-,18,0.2,237,-,-,6,6,-,0.1,0.21,4,1,-,,-,-,-,-,-,-,-,-,,-,-,-,-,-,-,-,-,-,-,-,-,-,-,-,-,-,,-,,,-,-,,-,-,,-,-,-,-,-,-,-,,,-,,,-,,,,,-,,-,,-,-,-,,,-,,,,,,,-,,,,,,,,,,,,,,,,,,,,,,-,,-,,,,,,,,-,,,,,,,,,,,,,,,,,,,,,,,,,
STD-DB10_2-001054,"가자미, 술봉가자미",S,국가표준식품성분표,,수('09),,어패류 및 그 제품,,"가자미, 술봉가자미",,,,,,,100g,84,80.59999999999999,16.8,1.4,1.2,0,-,-,44,1.2,184,-,-,6,6,-,0.11,0.15,4.5,0,-,,-,-,-,-,-,-,-,-,,-,-,-,-,-,-,-,-,-,-,-,-,-,-,-,-,-,,-,,,-,-,,-,-,,-,-,-,-,-,-,-,,,-,,,-,,,,,-,,-,,-,-,-,,,-,,,,,,,-,,,,,,,,,,,,,,,,,,,,,,-,,-,,,,,,,,-,,,,,,,,,,,,,,,,,,,,,,,,,
STD-DB10_2-001055,"가자미, 용가자미",S,국가표준식품성분표,,수('09),,어패류 및 그 제품,,"가자미, 용가자미",,,,,,,100g,82,79.90000000000001,18.1,0.6,1.3,0.1,-,-,48,4,175,-,-,-,-,-,-,-,-,-,-,,-,-,-,-,-,-,-,-,,-,-,-,-,-,-,-,-,-,-,-,-,-,-,-,-,-,,-,,,-,-,,-,-,,-,-,-,-,-,-,-,,,-,,,-,,,,,-,,-,,-,-,-,,,-,,,,,,,-,,,,,,,,,,,,,,,,,,,,,,-,,-,,,,,,,,-,,,,,,,,,,,,,,,,,,,,,,,,,
STD-DB10_2-001056,"가자미, 줄가자미",S,국가표준식품성분표,,수('09),,어패류 및 그 제품,,"가자미, 줄가자미",,,,,,,100g,76,81,17.4,0.2,1.2,0.2,-,-,50,0.6,233,286,178,4,4,-,0.09,0.29,5,1,-,,-,-,-,-,-,-,-,-,,-,-,-,-,-,-,-,-,-,-,-,-,-,-,-,-,-,,-,,,-,-,,-,-,,-,-,-,-,-,-,-,,,-,,,-,,,,,-,,-,,-,-,-,,,-,,,,,,,-,,,,,,,,,,,,,,,,,,,,,,-,,-,,,,,,,,-,,,,,,,,,,,,,,,,,,,,,,,,,
STD-DB10_2-001057,"가자미, 참가자미",S,국가표준식품성분표,,수('09),,어패류 및 그 제품,,"가자미, 참가자미",,,,,,,100g,85,78.59999999999999,19.4,0.2,1.4,0.4,-,-,21,0.5,250,-,-,3,3,-,0.18,0.33,3.9,1,-,,-,-,-,-,-,-,-,-,,-,-,-,-,-,-,-,-,-,-,-,-,-,-,-,-,-,,-,,,-,-,,-,-,,-,-,-,-,-,-,-,,,-,,,-,,,,,-,,-,,-,-,-,,,-,,,,,,,-,,,,,,,,,,,,,,,,,,,,,,-,,-,,,,,,,,-,,,,,,,,,,,,,,,,,,,,,,,,,
STD-DB10_2-001058,갈치,S,국가표준식품성분표,,수('09),,어패류 및 그 제품,,갈치,,,,,,,100g,149,72.7,18.5,7.5,1.2,0.1,-,-,46,1,191,260,100,20,20,-,0.13,0.11,2.3,1,-,,-,-,-,-,-,-,-,-,,-,-,-,-,-,-,-,-,-,-,-,-,-,-,-,-,-,,-,,,-,-,,-,-,,-,-,-,-,-,-,-,,,-,,,-,,,,,-,,-,,-,-,-,,,-,,,,,,,-,,,,,,,,,,,,,,,,,,,,,,-,,-,,,,,,,,-,,,,,,,,,,,,,,,,,,,,,,,,,
STD-DB10_2-001059,"갈치, 동갈치",S,국가표준식품성분표,,수('09),,어패류 및 그 제품,,"갈치, 동갈치",,,,,,,100g,97,76.90000000000001,19.8,1.3,1.6,0.4,-,-,28,0.5,173,-,-,-,-,-,-,-,-,-,-,,-,-,-,-,-,-,-,-,,-,-,-,-,-,-,-,-,-,-,-,-,-,-,-,-,-,,-,,,-,-,,-,-,,-,-,-,-,-,-,-,,,-,,,-,,,,,-,,-,,-,-,-,,,-,,,,,,,-,,,,,,,,,,,,,,,,,,,,,,-,,-,,,,,,,,-,,,,,,,,,,,,,,,,,,,,,,,,,
STD-DB10_2-001060,"갈치, 동동갈치",S,국가표준식품성분표,,수('09),,어패류 및 그 제품,,"갈치, 동동갈치",,,,,,,100g,121,74.59999999999999,20,3.9,1.5,0,-,-,-,-,-,-,-,-,-,-,-,-,-,-,-,,-,-,-,-,-,-,-,-,,-,-,-,-,-,-,-,-,-,-,-,-,-,-,-,-,-,,-,,,-,-,,-,-,,-,-,-,-,-,-,-,,,-,,,-,,,,,-,,-,,-,-,-,,,-,,,,,,,-,,,,,,,,,,,,,,,,,,,,,,-,,-,,,,,,,,-,,,,,,,,,,,,,,,,,,,,,,,,,
STD-DB10_2-001061,"갈치, 얼간",S,국가표준식품성분표,,수('09),,어패류 및 그 제품,,"갈치, 얼간",,,,,,,100g,188,57.2,26.3,8.1,8.300000000000001,0.1,-,-,104,1.8,242,281,2056,0,0,-,0.15,0.25,2.1,0,-,,-,-,-,-,-,-,-,-,,-,-,-,-,-,-,-,-,-,-,-,-,-,-,-,-,-,,-,,,-,-,,-,-,,-,-,-,-,-,-,-,,,-,,,-,,,,,-,,-,,-,-,-,,,-,,,,,,,-,,,,,,,,,,,,,,,,,,,,,,-,,-,,,,,,,,-,,,,,,,,,,,,,,,,,,,,,,,,,
STD-DB10_2-001062,"갈치, 젓갈",S,국가표준식품성분표,,수('18),,어패류 및 그 제품,,"갈치, 젓갈",,,,,,,100g,176,49.5,8.6,3.2,10.5,28.2,-,-,328,0.6,210,-,-,0,0,-,-,0.24,0,-,-,,-,-,-,-,-,-,-,-,,-,-,-,-,-,-,-,-,-,-,-,-,-,-,-,-,-,,-,,,-,-,,-,-,,-,-,-,-,-,-,-,,,-,,,-,,,,,-,,-,,-,-,-,,,-,,,,,,,-,,,,,,,,,,,,,,,,,,,,,,304,,649,,,,,,,,399,,,,,,,,,,,,,,,,,,,,,,,,,
STD-DB10_2-001063,"강달이, 눈강달이",S,국가표준식품성분표,,수('09),,어패류 및 그 제품,,"강달이, 눈강달이",,,,,,,100g,109,77.8,17,3.9,1.2,0.1,-,-,51,1.3,156,-,-,11,11,-,0.05,0.1,3.8,1,-,,-,-,-,-,-,-,-,-,,-,-,-,-,-,-,-,-,-,-,-,-,-,-,-,-,-,,-,,,-,-,,-,-,,-,-,-,-,-,-,-,,,-,,,-,,,,,-,,-,,-,-,-,,,-,,,,,,,-,,,,,,,,,,,,,,,,,,,,,,-,,-,,,,,,,,-,,,,,,,,,,,,,,,,,,,,,,,,,
STD-DB10_2-001064,게르치,S,국가표준식품성분표,,수('09),,어패류 및 그 제품,,게르치,,,,,,,100g,158,70.5,20.8,7.5,1.2,0,-,-,44,0.8,204,390,85,14,14,-,0.05,0.2,3.3,0,-,,-,-,-,-,-,-,-,-,,-,-,-,-,-,-,-,-,-,-,-,-,-,-,-,-,-,,-,,,-,-,,-,-,,-,-,-,-,-,-,-,,,-,,,-,,,,,-,,-,,-,-,-,,,-,,,,,,,-,,,,,,,,,,,,,,,,,,,,,,-,,-,,,,,,,,-,,,,,,,,,,,,,,,,,,,,,,,,,
STD-DB10_2-001065,"게르치, 삶은것",S,국가표준식품성분표,,JAPAN('20),,어패류 및 그 제품,,"게르치, 삶은것",,,,,,,100g,161,68.3,22.2,8.4,1.1,,-,(0),49,0.6,230,410,80,11,11,-,0.04,0.16,2.8,Tr,3.6,,1.14,-,-,-,-,0.13,2.5,4,,0.25,-,-,0.6,0.6,0,0,0,-,-,-,-,(0),-,-,-,-,,-,,,-,-,,-,6.210000000000001,,1400,2,180,0,50,230,-,,,46,,,-,,,,,36,,17,,11,4,91,,,-,,,,,,,-,,,,,,,,,,,,,,,,,,,,,,"(1,000)",,"(1,800)",,,,,,,,"(1,000)",,,,,,,,,,,,,,,,,,,,,,,,,
STD-DB10_2-001066,고등어,S,국가표준식품성분표,,수('09),,어패류 및 그 제품,,고등어,,,,,,,100g,183,68.09999999999999,20.2,10.4,1.3,0,-,-,26,1.6,232,310,75,23,23,-,0.18,0.46,8.199999999999999,1,-,,-,-,-,-,-,-,-,-,,-,-,-,-,-,-,-,-,-,-,-,-,-,-,-,-,-,,-,,,-,-,,-,-,,-,-,-,-,-,-,-,,,-,,,-,,,,,-,,-,,-,-,-,,,-,,,,,,,-,,,,,,,,,,,,,,,,,,,,,,-,,-,,,,,,,,-,,,,,,,,,,,,,,,,,,,,,,,,,
STD-DB10_2-001067,"고등어, 남해",S,국가표준식품성분표,,수('16),,어패류 및 그 제품,,"고등어, 남해",,,,,,,100g,214,64.8,21.06,13.34,1.42,0,0,0,12,0.71,290,329,25,-,-,-,0.18,0.46,-,1,2.08,,3.02,0.11,-,-,0,-,11.01,19,,0.153,0,2.08,0.23,0.22,0,0,0,0.02,0,0,0,-,0,-,0,0,,0,,,0,0,,0,5.74,,216.99,0,45.99,44.8,162.5,2059,15.5,,,148.7,,,294.19,,,,,4,,69.8,,132.2,14.1,654,,,1512.19,,,,,,,16.07,,,,,,,,,,,,,,,,,,,,,,827,,1412,,,,,,,,807,,,,,,,,,,,,,,,,,,,,,,,,,
STD-DB10_2-001068,"고등어, 서해",S,국가표준식품성분표,,수('16),,어패류 및 그 제품,,"고등어, 서해",,,,,,,100g,285,55.7,20.26,21.23,1.93,0,0,0,13,1.02,303,332,30,-,-,-,0.18,0.46,-,1,7.19,,3.56,0.14,-,-,0,-,10.94,24,,0.263,0,7.19,0.44,0.44,0,0,0,0,0,0,0,-,0,-,0,0,,0,,,0,0,,0,8.02,,332.47,0,70.65000000000001,73,209.8,2816.1,28.4,,,209,,,429.24,,,,,4,,134,,235.8,14.6,1158.6,,,1781.69,,,,,,,19.13,,,,,,,,,,,,,,,,,,,,,,852,,1440,,,,,,,,913,,,,,,,,,,,,,,,,,,,,,,,,,
STD-DB10_2-001069,"고등어, 삶은것",S,국가표준식품성분표,,JAPAN('20),,어패류 및 그 제품,,"고등어, 삶은것",,,,,,,100g,253,57.4,22.6,22.6,1.0,0.3,-,(0),7,1.3,210,280,94,31,31,0,0.25,0.30,11.0,0,4.3,,6.12,-,-,-,8.5,0.48,19.0,13,,0.75,-,-,2.0,2.0,0,0,0,-,-,-,-,-,-,-,-,-,,-,,,-,-,,-,10.41,,690,30,110,0,220,1400,-,,,200,,,-,,,,,220,,120,,40,17,930,,,-,,,,,,,-,,,,,,,,,,,,,,,,,,,,,,"(1,200)",,"(1,700)",,,,,,,,"(1,100)",,,,,,,,,,,,,,,,,,,,,,,,,
STD-DB10_2-001070,"고등어, 구운것",S,국가표준식품성분표,,JAPAN('20),,어패류 및 그 제품,,"고등어, 구운것",,,,,,,100g,264,54.1,25.2,22.4,1.3,0.4,-,(0),10,1.6,280,370,120,34,34,0,0.30,0.37,13.0,0,4.9,,5.87,-,-,-,8.199999999999999,0.54,22.0,13,,0.79,-,-,2.1,2.1,0,0,0,-,-,-,-,4,-,-,-,-,,-,,,-,-,,-,10.52,,830,31,120,0,240,1500,-,,,200,,,-,,,,,230,,130,,44,17,900,,,-,,,,,,,-,,,,,,,,,,,,,,,,,,,,,,"(1,300)",,"(1,900)",,,,,,,,"(1,200)",,,,,,,,,,,,,,,,,,,,,,,,,
STD-DB10_2-001071,"고등어, 반건조",S,국가표준식품성분표,,JAPAN('20),,어패류 및 그 제품,,"고등어, 반건조",,,,,,,100g,303,50.1,18.7,28.5,2.5,0.2,-,(0),25,2.0,200,300,680,9,9,(0),0.13,0.59,8.5,0,12.0,,6.57,-,-,-,8.9,0.42,11.0,11,,0.63,-,-,2.4,2.4,0,0,0,-,-,-,-,(0),-,-,-,-,,-,,,-,-,,-,15.18,,1900,40,210,8,330,2700,35,,,290,,,630,,,,,260,,190,,58,40,1500,,,3300,,,,,,,-,,,,,,,,,,,,,,,,,,,,,,1100,,1500,,,,,,,,870,,,,,,,,,,,,,,,,,,,,,,,,,
STD-DB10_2-001072,"고등어, 자반고등어",S,국가표준식품성분표,,농진청('16),,어패류 및 그 제품,,"고등어, 자반고등어",,,,,,,100g,258,56.8,18.99,16.14,1.71,6.36,0,0,31,1.09,206,292,340,5,5,0,0.112,0.186,7.973,5.73,9.09,,4.81,0.17,0,7.973,0,-,4.74,31,,0.265,0,9.09,0.16,0.15,0,0,0,0.04,0,0.01,0,-,0,-,0,0,,0,,,0,0,,0,10.48,,432.73,0,0,121.69,217.04,3988,48.76,,,280.11,,,497,,,,,8.75,,183.19,,274.02,16.33,1422.01,,,2395.49,,,,,,,24.63,,,,,,,,,,,,,,,,,,,,,,1133,,1532,,,,,,,,941,,,,,,,,,,,,,,,,,,,,,,,,,
STD-DB10_2-001073,괴도라치,S,국가표준식품성분표,,수('09),,어패류 및 그 제품,,괴도라치,,,,,,,100g,74,81.3,17.2,0.1,1.4,,-,0,84,0.6,216,-,-,14,14,-,0.06,0.1,4.1,1,-,,-,-,-,-,-,-,-,-,,-,-,-,-,-,-,-,-,-,-,-,-,-,-,-,-,-,,-,,,-,-,,-,-,,-,-,-,-,-,-,-,,,-,,,-,,,,,-,,-,,-,-,-,,,-,,,,,,,-,,,,,,,,,,,,,,,,,,,,,,-,,-,,,,,,,,-,,,,,,,,,,,,,,,,,,,,,,,,,
STD-DB10_2-001074,군평선이,S,국가표준식품성분표,,수('09),,어패류 및 그 제품,,군평선이,,,,,,,100g,103,77.40000000000001,18.5,2.6,1.3,0.2,-,-,50,1.1,180,-,-,21,21,-,0.15,0.2,4.6,1,-,,-,-,-,-,-,-,-,-,,-,-,-,-,-,-,-,-,-,-,-,-,-,-,-,-,-,,-,,,-,-,,-,-,,-,-,-,-,-,-,-,,,-,,,-,,,,,-,,-,,-,-,-,,,-,,,,,,,-,,,,,,,,,,,,,,,,,,,,,,-,,-,,,,,,,,-,,,,,,,,,,,,,,,,,,,,,,,,,
STD-DB10_2-001075,기름종개,S,국가표준식품성분표,,수('09),,어패류 및 그 제품,,기름종개,,,,,,,100g,107,75.8,17.5,3.3,2.9,0.5,-,-,672,2.7,535,-,-,219,219,-,0.07000000000000001,0.18,4.4,2,-,,-,-,-,-,-,-,-,-,,-,-,-,-,-,-,-,-,-,-,-,-,-,-,-,-,-,,-,,,-,-,,-,-,,-,-,-,-,-,-,-,,,-,,,-,,,,,-,,-,,-,-,-,,,-,,,,,,,-,,,,,,,,,,,,,,,,,,,,,,-,,-,,,,,,,,-,,,,,,,,,,,,,,,,,,,,,,,,,
STD-DB10_2-001076,까나리,S,국가표준식품성분표,,수('09),,어패류 및 그 제품,,까나리,,,,,,,100g,114,76.40000000000001,16,4.8,2.5,0.3,-,0,338,13.3,361,310,120,75,75,-,0.12,0.16,8.9,1,-,,-,-,-,-,-,-,-,-,,-,-,-,-,-,-,-,-,-,-,-,-,-,-,-,-,-,,-,,,-,-,,-,-,,-,-,-,-,-,-,-,,,-,,,-,,,,,-,,-,,-,-,-,,,-,,,,,,,-,,,,,,,,,,,,,,,,,,,,,,-,,-,,,,,,,,-,,,,,,,,,,,,,,,,,,,,,,,,,
STD-DB10_2-001077,"까나리, 삶아서 말린것",S,국가표준식품성분표,,JAPAN('20),,어패류 및 그 제품,,"까나리, 삶아서 말린것",,,,,,,100g,218,38.0,43.1,6.1,11.3,1.5,-,(0),740,6.6,1200,810,2800,10,10,(0),0.27,0.18,3.3,0,54.0,,0.86,-,-,-,-,0.06,4.6,50,,1.15,-,-,0.8,0.8,0,Tr,0,-,-,-,-,(0),-,-,-,-,,-,,,-,-,,-,2.11,,37,4,27,0,29,770,-,,,29,,,-,,,,,21,,21,,5,2,480,,,-,,,,,,,-,,,,,,,,,,,,,,,,,,,,,,"(2,000)",,"(3,400)",,,,,,,,"(2,000)",,,,,,,,,,,,,,,,,,,,,,,,,
STD-DB10_2-001078,"까나리, 액젓",S,국가표준식품성분표,,농진청('19),,어패류 및 그 제품,,"까나리, 액젓",,,,,,,100g,30,70.09999999999999,7.16,0.01,22.5,0.27,0.03,0,13,0.19,27,209,8783,0,0,0,0.134,0.065,3.618,0,0,,0,0,1.805,1.813,4.99,0.12,0.87,19,,1.471,0,0,0,0,0,0,0,0,0,0,0,0,0,0,0,0,,0,,,0,0,,0.03,0,,0,0,0,0,0,0,0,,,1.21,,,0,,,,,0,,0.3,,0,0,0,,,1.21,,,,,,,0,,,,,,,,,,,,,,,,,,,,,,326,,365,,,,,,,,247,,,,,,,,,,,,,,,,,,,,,,,,,
STD-DB10_2-001079,꺽저기,S,국가표준식품성분표,,수('09),,어패류 및 그 제품,,꺽저기,,,,,,,100g,92,78.2,19.5,1,1.2,0.1,-,0,18,1.1,227,-,-,8,8,-,0.14,0.1,3.6,1,-,,-,-,-,-,-,-,-,-,,-,-,-,-,-,-,-,-,-,-,-,-,-,-,-,-,-,,-,,,-,-,,-,-,,-,-,-,-,-,-,-,,,-,,,-,,,,,-,,-,,-,-,-,,,-,,,,,,,-,,,,,,,,,,,,,,,,,,,,,,-,,-,,,,,,,,-,,,,,,,,,,,,,,,,,,,,,,,,,
STD-DB10_2-001080,꼬치고기,S,국가표준식품성분표,,수('09),,어패류 및 그 제품,,꼬치고기,,,,,,,100g,97,76.59999999999999,20.5,0.8,1.5,0.7,-,0,17,0.9,199,-,-,5,5,-,0.13,0.1,2.6,1,-,,-,-,-,-,-,-,-,-,,-,-,-,-,-,-,-,-,-,-,-,-,-,-,-,-,-,,-,,,-,-,,-,-,,-,-,-,-,-,-,-,,,-,,,-,,,,,-,,-,,-,-,-,,,-,,,,,,,-,,,,,,,,,,,,,,,,,,,,,,-,,-,,,,,,,,-,,,,,,,,,,,,,,,,,,,,,,,,,
STD-DB10_2-001081,꼼치,S,국가표준식품성분표,,수('09),,어패류 및 그 제품,,꼼치,,,,,,,100g,70,82.40000000000001,16.4,0.1,1.1,0,-,-,11,0.5,126,-,-,-,-,-,-,-,-,-,-,,-,-,-,-,-,-,-,-,,-,-,-,-,-,-,-,-,-,-,-,-,-,-,-,-,-,,-,,,-,-,,-,-,,-,-,-,-,-,-,-,,,-,,,-,,,,,-,,-,,-,-,-,,,-,,,,,,,-,,,,,,,,,,,,,,,,,,,,,,-,,-,,,,,,,,-,,,,,,,,,,,,,,,,,,,,,,,,,
STD-DB10_2-001082,꽁치,S,국가표준식품성분표,,수('09),,어패류 및 그 제품,,꽁치,,,,,,,100g,142,70.90000000000001,22.7,4.7,1.3,0.4,-,-,42,1.7,241,150,80,21,21,-,0.02,0.28,6.4,1,-,,-,-,-,-,-,-,-,-,,-,-,-,-,-,-,-,-,-,-,-,-,-,-,-,-,-,,-,,,-,-,,-,-,,-,-,-,-,-,-,-,,,-,,,-,,,,,-,,-,,-,-,-,,,-,,,,,,,-,,,,,,,,,,,,,,,,,,,,,,-,,-,,,,,,,,-,,,,,,,,,,,,,,,,,,,,,,,,,
STD-DB10_2-001083,"꽁치, 구운것",S,국가표준식품성분표,,JAPAN('20),,어패류 및 그 제품,,"꽁치, 구운것",,,,,,,100g,281,53.2,23.3,22.8,1.2,0.2,-,(0),37,1.7,220,260,130,11,11,0,Tr,0.30,9.800000000000001,0,13.0,,4.31,-,-,-,9.4,0.42,16.0,17,,0.93,-,-,1.0,1.0,0,0,0,-,-,-,-,Tr,-,-,-,-,,-,,,-,-,,-,14.64,,3300,25,160,0,260,2000,33,,,270,,,210,,,,,75,,240,,54,16,1300,,,690,,,,,,,-,,,,,,,,,,,,,,,,,,,,,,1100,,1800,,,,,,,,1100,,,,,,,,,,,,,,,,,,,,,,,,,
STD-DB10_2-001084,"꽁치(과메기), 동건품",S,국가표준식품성분표,,수('18),,어패류 및 그 제품,,"꽁치(과메기), 동건품",,,,,,,100g,421,35.5,32.1,29.9,1.6,0.9,-,-,90,2.7,316,-,-,-,-,-,-,0.47,12.1,-,-,,-,-,-,-,-,-,-,-,,-,-,-,-,-,-,-,-,-,-,-,-,-,-,-,-,-,,-,,,-,-,,-,-,,-,-,-,-,-,-,-,,,-,,,-,,,,,-,,-,,-,-,-,,,-,,,,,,,-,,,,,,,,,,,,,,,,,,,,,,750,,2500,,,,,,,,1465,,,,,,,,,,,,,,,,,,,,,,,,,
STD-DB10_2-001085,"꽁치, 염장",S,국가표준식품성분표,,수('82),,어패류 및 그 제품,,"꽁치, 염장",,,,,,,100g,178,61.4,20.1,9.800000000000001,8.5,0.2,-,-,26,8,144,190,4300,0,0,-,0.04,0.11,7,0,-,,-,-,-,-,-,-,-,-,,-,-,-,-,-,-,-,-,-,-,-,-,-,-,-,-,-,,-,,,-,-,,-,-,,-,-,-,-,-,-,-,,,-,,,-,,,,,-,,-,,-,-,-,,,-,,,,,,,-,,,,,,,,,,,,,,,,,,,,,,-,,-,,,,,,,,-,,,,,,,,,,,,,,,,,,,,,,,,,
STD-DB10_2-001086,날치,S,국가표준식품성분표,,수('09),,어패류 및 그 제품,,날치,,,,,,,100g,99,75.8,22.2,0.5,1.4,0.1,-,0,20,0.9,175,-,-,5,5,-,0.02,0.11,4.2,0,-,,-,-,-,-,-,-,-,-,,-,-,-,-,-,-,-,-,-,-,-,-,-,-,-,-,-,,-,,,-,-,,-,-,,-,-,-,-,-,-,-,,,-,,,-,,,,,-,,-,,-,-,-,,,-,,,,,,,-,,,,,,,,,,,,,,,,,,,,,,-,,-,,,,,,,,-,,,,,,,,,,,,,,,,,,,,,,,,,
STD-DB10_2-001087,"날치, 염장",S,국가표준식품성분표,,수('82),,어패류 및 그 제품,,"날치, 염장",,,,,,,100g,124,63.3,26.4,1.3,9,,-,-,0,240,81,-,4,-,-,-,-,-,-,-,-,,-,-,-,-,-,-,-,-,,-,-,-,-,-,-,-,-,-,-,-,-,-,-,-,-,-,,-,,,-,-,,-,-,,-,-,-,-,-,-,-,,,-,,,-,,,,,-,,-,,-,-,-,,,-,,,,,,,-,,,,,,,,,,,,,,,,,,,,,,-,,-,,,,,,,,-,,,,,,,,,,,,,,,,,,,,,,,,,
STD-DB10_2-001088,"날치, 알",S,국가표준식품성분표,,식약('96),,어패류 및 그 제품,,"날치, 알",,,,,,,100g,94,75.59999999999999,10.2,2.2,3.7,8.300000000000001,-,-,14,1.2,102,29,1305,0,0,0,0.02,0.01,0.1,1,-,,-,-,-,-,-,-,-,-,,-,-,-,-,-,-,-,-,-,-,-,-,-,-,-,-,-,,-,,,-,-,,-,-,,-,-,-,-,-,-,-,,,-,,,-,,,,,-,,-,,-,-,-,,,-,,,,,,,-,,,,,,,,,,,,,,,,,,,,,,-,,-,,,,,,,,-,,,,,,,,,,,,,,,,,,,,,,,,,
STD-DB10_2-001089,납지리,S,국가표준식품성분표,,수('09),,어패류 및 그 제품,,납지리,,,,,,,100g,86,80.09999999999999,17.5,1.2,1.1,0.1,-,-,51,1.2,218,-,-,6,6,-,0.09,0.12,2.7,2,-,,-,-,-,-,-,-,-,-,,-,-,-,-,-,-,-,-,-,-,-,-,-,-,-,-,-,,-,,,-,-,,-,-,,-,-,-,-,-,-,-,,,-,,,-,,,,,-,,-,,-,-,-,,,-,,,,,,,-,,,,,,,,,,,,,,,,,,,,,,-,,-,,,,,,,,-,,,,,,,,,,,,,,,,,,,,,,,,,
STD-DB10_2-001090,넙치(광어),S,국가표준식품성분표,,수('16),,어패류 및 그 제품,,넙치(광어),,,,,,,100g,125,74.5,22.36,3.28,1.14,0,0,0,61,0.45,274,465,49,-,-,-,0.09,0.12,-,-,4.32,,0.45,0.03,-,-,0,-,1.06,10,,2.585,0,4.32,2.2,2.2,0,0.04,0,0,0,0,0,-,0,-,0,0,,0,,,0,0,,0,1.12,,26.23,0,11.47,8.5,54.5,475.9,2.5,,,56.3,,,40.3,,,,,0,,13.8,,19.7,2.8,146.7,,,166.18,,,,,,,6.76,,,,,,,,,,,,,,,,,,,,,,984,,1623,,,,,,,,891,,,,,,,,,,,,,,,,,,,,,,,,,
STD-DB10_2-001091,"넙치(광어), 껍질",S,국가표준식품성분표,,수('82),,어패류 및 그 제품,,"넙치(광어), 껍질",,,,,,,100g,168,65,29.3,4.7,1,0,-,-,15,7.7,268,-,-,-,-,-,-,-,-,-,-,,-,-,-,-,-,-,-,-,,-,-,-,-,-,-,-,-,-,-,-,-,-,-,-,-,-,,-,,,-,-,,-,-,,-,-,-,-,-,-,-,,,-,,,-,,,,,-,,-,,-,-,-,,,-,,,,,,,-,,,,,,,,,,,,,,,,,,,,,,-,,-,,,,,,,,-,,,,,,,,,,,,,,,,,,,,,,,,,
STD-DB10_2-001092,네동가리,S,국가표준식품성분표,,수('09),,어패류 및 그 제품,,네동가리,,,,,,,100g,82,79.2,19.2,0.1,1.4,0.1,-,0,40,0.6,283,-,-,6,6,-,0.15,0.2,4.5,0,-,,-,-,-,-,-,-,-,-,,-,-,-,-,-,-,-,-,-,-,-,-,-,-,-,-,-,,-,,,-,-,,-,-,,-,-,-,-,-,-,-,,,-,,,-,,,,,-,,-,,-,-,-,,,-,,,,,,,-,,,,,,,,,,,,,,,,,,,,,,-,,-,,,,,,,,-,,,,,,,,,,,,,,,,,,,,,,,,,
STD-DB10_2-001093,노랑촉수,S,국가표준식품성분표,,국('77),,어패류 및 그 제품,,노랑촉수,,,,,,,100g,248,64.3,7.1,19.5,0.8,8.300000000000001,-,-,65,1.4,41,-,-,0,0,0,0.23,0.01,6.1,0,-,,-,-,-,-,-,-,-,-,,-,-,-,-,-,-,-,-,-,-,-,-,-,-,-,-,-,,-,,,-,-,,-,-,,-,-,-,-,-,-,-,,,-,,,-,,,,,-,,-,,-,-,-,,,-,,,,,,,-,,,,,,,,,,,,,,,,,,,,,,-,,-,,,,,,,,-,,,,,,,,,,,,,,,,,,,,,,,,,
STD-DB10_2-001094,노래미,S,국가표준식품성분표,,수('09),,어패류 및 그 제품,,노래미,,,,,,,100g,89,78.7,17.5,1.3,1.7,0.8,-,0,42,2.9,246,-,-,8,8,-,0.12,0.09,2.6,1,-,,-,-,-,-,-,-,-,-,,-,-,-,-,-,-,-,-,-,-,-,-,-,-,-,-,-,,-,,,-,-,,-,-,,-,-,-,-,-,-,-,,,-,,,-,,,,,-,,-,,-,-,-,,,-,,,,,,,-,,,,,,,,,,,,,,,,,,,,,,-,,-,,,,,,,,-,,,,,,,,,,,,,,,,,,,,,,,,,
STD-DB10_2-001095,"노래미, 줄노래미",S,국가표준식품성분표,,수('09),,어패류 및 그 제품,,"노래미, 줄노래미",,,,,,,100g,85,79.90000000000001,17.5,1.2,1.4,0,-,-,67,1.8,239,-,-,9,9,-,0.05,0.1,2.9,tr,-,,-,-,-,-,-,-,-,-,,-,-,-,-,-,-,-,-,-,-,-,-,-,-,-,-,-,,-,,,-,-,,-,-,,-,-,-,-,-,-,-,,,-,,,-,,,,,-,,-,,-,-,-,,,-,,,,,,,-,,,,,,,,,,,,,,,,,,,,,,-,,-,,,,,,,,-,,,,,,,,,,,,,,,,,,,,,,,,,
STD-DB10_2-001096,"노래미, 쥐노래미",S,국가표준식품성분표,,수('09),,어패류 및 그 제품,,"노래미, 쥐노래미",,,,,,,100g,119,74.09999999999999,21,3,1.4,0.5,-,0,26,0.3,191,-,-,6,6,-,0.2,0.24,3.3,1,-,,-,-,-,-,-,-,-,-,,-,-,-,-,-,-,-,-,-,-,-,-,-,-,-,-,-,,-,,,-,-,,-,-,,-,-,-,-,-,-,-,,,-,,,-,,,,,-,,-,,-,-,-,,,-,,,,,,,-,,,,,,,,,,,,,,,,,,,,,,-,,-,,,,,,,,-,,,,,,,,,,,,,,,,,,,,,,,,,
STD-DB10_2-001097,놀래기,S,국가표준식품성분표,,수('09),,어패류 및 그 제품,,놀래기,,,,,,,100g,107,76.2,19.2,2.8,1.8,0,-,-,34,1.1,221,-,-,14,14,-,0.1,0.13,3.1,0,-,,-,-,-,-,-,-,-,-,,-,-,-,-,-,-,-,-,-,-,-,-,-,-,-,-,-,,-,,,-,-,,-,-,,-,-,-,-,-,-,-,,,-,,,-,,,,,-,,-,,-,-,-,,,-,,,,,,,-,,,,,,,,,,,,,,,,,,,,,,-,,-,,,,,,,,-,,,,,,,,,,,,,,,,,,,,,,,,,
STD-DB10_2-001098,"놀래기, 사랑놀래기",S,국가표준식품성분표,,수('09),,어패류 및 그 제품,,"놀래기, 사랑놀래기",,,,,,,100g,104,76.59999999999999,20.3,1.9,1.2,0,-,-,35,1.5,216,-,-,8,8,-,0.11,0.14,3.2,tr,-,,-,-,-,-,-,-,-,-,,-,-,-,-,-,-,-,-,-,-,-,-,-,-,-,-,-,,-,,,-,-,,-,-,,-,-,-,-,-,-,-,,,-,,,-,,,,,-,,-,,-,-,-,,,-,,,,,,,-,,,,,,,,,,,,,,,,,,,,,,-,,-,,,,,,,,-,,,,,,,,,,,,,,,,,,,,,,,,,
STD-DB10_2-001099,"놀래기, 용치놀래기",S,국가표준식품성분표,,수('09),,어패류 및 그 제품,,"놀래기, 용치놀래기",,,,,,,100g,85,78.59999999999999,19.3,0.2,1.5,0.4,-,0,37,2.6,245,-,-,8,8,-,0.12,0.15,3.3,1,-,,-,-,-,-,-,-,-,-,,-,-,-,-,-,-,-,-,-,-,-,-,-,-,-,-,-,,-,,,-,-,,-,-,,-,-,-,-,-,-,-,,,-,,,-,,,,,-,,-,,-,-,-,,,-,,,,,,,-,,,,,,,,,,,,,,,,,,,,,,-,,-,,,,,,,,-,,,,,,,,,,,,,,,,,,,,,,,,,
STD-DB10_2-001100,"놀래기, 황놀래기",S,국가표준식품성분표,,수('09),,어패류 및 그 제품,,"놀래기, 황놀래기",,,,,,,100g,98,77.8,18.9,1.9,1.3,0.1,-,-,34,1.1,156,-,-,3,3,-,0.05,0.1,2,1,-,,-,-,-,-,-,-,-,-,,-,-,-,-,-,-,-,-,-,-,-,-,-,-,-,-,-,,-,,,-,-,,-,-,,-,-,-,-,-,-,-,,,-,,,-,,,,,-,,-,,-,-,-,,,-,,,,,,,-,,,,,,,,,,,,,,,,,,,,,,-,,-,,,,,,,,-,,,,,,,,,,,,,,,,,,,,,,,,,
STD-DB10_2-001101,농어,S,국가표준식품성분표,,수('95),,어패류 및 그 제품,,농어,,,,,,,100g,96,78.5,18.2,1.9,1.2,0.2,-,-,58,1.5,196,390,108,36,36,-,0.18,0.13,3.1,1,-,,-,-,-,-,-,-,-,-,,-,-,-,-,-,-,-,-,-,-,-,-,-,-,-,-,-,,-,,,-,-,,-,-,,-,-,-,-,-,-,-,,,-,,,-,,,,,-,,-,,-,-,-,,,-,,,,,,,-,,,,,,,,,,,,,,,,,,,,,,-,,-,,,,,,,,-,,,,,,,,,,,,,,,,,,,,,,,,,
STD-DB10_2-001102,"농어, 구운것",S,국가표준식품성분표,,USDA('18),,어패류 및 그 제품,,"농어, 구운것",,,,,,,100g,124,72.14,23.63,2.56,1.4,0,-,0,13,0.37,248,328,87,64,64,-,0.13,0.15,1.9,0,-,,0.655,-,-,-,-,0.46,0.3,6,,0.87,-,-,-,-,-,-,-,-,-,-,-,-,-,-,-,-,,-,,,-,-,,-,1.497,,-,-,-,-,97,556,-,,,-,,,-,,,,,-,,-,,-,-,206,,,-,,,,,,,-,,,,,,,,,,,,,,,,,,,,,,1134,,1921,,,,,,,,1089,,,,,,,,,,,,,,,,,,,,,,,,,
STD-DB10_2-001103,"농어, 점농어",S,국가표준식품성분표,,수('09),,어패류 및 그 제품,,"농어, 점농어",,,,,,,100g,129,74.5,18.5,5.2,1.4,0.4,-,-,69,0.7,275,-,-,-,-,-,-,-,-,-,-,,-,-,-,-,-,-,-,-,,-,-,-,-,-,-,-,-,-,-,-,-,-,-,-,-,-,,-,,,-,-,,-,-,,-,-,-,-,-,-,-,,,-,,,-,,,,,-,,-,,-,-,-,,,-,,,,,,,-,,,,,,,,,,,,,,,,,,,,,,-,,-,,,,,,,,-,,,,,,,,,,,,,,,,,,,,,,,,,
STD-DB10_2-001104,누치,S,국가표준식품성분표,,수('09),,어패류 및 그 제품,,누치,,,,,,,100g,105,77.8,17.3,3,1.1,0.8,-,-,29,1,217,-,-,14,14,-,0.16,0.08,3.6,2,-,,-,-,-,-,-,-,-,-,,-,-,-,-,-,-,-,-,-,-,-,-,-,-,-,-,-,,-,,,-,-,,-,-,,-,-,-,-,-,-,-,,,-,,,-,,,,,-,,-,,-,-,-,,,-,,,,,,,-,,,,,,,,,,,,,,,,,,,,,,-,,-,,,,,,,,-,,,,,,,,,,,,,,,,,,,,,,,,,
STD-DB10_2-001105,눈볼대,S,국가표준식품성분표,,수('09),,어패류 및 그 제품,,눈볼대,,,,,,,100g,144,71.2,22.3,5.3,1.2,0,-,0,29,0.3,199,-,-,24,24,-,0.12,0.1,3.7,1,-,,-,-,-,-,-,-,-,-,,-,-,-,-,-,-,-,-,-,-,-,-,-,-,-,-,-,,-,,,-,-,,-,-,,-,-,-,-,-,-,-,,,-,,,-,,,,,-,,-,,-,-,-,,,-,,,,,,,-,,,,,,,,,,,,,,,,,,,,,,-,,-,,,,,,,,-,,,,,,,,,,,,,,,,,,,,,,,,,
STD-DB10_2-001106,눈퉁멸,S,국가표준식품성분표,,수('09),,어패류 및 그 제품,,눈퉁멸,,,,,,,100g,138,73.40000000000001,18.5,6.2,1.5,0.4,-,-,55,1.5,187,-,-,84,84,-,0.1,0.32,7.6,1,-,,-,-,-,-,-,-,-,-,,-,-,-,-,-,-,-,-,-,-,-,-,-,-,-,-,-,,-,,,-,-,,-,-,,-,-,-,-,-,-,-,,,-,,,-,,,,,-,,-,,-,-,-,,,-,,,,,,,-,,,,,,,,,,,,,,,,,,,,,,-,,-,,,,,,,,-,,,,,,,,,,,,,,,,,,,,,,,,,
STD-DB10_2-001107,"눈퉁멸, 포, 말린것",S,국가표준식품성분표,,수('82),,어패류 및 그 제품,,"눈퉁멸, 포, 말린것",,,,,,,100g,344,15.5,58.6,5.4,9.4,11.1,-,-,108,29.4,1,-,-,-,-,-,-,-,-,-,-,,-,-,-,-,-,-,-,-,,-,-,-,-,-,-,-,-,-,-,-,-,-,-,-,-,-,,-,,,-,-,,-,-,,-,-,-,-,-,-,-,,,-,,,-,,,,,-,,-,,-,-,-,,,-,,,,,,,-,,,,,,,,,,,,,,,,,,,,,,-,,-,,,,,,,,-,,,,,,,,,,,,,,,,,,,,,,,,,
STD-DB10_2-001108,능성어,S,국가표준식품성분표,,수('09),,어패류 및 그 제품,,능성어,,,,,,,100g,93,78.3,18.8,1.3,1.3,0.3,-,-,29,1,194,-,-,6,6,-,0.18,0.22,2.7,1,-,,-,-,-,-,-,-,-,-,,-,-,-,-,-,-,-,-,-,-,-,-,-,-,-,-,-,,-,,,-,-,,-,-,,-,-,-,-,-,-,-,,,-,,,-,,,,,-,,-,,-,-,-,,,-,,,,,,,-,,,,,,,,,,,,,,,,,,,,,,-,,-,,,,,,,,-,,,,,,,,,,,,,,,,,,,,,,,,,
STD-DB10_2-001109,다금바리,S,국가표준식품성분표,,수('09),,어패류 및 그 제품,,다금바리,,,,,,,100g,100,77.5,19.3,1.9,1.2,0.1,-,-,68,1.4,214,363,102,17,17,-,0.08,0.25,4.7,1,-,,-,-,-,-,-,-,-,-,,-,-,-,-,-,-,-,-,-,-,-,-,-,-,-,-,-,,-,,,-,-,,-,-,,-,-,-,-,-,-,-,,,-,,,-,,,,,-,,-,,-,-,-,,,-,,,,,,,-,,,,,,,,,,,,,,,,,,,,,,-,,-,,,,,,,,-,,,,,,,,,,,,,,,,,,,,,,,,,
STD-DB10_2-001110,"다랑어, 가다랑어",S,국가표준식품성분표,,수('09),,어패류 및 그 제품,,"다랑어, 가다랑어",,,,,,,100g,127,70.3,25.9,1.8,1.7,0.3,-,-,15,1.8,282,410,44,12,12,-,0.21,0.17,15.3,1,-,,-,-,-,-,-,-,-,-,,-,-,-,-,-,-,-,-,-,-,-,-,-,-,-,-,-,,-,,,-,-,,-,-,,-,-,-,-,-,-,-,,,-,,,-,,,,,-,,-,,-,-,-,,,-,,,,,,,-,,,,,,,,,,,,,,,,,,,,,,-,,-,,,,,,,,-,,,,,,,,,,,,,,,,,,,,,,,,,
STD-DB10_2-001111,"다랑어, 참다랑어",S,국가표준식품성분표,,수('16),,어패류 및 그 제품,,"다랑어, 참다랑어",,,,,,,100g,177,67.09999999999999,23.99,8.09,0.8100000000000001,0,-,0,27,1.98,235,332,62,-,-,-,0,0.1,-,0,0,,3.05,0.14,-,-,0,-,1.66,13,,0.229,0,0,0.05,0.05,0,0.01,0,0,0,0,0.01,-,0,-,-,-,,-,,,-,-,,-,4.6,,220.8,0,57.08,30.7,109.7,975.3,9.5,,,131.5,,,313.02,,,,,3.1,,53.1,,78.7,11.2,421.6,,,1645.27,,,,,,,24.63,,,,,,,,,,,,,,,,,,,,,,1069,,1778,,,,,,,,1021,,,,,,,,,,,,,,,,,,,,,,,,,
STD-DB10_2-001112,참다랑어 샐러드,S,국가표준식품성분표,,USDA('18),,어패류 및 그 제품,,참다랑어 샐러드,,,,,,,100g,187,63.16,16.04,9.26,2.14,9.41,-,0,17,1,178,178,402,22,22,-,0.031,0.07000000000000001,6.7,2.2,-,,1.544,-,-,-,-,0.081,1.2,8,,0.26,-,-,-,-,-,-,-,-,-,-,-,-,-,-,-,-,,-,,,-,-,,-,7.009,,14,-,-,-,-,55,-,,,-,,,-,,,,,-,,-,,-,-,14,,,-,,,,,,,-,,,,,,,,,,,,,,,,,,,,,,767,,1293,,,,,,,,739,,,,,,,,,,,,,,,,,,,,,,,,,
STD-DB10_2-001113,"다랑어, 황다랑어",S,국가표준식품성분표,,수('09),,어패류 및 그 제품,,"다랑어, 황다랑어",,,,,,,100g,114,72.8,23.9,1.3,1.8,0.2,-,-,19,1.6,282,-,-,9,9,-,0.09,0.14,11.3,2,-,,-,-,-,-,-,-,-,-,,-,-,-,-,-,-,-,-,-,-,-,-,-,-,-,-,-,,-,,,-,-,,-,-,,-,-,-,-,-,-,-,,,-,,,-,,,,,-,,-,,-,-,-,,,-,,,,,,,-,,,,,,,,,,,,,,,,,,,,,,-,,-,,,,,,,,-,,,,,,,,,,,,,,,,,,,,,,,,,
STD-DB10_2-001114,달강어,S,국가표준식품성분표,,수('09),,어패류 및 그 제품,,달강어,,,,,,,100g,121,74.7,19.7,4,1.5,0.1,-,0,46,0.4,259,-,-,6,6,-,0.1,0.12,4.3,1,-,,-,-,-,-,-,-,-,-,,-,-,-,-,-,-,-,-,-,-,-,-,-,-,-,-,-,,-,,,-,-,,-,-,,-,-,-,-,-,-,-,,,-,,,-,,,,,-,,-,,-,-,-,,,-,,,,,,,-,,,,,,,,,,,,,,,,,,,,,,-,,-,,,,,,,,-,,,,,,,,,,,,,,,,,,,,,,,,,
STD-DB10_2-001115,달고기,S,국가표준식품성분표,,수('09),,어패류 및 그 제품,,달고기,,,,,,,100g,97,77.7,19.1,1.4,1.1,0.7,-,0,14,0.6,202,-,-,6,6,-,0.1,0.09,3.3,1,-,,-,-,-,-,-,-,-,-,,-,-,-,-,-,-,-,-,-,-,-,-,-,-,-,-,-,,-,,,-,-,,-,-,,-,-,-,-,-,-,-,,,-,,,-,,,,,-,,-,,-,-,-,,,-,,,,,,,-,,,,,,,,,,,,,,,,,,,,,,-,,-,,,,,,,,-,,,,,,,,,,,,,,,,,,,,,,,,,
STD-DB10_2-001116,대구,S,국가표준식품성분표,,수('09),,어패류 및 그 제품,,대구,,,,,,,100g,86,78.59999999999999,19.5,0.3,1.3,0.3,-,0,35,0.4,193,-,-,23,23,-,0.12,0.16,2.4,1,-,,-,-,-,-,-,-,-,-,,-,-,-,-,-,-,-,-,-,-,-,-,-,-,-,-,-,,-,,,-,-,,-,-,,-,-,-,-,-,-,-,,,-,,,-,,,,,-,,-,,-,-,-,,,-,,,,,,,-,,,,,,,,,,,,,,,,,,,,,,-,,-,,,,,,,,-,,,,,,,,,,,,,,,,,,,,,,,,,
STD-DB10_2-001117,"대구, 수컷",S,국가표준식품성분표,,수('16),,어패류 및 그 제품,,"대구, 수컷",,,,,,,100g,81,80.5,18.2,0.43,1.37,0,0,0,33,1.17,219,403,97,-,-,-,0.12,0.04,-,0,0.91,,0.16,0,-,-,0,-,0.54,19,,0.263,0,0.91,0.22,0.22,0,0.01,0,0,0,0,0,-,0,-,0,0,,0,,,0,0,,0,0.5,,3.41,0,4.16,1.1,4.9,314.3,1,,,4.8,,,24.75,,,,,0,,1.4,,0,0.5,94.5,,,44.08,,,,,,,2.28,,,,,,,,,,,,,,,,,,,,,,605,,1381,,,,,,,,744,,,,,,,,,,,,,,,,,,,,,,,,,
STD-DB10_2-001118,"대구, 암컷",S,국가표준식품성분표,,수('16),,어패류 및 그 제품,,"대구, 암컷",,,,,,,100g,68,83.3,15.42,0.32,1.4,0,0,0,29,0.72,197,357,112,-,-,-,0.12,0.06,-,0,1.39,,0.14,0,-,-,0,-,0.17,16,,0.187,0,1.39,0.36,0.36,0,0.01,0,0,0,0,0,-,0,-,0,0,,0,,,0,0,,0,0.45,,3.86,0,4.42,1,4.2,237.6,0.5,,,5.2,,,24.56,,,,,0,,1.2,,0,0.6,104.8,,,46.59,,,,,,,2.31,,,,,,,,,,,,,,,,,,,,,,599,,1298,,,,,,,,745,,,,,,,,,,,,,,,,,,,,,,,,,
STD-DB10_2-001119,"대구, 구운것",S,국가표준식품성분표,,JAPAN('20),,어패류 및 그 제품,,"대구, 구운것",,,,,,,100g,103,72.8,25.2,0.2,1.6,0.2,-,(0),48,0.4,280,480,140,9,9,0,0.09,0.12,1.4,Tr,0.7,,0.05,-,-,-,-,0.09,3.9,7,,0.53,-,-,1.3,1.3,0,0,0,-,-,-,-,(0),-,-,-,-,,-,,,-,-,,-,0.15,,5,0,1,-,3,61,-,,,1,,,-,,,,,6,,1,,Tr,Tr,33,,,-,,,,,,,-,,,,,,,,,,,,,,,,,,,,,,"(1,400)",,"(1,800)",,,,,,,,"(1,000)",,,,,,,,,,,,,,,,,,,,,,,,,
STD-DB10_2-001120,"대구, 말린것",S,국가표준식품성분표,,수('82),,어패류 및 그 제품,,"대구, 말린것",,,,,,,100g,256,34,56,2,7.7,0.3,-,-,26,2.6,352,930,500,0,0,-,0.1,0.15,11,0,-,,-,-,-,-,-,-,-,-,,-,-,-,-,-,-,-,-,-,-,-,-,-,-,-,-,-,,-,,,-,-,,-,-,,-,-,-,-,-,-,-,,,-,,,-,,,,,-,,-,,-,-,-,,,-,,,,,,,-,,,,,,,,,,,,,,,,,,,,,,-,,-,,,,,,,,-,,,,,,,,,,,,,,,,,,,,,,,,,
STD-DB10_2-001121,"대구, 냉동",S,국가표준식품성분표,,식약('96),,어패류 및 그 제품,,"대구, 냉동",,,,,,,100g,81,80.2,18,0.5,1.2,0.1,-,-,23,0.2,209,222,162,6,6,0,0.06,0.05,1.5,0,-,,-,-,-,-,-,-,-,-,,-,-,-,-,-,-,-,-,-,-,-,-,-,-,-,-,-,,-,,,-,-,,-,-,,-,-,-,-,-,-,-,,,-,,,-,,,,,-,,-,,-,-,-,,,-,,,,,,,-,,,,,,,,,,,,,,,,,,,,,,-,,-,,,,,,,,-,,,,,,,,,,,,,,,,,,,,,,,,,
STD-DB10_2-001122,"대구, 소금에 절여 반건조",S,국가표준식품성분표,,식약('96),,어패류 및 그 제품,,"대구, 소금에 절여 반건조",,,,,,,100g,201,40.3,45.1,1.1,13.5,0,-,-,269,1.8,497,591,2792,0,0,0,0.11,0.16,2.4,0,-,,-,-,-,-,-,-,-,-,,-,-,-,-,-,-,-,-,-,-,-,-,-,-,-,-,-,,-,,,-,-,,-,-,,-,-,-,-,-,-,-,,,-,,,-,,,,,-,,-,,-,-,-,,,-,,,,,,,-,,,,,,,,,,,,,,,,,,,,,,-,,-,,,,,,,,-,,,,,,,,,,,,,,,,,,,,,,,,,
STD-DB10_2-001123,"대구, 염장",S,국가표준식품성분표,,수('82),,어패류 및 그 제품,,"대구, 염장",,,,,,,100g,91,72,20,0.7,7.2,0.1,-,-,21,0.4,98,-,-,0,0,-,0.1,0.08,1.6,0,-,,-,-,-,-,-,-,-,-,,-,-,-,-,-,-,-,-,-,-,-,-,-,-,-,-,-,,-,,,-,-,,-,-,,-,-,-,-,-,-,-,,,-,,,-,,,,,-,,-,,-,-,-,,,-,,,,,,,-,,,,,,,,,,,,,,,,,,,,,,-,,-,,,,,,,,-,,,,,,,,,,,,,,,,,,,,,,,,,
STD-DB10_2-001124,"대구, 포, 말린것",S,국가표준식품성분표,,수('09),,어패류 및 그 제품,,"대구, 포, 말린것",,,,,,,100g,312,21.9,65.40000000000001,3,7.9,1.8,-,-,184,2.6,649,940,967,0,0,-,0.26,0.32,7.4,0,-,,-,-,-,-,-,-,-,-,,-,-,-,-,-,-,-,-,-,-,-,-,-,-,-,-,-,,-,,,-,-,,-,-,,-,-,-,-,-,-,-,,,-,,,-,,,,,-,,-,,-,-,-,,,-,,,,,,,-,,,,,,,,,,,,,,,,,,,,,,-,,-,,,,,,,,-,,,,,,,,,,,,,,,,,,,,,,,,,
STD-DB10_2-001125,"대구, 내장",S,국가표준식품성분표,,식약('96),,어패류 및 그 제품,,"대구, 내장",,,,,,,100g,85,80.8,15,2.3,1.8,0.1,-,-,26,7.3,418,331,194,26,26,0,0.22,0.11,1,1,-,,-,-,-,-,-,-,-,-,,-,-,-,-,-,-,-,-,-,-,-,-,-,-,-,-,-,,-,,,-,-,,-,-,,-,-,-,-,-,-,-,,,-,,,-,,,,,-,,-,,-,-,-,,,-,,,,,,,-,,,,,,,,,,,,,,,,,,,,,,-,,-,,,,,,,,-,,,,,,,,,,,,,,,,,,,,,,,,,
STD-DB10_2-001126,"대구, 알",S,국가표준식품성분표,,수('09),,어패류 및 그 제품,,"대구, 알",,,,,,,100g,109,69.59999999999999,23.4,1.6,5.2,0.2,-,0,10,1,375,-,-,126,126,-,0.66,0.59,12.7,-,-,,-,-,-,-,-,-,-,-,,-,-,-,-,-,-,-,-,-,-,-,-,-,-,-,-,-,,-,,,-,-,,-,-,,-,-,-,-,-,-,-,,,-,,,-,,,,,-,,-,,-,-,-,,,-,,,,,,,-,,,,,,,,,,,,,,,,,,,,,,-,,-,,,,,,,,-,,,,,,,,,,,,,,,,,,,,,,,,,
STD-DB10_2-001127,"대구, 젓갈",S,국가표준식품성분표,,수('82),,어패류 및 그 제품,,"대구, 젓갈",,,,,,,100g,62,80.90000000000001,14.7,0.4,4,0,-,-,15,4.9,161,243,2562,-,-,-,-,-,-,-,-,,-,-,-,-,-,-,-,-,,-,-,-,-,-,-,-,-,-,-,-,-,-,-,-,-,-,,-,,,-,-,,-,-,,-,-,-,-,-,-,-,,,-,,,-,,,,,-,,-,,-,-,-,,,-,,,,,,,-,,,,,,,,,,,,,,,,,,,,,,-,,-,,,,,,,,-,,,,,,,,,,,,,,,,,,,,,,,,,
STD-DB10_2-001128,"대구, 아가미, 젓갈",S,국가표준식품성분표,,식약('96),,어패류 및 그 제품,,"대구, 아가미, 젓갈",,,,,,,100g,72,64.09999999999999,14.4,1.3,19.6,0.6,-,-,28,0.8,75,184,7439,9,9,0,0.06,0.05,1.1,1,-,,-,-,-,-,-,-,-,-,,-,-,-,-,-,-,-,-,-,-,-,-,-,-,-,-,-,,-,,,-,-,,-,-,,-,-,-,-,-,-,-,,,-,,,-,,,,,-,,-,,-,-,-,,,-,,,,,,,-,,,,,,,,,,,,,,,,,,,,,,-,,-,,,,,,,,-,,,,,,,,,,,,,,,,,,,,,,,,,
STD-DB10_2-001129,"대구, 빨간대구",S,국가표준식품성분표,,수('82),,어패류 및 그 제품,,"대구, 빨간대구",,,,,,,100g,97,82,12.6,4.3,1.3,0.7,-,-,134,4,98,-,-,15,15,-,0.38,0.1,2.4,0,-,,-,-,-,-,-,-,-,-,,-,-,-,-,-,-,-,-,-,-,-,-,-,-,-,-,-,,-,,,-,-,,-,-,,-,-,-,-,-,-,-,,,-,,,-,,,,,-,,-,,-,-,-,,,-,,,,,,,-,,,,,,,,,,,,,,,,,,,,,,-,,-,,,,,,,,-,,,,,,,,,,,,,,,,,,,,,,,,,
STD-DB10_2-001130,"대구, 은대구",S,국가표준식품성분표,,수('82),,어패류 및 그 제품,,"대구, 은대구",,,,,,,100g,130,77.90000000000001,13.1,7.9,1.1,0,-,-,105,2.2,181,268,128,-,-,-,-,-,-,-,-,,-,-,-,-,-,-,-,-,,-,-,-,-,-,-,-,-,-,-,-,-,-,-,-,-,-,,-,,,-,-,,-,-,,-,-,-,-,-,-,-,,,-,,,-,,,,,-,,-,,-,-,-,,,-,,,,,,,-,,,,,,,,,,,,,,,,,,,,,,-,,-,,,,,,,,-,,,,,,,,,,,,,,,,,,,,,,,,,
STD-DB10_2-001131,대구횟대,S,국가표준식품성분표,,수('09),,어패류 및 그 제품,,대구횟대,,,,,,,100g,93,77.2,19.5,0.9,1.9,0.5,-,-,92,2.5,203,-,-,-,-,-,-,-,-,-,-,,-,-,-,-,-,-,-,-,,-,-,-,-,-,-,-,-,-,-,-,-,-,-,-,-,-,,-,,,-,-,,-,-,,-,-,-,-,-,-,-,,,-,,,-,,,,,-,,-,,-,-,-,,,-,,,,,,,-,,,,,,,,,,,,,,,,,,,,,,-,,-,,,,,,,,-,,,,,,,,,,,,,,,,,,,,,,,,,
STD-DB10_2-001132,대두어(흑연),S,국가표준식품성분표,,수('09),,어패류 및 그 제품,,대두어(흑연),,,,,,,100g,96,78.59999999999999,17.5,2.1,1.3,0.5,-,-,47,1.2,222,-,-,11,11,-,0.18,0.14,5.5,1,-,,-,-,-,-,-,-,-,-,,-,-,-,-,-,-,-,-,-,-,-,-,-,-,-,-,-,,-,,,-,-,,-,-,,-,-,-,-,-,-,-,,,-,,,-,,,,,-,,-,,-,-,-,,,-,,,,,,,-,,,,,,,,,,,,,,,,,,,,,,-,,-,,,,,,,,-,,,,,,,,,,,,,,,,,,,,,,,,,
STD-DB10_2-001133,도다리,S,국가표준식품성분표,,수('09),,어패류 및 그 제품,,도다리,,,,,,,100g,78,80.3,17.6,0.2,1.4,0.5,-,0,22,1.1,184,-,-,21,21,-,0.17,0.14,4.4,1,-,,-,-,-,-,-,-,-,-,,-,-,-,-,-,-,-,-,-,-,-,-,-,-,-,-,-,,-,,,-,-,,-,-,,-,-,-,-,-,-,-,,,-,,,-,,,,,-,,-,,-,-,-,,,-,,,,,,,-,,,,,,,,,,,,,,,,,,,,,,-,,-,,,,,,,,-,,,,,,,,,,,,,,,,,,,,,,,,,
STD-DB10_2-001134,도도바리,S,국가표준식품성분표,,수('09),,어패류 및 그 제품,,도도바리,,,,,,,100g,95,77.59999999999999,19.4,1.2,1.3,0.5,-,-,66,0.9,225,-,-,-,-,-,-,-,-,-,-,,-,-,-,-,-,-,-,-,,-,-,-,-,-,-,-,-,-,-,-,-,-,-,-,-,-,,-,,,-,-,,-,-,,-,-,-,-,-,-,-,,,-,,,-,,,,,-,,-,,-,-,-,,,-,,,,,,,-,,,,,,,,,,,,,,,,,,,,,,-,,-,,,,,,,,-,,,,,,,,,,,,,,,,,,,,,,,,,
STD-DB10_2-001135,도루묵,S,국가표준식품성분표,,수('09),,어패류 및 그 제품,,도루묵,,,,,,,100g,113,77.7,16,4.6,1.2,0.5,-,-,18,0.4,163,-,-,24,24,-,0.04,0.12,1.7,0,-,,-,-,-,-,-,-,-,-,,-,-,-,-,-,-,-,-,-,-,-,-,-,-,-,-,-,,-,,,-,-,,-,-,,-,-,-,-,-,-,-,,,-,,,-,,,,,-,,-,,-,-,-,,,-,,,,,,,-,,,,,,,,,,,,,,,,,,,,,,-,,-,,,,,,,,-,,,,,,,,,,,,,,,,,,,,,,,,,
STD-DB10_2-001136,"도루묵, 소금에 절여 말린것",S,국가표준식품성분표,,수('82),,어패류 및 그 제품,,"도루묵, 소금에 절여 말린것",,,,,,,100g,282,30.1,44.8,9.800000000000001,5.1,0.2,-,-,25,20,163,220,1200,-,-,-,0.04,0.08,-,-,-,,-,-,-,-,-,-,-,-,,-,-,-,-,-,-,-,-,-,-,-,-,-,-,-,-,-,,-,,,-,-,,-,-,,-,-,-,-,-,-,-,,,-,,,-,,,,,-,,-,,-,-,-,,,-,,,,,,,-,,,,,,,,,,,,,,,,,,,,,,-,,-,,,,,,,,-,,,,,,,,,,,,,,,,,,,,,,,,,
STD-DB10_2-001137,도치,S,국가표준식품성분표,,국('85),,어패류 및 그 제품,,도치,,,,,,,100g,62,87.8,7.2,3,1.1,0.9,-,-,101,1.2,103,-,-,0,0,0,0.04,0.1,1.6,0,-,,-,-,-,-,-,-,-,-,,-,-,-,-,-,-,-,-,-,-,-,-,-,-,-,-,-,,-,,,-,-,,-,-,,-,-,-,-,-,-,-,,,-,,,-,,,,,-,,-,,-,-,-,,,-,,,,,,,-,,,,,,,,,,,,,,,,,,,,,,-,,-,,,,,,,,-,,,,,,,,,,,,,,,,,,,,,,,,,
STD-DB10_2-001138,독가시치,S,국가표준식품성분표,,수('09),,어패류 및 그 제품,,독가시치,,,,,,,100g,97,77.09999999999999,20.3,1.2,1.4,0,-,-,34,1.2,174,-,-,6,6,-,0.05,0.1,3.4,tr,-,,-,-,-,-,-,-,-,-,,-,-,-,-,-,-,-,-,-,-,-,-,-,-,-,-,-,,-,,,-,-,,-,-,,-,-,-,-,-,-,-,,,-,,,-,,,,,-,,-,,-,-,-,,,-,,,,,,,-,,,,,,,,,,,,,,,,,,,,,,-,,-,,,,,,,,-,,,,,,,,,,,,,,,,,,,,,,,,,
STD-DB10_2-001139,"돔, 각시돔",S,국가표준식품성분표,,수('09),,어패류 및 그 제품,,"돔, 각시돔",,,,,,,100g,90,77.7,20.1,0.6,1.6,0,-,-,46,1.5,205,-,-,6,6,-,0.06,0.15,2.9,tr,-,,-,-,-,-,-,-,-,-,,-,-,-,-,-,-,-,-,-,-,-,-,-,-,-,-,-,,-,,,-,-,,-,-,,-,-,-,-,-,-,-,,,-,,,-,,,,,-,,-,,-,-,-,,,-,,,,,,,-,,,,,,,,,,,,,,,,,,,,,,-,,-,,,,,,,,-,,,,,,,,,,,,,,,,,,,,,,,,,
STD-DB10_2-001140,"돔, 감성돔",S,국가표준식품성분표,,수('95),,어패류 및 그 제품,,"돔, 감성돔",,,,,,,100g,101,76.7,18.8,2.3,2.1,0.1,-,0,24,1.2,197,-,-,18,18,-,0.11,0.18,2.8,1,-,,-,-,-,-,-,-,-,-,,-,-,-,-,-,-,-,-,-,-,-,-,-,-,-,-,-,,-,,,-,-,,-,-,,-,-,-,-,-,-,-,,,-,,,-,,,,,-,,-,,-,-,-,,,-,,,,,,,-,,,,,,,,,,,,,,,,,,,,,,-,,-,,,,,,,,-,,,,,,,,,,,,,,,,,,,,,,,,,
STD-DB10_2-001141,"돔, 강담돔",S,국가표준식품성분표,,수('09),,어패류 및 그 제품,,"돔, 강담돔",,,,,,,100g,93,78.5,18.9,1.4,1.2,0,-,-,35,0.7,178,-,-,17,17,-,0.15,0.18,3.5,1,-,,-,-,-,-,-,-,-,-,,-,-,-,-,-,-,-,-,-,-,-,-,-,-,-,-,-,,-,,,-,-,,-,-,,-,-,-,-,-,-,-,,,-,,,-,,,,,-,,-,,-,-,-,,,-,,,,,,,-,,,,,,,,,,,,,,,,,,,,,,-,,-,,,,,,,,-,,,,,,,,,,,,,,,,,,,,,,,,,
STD-DB10_2-001142,"돔, 구갈돔",S,국가표준식품성분표,,수('09),,어패류 및 그 제품,,"돔, 구갈돔",,,,,,,100g,89,77.90000000000001,20.4,0.3,1.4,0,-,-,52,1,215,-,-,6,6,-,0.13,0.15,4,1,-,,-,-,-,-,-,-,-,-,,-,-,-,-,-,-,-,-,-,-,-,-,-,-,-,-,-,,-,,,-,-,,-,-,,-,-,-,-,-,-,-,,,-,,,-,,,,,-,,-,,-,-,-,,,-,,,,,,,-,,,,,,,,,,,,,,,,,,,,,,-,,-,,,,,,,,-,,,,,,,,,,,,,,,,,,,,,,,,,
STD-DB10_2-001143,"돔, 금눈돔",S,국가표준식품성분표,,수('82),,어패류 및 그 제품,,"돔, 금눈돔",,,,,,,100g,122,75.7,18.5,4.5,1,0.3,-,-,13,2,145,-,-,15,15,-,0.15,0.2,3,-,-,,-,-,-,-,-,-,-,-,,-,-,-,-,-,-,-,-,-,-,-,-,-,-,-,-,-,,-,,,-,-,,-,-,,-,-,-,-,-,-,-,,,-,,,-,,,,,-,,-,,-,-,-,,,-,,,,,,,-,,,,,,,,,,,,,,,,,,,,,,-,,-,,,,,,,,-,,,,,,,,,,,,,,,,,,,,,,,,,
STD-DB10_2-001144,"돔, 꼽새돔",S,국가표준식품성분표,,수('09),,어패류 및 그 제품,,"돔, 꼽새돔",,,,,,,100g,102,77.40000000000001,19,2.3,1.2,0.1,-,-,37,1.3,191,-,-,18,18,-,0.12,0.1,3.6,1,-,,-,-,-,-,-,-,-,-,,-,-,-,-,-,-,-,-,-,-,-,-,-,-,-,-,-,,-,,,-,-,,-,-,,-,-,-,-,-,-,-,,,-,,,-,,,,,-,,-,,-,-,-,,,-,,,,,,,-,,,,,,,,,,,,,,,,,,,,,,-,,-,,,,,,,,-,,,,,,,,,,,,,,,,,,,,,,,,,
STD-DB10_2-001145,"돔, 도화돔",S,국가표준식품성분표,,수('09),,어패류 및 그 제품,,"돔, 도화돔",,,,,,,100g,130,73.3,21.3,4.3,1.1,0,-,-,40,1.2,156,-,-,14,14,-,0.2,0.21,3.8,1,-,,-,-,-,-,-,-,-,-,,-,-,-,-,-,-,-,-,-,-,-,-,-,-,-,-,-,,-,,,-,-,,-,-,,-,-,-,-,-,-,-,,,-,,,-,,,,,-,,-,,-,-,-,,,-,,,,,,,-,,,,,,,,,,,,,,,,,,,,,,-,,-,,,,,,,,-,,,,,,,,,,,,,,,,,,,,,,,,,
STD-DB10_2-001146,"돔, 독돔",S,국가표준식품성분표,,수('09),,어패류 및 그 제품,,"돔, 독돔",,,,,,,100g,97,76.59999999999999,20.8,0.9,1.5,0.2,-,-,51,1.4,218,-,-,11,11,-,0.2,0.26,5.2,1,-,,-,-,-,-,-,-,-,-,,-,-,-,-,-,-,-,-,-,-,-,-,-,-,-,-,-,,-,,,-,-,,-,-,,-,-,-,-,-,-,-,,,-,,,-,,,,,-,,-,,-,-,-,,,-,,,,,,,-,,,,,,,,,,,,,,,,,,,,,,-,,-,,,,,,,,-,,,,,,,,,,,,,,,,,,,,,,,,,
STD-DB10_2-001147,"돔, 돌돔",S,국가표준식품성분표,,수('09),,어패류 및 그 제품,,"돔, 돌돔",,,,,,,100g,86,79.5,17.8,1,1.3,0.4,-,0,57,0.6,235,-,-,12,12,-,0.19,0.2,2.8,1,-,,-,-,-,-,-,-,-,-,,-,-,-,-,-,-,-,-,-,-,-,-,-,-,-,-,-,,-,,,-,-,,-,-,,-,-,-,-,-,-,-,,,-,,,-,,,,,-,,-,,-,-,-,,,-,,,,,,,-,,,,,,,,,,,,,,,,,,,,,,-,,-,,,,,,,,-,,,,,,,,,,,,,,,,,,,,,,,,,
STD-DB10_2-001148,"돔, 백미돔",S,국가표준식품성분표,,수('09),,어패류 및 그 제품,,"돔, 백미돔",,,,,,,100g,102,76,21,1.2,1.4,0.4,-,-,56,1.1,343,-,-,12,12,-,0.09,0.18,3.7,tr,-,,-,-,-,-,-,-,-,-,,-,-,-,-,-,-,-,-,-,-,-,-,-,-,-,-,-,,-,,,-,-,,-,-,,-,-,-,-,-,-,-,,,-,,,-,,,,,-,,-,,-,-,-,,,-,,,,,,,-,,,,,,,,,,,,,,,,,,,,,,-,,-,,,,,,,,-,,,,,,,,,,,,,,,,,,,,,,,,,
STD-DB10_2-001149,"돔, 범돔",S,국가표준식품성분표,,수('09),,어패류 및 그 제품,,"돔, 범돔",,,,,,,100g,94,77.8,19.5,1.1,1.2,0.4,-,-,55,0.9,189,-,-,12,12,-,0.1,0.15,3,1,-,,-,-,-,-,-,-,-,-,,-,-,-,-,-,-,-,-,-,-,-,-,-,-,-,-,-,,-,,,-,-,,-,-,,-,-,-,-,-,-,-,,,-,,,-,,,,,-,,-,,-,-,-,,,-,,,,,,,-,,,,,,,,,,,,,,,,,,,,,,-,,-,,,,,,,,-,,,,,,,,,,,,,,,,,,,,,,,,,
STD-DB10_2-001150,"돔, 벵에돔",S,국가표준식품성분표,,수('09),,어패류 및 그 제품,,"돔, 벵에돔",,,,,,,100g,98,77,20.2,1.4,1.4,0,-,-,42,1.1,233,-,-,6,6,-,0.07000000000000001,0.18,2.5,1,-,,-,-,-,-,-,-,-,-,,-,-,-,-,-,-,-,-,-,-,-,-,-,-,-,-,-,,-,,,-,-,,-,-,,-,-,-,-,-,-,-,,,-,,,-,,,,,-,,-,,-,-,-,,,-,,,,,,,-,,,,,,,,,,,,,,,,,,,,,,-,,-,,,,,,,,-,,,,,,,,,,,,,,,,,,,,,,,,,
STD-DB10_2-001151,"돔, 뿔돔",S,국가표준식품성분표,,수('09),,어패류 및 그 제품,,"돔, 뿔돔",,,,,,,100g,97,78.40000000000001,18,2.2,1.4,0,-,-,49,1.1,249,-,-,12,12,-,0.18,0.15,3.2,1,-,,-,-,-,-,-,-,-,-,,-,-,-,-,-,-,-,-,-,-,-,-,-,-,-,-,-,,-,,,-,-,,-,-,,-,-,-,-,-,-,-,,,-,,,-,,,,,-,,-,,-,-,-,,,-,,,,,,,-,,,,,,,,,,,,,,,,,,,,,,-,,-,,,,,,,,-,,,,,,,,,,,,,,,,,,,,,,,,,
STD-DB10_2-001152,"돔, 샛돔",S,국가표준식품성분표,,수('09),,어패류 및 그 제품,,"돔, 샛돔",,,,,,,100g,121,76.40000000000001,16.3,5.5,1.6,0.2,-,0,15,0.6,252,-,-,42,42,-,0.13,0.12,3.2,1,-,,-,-,-,-,-,-,-,-,,-,-,-,-,-,-,-,-,-,-,-,-,-,-,-,-,-,,-,,,-,-,,-,-,,-,-,-,-,-,-,-,,,-,,,-,,,,,-,,-,,-,-,-,,,-,,,,,,,-,,,,,,,,,,,,,,,,,,,,,,-,,-,,,,,,,,-,,,,,,,,,,,,,,,,,,,,,,,,,
STD-DB10_2-001153,"돔, 실꼬리돔",S,국가표준식품성분표,,수('09),,어패류 및 그 제품,,"돔, 실꼬리돔",,,,,,,100g,107,76.3,19.8,2.5,1.3,0.1,-,-,44,0.7,244,-,-,20,20,-,0.12,0.18,3,1,-,,-,-,-,-,-,-,-,-,,-,-,-,-,-,-,-,-,-,-,-,-,-,-,-,-,-,,-,,,-,-,,-,-,,-,-,-,-,-,-,-,,,-,,,-,,,,,-,,-,,-,-,-,,,-,,,,,,,-,,,,,,,,,,,,,,,,,,,,,,-,,-,,,,,,,,-,,,,,,,,,,,,,,,,,,,,,,,,,
STD-DB10_2-001154,"돔, 실붉돔",S,국가표준식품성분표,,수('82),,어패류 및 그 제품,,"돔, 실붉돔",,,,,,,100g,101,78.3,17.8,2.7,1.2,0,-,-,81,9.1,197,-,-,-,-,-,-,-,-,-,-,,-,-,-,-,-,-,-,-,,-,-,-,-,-,-,-,-,-,-,-,-,-,-,-,-,-,,-,,,-,-,,-,-,,-,-,-,-,-,-,-,,,-,,,-,,,,,-,,-,,-,-,-,,,-,,,,,,,-,,,,,,,,,,,,,,,,,,,,,,-,,-,,,,,,,,-,,,,,,,,,,,,,,,,,,,,,,,,,
STD-DB10_2-001155,"돔, 어름돔",S,국가표준식품성분표,,수('09),,어패류 및 그 제품,,"돔, 어름돔",,,,,,,100g,94,78,19.5,1.2,1.4,0,-,-,64,0.7,230,-,-,11,11,-,0.16,0.13,2.9,1,-,,-,-,-,-,-,-,-,-,,-,-,-,-,-,-,-,-,-,-,-,-,-,-,-,-,-,,-,,,-,-,,-,-,,-,-,-,-,-,-,-,,,-,,,-,,,,,-,,-,,-,-,-,,,-,,,,,,,-,,,,,,,,,,,,,,,,,,,,,,-,,-,,,,,,,,-,,,,,,,,,,,,,,,,,,,,,,,,,
STD-DB10_2-001156,"돔, 옥돔",S,국가표준식품성분표,,수('09),,어패류 및 그 제품,,"돔, 옥돔",,,,,,,100g,82,79.5,18.1,0.2,1.3,0.9,-,-,40,0.6,232,-,-,33,33,-,0.15,0.2,0.45,1,-,,-,-,-,-,-,-,-,-,,-,-,-,-,-,-,-,-,-,-,-,-,-,-,-,-,-,,-,,,-,-,,-,-,,-,-,-,-,-,-,-,,,-,,,-,,,,,-,,-,,-,-,-,,,-,,,,,,,-,,,,,,,,,,,,,,,,,,,,,,-,,-,,,,,,,,-,,,,,,,,,,,,,,,,,,,,,,,,,
STD-DB10_2-001157,"돔, 육동가리돔",S,국가표준식품성분표,,수('09),,어패류 및 그 제품,,"돔, 육동가리돔",,,,,,,100g,103,77.59999999999999,18.6,2.6,1.2,0,-,-,35,1.2,184,-,-,21,21,-,0.14,0.21,4,tr,-,,-,-,-,-,-,-,-,-,,-,-,-,-,-,-,-,-,-,-,-,-,-,-,-,-,-,,-,,,-,-,,-,-,,-,-,-,-,-,-,-,,,-,,,-,,,,,-,,-,,-,-,-,,,-,,,,,,,-,,,,,,,,,,,,,,,,,,,,,,-,,-,,,,,,,,-,,,,,,,,,,,,,,,,,,,,,,,,,
STD-DB10_2-001158,"돔, 자리돔",S,국가표준식품성분표,,수('09),,어패류 및 그 제품,,"돔, 자리돔",,,,,,,100g,88,78.2,19.5,0.4,1.5,0.4,-,0,56,0.7,244,-,-,21,21,-,0.13,0.15,3.7,1,-,,-,-,-,-,-,-,-,-,,-,-,-,-,-,-,-,-,-,-,-,-,-,-,-,-,-,,-,,,-,-,,-,-,,-,-,-,-,-,-,-,,,-,,,-,,,,,-,,-,,-,-,-,,,-,,,,,,,-,,,,,,,,,,,,,,,,,,,,,,-,,-,,,,,,,,-,,,,,,,,,,,,,,,,,,,,,,,,,
STD-DB10_2-001159,"돔, 참돔",S,국가표준식품성분표,,수('09),,어패류 및 그 제품,,"돔, 참돔",,,,,,,100g,82,79.3,18.4,0.1,1.4,0.8,-,0,33,0.5,270,-,-,9,9,-,0.26,0.15,4.8,1,-,,-,-,-,-,-,-,-,-,,-,-,-,-,-,-,-,-,-,-,-,-,-,-,-,-,-,,-,,,-,-,,-,-,,-,-,-,-,-,-,-,,,-,,,-,,,,,-,,-,,-,-,-,,,-,,,,,,,-,,,,,,,,,,,,,,,,,,,,,,-,,-,,,,,,,,-,,,,,,,,,,,,,,,,,,,,,,,,,
STD-DB10_2-001160,"돔, 호박돔",S,국가표준식품성분표,,수('09),,어패류 및 그 제품,,"돔, 호박돔",,,,,,,100g,90,77.90000000000001,20.3,0.5,1.3,0,-,-,68,0.7,130,-,-,6,6,-,0.15,0.12,4.2,1,-,,-,-,-,-,-,-,-,-,,-,-,-,-,-,-,-,-,-,-,-,-,-,-,-,-,-,,-,,,-,-,,-,-,,-,-,-,-,-,-,-,,,-,,,-,,,,,-,,-,,-,-,-,,,-,,,,,,,-,,,,,,,,,,,,,,,,,,,,,,-,,-,,,,,,,,-,,,,,,,,,,,,,,,,,,,,,,,,,
STD-DB10_2-001161,"돔, 혹돔",S,국가표준식품성분표,,수('09),,어패류 및 그 제품,,"돔, 혹돔",,,,,,,100g,96,78.09999999999999,18.5,1.7,1.3,0.4,-,0,18,0.3,259,-,-,14,14,-,0.12,0.09,3.2,1,-,,-,-,-,-,-,-,-,-,,-,-,-,-,-,-,-,-,-,-,-,-,-,-,-,-,-,,-,,,-,-,,-,-,,-,-,-,-,-,-,-,,,-,,,-,,,,,-,,-,,-,-,-,,,-,,,,,,,-,,,,,,,,,,,,,,,,,,,,,,-,,-,,,,,,,,-,,,,,,,,,,,,,,,,,,,,,,,,,
STD-DB10_2-001162,"돔, 황돔",S,국가표준식품성분표,,수('09),,어패류 및 그 제품,,"돔, 황돔",,,,,,,100g,102,76.40000000000001,20.2,1.7,1.4,0.3,-,0,51,0.5,287,-,-,27,27,-,0.18,0.21,3.5,0,-,,-,-,-,-,-,-,-,-,,-,-,-,-,-,-,-,-,-,-,-,-,-,-,-,-,-,,-,,,-,-,,-,-,,-,-,-,-,-,-,-,,,-,,,-,,,,,-,,-,,-,-,-,,,-,,,,,,,-,,,,,,,,,,,,,,,,,,,,,,-,,-,,,,,,,,-,,,,,,,,,,,,,,,,,,,,,,,,,
STD-DB10_2-001163,"돔, 황줄돔",S,국가표준식품성분표,,수('09),,어패류 및 그 제품,,"돔, 황줄돔",,,,,,,100g,97,77.59999999999999,19.3,1.6,1.5,0,-,-,38,1.2,189,-,-,8,8,-,0.1,0.13,3.6,1,-,,-,-,-,-,-,-,-,-,,-,-,-,-,-,-,-,-,-,-,-,-,-,-,-,-,-,,-,,,-,-,,-,-,,-,-,-,-,-,-,-,,,-,,,-,,,,,-,,-,,-,-,-,,,-,,,,,,,-,,,,,,,,,,,,,,,,,,,,,,-,,-,,,,,,,,-,,,,,,,,,,,,,,,,,,,,,,,,,
STD-DB10_2-001164,동사리,S,국가표준식품성분표,,수('09),,어패류 및 그 제품,,동사리,,,,,,,100g,81,81,16.9,1,1,0,-,-,20,1,194,-,-,5,5,-,0.06,0.07000000000000001,3.5,1,-,,-,-,-,-,-,-,-,-,,-,-,-,-,-,-,-,-,-,-,-,-,-,-,-,-,-,,-,,,-,-,,-,-,,-,-,-,-,-,-,-,,,-,,,-,,,,,-,,-,,-,-,-,,,-,,,,,,,-,,,,,,,,,,,,,,,,,,,,,,-,,-,,,,,,,,-,,,,,,,,,,,,,,,,,,,,,,,,,
STD-DB10_2-001165,동자개(빠가사리),S,국가표준식품성분표,,수('18),,어패류 및 그 제품,,동자개(빠가사리),,,,,,,100g,81,81.59999999999999,15.7,1.6,1.1,0,-,-,36,1.4,204,-,-,5,5,-,0.04,0.07000000000000001,3.2,1,-,,-,-,-,-,-,-,-,-,,-,-,-,-,-,-,-,-,-,-,-,-,-,-,-,-,-,,-,,,-,-,,-,-,,-,-,-,-,-,-,-,,,-,,,-,,,,,-,,-,,-,-,-,,,-,,,,,,,-,,,,,,,,,,,,,,,,,,,,,,706,,1340,,,,,,,,655,,,,,,,,,,,,,,,,,,,,,,,,,
STD-DB10_2-001166,둑중개,S,국가표준식품성분표,,수('09),,어패류 및 그 제품,,둑중개,,,,,,,100g,104,78.2,15,4.2,2.4,0.2,-,-,520,2.8,400,180,260,180,180,-,0.07000000000000001,0.38,1.5,1,-,,-,-,-,-,-,-,-,-,,-,-,-,-,-,-,-,-,-,-,-,-,-,-,-,-,-,,-,,,-,-,,-,-,,-,-,-,-,-,-,-,,,-,,,-,,,,,-,,-,,-,-,-,,,-,,,,,,,-,,,,,,,,,,,,,,,,,,,,,,-,,-,,,,,,,,-,,,,,,,,,,,,,,,,,,,,,,,,,
STD-DB10_2-001167,"둑중개, 삶은것",S,국가표준식품성분표,,JAPAN('20),,어패류 및 그 제품,,"둑중개, 삶은것",,,,,,,100g,108,73.5,15.8,5.8,4.7,0.2,-,(0),630,2.6,440,210,90,290,290,(0),0.06,0.30,1.1,Tr,4.9,,1.01,-,-,-,-,0.07000000000000001,28.0,21,,0.42,-,-,2.5,2.5,0,0,0,-,-,-,-,1,-,-,-,-,,-,,,-,-,,-,2.87,,42,21,8,0,130,270,-,,,190,,,-,,,,,180,,130,,20,14,270,,,-,,,,,,,-,,,,,,,,,,,,,,,,,,,,,,(820),,"(1,200)",,,,,,,,(730),,,,,,,,,,,,,,,,,,,,,,,,,
STD-DB10_2-001168,"둑중개, 조린것",S,국가표준식품성분표,,JAPAN('20),,어패류 및 그 제품,,"둑중개, 조린것",,,,,,,100g,293,23.8,29.4,5.5,7.5,33.8,-,(0),880,5.8,670,460,1700,370,370,(0),0.07000000000000001,0.48,2.4,0,2,,0.85,-,-,-,-,0.05,16.0,53,,0.80,-,-,3.4,3.4,0,Tr,0,-,-,-,-,(0),-,-,-,-,,-,,,-,-,,-,2.61,,65,12,13,0,130,270,-,,,140,,,-,,,,,240,,120,,36,11,450,,,-,,,,,,,-,,,,,,,,,,,,,,,,,,,,,,"(1,500)",,"(2,300)",,,,,,,,"(1,300)",,,,,,,,,,,,,,,,,,,,,,,,,
STD-DB10_2-001169,드렁허리,S,국가표준식품성분표,,수('09),,어패류 및 그 제품,,드렁허리,,,,,,,100g,92,79.40000000000001,17.9,1.7,1,0,-,-,72,1.4,136,-,-,240,240,-,0.38,0.29,4.2,1,-,,-,-,-,-,-,-,-,-,,-,-,-,-,-,-,-,-,-,-,-,-,-,-,-,-,-,,-,,,-,-,,-,-,,-,-,-,-,-,-,-,,,-,,,-,,,,,-,,-,,-,-,-,,,-,,,,,,,-,,,,,,,,,,,,,,,,,,,,,,-,,-,,,,,,,,-,,,,,,,,,,,,,,,,,,,,,,,,,
STD-DB10_2-001170,등가시치,S,국가표준식품성분표,,수('09),,어패류 및 그 제품,,등가시치,,,,,,,100g,79,80.3,18.5,0.1,1.1,,-,0,24,0.4,193,-,-,11,11,-,0.06,0.13,4.6,1,-,,-,-,-,-,-,-,-,-,,-,-,-,-,-,-,-,-,-,-,-,-,-,-,-,-,-,,-,,,-,-,,-,-,,-,-,-,-,-,-,-,,,-,,,-,,,,,-,,-,,-,-,-,,,-,,,,,,,-,,,,,,,,,,,,,,,,,,,,,,-,,-,,,,,,,,-,,,,,,,,,,,,,,,,,,,,,,,,,
STD-DB10_2-001171,만새기,S,국가표준식품성분표,,JAPAN('20),,어패류 및 그 제품,,만새기,,,,,,,100g,100,75.5,21.3,1.9,1.3,,-,(0),13,0.7,250,480,50,8,8,(0),0.20,0.15,9.0,1,5,,0.50,-,-,-,-,0.46,2.6,3,,0.36,-,-,0.5,0.5,0,0,0,-,-,-,-,(0),-,-,-,-,,-,,,-,-,,-,0.8800000000000001,,19,2,8,0,29,320,-,,,16,,,-,,,,,33,,8,,3,2,97,,,-,,,,,,,-,,,,,,,,,,,,,,,,,,,,,,"(1,100)",,"(1,700)",,,,,,,,(980),,,,,,,,,,,,,,,,,,,,,,,,,
STD-DB10_2-001172,망둑어(풀망둑),S,국가표준식품성분표,,수('09),,어패류 및 그 제품,,망둑어(풀망둑),,,,,,,100g,77,81.59999999999999,16.4,0.7,1,0.3,-,-,12,0.9,176,-,-,9,9,-,0.06,0.04,2.4,1,-,,-,-,-,-,-,-,-,-,,-,-,-,-,-,-,-,-,-,-,-,-,-,-,-,-,-,,-,,,-,-,,-,-,,-,-,-,-,-,-,-,,,-,,,-,,,,,-,,-,,-,-,-,,,-,,,,,,,-,,,,,,,,,,,,,,,,,,,,,,-,,-,,,,,,,,-,,,,,,,,,,,,,,,,,,,,,,,,,
STD-DB10_2-001173,매퉁이,S,국가표준식품성분표,,수('09),,어패류 및 그 제품,,매퉁이,,,,,,,100g,93,77.09999999999999,20.8,0.5,1.5,0.1,-,0,52,0.4,240,-,-,5,5,-,0.05,0.12,2.9,1,-,,-,-,-,-,-,-,-,-,,-,-,-,-,-,-,-,-,-,-,-,-,-,-,-,-,-,,-,,,-,-,,-,-,,-,-,-,-,-,-,-,,,-,,,-,,,,,-,,-,,-,-,-,,,-,,,,,,,-,,,,,,,,,,,,,,,,,,,,,,-,,-,,,,,,,,-,,,,,,,,,,,,,,,,,,,,,,,,,
STD-DB10_2-001174,메기,S,국가표준식품성분표,,수('95),,어패류 및 그 제품,,메기,,,,,,,100g,114,78.40000000000001,15.1,5.3,1.1,0.1,-,-,26,0.8,190,320,46,48,48,-,0.2,0.07000000000000001,2.3,1,-,,-,-,-,-,-,-,-,-,,-,-,-,-,-,-,-,-,-,-,-,-,-,-,-,-,-,,-,,,-,-,,-,-,,-,-,-,-,-,-,-,,,-,,,-,,,,,-,,-,,-,-,-,,,-,,,,,,,-,,,,,,,,,,,,,,,,,,,,,,-,,-,,,,,,,,-,,,,,,,,,,,,,,,,,,,,,,,,,
STD-DB10_2-001175,"메기, 물메기",S,국가표준식품성분표,,수('09),,어패류 및 그 제품,,"메기, 물메기",,,,,,,100g,78,81.59999999999999,16.4,0.9,1,0.1,-,-,36,1,137,-,-,0,0,-,0.08,0.08,2.2,0,-,,-,-,-,-,-,-,-,-,,-,-,-,-,-,-,-,-,-,-,-,-,-,-,-,-,-,,-,,,-,-,,-,-,,-,-,-,-,-,-,-,,,-,,,-,,,,,-,,-,,-,-,-,,,-,,,,,,,-,,,,,,,,,,,,,,,,,,,,,,-,,-,,,,,,,,-,,,,,,,,,,,,,,,,,,,,,,,,,
STD-DB10_2-001176,"메기, 붉은메기",S,국가표준식품성분표,,수('09),,어패류 및 그 제품,,"메기, 붉은메기",,,,,,,100g,83,79.90000000000001,18.2,0.7,1.2,0,-,-,38,1,147,-,-,3,3,-,0.14,0.11,4.5,1,-,,-,-,-,-,-,-,-,-,,-,-,-,-,-,-,-,-,-,-,-,-,-,-,-,-,-,,-,,,-,-,,-,-,,-,-,-,-,-,-,-,,,-,,,-,,,,,-,,-,,-,-,-,,,-,,,,,,,-,,,,,,,,,,,,,,,,,,,,,,-,,-,,,,,,,,-,,,,,,,,,,,,,,,,,,,,,,,,,
STD-DB10_2-001177,멸치,S,국가표준식품성분표,,수('09),,어패류 및 그 제품,,멸치,,,,,,,100g,127,73.40000000000001,17.7,5.4,3.2,0.3,-,0,496,3.6,202,-,-,38,38,-,0.04,0.26,8.800000000000001,1,-,,-,-,-,-,-,-,-,-,,-,-,-,-,-,-,-,-,-,-,-,-,-,-,-,-,-,,-,,,-,-,,-,-,,-,-,-,-,-,-,-,,,-,,,-,,,,,-,,-,,-,-,-,,,-,,,,,,,-,,,,,,,,,,,,,,,,,,,,,,-,,-,,,,,,,,-,,,,,,,,,,,,,,,,,,,,,,,,,
STD-DB10_2-001178,"멸치, 대멸치, 삶아서 말린것",S,국가표준식품성분표,,수('16),,어패류 및 그 제품,,"멸치, 대멸치, 삶아서 말린것",,,,,,,100g,302,19.2,59.31,5.45,16.71,0,-,0,2088,12.26,1726,1045,2180,-,-,-,0.12,0.11,-,0,1.28,,1.78,0.05,-,-,79.95999999999999,-,25.44,98,,0.445,0,1.08,0.08,0.08,0,0.01,0,0,0,0.01,0,-,0,-,-,-,,-,,,-,-,,-,2.12,,18.88,0,45.89,10.05,26.99,1040.2,2.68,,,45.92,,,89.70999999999999,,,,,2.79,,19.94,,0,4.17,301.02,,,281.73,,,,,,,10.67,,,,,,,,,,,,,,,,,,,,,,2054,,2719,,,,,,,,1888,,,,,,,,,,,,,,,,,,,,,,,,,
STD-DB10_2-001179,"멸치, 중멸치, 삶아서 말린것",S,국가표준식품성분표,,농진청('16),,어패류 및 그 제품,,"멸치, 중멸치, 삶아서 말린것",,,,,,,100g,245,31.8,49.69,3.3,14.14,1.07,0,0,2486,12,1867,770,2377,0,0,3,0.138,0.153,2.486,0,4.13,,1.31,0.02,0.129,2.357,0,-,24.17,10,,0.57,0,4.13,0.31,0.29,0,0.17,0,0,0.03,0.03,0,-,0,-,0,0,,0,,,0,0,,0,1.83,,10.25,0,31.57,5.87,29.2,818.91,5.64,,,19.69,,,97.93000000000001,,,,,2.68,,4.74,,0,5.27,325.63,,,185.57,,,,,,,4.97,,,,,,,,,,,,,,,,,,,,,,2213,,3227,,,,,,,,2091,,,,,,,,,,,,,,,,,,,,,,,,,
STD-DB10_2-001180,"멸치, 잔멸치, 삶아서 말린것",S,국가표준식품성분표,,농진청('16),,어패류 및 그 제품,,"멸치, 잔멸치, 삶아서 말린것",,,,,,,100g,226,41.6,42.94,4.59,10.55,0.32,0,0,620,0.91,816,531,2646,0,0,0,0.022,0.096,2.652,0,17.22,,1.3,0.03,0.059,2.593,35.07,-,6.45,102,,0.314,0,17.22,0.02,0,0.01,0.1,0.04,0,0.01,0.01,0,-,0,-,0,0,,0,,,0,0,,0,3.07,,12.1,0,48.47,15.68,35.67,1853.97,5.18,,,44.36,,,72.65000000000001,,,,,2.97,,46.72,,0,3.81,598.92,,,169.04,,,,,,,4.9,,,,,,,,,,,,,,,,,,,,,,2117,,3537,,,,,,,,1892,,,,,,,,,,,,,,,,,,,,,,,,,
STD-DB10_2-001181,"멸치, 액젓",S,국가표준식품성분표,,농진청('19),,어패류 및 그 제품,,"멸치, 액젓",,,,,,,100g,31,70.40000000000001,6.53,0.02,21.94,1.13,0.11,0,20,0.18,24,242,8188,0,0,0,0.126,0.033,2.234,0,0,,0,0,1.356,0.878,0.86,0.111,0.88,17,,1.164,0,0,0,0,0,0,0,0,0,0,0,0,0,0,0,0,,0,,,0,0,,0.11,0,,0,0,0,0,0,0,0,,,1.22,,,0,,,,,0,,0,,0,0,0,,,1.08,,,,,,,0,,,,,,,,,,,,,,,,,,,,,,280,,361,,,,,,,,230,,,,,,,,,,,,,,,,,,,,,,,,,
STD-DB10_2-001182,"멸치, 젓갈",S,국가표준식품성분표,,수('18),,어패류 및 그 제품,,"멸치, 젓갈",,,,,,,100g,118,57.7,14,6.3,22,0,-,-,874,5.6,660,-,-,60,60,-,0.02,0.23,6.3,-,-,,-,-,-,-,-,-,-,-,,-,-,-,-,-,-,-,-,-,-,-,-,-,-,-,-,-,,-,,,-,-,,-,-,,-,-,-,-,-,-,-,,,-,,,-,,,,,-,,-,,-,-,-,,,-,,,,,,,-,,,,,,,,,,,,,,,,,,,,,,404,,1032,,,,,,,,643,,,,,,,,,,,,,,,,,,,,,,,,,
STD-DB10_2-001183,명태,S,국가표준식품성분표,,수('09),,어패류 및 그 제품,,명태,,,,,,,100g,80,80.3,17.5,0.7,1.5,0,-,-,109,1.5,202,293,132,17,17,-,0.04,0.13,2.3,0,-,,-,-,-,-,-,-,-,-,,-,-,-,-,-,-,-,-,-,-,-,-,-,-,-,-,-,,-,,,-,-,,-,-,,-,-,-,-,-,-,-,,,-,,,-,,,,,-,,-,,-,-,-,,,-,,,,,,,-,,,,,,,,,,,,,,,,,,,,,,-,,-,,,,,,,,-,,,,,,,,,,,,,,,,,,,,,,,,,
STD-DB10_2-001184,"명태, 구운것",S,국가표준식품성분표,,USDA('18),,어패류 및 그 제품,,"명태, 구운것",,,,,,,100g,111,73.65000000000001,23.48,1.18,1.7,0,0,0,72,0.5600000000000001,267,430,419,17,17,0,0.054,0.223,3.949,0,1.3,,0.159,-,-,-,-,0.329,3.66,3,,0.432,-,1.3,0.28,0.28,-,-,-,-,-,-,-,-,0.1,-,-,-,,-,,,-,-,,-,0.717,,27,-,-,-,27,423,-,,,-,,,-,,,,,-,,-,,-,-,86,,,-,,,,,,,-,,,,,,,,,,,,,,,,,,,,,,1127,,1908,,,,,,,,1082,,,,,,,,,,,,,,,,,,,,,,,,,
STD-DB10_2-001185,"명태, 노가리, 말린것",S,국가표준식품성분표,,수('18),,어패류 및 그 제품,,"명태, 노가리, 말린것",,,,,,,100g,351,16.1,74.3,3.8,5.5,0.3,-,-,2066,2.9,1376,-,-,0,0,-,-,0.21,6.2,-,-,,-,-,-,-,-,-,-,-,,-,-,-,-,-,-,-,-,-,-,-,-,-,-,-,-,-,,-,,,-,-,,-,-,,-,-,-,-,-,-,-,,,-,,,-,,,,,-,,-,,-,-,-,,,-,,,,,,,-,,,,,,,,,,,,,,,,,,,,,,2582,,5739,,,,,,,,3177,,,,,,,,,,,,,,,,,,,,,,,,,
STD-DB10_2-001186,"명태, 동태, 냉동",S,국가표준식품성분표,,식약('96),,어패류 및 그 제품,,"명태, 동태, 냉동",,,,,,,100g,72,82.3,15.9,0.5,1.2,0.1,-,-,48,0.2,200,238,210,9,9,0,0.1,0.07000000000000001,1.1,0,-,,-,-,-,-,-,-,-,-,,-,-,-,-,-,-,-,-,-,-,-,-,-,-,-,-,-,,-,,,-,-,,-,-,,-,-,-,-,-,-,-,,,-,,,-,,,,,-,,-,,-,-,-,,,-,,,,,,,-,,,,,,,,,,,,,,,,,,,,,,-,,-,,,,,,,,-,,,,,,,,,,,,,,,,,,,,,,,,,
STD-DB10_2-001187,"명태, 먹태, 포, 말린것",S,국가표준식품성분표,,수('09),,어패류 및 그 제품,,"명태, 먹태, 포, 말린것",,,,,,,100g,372,11.3,82.7,2.4,3.6,0,-,-,300,4.9,595,870,482,0,0,-,0.12,0.25,5.4,0,-,,-,-,-,-,-,-,-,-,,-,-,-,-,-,-,-,-,-,-,-,-,-,-,-,-,-,,-,,,-,-,,-,-,,-,-,-,-,-,-,-,,,-,,,-,,,,,-,,-,,-,-,-,,,-,,,,,,,-,,,,,,,,,,,,,,,,,,,,,,-,,-,,,,,,,,-,,,,,,,,,,,,,,,,,,,,,,,,,
STD-DB10_2-001188,"명태, 북어, 말린것",S,국가표준식품성분표,,농진청('19),,어패류 및 그 제품,,"명태, 북어, 말린것",,,,,,,100g,339,18.3,73.18000000000001,3.09,5.14,0.32,0,0,281,1.25,700,1154,464,0,0,0,0.351,0.255,2.411,0,0,,0.78,0.04,0,2.411,0.46,0.273,5.88,28,,1.397,0,0,1.22,1.22,0,0,0,0,0,0,0,0,0,0,0,0,,0,,,0,0,,0,1.82,,24.99,0,28.75,10.01,32.14,744.5,1.55,,,22.26,,,149.93,,,,,0,,6.31,,15.12,2.54,526.0599999999999,,,187.05,,,,,,,4.67,,,,,,,,,,,,,,,,,,,,,,3176,,4500,,,,,,,,2472,,,,,,,,,,,,,,,,,,,,,,,,,
STD-DB10_2-001189,"명태, 코다리, 반건조",S,국가표준식품성분표,,수('18),,어패류 및 그 제품,,"명태, 코다리, 반건조",,,,,,,100g,290,31.1,61.7,3.1,4.1,0,-,-,243,2.7,582,-,-,0,0,-,0.15,0.22,8.300000000000001,0,-,,-,-,-,-,-,-,-,-,,-,-,-,-,-,-,-,-,-,-,-,-,-,-,-,-,-,,-,,,-,-,,-,-,,-,-,-,-,-,-,-,,,-,,,-,,,,,-,,-,,-,-,-,,,-,,,,,,,-,,,,,,,,,,,,,,,,,,,,,,-,,-,,,,,,,,-,,,,,,,,,,,,,,,,,,,,,,,,,
STD-DB10_2-001190,"명태, 황태, 포, 말린것",S,국가표준식품성분표,,농진청('10),,어패류 및 그 제품,,"명태, 황태, 포, 말린것",,,,,,,100g,349,12.8,79,0.4,5,2.8,-,-,354,2.2,764,1068,438,0,-,0,0.5,0.52,2,0,-,,-,-,-,-,-,-,-,-,,-,-,-,-,-,-,-,-,-,-,-,-,-,-,-,-,-,,-,,,-,-,,-,-,,-,-,-,-,-,-,-,,,-,,,-,,,,,-,,-,,-,-,-,,,-,,,,,,,-,,,,,,,,,,,,,,,,,,,,,,-,,-,,,,,,,,-,,,,,,,,,,,,,,,,,,,,,,,,,
STD-DB10_2-001191,"명태, 포, 조미하여 말린것",S,국가표준식품성분표,,수('09),,어패류 및 그 제품,,"명태, 포, 조미하여 말린것",,,,,,,100g,306,17.5,43.9,1.5,7.9,29.2,-,0,392,5.9,882,-,-,-,-,-,0.03,0.08,4.2,0,-,,-,-,-,-,-,-,-,-,,-,-,-,-,-,-,-,-,-,-,-,-,-,-,-,-,-,,-,,,-,-,,-,-,,-,-,-,-,-,-,-,,,-,,,-,,,,,-,,-,,-,-,-,,,-,,,,,,,-,,,,,,,,,,,,,,,,,,,,,,-,,-,,,,,,,,-,,,,,,,,,,,,,,,,,,,,,,,,,
STD-DB10_2-001192,"명태, 내장, 양념젓갈(창난젓)",S,국가표준식품성분표,,농진청('19),,어패류 및 그 제품,,"명태, 내장, 양념젓갈(창난젓)",,,,,,,100g,143,59.8,10.83,1.2,5.97,22.22,14.37,0,36,0.89,63,200,1940,98,30,807,0.163,0.094,0.875,13.4,0,,0.21,0.01,0,0.875,2.06,0.096,3.86,12,,0.5620000000000001,0,0,1.73,1.68,0,0.5,0,0,0,0,0,3.48,3.48,0,0,1.74,,0,,,0,6.06,,6.58,0.76,,8.220000000000001,0,8.1,1.48,5.25,51.85,1,,,414.15,,,23.71,,,,,0,,15.02,,3.24,0,32.13,,,182.34,,,,,,,0,,,,,,,,,,,,,,,,,,,,,,815,,496,,,,,,,,301,,,,,,,,,,,,,,,,,,,,,,,,,
STD-DB10_2-001193,"명태, 알",S,국가표준식품성분표,,수('09),,어패류 및 그 제품,,"명태, 알",,,,,,,100g,120,66,20.5,3,7.8,2.7,-,0,28,1.2,249,-,-,66,66,-,0.48,0.52,8.9,0,-,,-,-,-,-,-,-,-,-,,-,-,-,-,-,-,-,-,-,-,-,-,-,-,-,-,-,,-,,,-,-,,-,-,,-,-,-,-,-,-,-,,,-,,,-,,,,,-,,-,,-,-,-,,,-,,,,,,,-,,,,,,,,,,,,,,,,,,,,,,-,,-,,,,,,,,-,,,,,,,,,,,,,,,,,,,,,,,,,
STD-DB10_2-001194,모래무지,S,국가표준식품성분표,,수('09),,어패류 및 그 제품,,모래무지,,,,,,,100g,77,82.09999999999999,15.7,1.1,1.1,0,-,-,73,1.2,200,-,-,6,6,-,0.11,0.06,2.4,1,-,,-,-,-,-,-,-,-,-,,-,-,-,-,-,-,-,-,-,-,-,-,-,-,-,-,-,,-,,,-,-,,-,-,,-,-,-,-,-,-,-,,,-,,,-,,,,,-,,-,,-,-,-,,,-,,,,,,,-,,,,,,,,,,,,,,,,,,,,,,-,,-,,,,,,,,-,,,,,,,,,,,,,,,,,,,,,,,,,
STD-DB10_2-001195,몽치다래,S,국가표준식품성분표,,수('09),,어패류 및 그 제품,,몽치다래,,,,,,,100g,159,66.90000000000001,24.1,5.9,2.6,0.5,-,0,6,1.7,183,-,-,8,8,-,0.18,0.2,7.3,-,-,,-,-,-,-,-,-,-,-,,-,-,-,-,-,-,-,-,-,-,-,-,-,-,-,-,-,,-,,,-,-,,-,-,,-,-,-,-,-,-,-,,,-,,,-,,,,,-,,-,,-,-,-,,,-,,,,,,,-,,,,,,,,,,,,,,,,,,,,,,-,,-,,,,,,,,-,,,,,,,,,,,,,,,,,,,,,,,,,
STD-DB10_2-001196,문절망둑,S,국가표준식품성분표,,수('09),,어패류 및 그 제품,,문절망둑,,,,,,,100g,90,78.2,18.7,1.1,1.7,0.3,-,-,14,4,170,380,150,15,15,-,0.1,0.05,2,0,-,,-,-,-,-,-,-,-,-,,-,-,-,-,-,-,-,-,-,-,-,-,-,-,-,-,-,,-,,,-,-,,-,-,,-,-,-,-,-,-,-,,,-,,,-,,,,,-,,-,,-,-,-,,,-,,,,,,,-,,,,,,,,,,,,,,,,,,,,,,-,,-,,,,,,,,-,,,,,,,,,,,,,,,,,,,,,,,,,
STD-DB10_2-001197,물치다래,S,국가표준식품성분표,,수('09),,어패류 및 그 제품,,물치다래,,,,,,,100g,168,67.90000000000001,23.4,7.3,1.3,0.1,-,-,35,1.9,270,-,-,15,15,-,0.2,0.19,12.5,tr,-,,-,-,-,-,-,-,-,-,,-,-,-,-,-,-,-,-,-,-,-,-,-,-,-,-,-,,-,,,-,-,,-,-,,-,-,-,-,-,-,-,,,-,,,-,,,,,-,,-,,-,-,-,,,-,,,,,,,-,,,,,,,,,,,,,,,,,,,,,,-,,-,,,,,,,,-,,,,,,,,,,,,,,,,,,,,,,,,,
STD-DB10_2-001198,미꾸리,S,국가표준식품성분표,,수('09),,어패류 및 그 제품,,미꾸리,,,,,,,100g,96,78.59999999999999,16.2,2.8,2.2,0.2,-,-,736,8,437,290,85,189,189,-,0.1,0.65,7.9,2,-,,-,-,-,-,-,-,-,-,,-,-,-,-,-,-,-,-,-,-,-,-,-,-,-,-,-,,-,,,-,-,,-,-,,-,-,-,-,-,-,-,,,-,,,-,,,,,-,,-,,-,-,-,,,-,,,,,,,-,,,,,,,,,,,,,,,,,,,,,,-,,-,,,,,,,,-,,,,,,,,,,,,,,,,,,,,,,,,,
STD-DB10_2-001199,"미꾸리, 삶은것",S,국가표준식품성분표,,JAPAN('20),,어패류 및 그 제품,,"미꾸리, 삶은것",,,,,,,100g,76,77.90000000000001,17.1,1.2,3.8,,-,(0),1200,6.4,750,330,100,15,13,23,0.08,1.00,4.2,Tr,5.5,,0.15,-,-,-,-,0.08,6.3,11,,0.43,-,-,0.4,0.4,0,0,0,-,-,-,-,1,-,-,-,-,,-,,,-,-,,-,0.35,,12,2,1,0,20,35,-,,,28,,,-,,,,,68,,9,,6,5,22,,,-,,,,,,,-,,,,,,,,,,,,,,,,,,,,,,"(1,300)",,"(1,300)",,,,,,,,(790),,,,,,,,,,,,,,,,,,,,,,,,,
STD-DB10_2-001200,민달고기,S,국가표준식품성분표,,수('09),,어패류 및 그 제품,,민달고기,,,,,,,100g,95,77.09999999999999,20.3,1,1.5,0.1,-,-,10,0.8,239,-,-,8,8,-,0.12,0.22,6.2,1,-,,-,-,-,-,-,-,-,-,,-,-,-,-,-,-,-,-,-,-,-,-,-,-,-,-,-,,-,,,-,-,,-,-,,-,-,-,-,-,-,-,,,-,,,-,,,,,-,,-,,-,-,-,,,-,,,,,,,-,,,,,,,,,,,,,,,,,,,,,,-,,-,,,,,,,,-,,,,,,,,,,,,,,,,,,,,,,,,,
STD-DB10_2-001201,민어,S,국가표준식품성분표,,수('09),,어패류 및 그 제품,,민어,,,,,,,100g,86,79.40000000000001,18,0.8,1.3,0.5,-,0,22,0.3,178,-,-,9,9,-,0.05,0.29,3.7,1,-,,-,-,-,-,-,-,-,-,,-,-,-,-,-,-,-,-,-,-,-,-,-,-,-,-,-,,-,,,-,-,,-,-,,-,-,-,-,-,-,-,,,-,,,-,,,,,-,,-,,-,-,-,,,-,,,,,,,-,,,,,,,,,,,,,,,,,,,,,,-,,-,,,,,,,,-,,,,,,,,,,,,,,,,,,,,,,,,,
STD-DB10_2-001202,"민어, 구운것",S,국가표준식품성분표,,JAPAN('20),,어패류 및 그 제품,,"민어, 구운것",,,,,,,100g,100,74.3,23.4,0.8,1.5,,-,(0),51,0.6,180,330,140,7,7,(0),0.05,0.25,3.0,Tr,3.3,,0.18,-,-,-,-,0.11,2.8,9,,0.45,-,-,0.7,0.7,0,0,0,-,-,-,-,(0),-,-,-,-,,-,,,-,-,,-,0.37,,14,Tr,3,0,11,110,-,,,4,,,-,,,,,17,,1,,2,1,40,,,-,,,,,,,-,,,,,,,,,,,,,,,,,,,,,,"(1,000)",,"(1,900)",,,,,,,,"(1,200)",,,,,,,,,,,,,,,,,,,,,,,,,
STD-DB10_2-001203,"민어, 암치, 조미하여 말린것",S,국가표준식품성분표,,수('09),,어패류 및 그 제품,,"민어, 암치, 조미하여 말린것",,,,,,,100g,314,16.2,39.8,1.5,7.3,35.2,-,-,591,4.3,333,-,-,tr,tr,-,0.04,0.2,1.7,0,-,,-,-,-,-,-,-,-,-,,-,-,-,-,-,-,-,-,-,-,-,-,-,-,-,-,-,,-,,,-,-,,-,-,,-,-,-,-,-,-,-,,,-,,,-,,,,,-,,-,,-,-,-,,,-,,,,,,,-,,,,,,,,,,,,,,,,,,,,,,-,,-,,,,,,,,-,,,,,,,,,,,,,,,,,,,,,,,,,
STD-DB10_2-001204,"민어, 알, 염장",S,국가표준식품성분표,,국('87),,어패류 및 그 제품,,"민어, 알, 염장",,,,,,,100g,284,37.1,35.1,15.9,11.9,0,-,-,69,2.7,180,210,711,-,-,-,0.58,0.5600000000000001,0.9,0,-,,-,-,-,-,-,-,-,-,,-,-,-,-,-,-,-,-,-,-,-,-,-,-,-,-,-,,-,,,-,-,,-,-,,-,-,-,-,-,-,-,,,-,,,-,,,,,-,,-,,-,-,-,,,-,,,,,,,-,,,,,,,,,,,,,,,,,,,,,,-,,-,,,,,,,,-,,,,,,,,,,,,,,,,,,,,,,,,,
STD-DB10_2-001205,민태,S,국가표준식품성분표,,수('09),,어패류 및 그 제품,,민태,,,,,,,100g,88,81.09999999999999,15.2,2.5,1.2,0,-,-,8,2.6,159,-,-,-,-,-,0.03,0.16,-,tr,-,,-,-,-,-,-,-,-,-,,-,-,-,-,-,-,-,-,-,-,-,-,-,-,-,-,-,,-,,,-,-,,-,-,,-,-,-,-,-,-,-,,,-,,,-,,,,,-,,-,,-,-,-,,,-,,,,,,,-,,,,,,,,,,,,,,,,,,,,,,-,,-,,,,,,,,-,,,,,,,,,,,,,,,,,,,,,,,,,
STD-DB10_2-001206,박대,S,국가표준식품성분표,,수('09),,어패류 및 그 제품,,박대,,,,,,,100g,90,77.90000000000001,19.2,0.7,1.6,0.6,-,-,15,0.3,265,-,-,-,-,-,-,-,-,-,-,,-,-,-,-,-,-,-,-,,-,-,-,-,-,-,-,-,-,-,-,-,-,-,-,-,-,,-,,,-,-,,-,-,,-,-,-,-,-,-,-,,,-,,,-,,,,,-,,-,,-,-,-,,,-,,,,,,,-,,,,,,,,,,,,,,,,,,,,,,-,,-,,,,,,,,-,,,,,,,,,,,,,,,,,,,,,,,,,
STD-DB10_2-001207,"박대, 말린것",S,국가표준식품성분표,,국('85),,어패류 및 그 제품,,"박대, 말린것",,,,,,,100g,132,66.3,25.6,2.2,5,0.9,-,-,60,0.5,152,869,837,-,-,-,0.41,0.17,2,0,-,,-,-,-,-,-,-,-,-,,-,-,-,-,-,-,-,-,-,-,-,-,-,-,-,-,-,,-,,,-,-,,-,-,,-,-,-,-,-,-,-,,,-,,,-,,,,,-,,-,,-,-,-,,,-,,,,,,,-,,,,,,,,,,,,,,,,,,,,,,-,,-,,,,,,,,-,,,,,,,,,,,,,,,,,,,,,,,,,
STD-DB10_2-001208,"박대, 반건조",S,국가표준식품성분표,,식약('96),,어패류 및 그 제품,,"박대, 반건조",,,,,,,100g,104,72.5,21.4,1.4,4.6,0.1,-,-,103,0.3,157,253,1394,5,5,0,0.15,0.05,2.2,0,-,,-,-,-,-,-,-,-,-,,-,-,-,-,-,-,-,-,-,-,-,-,-,-,-,-,-,,-,,,-,-,,-,-,,-,-,-,-,-,-,-,,,-,,,-,,,,,-,,-,,-,-,-,,,-,,,,,,,-,,,,,,,,,,,,,,,,,,,,,,-,,-,,,,,,,,-,,,,,,,,,,,,,,,,,,,,,,,,,
STD-DB10_2-001209,방어,S,국가표준식품성분표,,수('09),,어패류 및 그 제품,,방어,,,,,,,100g,101,75.59999999999999,21.7,0.8,1.5,0.4,-,-,16,0.7,289,380,32,14,14,-,0.15,0.16,7.8,1,-,,-,-,-,-,-,-,-,-,,-,-,-,-,-,-,-,-,-,-,-,-,-,-,-,-,-,,-,,,-,-,,-,-,,-,-,-,-,-,-,-,,,-,,,-,,,,,-,,-,,-,-,-,,,-,,,,,,,-,,,,,,,,,,,,,,,,,,,,,,-,,-,,,,,,,,-,,,,,,,,,,,,,,,,,,,,,,,,,
STD-DB10_2-001210,"방어, 구운것",S,국가표준식품성분표,,JAPAN('20),,어패류 및 그 제품,,"방어, 구운것",,,,,,,100g,260,51.8,26.2,20.4,1.3,0.3,-,(0),6,2.3,170,440,40,42,42,-,0.24,0.39,10.0,2,5.4,,4.87,-,-,-,-,0.38,3.8,6,,1.38,-,-,2.1,2.1,0,0,0,-,-,-,-,(0),-,-,-,-,,-,,,-,-,,-,8.98,,520,-,190,0,360,1900,-,,,210,,,-,,,,,180,,110,,9,16,1000,,,-,,,,,,,-,,,,,,,,,,,,,,,,,,,,,,"(1,300)",,"(2,000)",,,,,,,,"(1,300)",,,,,,,,,,,,,,,,,,,,,,,,,
STD-DB10_2-001211,"방어, 양식, 어린것",S,국가표준식품성분표,,JAPAN('20),,어패류 및 그 제품,,"방어, 양식, 어린것",,,,,,,100g,217,61.5,20.7,17.2,1.1,0.3,-,(0),19,1.0,210,340,38,32,32,0,0.16,0.21,9.0,2,4,,3.96,-,-,-,6.4,0.45,4.6,9,,0.99,-,-,4.6,4.6,0,0.1,0,-,-,-,-,-,-,-,-,-,,-,,,-,-,,-,8.879999999999999,,800,0,92,0,190,910,-,,,880,,,430,,,,,85,,120,,36,17,450,,,3000,,,,,,,-,,,,,,,,,,,,,,,,,,,,,,1300,,1500,,,,,,,,920,,,,,,,,,,,,,,,,,,,,,,,,,
STD-DB10_2-001212,"방어, 자연산, 어린것",S,국가표준식품성분표,,수('82),,어패류 및 그 제품,,"방어, 자연산, 어린것",,,,,,,100g,165,69.5,21,8,1.2,0.3,-,-,7,2,144,410,37,12,12,-,0.14,0.1,7,-,-,,-,-,-,-,-,-,-,-,,-,-,-,-,-,-,-,-,-,-,-,-,-,-,-,-,-,,-,,,-,-,,-,-,,-,-,-,-,-,-,-,,,-,,,-,,,,,-,,-,,-,-,-,,,-,,,,,,,-,,,,,,,,,,,,,,,,,,,,,,-,,-,,,,,,,,-,,,,,,,,,,,,,,,,,,,,,,,,,
STD-DB10_2-001213,백연,S,국가표준식품성분표,,수('09),,어패류 및 그 제품,,백연,,,,,,,100g,89,78.59999999999999,19,0.8,1.3,0.3,-,-,81,1.2,253,-,-,-,-,-,-,-,-,-,-,,-,-,-,-,-,-,-,-,,-,-,-,-,-,-,-,-,-,-,-,-,-,-,-,-,-,,-,,,-,-,,-,-,,-,-,-,-,-,-,-,,,-,,,-,,,,,-,,-,,-,-,-,,,-,,,,,,,-,,,,,,,,,,,,,,,,,,,,,,-,,-,,,,,,,,-,,,,,,,,,,,,,,,,,,,,,,,,,
STD-DB10_2-001214,밴댕이,S,국가표준식품성분표,,수('09),,어패류 및 그 제품,,밴댕이,,,,,,,100g,225,65.8,16.3,16.5,1.2,0.2,-,-,175,1.9,183,-,-,36,36,-,0.07000000000000001,0.24,1.9,1,-,,-,-,-,-,-,-,-,-,,-,-,-,-,-,-,-,-,-,-,-,-,-,-,-,-,-,,-,,,-,-,,-,-,,-,-,-,-,-,-,-,,,-,,,-,,,,,-,,-,,-,-,-,,,-,,,,,,,-,,,,,,,,,,,,,,,,,,,,,,-,,-,,,,,,,,-,,,,,,,,,,,,,,,,,,,,,,,,,
STD-DB10_2-001215,"밴댕이, 삶아서 말린것",S,국가표준식품성분표,,수('82),,어패류 및 그 제품,,"밴댕이, 삶아서 말린것",,,,,,,100g,302,24,48.2,10.3,17,0.5,-,-,1578,12.5,967,-,-,-,-,-,-,-,-,-,-,,-,-,-,-,-,-,-,-,,-,-,-,-,-,-,-,-,-,-,-,-,-,-,-,-,-,,-,,,-,-,,-,-,,-,-,-,-,-,-,-,,,-,,,-,,,,,-,,-,,-,-,-,,,-,,,,,,,-,,,,,,,,,,,,,,,,,,,,,,-,,-,,,,,,,,-,,,,,,,,,,,,,,,,,,,,,,,,,
STD-DB10_2-001216,"밴댕이, 젓갈",S,국가표준식품성분표,,수('18),,어패류 및 그 제품,,"밴댕이, 젓갈",,,,,,,100g,117,56.8,16.3,4.9,21.4,0.6,-,-,978,3.8,660,-,-,0,0,-,-,0.14,0,-,-,,-,-,-,-,-,-,-,-,,-,-,-,-,-,-,-,-,-,-,-,-,-,-,-,-,-,,-,,,-,-,,-,-,,-,-,-,-,-,-,-,,,-,,,-,,,,,-,,-,,-,-,-,,,-,,,,,,,-,,,,,,,,,,,,,,,,,,,,,,537,,1280,,,,,,,,735,,,,,,,,,,,,,,,,,,,,,,,,,
STD-DB10_2-001217,뱅어,S,국가표준식품성분표,,수('09),,어패류 및 그 제품,,뱅어,,,,,,,100g,68,84,13.3,1.1,1.3,0.3,-,-,135,0.7,267,250,170,45,45,-,0.06,0.11,2,3,-,,-,-,-,-,-,-,-,-,,-,-,-,-,-,-,-,-,-,-,-,-,-,-,-,-,-,,-,,,-,-,,-,-,,-,-,-,-,-,-,-,,,-,,,-,,,,,-,,-,,-,-,-,,,-,,,,,,,-,,,,,,,,,,,,,,,,,,,,,,-,,-,,,,,,,,-,,,,,,,,,,,,,,,,,,,,,,,,,
STD-DB10_2-001218,"뱅어, 말린것",S,국가표준식품성분표,,수('09),,어패류 및 그 제품,,"뱅어, 말린것",,,,,,,100g,311,26.8,56.1,7.9,9.199999999999999,0,-,-,615,20,688,-,-,-,-,-,-,-,-,0,-,,-,-,-,-,-,-,-,-,,-,-,-,-,-,-,-,-,-,-,-,-,-,-,-,-,-,,-,,,-,-,,-,-,,-,-,-,-,-,-,-,,,-,,,-,,,,,-,,-,,-,-,-,,,-,,,,,,,-,,,,,,,,,,,,,,,,,,,,,,-,,-,,,,,,,,-,,,,,,,,,,,,,,,,,,,,,,,,,
STD-DB10_2-001219,"뱅어, 포, 말린것",S,국가표준식품성분표,,식약('96),,어패류 및 그 제품,,"뱅어, 포, 말린것",,,,,,,100g,363,16.9,60.4,11,10.5,1.2,-,-,982,3,890,1164,680,0,0,0,0.18,0.1,4,0,-,,-,-,-,-,-,-,-,-,,-,-,-,-,-,-,-,-,-,-,-,-,-,-,-,-,-,,-,,,-,-,,-,-,,-,-,-,-,-,-,-,,,-,,,-,,,,,-,,-,,-,-,-,,,-,,,,,,,-,,,,,,,,,,,,,,,,,,,,,,-,,-,,,,,,,,-,,,,,,,,,,,,,,,,,,,,,,,,,
STD-DB10_2-001220,베도라치,S,국가표준식품성분표,,수('09),,어패류 및 그 제품,,베도라치,,,,,,,100g,105,76,20.7,1.9,1.4,,-,0,38,1.1,221,-,-,20,20,-,0.22,0.07000000000000001,4.6,1,-,,-,-,-,-,-,-,-,-,,-,-,-,-,-,-,-,-,-,-,-,-,-,-,-,-,-,,-,,,-,-,,-,-,,-,-,-,-,-,-,-,,,-,,,-,,,,,-,,-,,-,-,-,,,-,,,,,,,-,,,,,,,,,,,,,,,,,,,,,,-,,-,,,,,,,,-,,,,,,,,,,,,,,,,,,,,,,,,,
STD-DB10_2-001221,"베도라치, 그물베도라치",S,국가표준식품성분표,,수('09),,어패류 및 그 제품,,"베도라치, 그물베도라치",,,,,,,100g,107,74.8,22,1.2,1.3,0.7,-,-,40,1.2,213,-,-,11,11,-,0.08,0.12,2.9,1,-,,-,-,-,-,-,-,-,-,,-,-,-,-,-,-,-,-,-,-,-,-,-,-,-,-,-,,-,,,-,-,,-,-,,-,-,-,-,-,-,-,,,-,,,-,,,,,-,,-,,-,-,-,,,-,,,,,,,-,,,,,,,,,,,,,,,,,,,,,,-,,-,,,,,,,,-,,,,,,,,,,,,,,,,,,,,,,,,,
STD-DB10_2-001222,"베도라치, 장어베도라치",S,국가표준식품성분표,,수('09),,어패류 및 그 제품,,"베도라치, 장어베도라치",,,,,,,100g,135,73.2,19.3,5.4,1.4,0.7,-,-,26,0.9,230,-,-,-,-,-,-,-,-,-,-,,-,-,-,-,-,-,-,-,,-,-,-,-,-,-,-,-,-,-,-,-,-,-,-,-,-,,-,,,-,-,,-,-,,-,-,-,-,-,-,-,,,-,,,-,,,,,-,,-,,-,-,-,,,-,,,,,,,-,,,,,,,,,,,,,,,,,,,,,,-,,-,,,,,,,,-,,,,,,,,,,,,,,,,,,,,,,,,,
STD-DB10_2-001223,베로치,S,국가표준식품성분표,,수('09),,어패류 및 그 제품,,베로치,,,,,,,100g,86,78.8,19.5,0.4,1.3,0,-,-,81,0.9,216,-,-,tr,tr,-,0.05,0.13,3.1,tr,-,,-,-,-,-,-,-,-,-,,-,-,-,-,-,-,-,-,-,-,-,-,-,-,-,-,-,,-,,,-,-,,-,-,,-,-,-,-,-,-,-,,,-,,,-,,,,,-,,-,,-,-,-,,,-,,,,,,,-,,,,,,,,,,,,,,,,,,,,,,-,,-,,,,,,,,-,,,,,,,,,,,,,,,,,,,,,,,,,
STD-DB10_2-001224,베스,S,국가표준식품성분표,,수('82),,어패류 및 그 제품,,베스,,,,,,,100g,81,80.09999999999999,18.2,0.4,1.2,0.1,-,-,88,4.5,245,-,-,-,-,-,-,-,-,-,-,,-,-,-,-,-,-,-,-,,-,-,-,-,-,-,-,-,-,-,-,-,-,-,-,-,-,,-,,,-,-,,-,-,,-,-,-,-,-,-,-,,,-,,,-,,,,,-,,-,,-,-,-,,,-,,,,,,,-,,,,,,,,,,,,,,,,,,,,,,-,,-,,,,,,,,-,,,,,,,,,,,,,,,,,,,,,,,,,
STD-DB10_2-001225,벤자리,S,국가표준식품성분표,,수('09),,어패류 및 그 제품,,벤자리,,,,,,,100g,123,76,17,5.3,1.4,0.3,-,-,57,1.2,269,300,160,36,36,-,0.1,0.22,3.3,tr,-,,-,-,-,-,-,-,-,-,,-,-,-,-,-,-,-,-,-,-,-,-,-,-,-,-,-,,-,,,-,-,,-,-,,-,-,-,-,-,-,-,,,-,,,-,,,,,-,,-,,-,-,-,,,-,,,,,,,-,,,,,,,,,,,,,,,,,,,,,,-,,-,,,,,,,,-,,,,,,,,,,,,,,,,,,,,,,,,,
STD-DB10_2-001226,"벤자리, 노랑벤자리",S,국가표준식품성분표,,수('09),,어패류 및 그 제품,,"벤자리, 노랑벤자리",,,,,,,100g,94,79,17.3,2.1,1.4,0.2,-,0,27,0.7,260,-,-,17,17,-,0.23,0.11,2.7,1,-,,-,-,-,-,-,-,-,-,,-,-,-,-,-,-,-,-,-,-,-,-,-,-,-,-,-,,-,,,-,-,,-,-,,-,-,-,-,-,-,-,,,-,,,-,,,,,-,,-,,-,-,-,,,-,,,,,,,-,,,,,,,,,,,,,,,,,,,,,,-,,-,,,,,,,,-,,,,,,,,,,,,,,,,,,,,,,,,,
STD-DB10_2-001227,병어,S,국가표준식품성분표,,수('09),,어패류 및 그 제품,,병어,,,,,,,100g,130,75.5,16.4,6.3,1.5,0.3,-,-,22,0.4,242,360,158,63,63,-,0.32,0.09,3.2,1,-,,-,-,-,-,-,-,-,-,,-,-,-,-,-,-,-,-,-,-,-,-,-,-,-,-,-,,-,,,-,-,,-,-,,-,-,-,-,-,-,-,,,-,,,-,,,,,-,,-,,-,-,-,,,-,,,,,,,-,,,,,,,,,,,,,,,,,,,,,,-,,-,,,,,,,,-,,,,,,,,,,,,,,,,,,,,,,,,,
STD-DB10_2-001228,보구치,S,국가표준식품성분표,,수('09),,어패류 및 그 제품,,보구치,,,,,,,100g,119,75,19.3,3.9,1.5,0.3,-,0,15,0.4,150,-,-,8,8,-,0.11,0.13,3,1,-,,-,-,-,-,-,-,-,-,,-,-,-,-,-,-,-,-,-,-,-,-,-,-,-,-,-,,-,,,-,-,,-,-,,-,-,-,-,-,-,-,,,-,,,-,,,,,-,,-,,-,-,-,,,-,,,,,,,-,,,,,,,,,,,,,,,,,,,,,,-,,-,,,,,,,,-,,,,,,,,,,,,,,,,,,,,,,,,,
STD-DB10_2-001229,보리멸,S,국가표준식품성분표,,수('09),,어패류 및 그 제품,,보리멸,,,,,,,100g,93,78.09999999999999,19.5,1.1,1.3,0,-,-,65,2.3,174,400,140,8,8,-,0.02,0.15,4.4,tr,-,,-,-,-,-,-,-,-,-,,-,-,-,-,-,-,-,-,-,-,-,-,-,-,-,-,-,,-,,,-,-,,-,-,,-,-,-,-,-,-,-,,,-,,,-,,,,,-,,-,,-,-,-,,,-,,,,,,,-,,,,,,,,,,,,,,,,,,,,,,-,,-,,,,,,,,-,,,,,,,,,,,,,,,,,,,,,,,,,
STD-DB10_2-001230,"보리멸, 냉동",S,국가표준식품성분표,,수('82),,어패류 및 그 제품,,"보리멸, 냉동",,,,,,,100g,98,78.59999999999999,19.6,1.5,0,0.3,-,-,14,-,-,214,161,1,1,-,0.03,0.15,-,-,-,,-,-,-,-,-,-,-,-,,-,-,-,-,-,-,-,-,-,-,-,-,-,-,-,-,-,,-,,,-,-,,-,-,,-,-,-,-,-,-,-,,,-,,,-,,,,,-,,-,,-,-,-,,,-,,,,,,,-,,,,,,,,,,,,,,,,,,,,,,-,,-,,,,,,,,-,,,,,,,,,,,,,,,,,,,,,,,,,
STD-DB10_2-001231,"복어, 검복",S,국가표준식품성분표,,수('09),,어패류 및 그 제품,,"복어, 검복",,,,,,,100g,94,76.7,21.5,0.3,1.4,0.1,-,0,21,0.3,216,-,-,0,0,-,0.06,0.13,4.1,0,-,,-,-,-,-,-,-,-,-,,-,-,-,-,-,-,-,-,-,-,-,-,-,-,-,-,-,,-,,,-,-,,-,-,,-,-,-,-,-,-,-,,,-,,,-,,,,,-,,-,,-,-,-,,,-,,,,,,,-,,,,,,,,,,,,,,,,,,,,,,-,,-,,,,,,,,-,,,,,,,,,,,,,,,,,,,,,,,,,
STD-DB10_2-001232,"복어, 까치복",S,국가표준식품성분표,,수('09),,어패류 및 그 제품,,"복어, 까치복",,,,,,,100g,85,78.59999999999999,19.3,0.2,1.4,0.5,-,0,10,4.4,238,-,-,3,3,-,0.08,0.15,6.2,1,-,,-,-,-,-,-,-,-,-,,-,-,-,-,-,-,-,-,-,-,-,-,-,-,-,-,-,,-,,,-,-,,-,-,,-,-,-,-,-,-,-,,,-,,,-,,,,,-,,-,,-,-,-,,,-,,,,,,,-,,,,,,,,,,,,,,,,,,,,,,-,,-,,,,,,,,-,,,,,,,,,,,,,,,,,,,,,,,,,
STD-DB10_2-001233,"복어, 까칠복",S,국가표준식품성분표,,수('09),,어패류 및 그 제품,,"복어, 까칠복",,,,,,,100g,85,79,19.3,0.3,1.3,0.1,-,-,4,3.1,282,-,-,tr,tr,-,0.07000000000000001,0.2,4.3,tr,-,,-,-,-,-,-,-,-,-,,-,-,-,-,-,-,-,-,-,-,-,-,-,-,-,-,-,,-,,,-,-,,-,-,,-,-,-,-,-,-,-,,,-,,,-,,,,,-,,-,,-,-,-,,,-,,,,,,,-,,,,,,,,,,,,,,,,,,,,,,-,,-,,,,,,,,-,,,,,,,,,,,,,,,,,,,,,,,,,
STD-DB10_2-001234,"복어, 매리복",S,국가표준식품성분표,,수('09),,어패류 및 그 제품,,"복어, 매리복",,,,,,,100g,88,77.90000000000001,19.8,0.3,1.6,0.4,-,0,7,0.4,254,-,-,0,0,-,0.06,0.12,3.9,0,-,,-,-,-,-,-,-,-,-,,-,-,-,-,-,-,-,-,-,-,-,-,-,-,-,-,-,,-,,,-,-,,-,-,,-,-,-,-,-,-,-,,,-,,,-,,,,,-,,-,,-,-,-,,,-,,,,,,,-,,,,,,,,,,,,,,,,,,,,,,-,,-,,,,,,,,-,,,,,,,,,,,,,,,,,,,,,,,,,
STD-DB10_2-001235,"복어, 밀복",S,국가표준식품성분표,,수('09),,어패류 및 그 제품,,"복어, 밀복",,,,,,,100g,80,81,17.3,0.7,0.9,0.1,-,0,26,1,242,-,-,-,-,-,0.06,0.09,6.3,1,-,,-,-,-,-,-,-,-,-,,-,-,-,-,-,-,-,-,-,-,-,-,-,-,-,-,-,,-,,,-,-,,-,-,,-,-,-,-,-,-,-,,,-,,,-,,,,,-,,-,,-,-,-,,,-,,,,,,,-,,,,,,,,,,,,,,,,,,,,,,-,,-,,,,,,,,-,,,,,,,,,,,,,,,,,,,,,,,,,
STD-DB10_2-001236,"복어, 자주복",S,국가표준식품성분표,,수('09),,어패류 및 그 제품,,"복어, 자주복",,,,,,,100g,83,79,18.8,0.2,1.6,0.4,-,0,10,0.3,289,-,-,0,0,-,0.08,0.1,5.5,0,-,,-,-,-,-,-,-,-,-,,-,-,-,-,-,-,-,-,-,-,-,-,-,-,-,-,-,,-,,,-,-,,-,-,,-,-,-,-,-,-,-,,,-,,,-,,,,,-,,-,,-,-,-,,,-,,,,,,,-,,,,,,,,,,,,,,,,,,,,,,-,,-,,,,,,,,-,,,,,,,,,,,,,,,,,,,,,,,,,
STD-DB10_2-001237,"복어, 졸복",S,국가표준식품성분표,,수('09),,어패류 및 그 제품,,"복어, 졸복",,,,,,,100g,83,78.8,18.9,0.1,1.7,0.5,-,-,11,2.5,215,-,-,-,-,-,-,-,-,-,-,,-,-,-,-,-,-,-,-,,-,-,-,-,-,-,-,-,-,-,-,-,-,-,-,-,-,,-,,,-,-,,-,-,,-,-,-,-,-,-,-,,,-,,,-,,,,,-,,-,,-,-,-,,,-,,,,,,,-,,,,,,,,,,,,,,,,,,,,,,-,,-,,,,,,,,-,,,,,,,,,,,,,,,,,,,,,,,,,
STD-DB10_2-001238,"복어, 흰점복",S,국가표준식품성분표,,수('09),,어패류 및 그 제품,,"복어, 흰점복",,,,,,,100g,72,82.2,15.9,0.5,1.4,0,-,-,40,1,161,-,-,tr,tr,-,0.04,0.12,3.7,tr,-,,-,-,-,-,-,-,-,-,,-,-,-,-,-,-,-,-,-,-,-,-,-,-,-,-,-,,-,,,-,-,,-,-,,-,-,-,-,-,-,-,,,-,,,-,,,,,-,,-,,-,-,-,,,-,,,,,,,-,,,,,,,,,,,,,,,,,,,,,,-,,-,,,,,,,,-,,,,,,,,,,,,,,,,,,,,,,,,,
STD-DB10_2-001239,볼기우럭,S,국가표준식품성분표,,수('09),,어패류 및 그 제품,,볼기우럭,,,,,,,100g,129,74.59999999999999,18.7,5.3,1.4,0,-,-,84,0.7,205,-,-,17,17,-,0.15,0.24,4.1,1,-,,-,-,-,-,-,-,-,-,,-,-,-,-,-,-,-,-,-,-,-,-,-,-,-,-,-,,-,,,-,-,,-,-,,-,-,-,-,-,-,-,,,-,,,-,,,,,-,,-,,-,-,-,,,-,,,,,,,-,,,,,,,,,,,,,,,,,,,,,,-,,-,,,,,,,,-,,,,,,,,,,,,,,,,,,,,,,,,,
STD-DB10_2-001240,볼락,S,국가표준식품성분표,,수('09),,어패류 및 그 제품,,볼락,,,,,,,100g,93,77.8,19.3,1,1.3,0.6,-,0,42,0.6,237,-,-,9,9,-,0.05,0.13,1.8,1,-,,-,-,-,-,-,-,-,-,,-,-,-,-,-,-,-,-,-,-,-,-,-,-,-,-,-,,-,,,-,-,,-,-,,-,-,-,-,-,-,-,,,-,,,-,,,,,-,,-,,-,-,-,,,-,,,,,,,-,,,,,,,,,,,,,,,,,,,,,,-,,-,,,,,,,,-,,,,,,,,,,,,,,,,,,,,,,,,,
STD-DB10_2-001241,"볼락, 구운것",S,국가표준식품성분표,,USDA('18),,어패류 및 그 제품,,"볼락, 구운것",,,,,,,100g,109,74.67,22.23,1.62,1.59,0,0,0,17,0.36,248,467,89,5,5,0,0.027,0.226,2.897,0,4.6,,0.42,0.025,-,-,-,0.241,1.59,10,,0.404,-,4.6,0.44,0.44,0,0,0,0,0,0,0,-,0,-,0,0,,0,,,0,0,,0,0.9510000000000001,,60,-,13,-,27,238,-,,,-,,,-,,,,,-,,-,,5,-,107,,,-,,,,,,,-,,,,,,,,,,,,,,,,,,,,,,1037,,1835,,,,,,,,1060,,,,,,,,,,,,,,,,,,,,,,,,,
STD-DB10_2-001242,"볼락, 개볼락",S,국가표준식품성분표,,수('09),,어패류 및 그 제품,,"볼락, 개볼락",,,,,,,100g,88,78.7,19.1,0.7,1.4,0.1,-,-,57,0.8,214,-,-,-,-,-,-,-,-,-,-,,-,-,-,-,-,-,-,-,,-,-,-,-,-,-,-,-,-,-,-,-,-,-,-,-,-,,-,,,-,-,,-,-,,-,-,-,-,-,-,-,,,-,,,-,,,,,-,,-,,-,-,-,,,-,,,,,,,-,,,,,,,,,,,,,,,,,,,,,,-,,-,,,,,,,,-,,,,,,,,,,,,,,,,,,,,,,,,,
STD-DB10_2-001243,"볼락, 누루시볼락",S,국가표준식품성분표,,수('09),,어패류 및 그 제품,,"볼락, 누루시볼락",,,,,,,100g,149,70.5,22.4,5.8,1.3,0,-,-,33,1,236,-,-,20,20,-,0.07000000000000001,0.17,4.1,1,-,,-,-,-,-,-,-,-,-,,-,-,-,-,-,-,-,-,-,-,-,-,-,-,-,-,-,,-,,,-,-,,-,-,,-,-,-,-,-,-,-,,,-,,,-,,,,,-,,-,,-,-,-,,,-,,,,,,,-,,,,,,,,,,,,,,,,,,,,,,-,,-,,,,,,,,-,,,,,,,,,,,,,,,,,,,,,,,,,
STD-DB10_2-001244,"볼락, 불볼락",S,국가표준식품성분표,,수('09),,어패류 및 그 제품,,"볼락, 불볼락",,,,,,,100g,125,74.7,18.6,4.6,1.4,0.7,-,-,60,1.5,215,-,-,17,17,-,0.12,0.29,3.8,1,-,,-,-,-,-,-,-,-,-,,-,-,-,-,-,-,-,-,-,-,-,-,-,-,-,-,-,,-,,,-,-,,-,-,,-,-,-,-,-,-,-,,,-,,,-,,,,,-,,-,,-,-,-,,,-,,,,,,,-,,,,,,,,,,,,,,,,,,,,,,-,,-,,,,,,,,-,,,,,,,,,,,,,,,,,,,,,,,,,
STD-DB10_2-001245,"볼락, 우럭볼락",S,국가표준식품성분표,,수('09),,어패류 및 그 제품,,"볼락, 우럭볼락",,,,,,,100g,88,79.2,18.3,1.1,1.3,0.1,-,-,28,0.9,213,-,-,11,11,-,0.09,0.15,4.1,1,-,,-,-,-,-,-,-,-,-,,-,-,-,-,-,-,-,-,-,-,-,-,-,-,-,-,-,,-,,,-,-,,-,-,,-,-,-,-,-,-,-,,,-,,,-,,,,,-,,-,,-,-,-,,,-,,,,,,,-,,,,,,,,,,,,,,,,,,,,,,-,,-,,,,,,,,-,,,,,,,,,,,,,,,,,,,,,,,,,
STD-DB10_2-001246,"볼락, 조피볼락(우럭)",S,국가표준식품성분표,,수('16),,어패류 및 그 제품,,"볼락, 조피볼락(우럭)",,,,,,,100g,92,76.8,18.41,2.26,1.24,0,0,0,44,0.44,243,435,47,-,-,-,0.1,0.24,-,0,4.58,,0.5600000000000001,0.03,-,-,0,-,0.67,5,,0,0,4.58,0.28,0.26,0,0.22,0,0,0,0,0.01,-,0,-,0,0,,0,,,0,0,,0,1.67,,30.04,0,11.37,9.199999999999999,35.4,371.2,2.4,,,275.8,,,74.76000000000001,,,,,0.4,,44.4,,31.1,3.8,190.8,,,449.85,,,,,,,3.69,,,,,,,,,,,,,,,,,,,,,,892,,1612,,,,,,,,954,,,,,,,,,,,,,,,,,,,,,,,,,
STD-DB10_2-001247,"볼락, 탁자볼락",S,국가표준식품성분표,,수('09),,어패류 및 그 제품,,"볼락, 탁자볼락",,,,,,,100g,85,78.59999999999999,19.7,0.1,1.3,0.3,-,-,18,1.7,184,-,-,-,-,-,-,-,-,-,-,,-,-,-,-,-,-,-,-,,-,-,-,-,-,-,-,-,-,-,-,-,-,-,-,-,-,,-,,,-,-,,-,-,,-,-,-,-,-,-,-,,,-,,,-,,,,,-,,-,,-,-,-,,,-,,,,,,,-,,,,,,,,,,,,,,,,,,,,,,-,,-,,,,,,,,-,,,,,,,,,,,,,,,,,,,,,,,,,
STD-DB10_2-001248,"볼락, 황점볼락",S,국가표준식품성분표,,수('09),,어패류 및 그 제품,,"볼락, 황점볼락",,,,,,,100g,102,76.09999999999999,21.3,1.3,1.3,0,-,-,28,0.7,204,-,-,9,9,-,0.08,0.1,4.8,1,-,,-,-,-,-,-,-,-,-,,-,-,-,-,-,-,-,-,-,-,-,-,-,-,-,-,-,,-,,,-,-,,-,-,,-,-,-,-,-,-,-,,,-,,,-,,,,,-,,-,,-,-,-,,,-,,,,,,,-,,,,,,,,,,,,,,,,,,,,,,-,,-,,,,,,,,-,,,,,,,,,,,,,,,,,,,,,,,,,
STD-DB10_2-001249,부세,S,국가표준식품성분표,,수('09),,어패류 및 그 제품,,부세,,,,,,,100g,105,78.3,17.2,3.4,1.1,0,-,-,71,1.2,190,-,-,6,6,-,0.04,0.18,3,1,-,,-,-,-,-,-,-,-,-,,-,-,-,-,-,-,-,-,-,-,-,-,-,-,-,-,-,,-,,,-,-,,-,-,,-,-,-,-,-,-,-,,,-,,,-,,,,,-,,-,,-,-,-,,,-,,,,,,,-,,,,,,,,,,,,,,,,,,,,,,-,,-,,,,,,,,-,,,,,,,,,,,,,,,,,,,,,,,,,
STD-DB10_2-001250,부시리,S,국가표준식품성분표,,수('09),,어패류 및 그 제품,,부시리,,,,,,,100g,109,74.59999999999999,22.3,1.5,1.5,0.1,-,-,16,1.3,260,-,-,9,9,-,0.14,0.25,7.5,1,-,,-,-,-,-,-,-,-,-,,-,-,-,-,-,-,-,-,-,-,-,-,-,-,-,-,-,,-,,,-,-,,-,-,,-,-,-,-,-,-,-,,,-,,,-,,,,,-,,-,,-,-,-,,,-,,,,,,,-,,,,,,,,,,,,,,,,,,,,,,-,,-,,,,,,,,-,,,,,,,,,,,,,,,,,,,,,,,,,
STD-DB10_2-001251,"부치, 빨강부치",S,국가표준식품성분표,,수('09),,어패류 및 그 제품,,"부치, 빨강부치",,,,,,,100g,71,82.5,15.8,0.5,1.2,0,-,-,23,1,163,-,-,tr,tr,-,0.03,0.09,3.4,tr,-,,-,-,-,-,-,-,-,-,,-,-,-,-,-,-,-,-,-,-,-,-,-,-,-,-,-,,-,,,-,-,,-,-,,-,-,-,-,-,-,-,,,-,,,-,,,,,-,,-,,-,-,-,,,-,,,,,,,-,,,,,,,,,,,,,,,,,,,,,,-,,-,,,,,,,,-,,,,,,,,,,,,,,,,,,,,,,,,,
STD-DB10_2-001252,붉바리,S,국가표준식품성분표,,수('09),,어패류 및 그 제품,,붉바리,,,,,,,100g,99,76.5,21,1.1,1.3,0.1,-,-,18,1.3,193,-,-,8,8,-,0.07000000000000001,0.1,3.4,1,-,,-,-,-,-,-,-,-,-,,-,-,-,-,-,-,-,-,-,-,-,-,-,-,-,-,-,,-,,,-,-,,-,-,,-,-,-,-,-,-,-,,,-,,,-,,,,,-,,-,,-,-,-,,,-,,,,,,,-,,,,,,,,,,,,,,,,,,,,,,-,,-,,,,,,,,-,,,,,,,,,,,,,,,,,,,,,,,,,
STD-DB10_2-001253,붕어,S,국가표준식품성분표,,수('09),,어패류 및 그 제품,,붕어,,,,,,,100g,94,78.90000000000001,18.1,1.8,1.1,0.1,-,-,56,2.4,193,340,30,7,7,-,0.31,0.15,2.6,1,-,,-,-,-,-,-,-,-,-,,-,-,-,-,-,-,-,-,-,-,-,-,-,-,-,-,-,,-,,,-,-,,-,-,,-,-,-,-,-,-,-,,,-,,,-,,,,,-,,-,,-,-,-,,,-,,,,,,,-,,,,,,,,,,,,,,,,,,,,,,-,,-,,,,,,,,-,,,,,,,,,,,,,,,,,,,,,,,,,
STD-DB10_2-001254,"붕어, 삶은것",S,국가표준식품성분표,,수('82),,어패류 및 그 제품,,"붕어, 삶은것",,,,,,,100g,225,39.7,15.7,4.4,11.6,28.6,-,-,315,59.5,814,168,51,-,-,-,-,-,-,-,-,,-,-,-,-,-,-,-,-,,-,-,-,-,-,-,-,-,-,-,-,-,-,-,-,-,-,,-,,,-,-,,-,-,,-,-,-,-,-,-,-,,,-,,,-,,,,,-,,-,,-,-,-,,,-,,,,,,,-,,,,,,,,,,,,,,,,,,,,,,-,,-,,,,,,,,-,,,,,,,,,,,,,,,,,,,,,,,,,
STD-DB10_2-001255,"붕어, 구운것",S,국가표준식품성분표,,수('82),,어패류 및 그 제품,,"붕어, 구운것",,,,,,,100g,177,49.4,18,4.4,13.8,14.4,-,-,1903,4.2,1095,216,78,-,-,-,-,-,-,-,-,,-,-,-,-,-,-,-,-,,-,-,-,-,-,-,-,-,-,-,-,-,-,-,-,-,-,,-,,,-,-,,-,-,,-,-,-,-,-,-,-,,,-,,,-,,,,,-,,-,,-,-,-,,,-,,,,,,,-,,,,,,,,,,,,,,,,,,,,,,-,,-,,,,,,,,-,,,,,,,,,,,,,,,,,,,,,,,,,
STD-DB10_2-001256,"붕어, 참붕어",S,국가표준식품성분표,,수('09),,어패류 및 그 제품,,"붕어, 참붕어",,,,,,,100g,118,74.7,16.4,5.1,3.7,0.1,-,-,983,2.5,646,-,-,32,32,-,0.09,0.14,3.4,2,-,,-,-,-,-,-,-,-,-,,-,-,-,-,-,-,-,-,-,-,-,-,-,-,-,-,-,,-,,,-,-,,-,-,,-,-,-,-,-,-,-,,,-,,,-,,,,,-,,-,,-,-,-,,,-,,,,,,,-,,,,,,,,,,,,,,,,,,,,,,-,,-,,,,,,,,-,,,,,,,,,,,,,,,,,,,,,,,,,
STD-DB10_2-001257,블루길,S,국가표준식품성분표,,수('09),,어패류 및 그 제품,,블루길,,,,,,,100g,83,80,17.8,0.8,1.2,0.2,-,-,36,1.4,226,-,-,5,5,-,0.16,0.1,3.8,1,-,,-,-,-,-,-,-,-,-,,-,-,-,-,-,-,-,-,-,-,-,-,-,-,-,-,-,,-,,,-,-,,-,-,,-,-,-,-,-,-,-,,,-,,,-,,,,,-,,-,,-,-,-,,,-,,,,,,,-,,,,,,,,,,,,,,,,,,,,,,-,,-,,,,,,,,-,,,,,,,,,,,,,,,,,,,,,,,,,
STD-DB10_2-001258,빙어,S,국가표준식품성분표,,수('09),,어패류 및 그 제품,,빙어,,,,,,,100g,85,79.40000000000001,18.4,0.8,1.4,0,-,0,78,0.9,217,-,-,12,12,-,0.1,0.29,2.6,1,-,,-,-,-,-,-,-,-,-,,-,-,-,-,-,-,-,-,-,-,-,-,-,-,-,-,-,,-,,,-,-,,-,-,,-,-,-,-,-,-,-,,,-,,,-,,,,,-,,-,,-,-,-,,,-,,,,,,,-,,,,,,,,,,,,,,,,,,,,,,-,,-,,,,,,,,-,,,,,,,,,,,,,,,,,,,,,,,,,
STD-DB10_2-001259,"빙어, 삶아서 말린것",S,국가표준식품성분표,,수('82),,어패류 및 그 제품,,"빙어, 삶아서 말린것",,,,,,,100g,189,40.1,34.2,4.7,21,0,-,-,3,17.5,1109,-,-,-,-,-,-,-,-,-,-,,-,-,-,-,-,-,-,-,,-,-,-,-,-,-,-,-,-,-,-,-,-,-,-,-,-,,-,,,-,-,,-,-,,-,-,-,-,-,-,-,,,-,,,-,,,,,-,,-,,-,-,-,,,-,,,,,,,-,,,,,,,,,,,,,,,,,,,,,,-,,-,,,,,,,,-,,,,,,,,,,,,,,,,,,,,,,,,,
STD-DB10_2-001260,"빙어, 바다빙어",S,국가표준식품성분표,,수('09),,어패류 및 그 제품,,"빙어, 바다빙어",,,,,,,100g,92,79.40000000000001,17.4,1.9,1.2,0.1,-,-,23,1.4,234,-,-,11,11,-,0.16,0.17,3.8,1,-,,-,-,-,-,-,-,-,-,,-,-,-,-,-,-,-,-,-,-,-,-,-,-,-,-,-,,-,,,-,-,,-,-,,-,-,-,-,-,-,-,,,-,,,-,,,,,-,,-,,-,-,-,,,-,,,,,,,-,,,,,,,,,,,,,,,,,,,,,,-,,-,,,,,,,,-,,,,,,,,,,,,,,,,,,,,,,,,,
STD-DB10_2-001261,산천어,S,국가표준식품성분표,,수('09),,어패류 및 그 제품,,산천어,,,,,,,100g,117,74.59999999999999,20.3,3.3,1.7,0.1,-,-,21,2,253,420,50,17,17,-,0.19,0.2,7.7,1,-,,-,-,-,-,-,-,-,-,,-,-,-,-,-,-,-,-,-,-,-,-,-,-,-,-,-,,-,,,-,-,,-,-,,-,-,-,-,-,-,-,,,-,,,-,,,,,-,,-,,-,-,-,,,-,,,,,,,-,,,,,,,,,,,,,,,,,,,,,,-,,-,,,,,,,,-,,,,,,,,,,,,,,,,,,,,,,,,,
STD-DB10_2-001262,살살치,S,국가표준식품성분표,,수('09),,어패류 및 그 제품,,살살치,,,,,,,100g,70,82.2,15.5,0.2,1.5,0.6,-,-,59,0.9,243,-,-,-,-,-,-,-,-,-,-,,-,-,-,-,-,-,-,-,,-,-,-,-,-,-,-,-,-,-,-,-,-,-,-,-,-,,-,,,-,-,,-,-,,-,-,-,-,-,-,-,,,-,,,-,,,,,-,,-,,-,-,-,,,-,,,,,,,-,,,,,,,,,,,,,,,,,,,,,,-,,-,,,,,,,,-,,,,,,,,,,,,,,,,,,,,,,,,,
STD-DB10_2-001263,삼세기,S,국가표준식품성분표,,수('09),,어패류 및 그 제품,,삼세기,,,,,,,100g,97,77.3,18.6,1.8,1.8,0.5,-,0,20,0.5,256,-,-,5,5,-,0.19,0.25,2.2,1,-,,-,-,-,-,-,-,-,-,,-,-,-,-,-,-,-,-,-,-,-,-,-,-,-,-,-,,-,,,-,-,,-,-,,-,-,-,-,-,-,-,,,-,,,-,,,,,-,,-,,-,-,-,,,-,,,,,,,-,,,,,,,,,,,,,,,,,,,,,,-,,-,,,,,,,,-,,,,,,,,,,,,,,,,,,,,,,,,,
STD-DB10_2-001264,삼치,S,국가표준식품성분표,,수('16),,어패류 및 그 제품,,삼치,,,,,,,100g,112,76,20.08,2.93,2.05,0,0,0,5,0.1,211,387,39,-,-,-,0.08,0.06,-,0,0,,0.75,0.03,-,-,17.58,-,3.25,7,,0.379,0,0,0.14,0.14,0,0.03,0,0,0,0,0,-,0,-,0,0,,0,,,0,0,,0,1.72,,59.9,0,21.68,13,33.3,814.4,3.8,,,39.7,,,67.23999999999999,,,,,1.3,,25.1,,40.8,3,186.4,,,292.22,,,,,,,9.859999999999999,,,,,,,,,,,,,,,,,,,,,,946,,1578,,,,,,,,925,,,,,,,,,,,,,,,,,,,,,,,,,
STD-DB10_2-001265,"삼치, 구운것",S,국가표준식품성분표,,JAPAN('20),,어패류 및 그 제품,,"삼치, 구운것",,,,,,,100g,184,63.8,23.6,10.8,1.7,0.1,-,(0),22,0.9,310,610,90,16,16,(0),0.09,0.34,12.0,Tr,12.0,,2.75,-,-,-,-,0.29,5.3,8,,1.12,-,-,1.1,1.1,0,0,0,-,-,-,-,(0),-,-,-,-,,-,,,-,-,,-,6.07,,270,33,85,0,140,1200,-,,,95,,,-,,,,,100,,49,,17,12,360,,,-,,,,,,,-,,,,,,,,,,,,,,,,,,,,,,"(1,300)",,"(1,900)",,,,,,,,"(1,200)",,,,,,,,,,,,,,,,,,,,,,,,,
STD-DB10_2-001266,"삼치, 줄삼치",S,국가표준식품성분표,,수('09),,어패류 및 그 제품,,"삼치, 줄삼치",,,,,,,100g,134,70.5,24.6,3.1,1.6,0.2,-,-,41,2.1,177,-,-,9,9,-,0.18,0.16,10.9,tr,-,,-,-,-,-,-,-,-,-,,-,-,-,-,-,-,-,-,-,-,-,-,-,-,-,-,-,,-,,,-,-,,-,-,,-,-,-,-,-,-,-,,,-,,,-,,,,,-,,-,,-,-,-,,,-,,,,,,,-,,,,,,,,,,,,,,,,,,,,,,-,,-,,,,,,,,-,,,,,,,,,,,,,,,,,,,,,,,,,
STD-DB10_2-001267,"삼치, 평삼치",S,국가표준식품성분표,,수('89),,어패류 및 그 제품,,"삼치, 평삼치",,,,,,,100g,121,76.09999999999999,17.9,4.8,1.2,0,-,-,20,0.7,242,-,-,0,0,-,0.03,0.09,7.5,0,-,,-,-,-,-,-,-,-,-,,-,-,-,-,-,-,-,-,-,-,-,-,-,-,-,-,-,,-,,,-,-,,-,-,,-,-,-,-,-,-,-,,,-,,,-,,,,,-,,-,,-,-,-,,,-,,,,,,,-,,,,,,,,,,,,,,,,,,,,,,-,,-,,,,,,,,-,,,,,,,,,,,,,,,,,,,,,,,,,
STD-DB10_2-001268,"삼치, 젓갈",S,국가표준식품성분표,,수('82),,어패류 및 그 제품,,"삼치, 젓갈",,,,,,,100g,101,73.40000000000001,22.7,1.1,2.8,0,-,-,2,-,19,-,-,1,1,-,-,-,-,-,-,,-,-,-,-,-,-,-,-,,-,-,-,-,-,-,-,-,-,-,-,-,-,-,-,-,-,,-,,,-,-,,-,-,,-,-,-,-,-,-,-,,,-,,,-,,,,,-,,-,,-,-,-,,,-,,,,,,,-,,,,,,,,,,,,,,,,,,,,,,-,,-,,,,,,,,-,,,,,,,,,,,,,,,,,,,,,,,,,
STD-DB10_2-001269,"상어, 가래상어",S,국가표준식품성분표,,수('09),,어패류 및 그 제품,,"상어, 가래상어",,,,,,,100g,99,75.5,22.2,0.5,1.7,0.1,-,0,59,0.7,190,-,-,5,5,-,0.12,0.14,3.5,-,-,,-,-,-,-,-,-,-,-,,-,-,-,-,-,-,-,-,-,-,-,-,-,-,-,-,-,,-,,,-,-,,-,-,,-,-,-,-,-,-,-,,,-,,,-,,,,,-,,-,,-,-,-,,,-,,,,,,,-,,,,,,,,,,,,,,,,,,,,,,-,,-,,,,,,,,-,,,,,,,,,,,,,,,,,,,,,,,,,
STD-DB10_2-001270,"상어, 곱상어",S,국가표준식품성분표,,수('09),,어패류 및 그 제품,,"상어, 곱상어",,,,,,,100g,164,72,16.2,10,1.5,0.3,-,0,6,2,131,-,-,210,210,-,0.04,0.05,1,-,-,,-,-,-,-,-,-,-,-,,-,-,-,-,-,-,-,-,-,-,-,-,-,-,-,-,-,,-,,,-,-,,-,-,,-,-,-,-,-,-,-,,,-,,,-,,,,,-,,-,,-,-,-,,,-,,,,,,,-,,,,,,,,,,,,,,,,,,,,,,-,,-,,,,,,,,-,,,,,,,,,,,,,,,,,,,,,,,,,
STD-DB10_2-001271,"상어, 까치상어",S,국가표준식품성분표,,수('09),,어패류 및 그 제품,,"상어, 까치상어",,,,,,,100g,112,73,24.1,0.7,1.3,0.9,-,0,19,7.8,176,-,-,9,9,-,0.06,0.15,4.1,-,-,,-,-,-,-,-,-,-,-,,-,-,-,-,-,-,-,-,-,-,-,-,-,-,-,-,-,,-,,,-,-,,-,-,,-,-,-,-,-,-,-,,,-,,,-,,,,,-,,-,,-,-,-,,,-,,,,,,,-,,,,,,,,,,,,,,,,,,,,,,-,,-,,,,,,,,-,,,,,,,,,,,,,,,,,,,,,,,,,
STD-DB10_2-001272,"상어, 돔발상어",S,국가표준식품성분표,,수('09),,어패류 및 그 제품,,"상어, 돔발상어",,,,,,,100g,85,80,17.9,1,1.1,0,-,-,72,2.4,314,-,-,-,-,-,-,-,-,-,-,,-,-,-,-,-,-,-,-,,-,-,-,-,-,-,-,-,-,-,-,-,-,-,-,-,-,,-,,,-,-,,-,-,,-,-,-,-,-,-,-,,,-,,,-,,,,,-,,-,,-,-,-,,,-,,,,,,,-,,,,,,,,,,,,,,,,,,,,,,-,,-,,,,,,,,-,,,,,,,,,,,,,,,,,,,,,,,,,
STD-DB10_2-001273,"상어, 두툽상어",S,국가표준식품성분표,,수('09),,어패류 및 그 제품,,"상어, 두툽상어",,,,,,,100g,94,76.59999999999999,21.4,0.3,1.4,0.3,-,0,22,0.7,196,-,-,6,6,-,0.02,0.05,2.9,-,-,,-,-,-,-,-,-,-,-,,-,-,-,-,-,-,-,-,-,-,-,-,-,-,-,-,-,,-,,,-,-,,-,-,,-,-,-,-,-,-,-,,,-,,,-,,,,,-,,-,,-,-,-,,,-,,,,,,,-,,,,,,,,,,,,,,,,,,,,,,-,,-,,,,,,,,-,,,,,,,,,,,,,,,,,,,,,,,,,
STD-DB10_2-001274,"상어, 망상어",S,국가표준식품성분표,,수('09),,어패류 및 그 제품,,"상어, 망상어",,,,,,,100g,89,78.5,18.9,0.9,1.5,0.2,-,0,44,1,217,-,-,18,18,-,0.08,0.1,3.5,0,-,,-,-,-,-,-,-,-,-,,-,-,-,-,-,-,-,-,-,-,-,-,-,-,-,-,-,,-,,,-,-,,-,-,,-,-,-,-,-,-,-,,,-,,,-,,,,,-,,-,,-,-,-,,,-,,,,,,,-,,,,,,,,,,,,,,,,,,,,,,-,,-,,,,,,,,-,,,,,,,,,,,,,,,,,,,,,,,,,
STD-DB10_2-001275,"상어, 모조리상어",S,국가표준식품성분표,,수('09),,어패류 및 그 제품,,"상어, 모조리상어",,,,,,,100g,108,75.09999999999999,21.7,1.7,1.5,,-,0,83,1.5,252,-,-,12,12,-,0.11,0.15,4.2,-,-,,-,-,-,-,-,-,-,-,,-,-,-,-,-,-,-,-,-,-,-,-,-,-,-,-,-,,-,,,-,-,,-,-,,-,-,-,-,-,-,-,,,-,,,-,,,,,-,,-,,-,-,-,,,-,,,,,,,-,,,,,,,,,,,,,,,,,,,,,,-,,-,,,,,,,,-,,,,,,,,,,,,,,,,,,,,,,,,,
STD-DB10_2-001276,"상어, 별상어",S,국가표준식품성분표,,수('09),,어패류 및 그 제품,,"상어, 별상어",,,,,,,100g,103,73.7,23.5,0.3,2.2,0.3,-,0,27,0.6,245,-,-,3,3,-,0.1,0.12,3.7,-,-,,-,-,-,-,-,-,-,-,,-,-,-,-,-,-,-,-,-,-,-,-,-,-,-,-,-,,-,,,-,-,,-,-,,-,-,-,-,-,-,-,,,-,,,-,,,,,-,,-,,-,-,-,,,-,,,,,,,-,,,,,,,,,,,,,,,,,,,,,,-,,-,,,,,,,,-,,,,,,,,,,,,,,,,,,,,,,,,,
STD-DB10_2-001277,"상어, 악상어",S,국가표준식품성분표,,수('09),,어패류 및 그 제품,,"상어, 악상어",,,,,,,100g,284,61.5,13.4,24.2,0.9,,-,0,30,4.2,168,-,-,-,-,-,-,-,-,-,-,,-,-,-,-,-,-,-,-,,-,-,-,-,-,-,-,-,-,-,-,-,-,-,-,-,-,,-,,,-,-,,-,-,,-,-,-,-,-,-,-,,,-,,,-,,,,,-,,-,,-,-,-,,,-,,,,,,,-,,,,,,,,,,,,,,,,,,,,,,-,,-,,,,,,,,-,,,,,,,,,,,,,,,,,,,,,,,,,
STD-DB10_2-001278,"상어, 은상어",S,국가표준식품성분표,,수('09),,어패류 및 그 제품,,"상어, 은상어",,,,,,,100g,101,75.3,22.9,0.5,1.3,,-,0,89,0.9,217,-,-,5,5,-,0.07000000000000001,0.1,1.9,-,-,,-,-,-,-,-,-,-,-,,-,-,-,-,-,-,-,-,-,-,-,-,-,-,-,-,-,,-,,,-,-,,-,-,,-,-,-,-,-,-,-,,,-,,,-,,,,,-,,-,,-,-,-,,,-,,,,,,,-,,,,,,,,,,,,,,,,,,,,,,-,,-,,,,,,,,-,,,,,,,,,,,,,,,,,,,,,,,,,
STD-DB10_2-001279,"상어, 청새리상어",S,국가표준식품성분표,,수('09),,어패류 및 그 제품,,"상어, 청새리상어",,,,,,,100g,101,77.5,18.5,2.4,1.5,0.1,-,0,15,0.8,163,-,-,8,8,-,0.09,0.12,1.5,-,-,,-,-,-,-,-,-,-,-,,-,-,-,-,-,-,-,-,-,-,-,-,-,-,-,-,-,,-,,,-,-,,-,-,,-,-,-,-,-,-,-,,,-,,,-,,,,,-,,-,,-,-,-,,,-,,,,,,,-,,,,,,,,,,,,,,,,,,,,,,-,,-,,,,,,,,-,,,,,,,,,,,,,,,,,,,,,,,,,
STD-DB10_2-001280,"상어, 흉상어",S,국가표준식품성분표,,수('09),,어패류 및 그 제품,,"상어, 흉상어",,,,,,,100g,112,73.7,23.5,1.4,1.4,,-,0,59,0.7,204,-,-,5,5,-,0.24,0.12,2,-,-,,-,-,-,-,-,-,-,-,,-,-,-,-,-,-,-,-,-,-,-,-,-,-,-,-,-,,-,,,-,-,,-,-,,-,-,-,-,-,-,-,,,-,,,-,,,,,-,,-,,-,-,-,,,-,,,,,,,-,,,,,,,,,,,,,,,,,,,,,,-,,-,,,,,,,,-,,,,,,,,,,,,,,,,,,,,,,,,,
STD-DB10_2-001281,"상어, 지느러미",S,국가표준식품성분표,,수('82),,어패류 및 그 제품,,"상어, 지느러미",,,,,,,100g,341,18.4,80.7,0,0.9,0,-,-,64,2.4,24,3,180,0,0,-,0,0,0.5,0,-,,-,-,-,-,-,-,-,-,,-,-,-,-,-,-,-,-,-,-,-,-,-,-,-,-,-,,-,,,-,-,,-,-,,-,-,-,-,-,-,-,,,-,,,-,,,,,-,,-,,-,-,-,,,-,,,,,,,-,,,,,,,,,,,,,,,,,,,,,,-,,-,,,,,,,,-,,,,,,,,,,,,,,,,,,,,,,,,,
STD-DB10_2-001282,"상어, 알",S,국가표준식품성분표,,수('09),,어패류 및 그 제품,,"상어, 알",,,,,,,100g,314,50,25,23.5,1,0.5,-,-,-,-,326,-,-,-,-,-,-,-,-,-,-,,-,-,-,-,-,-,-,-,,-,-,-,-,-,-,-,-,-,-,-,-,-,-,-,-,-,,-,,,-,-,,-,-,,-,-,-,-,-,-,-,,,-,,,-,,,,,-,,-,,-,-,-,,,-,,,,,,,-,,,,,,,,,,,,,,,,,,,,,,-,,-,,,,,,,,-,,,,,,,,,,,,,,,,,,,,,,,,,
STD-DB10_2-001283,새다래,S,국가표준식품성분표,,수('09),,어패류 및 그 제품,,새다래,,,,,,,100g,104,76.90000000000001,18.9,2.6,1.6,,-,0,8,0.4,266,-,-,10,10,-,0.1,0.13,6.6,0,-,,-,-,-,-,-,-,-,-,,-,-,-,-,-,-,-,-,-,-,-,-,-,-,-,-,-,,-,,,-,-,,-,-,,-,-,-,-,-,-,-,,,-,,,-,,,,,-,,-,,-,-,-,,,-,,,,,,,-,,,,,,,,,,,,,,,,,,,,,,-,,-,,,,,,,,-,,,,,,,,,,,,,,,,,,,,,,,,,
STD-DB10_2-001284,샛멸,S,국가표준식품성분표,,JAPAN('20),,어패류 및 그 제품,,샛멸,,,,,,,100g,82,78.3,19.5,0.6,1.6,,-,(0),35,0.3,240,340,250,4,4,0,0,0.14,2.7,Tr,1,,0.09,-,-,-,-,0.19,5.4,7,,0.71,-,-,0.9,0.9,0,0,0,-,-,-,-,(0),-,-,-,-,,-,,,-,-,,-,0.28,,6,0,2,0,4,130,-,,,4,,,-,,,,,6,,4,,1,0,47,,,-,,,,,,,-,,,,,,,,,,,,,,,,,,,,,,"(1,000)",,"(1,500)",,,,,,,,(900),,,,,,,,,,,,,,,,,,,,,,,,,
STD-DB10_2-001285,"서대, 각시서대",S,국가표준식품성분표,,수('09),,어패류 및 그 제품,,"서대, 각시서대",,,,,,,100g,95,78.2,18.4,1.8,1.4,0.2,-,0,50,1.1,173,-,-,10,10,-,0.2,0.23,5.3,0,-,,-,-,-,-,-,-,-,-,,-,-,-,-,-,-,-,-,-,-,-,-,-,-,-,-,-,,-,,,-,-,,-,-,,-,-,-,-,-,-,-,,,-,,,-,,,,,-,,-,,-,-,-,,,-,,,,,,,-,,,,,,,,,,,,,,,,,,,,,,-,,-,,,,,,,,-,,,,,,,,,,,,,,,,,,,,,,,,,
STD-DB10_2-001286,"서대, 궁제기서대",S,국가표준식품성분표,,수('09),,어패류 및 그 제품,,"서대, 궁제기서대",,,,,,,100g,91,78.40000000000001,18.9,1.2,1.4,0.1,-,-,92,1.2,189,-,-,8,8,-,0.12,0.18,5,1,-,,-,-,-,-,-,-,-,-,,-,-,-,-,-,-,-,-,-,-,-,-,-,-,-,-,-,,-,,,-,-,,-,-,,-,-,-,-,-,-,-,,,-,,,-,,,,,-,,-,,-,-,-,,,-,,,,,,,-,,,,,,,,,,,,,,,,,,,,,,-,,-,,,,,,,,-,,,,,,,,,,,,,,,,,,,,,,,,,
STD-DB10_2-001287,"서대, 참서대",S,국가표준식품성분표,,수('09),,어패류 및 그 제품,,"서대, 참서대",,,,,,,100g,84,79.09999999999999,18.6,0.4,1.4,0.5,-,0,19,1,208,-,-,3,3,-,0.12,0.22,2.9,1,-,,-,-,-,-,-,-,-,-,,-,-,-,-,-,-,-,-,-,-,-,-,-,-,-,-,-,,-,,,-,-,,-,-,,-,-,-,-,-,-,-,,,-,,,-,,,,,-,,-,,-,-,-,,,-,,,,,,,-,,,,,,,,,,,,,,,,,,,,,,-,,-,,,,,,,,-,,,,,,,,,,,,,,,,,,,,,,,,,
STD-DB10_2-001288,성대,S,국가표준식품성분표,,수('09),,어패류 및 그 제품,,성대,,,,,,,100g,94,77.5,19.9,1,1.4,0.2,-,0,22,0.6,275,-,-,10,10,-,0.07000000000000001,0.14,5,0,-,,-,-,-,-,-,-,-,-,,-,-,-,-,-,-,-,-,-,-,-,-,-,-,-,-,-,,-,,,-,-,,-,-,,-,-,-,-,-,-,-,,,-,,,-,,,,,-,,-,,-,-,-,,,-,,,,,,,-,,,,,,,,,,,,,,,,,,,,,,-,,-,,,,,,,,-,,,,,,,,,,,,,,,,,,,,,,,,,
STD-DB10_2-001289,"성대, 별성대",S,국가표준식품성분표,,수('09),,어패류 및 그 제품,,"성대, 별성대",,,,,,,100g,91,78.3,19.3,1,1.4,0,-,-,92,2.1,311,-,-,-,-,-,-,-,-,-,-,,-,-,-,-,-,-,-,-,,-,-,-,-,-,-,-,-,-,-,-,-,-,-,-,-,-,,-,,,-,-,,-,-,,-,-,-,-,-,-,-,,,-,,,-,,,,,-,,-,,-,-,-,,,-,,,,,,,-,,,,,,,,,,,,,,,,,,,,,,-,,-,,,,,,,,-,,,,,,,,,,,,,,,,,,,,,,,,,
STD-DB10_2-001290,"성대, 별쭉지성대",S,국가표준식품성분표,,수('09),,어패류 및 그 제품,,"성대, 별쭉지성대",,,,,,,100g,129,74.5,19.2,5.1,1.2,0,-,-,19,1.2,234,-,-,12,12,-,0.08,0.1,8.4,1,-,,-,-,-,-,-,-,-,-,,-,-,-,-,-,-,-,-,-,-,-,-,-,-,-,-,-,,-,,,-,-,,-,-,,-,-,-,-,-,-,-,,,-,,,-,,,,,-,,-,,-,-,-,,,-,,,,,,,-,,,,,,,,,,,,,,,,,,,,,,-,,-,,,,,,,,-,,,,,,,,,,,,,,,,,,,,,,,,,
STD-DB10_2-001291,송어,S,국가표준식품성분표,,수('09),,어패류 및 그 제품,,송어,,,,,,,100g,121,73.8,21,3.4,1.7,0.1,-,-,35,1.3,263,400,110,26,26,-,0.46,0.12,9.800000000000001,1,-,,-,-,-,-,-,-,-,-,,-,-,-,-,-,-,-,-,-,-,-,-,-,-,-,-,-,,-,,,-,-,,-,-,,-,-,-,-,-,-,-,,,-,,,-,,,,,-,,-,,-,-,-,,,-,,,,,,,-,,,,,,,,,,,,,,,,,,,,,,-,,-,,,,,,,,-,,,,,,,,,,,,,,,,,,,,,,,,,
STD-DB10_2-001292,"송어, 염장",S,국가표준식품성분표,,수('82),,어패류 및 그 제품,,"송어, 염장",,,,,,,100g,234,46.2,36,8.4,8.6,0.8,-,-,9,14,235,-,-,0,0,-,0.15,0.15,-,0,-,,-,-,-,-,-,-,-,-,,-,-,-,-,-,-,-,-,-,-,-,-,-,-,-,-,-,,-,,,-,-,,-,-,,-,-,-,-,-,-,-,,,-,,,-,,,,,-,,-,,-,-,-,,,-,,,,,,,-,,,,,,,,,,,,,,,,,,,,,,-,,-,,,,,,,,-,,,,,,,,,,,,,,,,,,,,,,,,,
STD-DB10_2-001293,"송어, 젓갈",S,국가표준식품성분표,,수('82),,어패류 및 그 제품,,"송어, 젓갈",,,,,,,100g,156,64.3,24.8,6.3,4.5,0,-,-,14,12.6,-,186,4049,-,-,-,-,-,-,-,-,,-,-,-,-,-,-,-,-,,-,-,-,-,-,-,-,-,-,-,-,-,-,-,-,-,-,,-,,,-,-,,-,-,,-,-,-,-,-,-,-,,,-,,,-,,,,,-,,-,,-,-,-,,,-,,,,,,,-,,,,,,,,,,,,,,,,,,,,,,-,,-,,,,,,,,-,,,,,,,,,,,,,,,,,,,,,,,,,
STD-DB10_2-001294,"송어, 무지개송어",S,국가표준식품성분표,,수('09),,어패류 및 그 제품,,"송어, 무지개송어",,,,,,,100g,126,73.3,21.1,3.9,1.6,0.1,-,-,33,1.8,246,390,75,20,20,-,0.14,0.17,5.7,1,-,,-,-,-,-,-,-,-,-,,-,-,-,-,-,-,-,-,-,-,-,-,-,-,-,-,-,,-,,,-,-,,-,-,,-,-,-,-,-,-,-,,,-,,,-,,,,,-,,-,,-,-,-,,,-,,,,,,,-,,,,,,,,,,,,,,,,,,,,,,-,,-,,,,,,,,-,,,,,,,,,,,,,,,,,,,,,,,,,
STD-DB10_2-001295,숭어,S,국가표준식품성분표,,수('09),,어패류 및 그 제품,,숭어,,,,,,,100g,107,74.09999999999999,21.7,1.5,2.3,0.4,-,0,42,1,217,-,-,9,9,-,0.1,0.14,3.7,0,-,,-,-,-,-,-,-,-,-,,-,-,-,-,-,-,-,-,-,-,-,-,-,-,-,-,-,,-,,,-,-,,-,-,,-,-,-,-,-,-,-,,,-,,,-,,,,,-,,-,,-,-,-,,,-,,,,,,,-,,,,,,,,,,,,,,,,,,,,,,-,,-,,,,,,,,-,,,,,,,,,,,,,,,,,,,,,,,,,
STD-DB10_2-001296,"숭어, 구운것",S,국가표준식품성분표,,USDA('18),,어패류 및 그 제품,,"숭어, 구운것",,,,,,,100g,150,70.52,24.81,4.86,1.34,0,-,0,31,1.41,244,458,71,42,42,-,0.1,0.1,6.3,1.2,-,,1.431,-,-,-,-,0.49,0.25,10,,0.88,-,-,-,-,-,-,-,-,-,-,-,-,-,-,-,-,,-,,,-,-,,-,2.299,,-,-,-,-,92,148,-,,,-,,,-,,,,,-,,-,,-,-,180,,,-,,,,,,,-,,,,,,,,,,,,,,,,,,,,,,1191,,2016,,,,,,,,1143,,,,,,,,,,,,,,,,,,,,,,,,,
STD-DB10_2-001297,"숭어, 알, 소금에 절여 말린것",S,국가표준식품성분표,,JAPAN('20),,어패류 및 그 제품,,"숭어, 알, 소금에 절여 말린것",,,,,,,100g,353,25.9,40.4,28.9,4.5,0.3,-,(0),9,1.5,530,170,1400,351,350,8,0.01,0.93,2.7,10,33.0,,2.68,-,-,-,-,0.26,28.0,62,,5.17,-,-,9.699999999999999,9.699999999999999,0,0,0,-,-,-,-,7,-,-,-,-,,-,,,-,-,,-,11.54,,43,130,17,0,850,1900,-,,,320,,,-,,,,,470,,150,,27,78,1100,,,-,,,,,,,-,,,,,,,,,,,,,,,,,,,,,,-,,-,,,,,,,,-,,,,,,,,,,,,,,,,,,,,,,,,,
STD-DB10_2-001298,쌍동가리,S,국가표준식품성분표,,수('09),,어패류 및 그 제품,,쌍동가리,,,,,,,100g,101,76.59999999999999,20.8,1.4,1.2,0,-,-,56,1.3,174,-,-,8,8,-,0.08,0.15,3.4,tr,-,,-,-,-,-,-,-,-,-,,-,-,-,-,-,-,-,-,-,-,-,-,-,-,-,-,-,,-,,,-,-,,-,-,,-,-,-,-,-,-,-,,,-,,,-,,,,,-,,-,,-,-,-,,,-,,,,,,,-,,,,,,,,,,,,,,,,,,,,,,-,,-,,,,,,,,-,,,,,,,,,,,,,,,,,,,,,,,,,
STD-DB10_2-001299,쌍뿔달재,S,국가표준식품성분표,,수('09),,어패류 및 그 제품,,쌍뿔달재,,,,,,,100g,75,81.2,16.9,0.4,1.4,0.1,-,-,81,1,193,-,-,tr,tr,-,0.06,0.13,2.3,tr,-,,-,-,-,-,-,-,-,-,,-,-,-,-,-,-,-,-,-,-,-,-,-,-,-,-,-,,-,,,-,-,,-,-,,-,-,-,-,-,-,-,,,-,,,-,,,,,-,,-,,-,-,-,,,-,,,,,,,-,,,,,,,,,,,,,,,,,,,,,,-,,-,,,,,,,,-,,,,,,,,,,,,,,,,,,,,,,,,,
STD-DB10_2-001300,쏘가리,S,국가표준식품성분표,,수('09),,어패류 및 그 제품,,쏘가리,,,,,,,100g,111,77.59999999999999,17.2,4.1,1.1,0,-,-,71,2.1,202,296,86,10,10,-,0.08,0.18,3,1,-,,-,-,-,-,-,-,-,-,,-,-,-,-,-,-,-,-,-,-,-,-,-,-,-,-,-,,-,,,-,-,,-,-,,-,-,-,-,-,-,-,,,-,,,-,,,,,-,,-,,-,-,-,,,-,,,,,,,-,,,,,,,,,,,,,,,,,,,,,,-,,-,,,,,,,,-,,,,,,,,,,,,,,,,,,,,,,,,,
STD-DB10_2-001301,"쏘가리, 냉동",S,국가표준식품성분표,,식약('96),,어패류 및 그 제품,,"쏘가리, 냉동",,,,,,,100g,125,74,21.2,3.7,1,0.1,-,-,53,1.8,191,156,77,0,0,0,0.03,0.05,2.4,0,-,,-,-,-,-,-,-,-,-,,-,-,-,-,-,-,-,-,-,-,-,-,-,-,-,-,-,,-,,,-,-,,-,-,,-,-,-,-,-,-,-,,,-,,,-,,,,,-,,-,,-,-,-,,,-,,,,,,,-,,,,,,,,,,,,,,,,,,,,,,-,,-,,,,,,,,-,,,,,,,,,,,,,,,,,,,,,,,,,
STD-DB10_2-001302,쏨뱅이,S,국가표준식품성분표,,수('09),,어패류 및 그 제품,,쏨뱅이,,,,,,,100g,90,78.09999999999999,19.9,0.6,1.3,0.1,-,-,44,0.6,220,-,-,6,6,-,0.1,0.09,3.5,0,-,,-,-,-,-,-,-,-,-,,-,-,-,-,-,-,-,-,-,-,-,-,-,-,-,-,-,,-,,,-,-,,-,-,,-,-,-,-,-,-,-,,,-,,,-,,,,,-,,-,,-,-,-,,,-,,,,,,,-,,,,,,,,,,,,,,,,,,,,,,-,,-,,,,,,,,-,,,,,,,,,,,,,,,,,,,,,,,,,
STD-DB10_2-001303,쑤기미,S,국가표준식품성분표,,수('09),,어패류 및 그 제품,,쑤기미,,,,,,,100g,84,79.3,18.5,0.4,1.3,0.5,-,0,32,0.6,228,0,0,0,0,-,0.1,0.2,2.5,0,-,,-,-,-,-,-,-,-,-,,-,-,-,-,-,-,-,-,-,-,-,-,-,-,-,-,-,,-,,,-,-,,-,-,,-,-,-,-,-,-,-,,,-,,,-,,,,,-,,-,,-,-,-,,,-,,,,,,,-,,,,,,,,,,,,,,,,,,,,,,-,,-,,,,,,,,-,,,,,,,,,,,,,,,,,,,,,,,,,
STD-DB10_2-001304,쑥감펭,S,국가표준식품성분표,,수('09),,어패류 및 그 제품,,쑥감펭,,,,,,,100g,83,79.3,19,0.3,1.4,0,-,-,56,1.1,144,-,-,tr,tr,-,0.07000000000000001,0.1,2.7,tr,-,,-,-,-,-,-,-,-,-,,-,-,-,-,-,-,-,-,-,-,-,-,-,-,-,-,-,,-,,,-,-,,-,-,,-,-,-,-,-,-,-,,,-,,,-,,,,,-,,-,,-,-,-,,,-,,,,,,,-,,,,,,,,,,,,,,,,,,,,,,-,,-,,,,,,,,-,,,,,,,,,,,,,,,,,,,,,,,,,
STD-DB10_2-001305,아귀,S,국가표준식품성분표,,수('09),,어패류 및 그 제품,,아귀,,,,,,,100g,63,84,14.1,0.2,1.2,0.5,-,0,10,2.5,150,-,-,26,26,-,0.03,0.13,4.2,0,-,,-,-,-,-,-,-,-,-,,-,-,-,-,-,-,-,-,-,-,-,-,-,-,-,-,-,,-,,,-,-,,-,-,,-,-,-,-,-,-,-,,,-,,,-,,,,,-,,-,,-,-,-,,,-,,,,,,,-,,,,,,,,,,,,,,,,,,,,,,-,,-,,,,,,,,-,,,,,,,,,,,,,,,,,,,,,,,,,
STD-DB10_2-001306,"아귀, 간",S,국가표준식품성분표,,수('09),,어패류 및 그 제품,,"아귀, 간",,,,,,,100g,431,44.5,10.4,39,0.9,5.2,-,-,18,1.4,163,220,110,7513,7513,-,0.12,0.32,1.9,1,-,,-,-,-,-,-,-,-,-,,-,-,-,-,-,-,-,-,-,-,-,-,-,-,-,-,-,,-,,,-,-,,-,-,,-,-,-,-,-,-,-,,,-,,,-,,,,,-,,-,,-,-,-,,,-,,,,,,,-,,,,,,,,,,,,,,,,,,,,,,-,,-,,,,,,,,-,,,,,,,,,,,,,,,,,,,,,,,,,
STD-DB10_2-001307,"아귀, 황아귀",S,국가표준식품성분표,,수('09),,어패류 및 그 제품,,"아귀, 황아귀",,,,,,,100g,71,82.2,16.3,0.2,1.2,0.1,-,-,9,0.3,215,-,-,-,-,-,-,-,-,-,-,,-,-,-,-,-,-,-,-,,-,-,-,-,-,-,-,-,-,-,-,-,-,-,-,-,-,,-,,,-,-,,-,-,,-,-,-,-,-,-,-,,,-,,,-,,,,,-,,-,,-,-,-,,,-,,,,,,,-,,,,,,,,,,,,,,,,,,,,,,-,,-,,,,,,,,-,,,,,,,,,,,,,,,,,,,,,,,,,
STD-DB10_2-001308,아홉동가리,S,국가표준식품성분표,,수('09),,어패류 및 그 제품,,아홉동가리,,,,,,,100g,106,76.5,19.8,2.3,1.3,0.1,-,-,28,1.3,219,-,-,15,15,-,0.2,0.16,3.8,1,-,,-,-,-,-,-,-,-,-,,-,-,-,-,-,-,-,-,-,-,-,-,-,-,-,-,-,,-,,,-,-,,-,-,,-,-,-,-,-,-,-,,,-,,,-,,,,,-,,-,,-,-,-,,,-,,,,,,,-,,,,,,,,,,,,,,,,,,,,,,-,,-,,,,,,,,-,,,,,,,,,,,,,,,,,,,,,,,,,
STD-DB10_2-001309,애꼬치,S,국가표준식품성분표,,JAPAN('20),,어패류 및 그 제품,,애꼬치,,,,,,,100g,137,72.7,18.9,7.2,1.1,0.1,-,(0),41,0.3,140,320,120,12,12,(0),0.03,0.14,4.5,Tr,11.0,,2.09,-,-,-,-,0.31,2.3,8,,0.47,-,-,0.9,0.9,0,0,0,-,-,-,-,(0),-,-,-,-,,-,,,-,-,,-,4.03,,85,8,40,0,110,940,-,,,56,,,-,,,,,130,,32,,12,7,340,,,-,,,,,,,-,,,,,,,,,,,,,,,,,,,,,,850,,1500,,,,,,,,890,,,,,,,,,,,,,,,,,,,,,,,,,
STD-DB10_2-001310,"애꼬치, 구운것",S,국가표준식품성분표,,JAPAN('20),,어패류 및 그 제품,,"애꼬치, 구운것",,,,,,,100g,134,70.3,23.3,4.9,1.4,0.1,-,(0),59,0.5,190,360,150,13,13,(0),0.03,0.14,4.2,Tr,10.0,,1.36,-,-,-,-,0.31,3.3,13,,0.52,-,-,0.9,0.9,0,0,0,-,-,-,-,(0),-,-,-,-,,-,,,-,-,,-,2.55,,44,5,26,0,67,710,-,,,35,,,-,,,,,83,,19,,7,5,190,,,-,,,,,,,-,,,,,,,,,,,,,,,,,,,,,,"(1,000)",,"(1,900)",,,,,,,,"(1,100)",,,,,,,,,,,,,,,,,,,,,,,,,
STD-DB10_2-001311,양미리,S,국가표준식품성분표,,수('09),,어패류 및 그 제품,,양미리,,,,,,,100g,123,73.7,21.5,3.4,1.4,0,-,-,69,1.7,314,-,-,12,12,-,0.08,0.1,5.3,1,-,,-,-,-,-,-,-,-,-,,-,-,-,-,-,-,-,-,-,-,-,-,-,-,-,-,-,,-,,,-,-,,-,-,,-,-,-,-,-,-,-,,,-,,,-,,,,,-,,-,,-,-,-,,,-,,,,,,,-,,,,,,,,,,,,,,,,,,,,,,-,,-,,,,,,,,-,,,,,,,,,,,,,,,,,,,,,,,,,
STD-DB10_2-001312,"양미리, 말린것",S,국가표준식품성분표,,식약('96),,어패류 및 그 제품,,"양미리, 말린것",,,,,,,100g,211,56.7,29.9,8.5,3.7,1.2,-,-,115,1.5,342,331,128,103,103,0,0.24,0.43,5.9,1,-,,-,-,-,-,-,-,-,-,,-,-,-,-,-,-,-,-,-,-,-,-,-,-,-,-,-,,-,,,-,-,,-,-,,-,-,-,-,-,-,-,,,-,,,-,,,,,-,,-,,-,-,-,,,-,,,,,,,-,,,,,,,,,,,,,,,,,,,,,,-,,-,,,,,,,,-,,,,,,,,,,,,,,,,,,,,,,,,,
STD-DB10_2-001313,양태,S,국가표준식품성분표,,수('09),,어패류 및 그 제품,,양태,,,,,,,100g,87,78.3,20,0.2,1.4,0.1,-,0,101,0.6,271,-,-,18,18,-,0.01,0.13,3.4,1,-,,-,-,-,-,-,-,-,-,,-,-,-,-,-,-,-,-,-,-,-,-,-,-,-,-,-,,-,,,-,-,,-,-,,-,-,-,-,-,-,-,,,-,,,-,,,,,-,,-,,-,-,-,,,-,,,,,,,-,,,,,,,,,,,,,,,,,,,,,,-,,-,,,,,,,,-,,,,,,,,,,,,,,,,,,,,,,,,,
STD-DB10_2-001314,"양태, 꽁지양태",S,국가표준식품성분표,,수('09),,어패류 및 그 제품,,"양태, 꽁지양태",,,,,,,100g,78,81,16.5,0.6,1.3,0.6,-,-,14,1.3,188,-,-,5,5,-,0.05,0.08,3.6,1,-,,-,-,-,-,-,-,-,-,,-,-,-,-,-,-,-,-,-,-,-,-,-,-,-,-,-,,-,,,-,-,,-,-,,-,-,-,-,-,-,-,,,-,,,-,,,,,-,,-,,-,-,-,,,-,,,,,,,-,,,,,,,,,,,,,,,,,,,,,,-,,-,,,,,,,,-,,,,,,,,,,,,,,,,,,,,,,,,,
STD-DB10_2-001315,"양태, 눈양태",S,국가표준식품성분표,,수('09),,어패류 및 그 제품,,"양태, 눈양태",,,,,,,100g,90,78,20.1,0.5,1.3,0.1,-,0,44,1.3,188,-,-,6,6,-,0.03,0.1,3,1,-,,-,-,-,-,-,-,-,-,,-,-,-,-,-,-,-,-,-,-,-,-,-,-,-,-,-,,-,,,-,-,,-,-,,-,-,-,-,-,-,-,,,-,,,-,,,,,-,,-,,-,-,-,,,-,,,,,,,-,,,,,,,,,,,,,,,,,,,,,,-,,-,,,,,,,,-,,,,,,,,,,,,,,,,,,,,,,,,,
STD-DB10_2-001316,"양태, 도화양태",S,국가표준식품성분표,,수('09),,어패류 및 그 제품,,"양태, 도화양태",,,,,,,100g,77,81.2,16.9,0.5,1.1,0.3,-,-,38,0.6,165,-,-,3,3,-,0.07000000000000001,0.15,4.7,tr,-,,-,-,-,-,-,-,-,-,,-,-,-,-,-,-,-,-,-,-,-,-,-,-,-,-,-,,-,,,-,-,,-,-,,-,-,-,-,-,-,-,,,-,,,-,,,,,-,,-,,-,-,-,,,-,,,,,,,-,,,,,,,,,,,,,,,,,,,,,,-,,-,,,,,,,,-,,,,,,,,,,,,,,,,,,,,,,,,,
STD-DB10_2-001317,"양태, 돛양태",S,국가표준식품성분표,,수('09),,어패류 및 그 제품,,"양태, 돛양태",,,,,,,100g,81,79.5,18.5,0.1,1.3,0.6,-,-,40,0.8,176,-,-,-,-,-,-,-,-,-,-,,-,-,-,-,-,-,-,-,,-,-,-,-,-,-,-,-,-,-,-,-,-,-,-,-,-,,-,,,-,-,,-,-,,-,-,-,-,-,-,-,,,-,,,-,,,,,-,,-,,-,-,-,,,-,,,,,,,-,,,,,,,,,,,,,,,,,,,,,,-,,-,,,,,,,,-,,,,,,,,,,,,,,,,,,,,,,,,,
STD-DB10_2-001318,어묵,S,국가표준식품성분표,,농진청('17),,어패류 및 그 제품,,어묵,,,,,,,100g,169,61.1,11.44,4.49,2.28,20.69,3.54,0.3,49,0.54,114,106,699,26,24,27,0,0.025,0.343,0,0,,0.82,0.07000000000000001,0.178,0.165,0,-,0.55,5,,0,0,0,0.37,0.26,0,0.85,0.34,0.02,0.09,0,0,0,0,0,0,0,,0,,,0,3.54,,0,3.41,,12.64,0,0,3.56,9.68,157.18,0,,,2060.12,,,67.62,,,,,0,,236.59,,5.12,0,30.28,,,804.52,,,,,,,4.31,,,,,,,,,,,,,,,,,,,,,,515,,870,,,,,,,,490,,,,,,,,,,,,,,,,,,,,,,,,,
STD-DB10_2-001319,"어묵, 게맛살 첨가",S,국가표준식품성분표,,식약('96),,어패류 및 그 제품,,"어묵, 게맛살 첨가",,,,,,,100g,112,70.59999999999999,10.8,0.8,2.6,15.2,-,-,218,0.8,199,108,792,0,0,0,0.03,0.12,1.2,0,-,,-,-,-,-,-,-,-,-,,-,-,-,-,-,-,-,-,-,-,-,-,-,-,-,-,-,,-,,,-,-,,-,-,,-,-,-,-,-,-,-,,,-,,,-,,,,,-,,-,,-,-,-,,,-,,,,,,,-,,,,,,,,,,,,,,,,,,,,,,-,,-,,,,,,,,-,,,,,,,,,,,,,,,,,,,,,,,,,
STD-DB10_2-001320,"어묵, 구운것",S,국가표준식품성분표,,수('82),,어패류 및 그 제품,,"어묵, 구운것",,,,,,,100g,141,64,15.4,1.7,3.3,15.6,-,-,179,4,211,-,-,-,-,-,-,-,-,-,-,,-,-,-,-,-,-,-,-,,-,-,-,-,-,-,-,-,-,-,-,-,-,-,-,-,-,,-,,,-,-,,-,-,,-,-,-,-,-,-,-,,,-,,,-,,,,,-,,-,,-,-,-,,,-,,,,,,,-,,,,,,,,,,,,,,,,,,,,,,-,,-,,,,,,,,-,,,,,,,,,,,,,,,,,,,,,,,,,
STD-DB10_2-001321,"어묵, 찐어묵",S,국가표준식품성분표,,농진청('17),,어패류 및 그 제품,,"어묵, 찐어묵",,,,,,,100g,115,70,9.75,1.09,2.62,16.53,1.78,0.3,49,0.54,72,91,760,4,4,0,0,0.031,0.193,0,0,,0.11,0.01,0.115,0.078,0,-,0.6,2,,0,0,0,1.56,1.56,0,0,0,0,0,0,0,0,0,0,0,0.08,,0,,,0,1.61,,0.09,0.21,,1.51,0,0,0,4.38,100,0,,,26.66,,,7,,,,,0,,3.19,,1.54,0,27.48,,,29.63,,,,,,,2.64,,,,,,,,,,,,,,,,,,,,,,1141,,723,,,,,,,,406,,,,,,,,,,,,,,,,,,,,,,,,,
STD-DB10_2-001322,어육소시지,S,국가표준식품성분표,,농진청('14),,어패류 및 그 제품,,어육소시지,,,,,,,100g,174,64,9.01,7.45,1.75,17.75,-,0,34,0.42,87,41,584,2,1,14,0.007,0.151,0.761,15.9,0,,2.73,0.04,0.735,0.026,0.6,-,0.75,5,,0.058,0,0,0.17,0.16,0,0.02,0,0,0.09,0.09,0,-,0,-,-,-,,-,,,-,-,,-,1.76,,53.7,0,2.42,0,10.47,59.93,9.35,,,1126.09,,,187.8,,,,,27.27,,70.39,,44.61,7.73,0,,,0,,,,,,,22.66,,,,,,,,,,,,,,,,,,,,,,422,,691,,,,,,,,324,,,,,,,,,,,,,,,,,,,,,,,,,
STD-DB10_2-001323,얼룩통구멍,S,국가표준식품성분표,,수('09),,어패류 및 그 제품,,얼룩통구멍,,,,,,,100g,82,80.09999999999999,18.2,0.5,1.2,0,-,-,70,0.7,184,-,-,3,3,-,0.12,0.2,2.7,1,-,,-,-,-,-,-,-,-,-,,-,-,-,-,-,-,-,-,-,-,-,-,-,-,-,-,-,,-,,,-,-,,-,-,,-,-,-,-,-,-,-,,,-,,,-,,,,,-,,-,,-,-,-,,,-,,,,,,,-,,,,,,,,,,,,,,,,,,,,,,-,,-,,,,,,,,-,,,,,,,,,,,,,,,,,,,,,,,,,
STD-DB10_2-001324,여덟동가리,S,국가표준식품성분표,,수('09),,어패류 및 그 제품,,여덟동가리,,,,,,,100g,110,76.40000000000001,19.2,3.1,1.3,0,-,-,36,1.3,212,-,-,15,15,-,0.22,0.16,3.3,1,-,,-,-,-,-,-,-,-,-,,-,-,-,-,-,-,-,-,-,-,-,-,-,-,-,-,-,,-,,,-,-,,-,-,,-,-,-,-,-,-,-,,,-,,,-,,,,,-,,-,,-,-,-,,,-,,,,,,,-,,,,,,,,,,,,,,,,,,,,,,-,,-,,,,,,,,-,,,,,,,,,,,,,,,,,,,,,,,,,
STD-DB10_2-001325,연어,S,국가표준식품성분표,,수('09),,어패류 및 그 제품,,연어,,,,,,,100g,106,75.8,20.6,1.9,1.5,0.2,-,-,24,1.1,243,330,95,18,18,-,0.19,0.15,7.5,1,-,,-,-,-,-,-,-,-,-,,-,-,-,-,-,-,-,-,-,-,-,-,-,-,-,-,-,,-,,,-,-,,-,-,,-,-,-,-,-,-,-,,,-,,,-,,,,,-,,-,,-,-,-,,,-,,,,,,,-,,,,,,,,,,,,,,,,,,,,,,-,,-,,,,,,,,-,,,,,,,,,,,,,,,,,,,,,,,,,
STD-DB10_2-001326,"연어, 소금첨가",S,국가표준식품성분표,,JAPAN('20),,어패류 및 그 제품,,"연어, 소금첨가",,,,,,,100g,138,67.0,22.8,6.1,4.0,0.1,-,(0),28,1.0,230,380,1200,(Tr),Tr,0,0.18,0.20,6.2,1,21.0,,0.98,-,-,-,-,0.5600000000000001,6.0,24,,1.45,-,-,0.7,0.7,0,0,0,-,-,-,-,(0),-,-,-,-,,-,,,-,-,,-,3.26,,260,-,42,0,160,730,-,,,44,,,-,,,,,29,,21,,5,5,360,,,-,,,,,,,-,,,,,,,,,,,,,,,,,,,,,,"(1,200)",,"(1,700)",,,,,,,,"(1,000)",,,,,,,,,,,,,,,,,,,,,,,,,
STD-DB10_2-001327,"연어, 구운것, 소금첨가",S,국가표준식품성분표,,JAPAN('20),,어패류 및 그 제품,,"연어, 구운것, 소금첨가",,,,,,,100g,177,59.5,29.3,7.9,3.2,0.1,-,(0),44,1.7,300,480,830,(Tr),Tr,0,0.22,0.24,7.7,1,25.0,,1.22,-,-,-,-,0.52,6.3,40,,1.80,-,-,1,1.0,0,0,0,-,-,-,-,(0),-,-,-,-,,-,,,-,-,,-,4.06,,330,-,54,0,200,890,-,,,52,,,-,,,,,37,,26,,6,7,440,,,-,,,,,,,-,,,,,,,,,,,,,,,,,,,,,,"(1,500)",,"(2,200)",,,,,,,,"(1,300)",,,,,,,,,,,,,,,,,,,,,,,,,
STD-DB10_2-001328,"연어, 훈제",S,국가표준식품성분표,,농진청('19),,어패류 및 그 제품,,"연어, 훈제",,,,,,,100g,212,62.2,23.48,11.96,2.2,0.19,0.07000000000000001,0,11,0.32,268,395,443,13,13,0,0.412,0.038,5.631,2.35,5.62,,1.94,0.06,1.809,3.822,1.05,0.341,2.68,7,,1.252,0,5.62,2.09,1.96,0,1.31,0.11,0,0,0,0,2.31,0,2.31,0,0,,0,,,0,0,,0.07000000000000001,8.74,,238.57,0,31.06,85.87,124.57,474.96,43.08,,,1649.28,,,253.91,,,,,3.18,,673.23,,175.48,40.48,348.73,,,4260.17,,,,,,,12.14,,,,,,,,,,,,,,,,,,,,,,975,,1475,,,,,,,,801,,,,,,,,,,,,,,,,,,,,,,,,,
STD-DB10_2-001329,"연어, 알",S,국가표준식품성분표,,수('82),,어패류 및 그 제품,,"연어, 알",,,,,,,100g,238,53,25,15,0.2,0.8,-,-,89,12,783,-,-,150,150,-,0.61,0.08,-,14,-,,-,-,-,-,-,-,-,-,,-,-,-,-,-,-,-,-,-,-,-,-,-,-,-,-,-,,-,,,-,-,,-,-,,-,-,-,-,-,-,-,,,-,,,-,,,,,-,,-,,-,-,-,,,-,,,,,,,-,,,,,,,,,,,,,,,,,,,,,,-,,-,,,,,,,,-,,,,,,,,,,,,,,,,,,,,,,,,,
STD-DB10_2-001330,"연어, 은연어",S,국가표준식품성분표,,수('09),,어패류 및 그 제품,,"연어, 은연어",,,,,,,100g,106,75,21.7,1.4,1.7,0.2,-,0,10,2.5,236,-,-,-,-,-,-,-,-,-,-,,-,-,-,-,-,-,-,-,,-,-,-,-,-,-,-,-,-,-,-,-,-,-,-,-,-,,-,,,-,-,,-,-,,-,-,-,-,-,-,-,,,-,,,-,,,,,-,,-,,-,-,-,,,-,,,,,,,-,,,,,,,,,,,,,,,,,,,,,,-,,-,,,,,,,,-,,,,,,,,,,,,,,,,,,,,,,,,,
STD-DB10_2-001331,"연어, 홍연어",S,국가표준식품성분표,,JAPAN('20),,어패류 및 그 제품,,"연어, 홍연어",,,,,,,100g,127,71.40000000000001,22.5,4.5,1.5,0.1,-,(0),10,0.4,260,380,57,27,27,0,0.26,0.15,6.0,Tr,33.0,,0.8100000000000001,-,-,-,-,0.41,9.4,13,,1.23,-,-,1.3,1.3,0,0,0,-,-,-,-,(0),-,-,-,-,,-,,,-,-,,-,2.78,,570,0,40,1,73,480,-,,,56,,,-,,,,,20,,26,,14,7,270,,,-,,,,,,,-,,,,,,,,,,,,,,,,,,,,,,"(1,200)",,"(1,800)",,,,,,,,"(1,000)",,,,,,,,,,,,,,,,,,,,,,,,,
STD-DB10_2-001332,열쌍동가리,S,국가표준식품성분표,,수('95),,어패류 및 그 제품,,열쌍동가리,,,,,,,100g,86,79.2,18.3,0.9,1.5,0.1,-,-,35,0.9,212,-,-,6,6,-,0.03,0.04,3.4,1,-,,-,-,-,-,-,-,-,-,,-,-,-,-,-,-,-,-,-,-,-,-,-,-,-,-,-,,-,,,-,-,,-,-,,-,-,-,-,-,-,-,,,-,,,-,,,,,-,,-,,-,-,-,,,-,,,,,,,-,,,,,,,,,,,,,,,,,,,,,,-,,-,,,,,,,,-,,,,,,,,,,,,,,,,,,,,,,,,,
STD-DB10_2-001333,우각바리,S,국가표준식품성분표,,수('09),,어패류 및 그 제품,,우각바리,,,,,,,100g,91,78.3,19,1.2,1.5,0,-,-,85,1,182,-,-,17,17,-,0.15,0.21,4.1,1,-,,-,-,-,-,-,-,-,-,,-,-,-,-,-,-,-,-,-,-,-,-,-,-,-,-,-,,-,,,-,-,,-,-,,-,-,-,-,-,-,-,,,-,,,-,,,,,-,,-,,-,-,-,,,-,,,,,,,-,,,,,,,,,,,,,,,,,,,,,,-,,-,,,,,,,,-,,,,,,,,,,,,,,,,,,,,,,,,,
STD-DB10_2-001334,웅어,S,국가표준식품성분표,,수('09),,어패류 및 그 제품,,웅어,,,,,,,100g,169,72.09999999999999,15.9,10.8,1.2,0,-,-,84,1.1,203,-,-,24,24,-,0.04,0.1,3.7,1,-,,-,-,-,-,-,-,-,-,,-,-,-,-,-,-,-,-,-,-,-,-,-,-,-,-,-,,-,,,-,-,,-,-,,-,-,-,-,-,-,-,,,-,,,-,,,,,-,,-,,-,-,-,,,-,,,,,,,-,,,,,,,,,,,,,,,,,,,,,,-,,-,,,,,,,,-,,,,,,,,,,,,,,,,,,,,,,,,,
STD-DB10_2-001335,은어,S,국가표준식품성분표,,수('09),,어패류 및 그 제품,,은어,,,,,,,100g,114,77,16.7,4.5,1.6,0.2,-,-,31,1.3,276,370,70,27,27,-,0.12,0.15,3.1,2,-,,-,-,-,-,-,-,-,-,,-,-,-,-,-,-,-,-,-,-,-,-,-,-,-,-,-,,-,,,-,-,,-,-,,-,-,-,-,-,-,-,,,-,,,-,,,,,-,,-,,-,-,-,,,-,,,,,,,-,,,,,,,,,,,,,,,,,,,,,,-,,-,,,,,,,,-,,,,,,,,,,,,,,,,,,,,,,,,,
STD-DB10_2-001336,"은어, 구운것",S,국가표준식품성분표,,JAPAN('20),,어패류 및 그 제품,,"은어, 구운것",,,,,,,100g,149,64.0,26.6,6.8,2.5,0.1,-,(0),480,5.5,460,510,110,120,120,(0),0.23,0.24,3.9,2,1.5,,0.98,-,-,-,-,0.16,12.0,33,,1.34,-,-,1.7,1.7,0,0,0,-,-,-,-,(0),-,-,-,-,,-,,,-,-,,-,1.88,,8,-,10,0,68,85,-,,,92,,,-,,,,,27,,390,,0,9,130,,,-,,,,,,,-,,,,,,,,,,,,,,,,,,,,,,"(1,600)",,"(2,000)",,,,,,,,"(1,100)",,,,,,,,,,,,,,,,,,,,,,,,,
STD-DB10_2-001337,"은어, 내장",S,국가표준식품성분표,,JAPAN('20),,어패류 및 그 제품,,"은어, 내장",,,,,,,100g,180,68.59999999999999,9.5,17.5,4.1,0.3,-,(0),43,24.0,180,210,90,1700,1700,Tr,0.12,0.55,3.8,5,5,,5.90,-,-,-,-,0.16,60.0,220,,1.56,-,-,1.9,1.9,0,0,0,-,-,-,-,40,-,-,-,-,,-,,,-,-,,-,7.61,,43,36,6,0,120,230,-,,,270,,,-,,,,,64,,1500,,8,27,460,,,-,,,,,,,-,,,,,,,,,,,,,,,,,,,,,,-,,-,,,,,,,,-,,,,,,,,,,,,,,,,,,,,,,,,,
STD-DB10_2-001338,"은어, 양식",S,국가표준식품성분표,,JAPAN('20),,어패류 및 그 제품,,"은어, 양식",,,,,,,100g,138,72.0,17.8,7.9,1.7,0.6,-,(0),250,0.8,320,360,55,55,55,(0),0.15,0.14,3.5,2,8,,2.44,-,-,-,-,0.28,2.6,28,,1.22,-,-,5.1,5.0,0.1,0.1,0,-,-,-,-,(0),-,-,-,-,,-,,,-,-,,-,3.88,,210,-,37,0,86,440,-,,,530,,,-,,,,,28,,58,,5,12,180,,,-,,,,,,,-,,,,,,,,,,,,,,,,,,,,,,1000,,1300,,,,,,,,740,,,,,,,,,,,,,,,,,,,,,,,,,
STD-DB10_2-001339,인상어,S,국가표준식품성분표,,수('09),,어패류 및 그 제품,,인상어,,,,,,,100g,133,71.8,21.8,4.2,1.8,0.4,-,-,89,1.8,115,-,-,-,-,-,0.1,0.12,2.1,tr,-,,-,-,-,-,-,-,-,-,,-,-,-,-,-,-,-,-,-,-,-,-,-,-,-,-,-,,-,,,-,-,,-,-,,-,-,-,-,-,-,-,,,-,,,-,,,,,-,,-,,-,-,-,,,-,,,,,,,-,,,,,,,,,,,,,,,,,,,,,,-,,-,,,,,,,,-,,,,,,,,,,,,,,,,,,,,,,,,,
STD-DB10_2-001340,임연수어,S,국가표준식품성분표,,수('09),,어패류 및 그 제품,,임연수어,,,,,,,100g,152,71.5,19.6,7.1,1.3,0.5,-,0,13,7.9,231,-,-,23,23,-,0.12,0.1,3.7,0,-,,-,-,-,-,-,-,-,-,,-,-,-,-,-,-,-,-,-,-,-,-,-,-,-,-,-,,-,,,-,-,,-,-,,-,-,-,-,-,-,-,,,-,,,-,,,,,-,,-,,-,-,-,,,-,,,,,,,-,,,,,,,,,,,,,,,,,,,,,,-,,-,,,,,,,,-,,,,,,,,,,,,,,,,,,,,,,,,,
STD-DB10_2-001341,"임연수어, 반건조",S,국가표준식품성분표,,JAPAN('20),,어패류 및 그 제품,,"임연수어, 반건조",,,,,,,100g,161,67.0,20.6,9.4,3.0,0.1,-,(0),170,0.5,330,390,690,30,30,0,0.10,0.24,3.5,4,4.6,,1.99,-,-,-,3.7,0.21,5.3,7,,0.65,-,-,1.3,1.3,0,0,0,-,-,-,-,-,-,-,-,-,,-,,,-,-,,-,5.93,,540,0,43,0,48,740,-,,,100,,,350,,,,,65,,81,,19,5,960,,,1200,,,,,,,-,,,,,,,,,,,,,,,,,,,,,,1200,,1700,,,,,,,,950,,,,,,,,,,,,,,,,,,,,,,,,,
STD-DB10_2-001342,"임연수어, 염장",S,국가표준식품성분표,,식약('96),,어패류 및 그 제품,,"임연수어, 염장",,,,,,,100g,198,67.8,17.6,13.1,1.3,0.2,-,-,37,1,125,266,151,35,35,0,0.13,0.13,2.1,1,-,,-,-,-,-,-,-,-,-,,-,-,-,-,-,-,-,-,-,-,-,-,-,-,-,-,-,,-,,,-,-,,-,-,,-,-,-,-,-,-,-,,,-,,,-,,,,,-,,-,,-,-,-,,,-,,,,,,,-,,,,,,,,,,,,,,,,,,,,,,-,,-,,,,,,,,-,,,,,,,,,,,,,,,,,,,,,,,,,
STD-DB10_2-001343,잉어,S,국가표준식품성분표,,수('09),,어패류 및 그 제품,,잉어,,,,,,,100g,113,76.90000000000001,17.5,4,1.3,0.3,-,-,50,1.4,225,370,48,11,11,-,0.35,0.12,3.3,1,-,,-,-,-,-,-,-,-,-,,-,-,-,-,-,-,-,-,-,-,-,-,-,-,-,-,-,,-,,,-,-,,-,-,,-,-,-,-,-,-,-,,,-,,,-,,,,,-,,-,,-,-,-,,,-,,,,,,,-,,,,,,,,,,,,,,,,,,,,,,-,,-,,,,,,,,-,,,,,,,,,,,,,,,,,,,,,,,,,
STD-DB10_2-001344,"잉어, 삶은것",S,국가표준식품성분표,,JAPAN('20),,어패류 및 그 제품,,"잉어, 삶은것",,,,,,,100g,190,66.3,19.2,13.4,0.9,0.2,-,(0),13,0.6,180,330,47,3,3,0,0.37,0.17,3.1,1,12.0,,2.65,-,-,-,-,0.11,7.5,9,,1.51,-,-,2.0,2.0,Tr,Tr,0,-,-,-,-,(0),-,-,-,-,,-,,,-,-,,-,8.59,,390,11,16,0,94,570,-,,,1300,,,-,,,,,63,,96,,40,29,200,,,-,,,,,,,-,,,,,,,,,,,,,,,,,,,,,,"(1,300)",,"(1,400)",,,,,,,,(800),,,,,,,,,,,,,,,,,,,,,,,,,
STD-DB10_2-001345,"잉어, 내장",S,국가표준식품성분표,,JAPAN('20),,어패류 및 그 제품,,"잉어, 내장",,,,,,,100g,258,62.6,9,25.9,1.2,1.3,-,(0),9,3.1,130,240,95,500,500,Tr,0.07000000000000001,0.54,5.3,2,9,,5.22,-,-,-,-,0.05,16.0,110,,2.53,-,-,3.8,3.8,Tr,0.1,0,-,-,-,-,1,-,-,-,-,,-,,,-,-,,-,16.37,,800,-,52,0,160,770,-,,,3700,,,-,,,,,100,,720,,120,35,560,,,-,,,,,,,-,,,,,,,,,,,,,,,,,,,,,,-,,-,,,,,,,,-,,,,,,,,,,,,,,,,,,,,,,,,,
STD-DB10_2-001346,장갱이,S,국가표준식품성분표,,수('09),,어패류 및 그 제품,,장갱이,,,,,,,100g,90,78.59999999999999,19.1,1,1.3,0,-,-,31,1.2,174,-,-,9,9,-,0.15,0.1,4.4,1,-,,-,-,-,-,-,-,-,-,,-,-,-,-,-,-,-,-,-,-,-,-,-,-,-,-,-,,-,,,-,-,,-,-,,-,-,-,-,-,-,-,,,-,,,-,,,,,-,,-,,-,-,-,,,-,,,,,,,-,,,,,,,,,,,,,,,,,,,,,,-,,-,,,,,,,,-,,,,,,,,,,,,,,,,,,,,,,,,,
STD-DB10_2-001347,장문볼락,S,국가표준식품성분표,,식약('96),,어패류 및 그 제품,,장문볼락,,,,,,,100g,87,80.8,15.7,2.1,1.2,0.2,-,-,30,0.3,181,114,111,0,0,0,0.02,0.05,2.6,0,-,,-,-,-,-,-,-,-,-,,-,-,-,-,-,-,-,-,-,-,-,-,-,-,-,-,-,,-,,,-,-,,-,-,,-,-,-,-,-,-,-,,,-,,,-,,,,,-,,-,,-,-,-,,,-,,,,,,,-,,,,,,,,,,,,,,,,,,,,,,-,,-,,,,,,,,-,,,,,,,,,,,,,,,,,,,,,,,,,
STD-DB10_2-001348,"장문볼락, 구운것",S,국가표준식품성분표,,USDA('18),,어패류 및 그 제품,,"장문볼락, 구운것",,,,,,,100g,96,74.23999999999999,18.51,1.87,1.6,0,0,0,34,0.27,300,226,347,15,15,0,0.046,0.057,1.215,0,1.4,,0.33,0.011,-,-,-,0.08400000000000001,1.72,10,,0.329,-,1.4,0.91,0.91,0,0,0,0,0,0,0,-,0.1,-,0,0,,0,,,0,-,,0,0.9429999999999999,,185,-,17,-,12,186,-,,,-,,,-,,,,,-,,-,,5,-,75,,,-,,,,,,,-,,,,,,,,,,,,,,,,,,,,,,817,,1498,,,,,,,,874,,,,,,,,,,,,,,,,,,,,,,,,,
STD-DB10_2-001349,"장어, 갯장어",S,국가표준식품성분표,,수('09),,어패류 및 그 제품,,"장어, 갯장어",,,,,,,100g,170,70.5,17.9,9.9,1.3,0.4,-,0,81,2.1,214,-,-,540,540,-,0.01,0.11,2.9,0,-,,-,-,-,-,-,-,-,-,,-,-,-,-,-,-,-,-,-,-,-,-,-,-,-,-,-,,-,,,-,-,,-,-,,-,-,-,-,-,-,-,,,-,,,-,,,,,-,,-,,-,-,-,,,-,,,,,,,-,,,,,,,,,,,,,,,,,,,,,,-,,-,,,,,,,,-,,,,,,,,,,,,,,,,,,,,,,,,,
STD-DB10_2-001350,"장어, 먹장어",S,국가표준식품성분표,,수('09),,어패류 및 그 제품,,"장어, 먹장어",,,,,,,100g,129,75.3,16.9,6,1.4,0.4,-,-,11,1.5,157,228,148,540,540,-,0.1,0.15,4.2,2,-,,-,-,-,-,-,-,-,-,,-,-,-,-,-,-,-,-,-,-,-,-,-,-,-,-,-,,-,,,-,-,,-,-,,-,-,-,-,-,-,-,,,-,,,-,,,,,-,,-,,-,-,-,,,-,,,,,,,-,,,,,,,,,,,,,,,,,,,,,,-,,-,,,,,,,,-,,,,,,,,,,,,,,,,,,,,,,,,,
STD-DB10_2-001351,"장어, 뱀장어",S,국가표준식품성분표,,수('09),,어패류 및 그 제품,,"장어, 뱀장어",,,,,,,100g,223,67.09999999999999,14.4,17.1,1.1,0.3,-,-,157,1.6,193,250,65,1050,1050,-,0.66,0.48,4.5,1,-,,-,-,-,-,-,-,-,-,,-,-,-,-,-,-,-,-,-,-,-,-,-,-,-,-,-,,-,,,-,-,,-,-,,-,-,-,-,-,-,-,,,-,,,-,,,,,-,,-,,-,-,-,,,-,,,,,,,-,,,,,,,,,,,,,,,,,,,,,,-,,-,,,,,,,,-,,,,,,,,,,,,,,,,,,,,,,,,,
STD-DB10_2-001352,"장어, 붕장어",S,국가표준식품성분표,,수('09),,어패류 및 그 제품,,"장어, 붕장어",,,,,,,100g,135,74.7,17.4,6.4,1.2,0.3,-,0,35,0.5,221,-,-,360,360,-,0.08,0.16,3.1,2,-,,-,-,-,-,-,-,-,-,,-,-,-,-,-,-,-,-,-,-,-,-,-,-,-,-,-,,-,,,-,-,,-,-,,-,-,-,-,-,-,-,,,-,,,-,,,,,-,,-,,-,-,-,,,-,,,,,,,-,,,,,,,,,,,,,,,,,,,,,,-,,-,,,,,,,,-,,,,,,,,,,,,,,,,,,,,,,,,,
STD-DB10_2-001353,"장어, 칠성장어",S,국가표준식품성분표,,수('82),,어패류 및 그 제품,,"장어, 칠성장어",,,,,,,100g,259,60,21,18,0.7,0.3,-,-,9,18,117,220,80,7508,7508,-,0.85,6,4.7,0,-,,-,-,-,-,-,-,-,-,,-,-,-,-,-,-,-,-,-,-,-,-,-,-,-,-,-,,-,,,-,-,,-,-,,-,-,-,-,-,-,-,,,-,,,-,,,,,-,,-,,-,-,-,,,-,,,,,,,-,,,,,,,,,,,,,,,,,,,,,,-,,-,,,,,,,,-,,,,,,,,,,,,,,,,,,,,,,,,,
STD-DB10_2-001354,"장어, 양념, 구운것",S,국가표준식품성분표,,식약('11),,어패류 및 그 제품,,"장어, 양념, 구운것",,,,,,,100g,289,51.1,20.5,20.4,2.1,5.9,-,0.9,144,6,254,277,470,974,963,126,0.31,0.45,4.8,0,-,,-,-,-,-,-,-,-,-,,-,-,-,-,-,-,-,-,-,-,-,-,-,-,-,-,-,,-,,,-,-,,-,-,,-,-,-,-,-,-,-,,,-,,,-,,,,,-,,-,,-,-,-,,,-,,,,,,,-,,,,,,,,,,,,,,,,,,,,,,-,,-,,,,,,,,-,,,,,,,,,,,,,,,,,,,,,,,,,
STD-DB10_2-001355,점감펭,S,국가표준식품성분표,,수('09),,어패류 및 그 제품,,점감펭,,,,,,,100g,90,78.40000000000001,19.4,0.7,1.2,0.3,-,-,32,1.1,202,-,-,3,3,-,0.05,0.15,3,1,-,,-,-,-,-,-,-,-,-,,-,-,-,-,-,-,-,-,-,-,-,-,-,-,-,-,-,,-,,,-,-,,-,-,,-,-,-,-,-,-,-,,,-,,,-,,,,,-,,-,,-,-,-,,,-,,,,,,,-,,,,,,,,,,,,,,,,,,,,,,-,,-,,,,,,,,-,,,,,,,,,,,,,,,,,,,,,,,,,
STD-DB10_2-001356,점줄우럭,S,국가표준식품성분표,,수('09),,어패류 및 그 제품,,점줄우럭,,,,,,,100g,100,77.5,19.3,1.9,1.2,0.1,-,-,57,1,193,-,-,11,11,-,0.06,0.23,3.4,1,-,,-,-,-,-,-,-,-,-,,-,-,-,-,-,-,-,-,-,-,-,-,-,-,-,-,-,,-,,,-,-,,-,-,,-,-,-,-,-,-,-,,,-,,,-,,,,,-,,-,,-,-,-,,,-,,,,,,,-,,,,,,,,,,,,,,,,,,,,,,-,,-,,,,,,,,-,,,,,,,,,,,,,,,,,,,,,,,,,
STD-DB10_2-001357,"점줄우럭, 구운것(오븐)",S,국가표준식품성분표,,USDA('18),,어패류 및 그 제품,,"점줄우럭, 구운것(오븐)",,,,,,,100g,118,73.36,24.84,1.3,1.41,0,-,0,21,1.14,143,475,53,50,50,-,0.081,0.006,0.381,0,-,,0.299,-,-,-,-,0.35,0.6899999999999999,10,,0.87,-,-,-,-,-,-,-,-,-,-,-,-,-,-,-,-,,-,,,-,-,,-,0.671,,-,-,-,-,17,213,-,,,-,,,-,,,,,-,,-,,-,-,35,,,-,,,,,,,-,,,,,,,,,,,,,,,,,,,,,,1193,,2019,,,,,,,,1145,,,,,,,,,,,,,,,,,,,,,,,,,
STD-DB10_2-001358,정어리,S,국가표준식품성분표,,수('09),,어패류 및 그 제품,,정어리,,,,,,,100g,171,69.2,20,9.1,1.5,0.2,-,-,94,1.9,224,440,95,21,21,-,0.03,0.35,8.1,1,-,,-,-,-,-,-,-,-,-,,-,-,-,-,-,-,-,-,-,-,-,-,-,-,-,-,-,,-,,,-,-,,-,-,,-,-,-,-,-,-,-,,,-,,,-,,,,,-,,-,,-,-,-,,,-,,,,,,,-,,,,,,,,,,,,,,,,,,,,,,-,,-,,,,,,,,-,,,,,,,,,,,,,,,,,,,,,,,,,
STD-DB10_2-001359,"정어리, 삶은것",S,국가표준식품성분표,,JAPAN('20),,어패류 및 그 제품,,"정어리, 삶은것",,,,,,,100g,182,61.7,22.4,8.699999999999999,1.3,0.2,-,(0),82,2.3,250,280,80,5,5,0,0.05,0.29,6.3,0,13.0,,2.37,-,-,-,-,0.35,18.0,7,,0.87,-,-,1.3,1.3,0,0,0,-,-,-,-,Tr,-,-,-,-,,-,,,-,-,,-,4.17,,230,15,44,0,160,910,-,,,88,,,-,,,,,100,,55,,15,15,700,,,-,,,,,,,-,,,,,,,,,,,,,,,,,,,,,,"(1,100)",,"(1,800)",,,,,,,,"(1,100)",,,,,,,,,,,,,,,,,,,,,,,,,
STD-DB10_2-001360,"정어리, 구운것",S,국가표준식품성분표,,JAPAN('20),,어패류 및 그 제품,,"정어리, 구운것",,,,,,,100g,199,57.8,25.3,9.4,1.6,0.2,-,(0),98,2.5,300,350,100,8,8,0,0.12,0.43,9.1,0,14.0,,2.53,-,-,-,-,0.39,22.0,12,,1.33,-,-,1.9,1.9,0,0,0,-,-,-,-,Tr,-,-,-,-,,-,,,-,-,,-,4.49,,210,17,49,0,180,980,-,,,92,,,-,,,,,110,,59,,16,16,790,,,-,,,,,,,-,,,,,,,,,,,,,,,,,,,,,,"(1,200)",,"(2,000)",,,,,,,,"(1,200)",,,,,,,,,,,,,,,,,,,,,,,,,
STD-DB10_2-001361,"정어리, 말린것",S,국가표준식품성분표,,수('82),,어패류 및 그 제품,,"정어리, 말린것",,,,,,,100g,334,30.5,45.6,14.8,8.5,0.6,-,-,1205,20,783,-,-,6,6,-,0.03,0.3,28,0,-,,-,-,-,-,-,-,-,-,,-,-,-,-,-,-,-,-,-,-,-,-,-,-,-,-,-,,-,,,-,-,,-,-,,-,-,-,-,-,-,-,,,-,,,-,,,,,-,,-,,-,-,-,,,-,,,,,,,-,,,,,,,,,,,,,,,,,,,,,,-,,-,,,,,,,,-,,,,,,,,,,,,,,,,,,,,,,,,,
STD-DB10_2-001362,"정어리, 삶아서 말린것",S,국가표준식품성분표,,JAPAN('20),,어패류 및 그 제품,,"정어리, 삶아서 말린것",,,,,,,100g,113,67.5,24.5,2.1,5.6,0.1,-,0,280,0.6,480,170,1700,190,190,0,0.11,0.03,2.6,0,12.0,,0.34,-,-,-,12.0,0.05,3.2,27,,0.50,-,-,1.1,1.1,0,Tr,0,-,-,-,-,0,-,-,-,-,,-,,,-,-,,-,0.74,,4,2,9,0,15,340,-,,,15,,,-,,,,,16,,12,,2,1,150,,,-,,,,,,,-,,,,,,,,,,,,,,,,,,,,,,1100,,1900,,,,,,,,1000,,,,,,,,,,,,,,,,,,,,,,,,,
STD-DB10_2-001363,"정어리, 소금에 절여 말린것",S,국가표준식품성분표,,수('82),,어패류 및 그 제품,,"정어리, 소금에 절여 말린것",,,,,,,100g,188,57.7,29.6,6.5,5.7,0.5,-,-,758,16,455,970,2400,18,18,-,0.03,0.25,12,0,-,,-,-,-,-,-,-,-,-,,-,-,-,-,-,-,-,-,-,-,-,-,-,-,-,-,-,,-,,,-,-,,-,-,,-,-,-,-,-,-,-,,,-,,,-,,,,,-,,-,,-,-,-,,,-,,,,,,,-,,,,,,,,,,,,,,,,,,,,,,-,,-,,,,,,,,-,,,,,,,,,,,,,,,,,,,,,,,,,
STD-DB10_2-001364,"정어리, 염장",S,국가표준식품성분표,,수('82),,어패류 및 그 제품,,"정어리, 염장",,,,,,,100g,153,63.6,23.3,5.7,7.2,0.2,-,-,78,6,228,-,-,0,0,-,0.03,0.2,10,0,-,,-,-,-,-,-,-,-,-,,-,-,-,-,-,-,-,-,-,-,-,-,-,-,-,-,-,,-,,,-,-,,-,-,,-,-,-,-,-,-,-,,,-,,,-,,,,,-,,-,,-,-,-,,,-,,,,,,,-,,,,,,,,,,,,,,,,,,,,,,-,,-,,,,,,,,-,,,,,,,,,,,,,,,,,,,,,,,,,
STD-DB10_2-001365,조기(참조기),S,국가표준식품성분표,,수('16),,어패류 및 그 제품,,조기(참조기),,,,,,,100g,118,76.3,19.02,4.04,1.3,0,0,0,19,0.43,158,329,51,-,-,-,0.05,0.21,-,-,8.42,,1.11,0.06,-,-,5.01,-,4.76,3,,0.385,0,8.42,0.76,0.76,0,0,0,0,0,0,0,-,0,-,0,0,,0,,,0,0,,0,2.56,,61.5,0,23.31,23.1,73.5,534.6,2.7,,,184.4,,,133.92,,,,,1.4,,22.9,,33.6,7,316.3,,,686.28,,,,,,,6.79,,,,,,,,,,,,,,,,,,,,,,971,,1503,,,,,,,,835,,,,,,,,,,,,,,,,,,,,,,,,,
STD-DB10_2-001366,"조기(참조기), 굴비, 소금에 절여 말린것",S,국가표준식품성분표,,수('95),,어패류 및 그 제품,,"조기(참조기), 굴비, 소금에 절여 말린것",,,,,,,100g,332,32.6,44.4,15.2,7.4,0.4,-,-,68,14.4,560,320,412,0,0,-,0.19,0.18,13.2,0,-,,-,-,-,-,-,-,-,-,,-,-,-,-,-,-,-,-,-,-,-,-,-,-,-,-,-,,-,,,-,-,,-,-,,-,-,-,-,-,-,-,,,-,,,-,,,,,-,,-,,-,-,-,,,-,,,,,,,-,,,,,,,,,,,,,,,,,,,,,,-,,-,,,,,,,,-,,,,,,,,,,,,,,,,,,,,,,,,,
STD-DB10_2-001367,"조기(참조기), 젓갈",S,국가표준식품성분표,,수('18),,어패류 및 그 제품,,"조기(참조기), 젓갈",,,,,,,100g,123,58.7,15.5,2.8,15,8,-,-,305,1,258,-,-,0,0,-,-,0.17,0,-,-,,-,-,-,-,-,-,-,-,,-,-,-,-,-,-,-,-,-,-,-,-,-,-,-,-,-,,-,,,-,-,,-,-,,-,-,-,-,-,-,-,,,-,,,-,,,,,-,,-,,-,-,-,,,-,,,,,,,-,,,,,,,,,,,,,,,,,,,,,,471,,1203,,,,,,,,757,,,,,,,,,,,,,,,,,,,,,,,,,
STD-DB10_2-001368,준치,S,국가표준식품성분표,,수('09),,어패류 및 그 제품,,준치,,,,,,,100g,129,73.7,20.1,4.7,1.5,0,-,-,78,0.8,206,280,155,14,14,-,0.35,0.16,7.9,1,-,,-,-,-,-,-,-,-,-,,-,-,-,-,-,-,-,-,-,-,-,-,-,-,-,-,-,,-,,,-,-,,-,-,,-,-,-,-,-,-,-,,,-,,,-,,,,,-,,-,,-,-,-,,,-,,,,,,,-,,,,,,,,,,,,,,,,,,,,,,-,,-,,,,,,,,-,,,,,,,,,,,,,,,,,,,,,,,,,
STD-DB10_2-001369,"준치, 강준치",S,국가표준식품성분표,,수('09),,어패류 및 그 제품,,"준치, 강준치",,,,,,,100g,90,78.8,18.7,1.1,1.2,0.2,-,-,38,1.1,230,-,-,9,9,-,0.09,0.16,2.6,1,-,,-,-,-,-,-,-,-,-,,-,-,-,-,-,-,-,-,-,-,-,-,-,-,-,-,-,,-,,,-,-,,-,-,,-,-,-,-,-,-,-,,,-,,,-,,,,,-,,-,,-,-,-,,,-,,,,,,,-,,,,,,,,,,,,,,,,,,,,,,-,,-,,,,,,,,-,,,,,,,,,,,,,,,,,,,,,,,,,
STD-DB10_2-001370,쥐치,S,국가표준식품성분표,,수('09),,어패류 및 그 제품,,쥐치,,,,,,,100g,83,79,19.1,0.1,1.5,0.3,-,0,56,0.4,283,-,-,0,0,-,0.02,0.08,3.5,0,-,,-,-,-,-,-,-,-,-,,-,-,-,-,-,-,-,-,-,-,-,-,-,-,-,-,-,,-,,,-,-,,-,-,,-,-,-,-,-,-,-,,,-,,,-,,,,,-,,-,,-,-,-,,,-,,,,,,,-,,,,,,,,,,,,,,,,,,,,,,-,,-,,,,,,,,-,,,,,,,,,,,,,,,,,,,,,,,,,
STD-DB10_2-001371,"쥐치, 포, 말린것",S,국가표준식품성분표,,식약('96),,어패류 및 그 제품,,"쥐치, 포, 말린것",,,,,,,100g,339,15,41.8,2.3,6.6,34.3,-,-,126,4.7,235,503,1504,0,0,0,0.06,0.05,2.3,0,-,,-,-,-,-,-,-,-,-,,-,-,-,-,-,-,-,-,-,-,-,-,-,-,-,-,-,,-,,,-,-,,-,-,,-,-,-,-,-,-,-,,,-,,,-,,,,,-,,-,,-,-,-,,,-,,,,,,,-,,,,,,,,,,,,,,,,,,,,,,-,,-,,,,,,,,-,,,,,,,,,,,,,,,,,,,,,,,,,
STD-DB10_2-001372,"쥐치, 말쥐치",S,국가표준식품성분표,,수('16),,어패류 및 그 제품,,"쥐치, 말쥐치",,,,,,,100g,145,75.40000000000001,17.3,7.62,1.4,0,0,0,24,1.17,191,358,169,-,-,-,0.02,0.03,-,0,1.91,,0.22,0,-,-,66.48999999999999,-,1.89,5,,0.616,0,1.91,1.29,1.29,0,0.03,0,0,0,0,0,-,0,-,0,0,,0,,,0,0,,0,0.32,,2.24,0,0,0,15.2,180.6,0,,,2.6,,,11.02,,,,,0,,0,,1.2,0.7,57.3,,,32.56,,,,,,,2.35,,,,,,,,,,,,,,,,,,,,,,986,,1434,,,,,,,,789,,,,,,,,,,,,,,,,,,,,,,,,,
STD-DB10_2-001373,참마자,S,국가표준식품성분표,,수('09),,어패류 및 그 제품,,참마자,,,,,,,100g,90,79.40000000000001,17.7,1.5,1.1,0.3,-,-,58,1.4,221,-,-,8,8,-,0.23,0.16,2.5,1,-,,-,-,-,-,-,-,-,-,,-,-,-,-,-,-,-,-,-,-,-,-,-,-,-,-,-,,-,,,-,-,,-,-,,-,-,-,-,-,-,-,,,-,,,-,,,,,-,,-,,-,-,-,,,-,,,,,,,-,,,,,,,,,,,,,,,,,,,,,,-,,-,,,,,,,,-,,,,,,,,,,,,,,,,,,,,,,,,,
STD-DB10_2-001374,청새치,S,국가표준식품성분표,,JAPAN('20),,어패류 및 그 제품,,청새치,,,,,,,100g,107,73.8,23.1,1.8,1.2,0.1,-,(0),5,0.6,270,380,65,8,8,0,0.09,0.07000000000000001,10.0,2,12.0,,0.47,-,-,-,13.0,0.44,4.3,5,,1.25,-,-,1.2,1.2,0,0,0,-,-,-,-,(0),-,-,-,-,,-,,,-,-,,-,0.87,,27,0,10,0,46,310,-,,,16,,,-,,,,,39,,6,,6,2,61,,,-,,,,,,,-,,,,,,,,,,,,,,,,,,,,,,"(1,100)",,"(1,700)",,,,,,,,"(1,000)",,,,,,,,,,,,,,,,,,,,,,,,,
STD-DB10_2-001375,청어,S,국가표준식품성분표,,수('09),,어패류 및 그 제품,,청어,,,,,,,100g,213,66.3,16.3,15.1,1.9,0.4,-,0,35,0.8,304,-,-,69,69,-,0.03,0.25,6.3,1,-,,-,-,-,-,-,-,-,-,,-,-,-,-,-,-,-,-,-,-,-,-,-,-,-,-,-,,-,,,-,-,,-,-,,-,-,-,-,-,-,-,,,-,,,-,,,,,-,,-,,-,-,-,,,-,,,,,,,-,,,,,,,,,,,,,,,,,,,,,,-,,-,,,,,,,,-,,,,,,,,,,,,,,,,,,,,,,,,,
STD-DB10_2-001376,"청어, 말린것",S,국가표준식품성분표,,수('82),,어패류 및 그 제품,,"청어, 말린것",,,,,,,100g,418,24,44.5,24,6.5,1,-,-,87,10.4,470,250,1300,12,12,-,0.01,0.5,4,0,-,,-,-,-,-,-,-,-,-,,-,-,-,-,-,-,-,-,-,-,-,-,-,-,-,-,-,,-,,,-,-,,-,-,,-,-,-,-,-,-,-,,,-,,,-,,,,,-,,-,,-,-,-,,,-,,,,,,,-,,,,,,,,,,,,,,,,,,,,,,-,,-,,,,,,,,-,,,,,,,,,,,,,,,,,,,,,,,,,
STD-DB10_2-001377,"청어, 삶아서 말린것",S,국가표준식품성분표,,수('82),,어패류 및 그 제품,,"청어, 삶아서 말린것",,,,,,,100g,123,76,18.7,4.7,0.6,0,-,-,73,2.1,277,-,-,9,9,-,0.11,0.11,0.9,0,-,,-,-,-,-,-,-,-,-,,-,-,-,-,-,-,-,-,-,-,-,-,-,-,-,-,-,,-,,,-,-,,-,-,,-,-,-,-,-,-,-,,,-,,,-,,,,,-,,-,,-,-,-,,,-,,,,,,,-,,,,,,,,,,,,,,,,,,,,,,-,,-,,,,,,,,-,,,,,,,,,,,,,,,,,,,,,,,,,
STD-DB10_2-001378,"청어, 염장",S,국가표준식품성분표,,수('82),,어패류 및 그 제품,,"청어, 염장",,,,,,,100g,159,64.8,17.5,9,8.5,0.2,-,-,55,6,228,298,538,0,0,-,0.02,0.3,4,0,-,,-,-,-,-,-,-,-,-,,-,-,-,-,-,-,-,-,-,-,-,-,-,-,-,-,-,,-,,,-,-,,-,-,,-,-,-,-,-,-,-,,,-,,,-,,,,,-,,-,,-,-,-,,,-,,,,,,,-,,,,,,,,,,,,,,,,,,,,,,-,,-,,,,,,,,-,,,,,,,,,,,,,,,,,,,,,,,,,
STD-DB10_2-001379,"청어, 훈제",S,국가표준식품성분표,,JAPAN('20),,어패류 및 그 제품,,"청어, 훈제",,,,,,,100g,280,43.9,23.1,22.1,10.9,,-,(0),150,3.5,400,280,3900,(Tr),Tr,-,0.01,0.35,5.0,(0),48.0,,4.53,-,-,-,-,0.10,15.0,16,,1.74,-,-,0.5,0.5,0,0,0,-,-,-,-,(0),-,-,-,-,,-,,,-,-,,-,14.56,,3000,60,180,0,96,870,-,,,200,,,-,,,,,57,,64,,33,12,1100,,,-,,,,,,,-,,,,,,,,,,,,,,,,,,,,,,"(1,100)",,"(1,900)",,,,,,,,"(1,200)",,,,,,,,,,,,,,,,,,,,,,,,,
STD-DB10_2-001380,"청어, 알",S,국가표준식품성분표,,수('09),,어패류 및 그 제품,,"청어, 알",,,,,,,100g,102,76,19.6,2.4,1.5,0.5,-,0,38,2.3,127,-,-,11,11,-,0.11,0.18,1.2,1,-,,-,-,-,-,-,-,-,-,,-,-,-,-,-,-,-,-,-,-,-,-,-,-,-,-,-,,-,,,-,-,,-,-,,-,-,-,-,-,-,-,,,-,,,-,,,,,-,,-,,-,-,-,,,-,,,,,,,-,,,,,,,,,,,,,,,,,,,,,,-,,-,,,,,,,,-,,,,,,,,,,,,,,,,,,,,,,,,,
STD-DB10_2-001381,초어,S,국가표준식품성분표,,수('09),,어패류 및 그 제품,,초어,,,,,,,100g,89,79.7,17.1,1.7,1.3,0.2,-,-,66,1.7,217,-,-,15,15,-,0.3,0.13,3.5,1,-,,-,-,-,-,-,-,-,-,,-,-,-,-,-,-,-,-,-,-,-,-,-,-,-,-,-,,-,,,-,-,,-,-,,-,-,-,-,-,-,-,,,-,,,-,,,,,-,,-,,-,-,-,,,-,,,,,,,-,,,,,,,,,,,,,,,,,,,,,,-,,-,,,,,,,,-,,,,,,,,,,,,,,,,,,,,,,,,,
STD-DB10_2-001382,통치,S,국가표준식품성분표,,수('09),,어패류 및 그 제품,,통치,,,,,,,100g,138,72.90000000000001,20,5.7,1.3,0.1,-,-,43,0.8,194,247,108,14,14,-,0.05,0.14,3.5,0,-,,-,-,-,-,-,-,-,-,,-,-,-,-,-,-,-,-,-,-,-,-,-,-,-,-,-,,-,,,-,-,,-,-,,-,-,-,-,-,-,-,,,-,,,-,,,,,-,,-,,-,-,-,,,-,,,,,,,-,,,,,,,,,,,,,,,,,,,,,,-,,-,,,,,,,,-,,,,,,,,,,,,,,,,,,,,,,,,,
STD-DB10_2-001383,투라치,S,국가표준식품성분표,,수('09),,어패류 및 그 제품,,투라치,,,,,,,100g,79,80.09999999999999,18.1,0.1,1.2,0.5,-,-,34,0.3,160,-,-,-,-,-,-,-,-,-,-,,-,-,-,-,-,-,-,-,,-,-,-,-,-,-,-,-,-,-,-,-,-,-,-,-,-,,-,,,-,-,,-,-,,-,-,-,-,-,-,-,,,-,,,-,,,,,-,,-,,-,-,-,,,-,,,,,,,-,,,,,,,,,,,,,,,,,,,,,,-,,-,,,,,,,,-,,,,,,,,,,,,,,,,,,,,,,,,,
STD-DB10_2-001384,틸라피아,S,국가표준식품성분표,,수('09),,어패류 및 그 제품,,틸라피아,,,,,,,100g,126,74.59999999999999,19.3,4.7,1.2,0.2,-,-,35,1.1,187,370,60,5,5,-,0.05,0.18,3.6,1,-,,-,-,-,-,-,-,-,-,,-,-,-,-,-,-,-,-,-,-,-,-,-,-,-,-,-,,-,,,-,-,,-,-,,-,-,-,-,-,-,-,,,-,,,-,,,,,-,,-,,-,-,-,,,-,,,,,,,-,,,,,,,,,,,,,,,,,,,,,,-,,-,,,,,,,,-,,,,,,,,,,,,,,,,,,,,,,,,,
STD-DB10_2-001385,푸렁통구멍,S,국가표준식품성분표,,수('09),,어패류 및 그 제품,,푸렁통구멍,,,,,,,100g,76,80.90000000000001,17.4,0.2,1.3,0.2,-,0,19,0.4,207,-,-,0,0,-,0.16,0.08,3.5,1,-,,-,-,-,-,-,-,-,-,,-,-,-,-,-,-,-,-,-,-,-,-,-,-,-,-,-,,-,,,-,-,,-,-,,-,-,-,-,-,-,-,,,-,,,-,,,,,-,,-,,-,-,-,,,-,,,,,,,-,,,,,,,,,,,,,,,,,,,,,,-,,-,,,,,,,,-,,,,,,,,,,,,,,,,,,,,,,,,,
STD-DB10_2-001386,풀반지,S,국가표준식품성분표,,수('09),,어패류 및 그 제품,,풀반지,,,,,,,100g,167,70.8,16.9,10.1,2,0.2,-,-,118,1.4,321,-,-,-,-,-,-,-,-,-,-,,-,-,-,-,-,-,-,-,,-,-,-,-,-,-,-,-,-,-,-,-,-,-,-,-,-,,-,,,-,-,,-,-,,-,-,-,-,-,-,-,,,-,,,-,,,,,-,,-,,-,-,-,,,-,,,,,,,-,,,,,,,,,,,,,,,,,,,,,,-,,-,,,,,,,,-,,,,,,,,,,,,,,,,,,,,,,,,,
STD-DB10_2-001387,피라미,S,국가표준식품성분표,,수('09),,어패류 및 그 제품,,피라미,,,,,,,100g,105,77.40000000000001,18.5,2.8,1.1,0.2,-,-,59,1.9,220,241,53,27,27,-,0.02,0.14,2.9,0,-,,-,-,-,-,-,-,-,-,,-,-,-,-,-,-,-,-,-,-,-,-,-,-,-,-,-,,-,,,-,-,,-,-,,-,-,-,-,-,-,-,,,-,,,-,,,,,-,,-,,-,-,-,,,-,,,,,,,-,,,,,,,,,,,,,,,,,,,,,,-,,-,,,,,,,,-,,,,,,,,,,,,,,,,,,,,,,,,,
STD-DB10_2-001388,학공치,S,국가표준식품성분표,,수('09),,어패류 및 그 제품,,학공치,,,,,,,100g,94,78.7,17.8,1.7,1.1,0.7,-,0,20,3.5,230,-,-,8,8,-,0.02,0.16,4.8,1,-,,-,-,-,-,-,-,-,-,,-,-,-,-,-,-,-,-,-,-,-,-,-,-,-,-,-,,-,,,-,-,,-,-,,-,-,-,-,-,-,-,,,-,,,-,,,,,-,,-,,-,-,-,,,-,,,,,,,-,,,,,,,,,,,,,,,,,,,,,,-,,-,,,,,,,,-,,,,,,,,,,,,,,,,,,,,,,,,,
STD-DB10_2-001389,"학공치, 조미하여 말린것",S,국가표준식품성분표,,국('83),,어패류 및 그 제품,,"학공치, 조미하여 말린것",,,,,,,100g,325,15,59.1,2,6.2,17.7,-,-,310,19.5,909,-,-,0,0,0,0.03,0.03,3.3,0,-,,-,-,-,-,-,-,-,-,,-,-,-,-,-,-,-,-,-,-,-,-,-,-,-,-,-,,-,,,-,-,,-,-,,-,-,-,-,-,-,-,,,-,,,-,,,,,-,,-,,-,-,-,,,-,,,,,,,-,,,,,,,,,,,,,,,,,,,,,,-,,-,,,,,,,,-,,,,,,,,,,,,,,,,,,,,,,,,,
STD-DB10_2-001390,향어,S,국가표준식품성분표,,수('18),,어패류 및 그 제품,,향어,,,,,,,100g,158,71.5,18.4,8.699999999999999,1.3,0.1,-,-,23,0.8,227,-,-,17,17,-,0.28,0.15,4.3,1,-,,-,-,-,-,-,-,-,-,,-,-,-,-,-,-,-,-,-,-,-,-,-,-,-,-,-,,-,,,-,-,,-,-,,-,-,-,-,-,-,-,,,-,,,-,,,,,-,,-,,-,-,-,,,-,,,,,,,-,,,,,,,,,,,,,,,,,,,,,,-,,-,,,,,,,,-,,,,,,,,,,,,,,,,,,,,,,,,,
STD-DB10_2-001391,홍감펭,S,국가표준식품성분표,,수('09),,어패류 및 그 제품,,홍감펭,,,,,,,100g,108,78.2,16.7,3.9,1,0.2,-,-,33,0.7,185,-,-,-,-,-,-,-,-,-,-,,-,-,-,-,-,-,-,-,,-,-,-,-,-,-,-,-,-,-,-,-,-,-,-,-,-,,-,,,-,-,,-,-,,-,-,-,-,-,-,-,,,-,,,-,,,,,-,,-,,-,-,-,,,-,,,,,,,-,,,,,,,,,,,,,,,,,,,,,,-,,-,,,,,,,,-,,,,,,,,,,,,,,,,,,,,,,,,,
STD-DB10_2-001392,홍어,S,국가표준식품성분표,,수('09),,어패류 및 그 제품,,홍어,,,,,,,100g,87,77.5,19.6,0.5,2.4,0,-,-,305,1.2,250,240,222,0,0,-,0.07000000000000001,0.13,2.4,0,-,,-,-,-,-,-,-,-,-,,-,-,-,-,-,-,-,-,-,-,-,-,-,-,-,-,-,,-,,,-,-,,-,-,,-,-,-,-,-,-,-,,,-,,,-,,,,,-,,-,,-,-,-,,,-,,,,,,,-,,,,,,,,,,,,,,,,,,,,,,-,,-,,,,,,,,-,,,,,,,,,,,,,,,,,,,,,,,,,
STD-DB10_2-001393,홍치,S,국가표준식품성분표,,수('09),,어패류 및 그 제품,,홍치,,,,,,,100g,93,78.2,18.9,1.4,1.4,0.1,-,-,20,1.2,261,-,-,6,6,-,0.05,0.08,4.4,1,-,,-,-,-,-,-,-,-,-,,-,-,-,-,-,-,-,-,-,-,-,-,-,-,-,-,-,,-,,,-,-,,-,-,,-,-,-,-,-,-,-,,,-,,,-,,,,,-,,-,,-,-,-,,,-,,,,,,,-,,,,,,,,,,,,,,,,,,,,,,-,,-,,,,,,,,-,,,,,,,,,,,,,,,,,,,,,,,,,
STD-DB10_2-001394,황매퉁이,S,국가표준식품성분표,,수('09),,어패류 및 그 제품,,황매퉁이,,,,,,,100g,97,77.3,20,1.3,1.3,0.1,-,-,54,0.6,137,-,-,5,5,-,0.1,0.11,3.4,1,-,,-,-,-,-,-,-,-,-,,-,-,-,-,-,-,-,-,-,-,-,-,-,-,-,-,-,,-,,,-,-,,-,-,,-,-,-,-,-,-,-,,,-,,,-,,,,,-,,-,,-,-,-,,,-,,,,,,,-,,,,,,,,,,,,,,,,,,,,,,-,,-,,,,,,,,-,,,,,,,,,,,,,,,,,,,,,,,,,
STD-DB10_2-001395,황새치,S,국가표준식품성분표,,수('82),,어패류 및 그 제품,,황새치,,,,,,,100g,81,81,17,1,1,0,-,-,100,6.2,120,-,-,36,36,-,0.14,0.12,7.2,2,-,,-,-,-,-,-,-,-,-,,-,-,-,-,-,-,-,-,-,-,-,-,-,-,-,-,-,,-,,,-,-,,-,-,,-,-,-,-,-,-,-,,,-,,,-,,,,,-,,-,,-,-,-,,,-,,,,,,,-,,,,,,,,,,,,,,,,,,,,,,-,,-,,,,,,,,-,,,,,,,,,,,,,,,,,,,,,,,,,
STD-DB10_2-001396,"황새치, 구운것",S,국가표준식품성분표,,USDA('18),,어패류 및 그 제품,,"황새치, 구운것",,,,,,,100g,172,68.26000000000001,23.45,7.93,1.71,0,0,0,6,0.45,304,499,97,43,43,0,0.089,0.063,9.254,0,16.6,,1.911,0.056,-,-,-,0.615,1.62,2,,0.417,-,16.6,2.41,2.41,0,0.01,0,0,0,0,0,-,0.1,-,-,-,,-,,,-,-,,-,4.912,,449,-,90,-,168,772,-,,,-,,,-,,,,,-,,-,,22,-,127,,,-,,,,,,,-,,,,,,,,,,,,,,,,,,,,,,1133,,1919,,,,,,,,1088,,,,,,,,,,,,,,,,,,,,,,,,,
STD-DB10_2-001397,"황새치, 젓갈",S,국가표준식품성분표,,식약('96),,어패류 및 그 제품,,"황새치, 젓갈",,,,,,,100g,117,53.1,15.7,4.8,23.7,2.7,-,-,462,2.2,519,467,7683,0,0,0,0.03,0.1,1.3,0,-,,-,-,-,-,-,-,-,-,,-,-,-,-,-,-,-,-,-,-,-,-,-,-,-,-,-,,-,,,-,-,,-,-,,-,-,-,-,-,-,-,,,-,,,-,,,,,-,,-,,-,-,-,,,-,,,,,,,-,,,,,,,,,,,,,,,,,,,,,,-,,-,,,,,,,,-,,,,,,,,,,,,,,,,,,,,,,,,,
STD-DB10_2-001398,황어,S,국가표준식품성분표,,수('09),,어패류 및 그 제품,,황어,,,,,,,100g,95,78.5,18.3,1.8,1.2,0.2,-,-,65,1.5,224,340,45,15,15,-,0.26,0.13,2.6,0,-,,-,-,-,-,-,-,-,-,,-,-,-,-,-,-,-,-,-,-,-,-,-,-,-,-,-,,-,,,-,-,,-,-,,-,-,-,-,-,-,-,,,-,,,-,,,,,-,,-,,-,-,-,,,-,,,,,,,-,,,,,,,,,,,,,,,,,,,,,,-,,-,,,,,,,,-,,,,,,,,,,,,,,,,,,,,,,,,,
STD-DB10_2-001399,"횟대, 빨간횟대",S,국가표준식품성분표,,수('09),,어패류 및 그 제품,,"횟대, 빨간횟대",,,,,,,100g,74,81.09999999999999,17.1,0.1,1.4,0.3,-,0,48,0.8,216,-,-,3,3,-,0.05,0.08,2.5,0,-,,-,-,-,-,-,-,-,-,,-,-,-,-,-,-,-,-,-,-,-,-,-,-,-,-,-,,-,,,-,-,,-,-,,-,-,-,-,-,-,-,,,-,,,-,,,,,-,,-,,-,-,-,,,-,,,,,,,-,,,,,,,,,,,,,,,,,,,,,,-,,-,,,,,,,,-,,,,,,,,,,,,,,,,,,,,,,,,,
STD-DB10_2-001400,히메치,S,국가표준식품성분표,,수('09),,어패류 및 그 제품,,히메치,,,,,,,100g,99,76.7,20.9,1.1,1.3,0,-,-,39,1,212,-,-,6,6,-,0.29,0.14,3.1,1,-,,-,-,-,-,-,-,-,-,,-,-,-,-,-,-,-,-,-,-,-,-,-,-,-,-,-,,-,,,-,-,,-,-,,-,-,-,-,-,-,-,,,-,,,-,,,,,-,,-,,-,-,-,,,-,,,,,,,-,,,,,,,,,,,,,,,,,,,,,,-,,-,,,,,,,,-,,,,,,,,,,,,,,,,,,,,,,,,,
STD-DB10_2-001401,가리비,S,국가표준식품성분표,,수('16),,어패류 및 그 제품,,가리비,,,,,,,100g,80,81.59999999999999,15.18,1.73,1.69,0,0.22,0,65,2.95,110,221,735,-,-,-,0.13,0.1,-,2,0,,0.19,0.02,-,-,0,-,22.9,37,,0,0,0,0.08,0.08,0,0,0,0,0,0,0,-,0,-,0,0.12,,0,,,0,0,,0.1,0.28,,11.17,0,0,1.4,3.1,111.2,1,,,6.4,,,21.23,,,,,0,,3.7,,9.1,1.6,77.40000000000001,,,19.73,,,,,,,3.25,,,,,,,,,,,,,,,,,,,,,,-,,-,,,,,,,,-,,,,,,,,,,,,,,,,,,,,,,,,,
STD-DB10_2-001402,"가리비, 삶은것",S,국가표준식품성분표,,JAPAN('20),,어패류 및 그 제품,,"가리비, 삶은것",,,,,,,100g,89,76.8,17.6,1.9,1.8,1.9,-,(0),24,2.8,250,330,250,34,15,230,0.04,0.29,1.9,2,(0),,0.27,-,-,-,-,0.06,18.0,83,,0.64,-,-,1.7,1.7,0,0,0,-,-,-,-,2,-,-,-,-,,-,,,-,-,,-,0.45,,19,1,0,0,3,45,-,,,4,,,-,,,,,8,,2,,2,1,170,,,-,,,,,,,-,,,,,,,,,,,,,,,,,,,,,,"(2,300)",,"(1,000)",,,,,,,,(600),,,,,,,,,,,,,,,,,,,,,,,,,
STD-DB10_2-001403,"가리비, 말린것",S,국가표준식품성분표,,수('82),,어패류 및 그 제품,,"가리비, 말린것",,,,,,,100g,349,14.1,77.59999999999999,0.4,3.5,4.4,-,-,6,3,85,960,2300,0,0,0,-,-,-,-,-,,-,-,-,-,-,-,-,-,,-,-,-,-,-,-,-,-,-,-,-,-,-,-,-,-,-,,-,,,-,-,,-,-,,-,-,-,-,-,-,-,,,-,,,-,,,,,-,,-,,-,-,-,,,-,,,,,,,-,,,,,,,,,,,,,,,,,,,,,,-,,-,,,,,,,,-,,,,,,,,,,,,,,,,,,,,,,,,,
STD-DB10_2-001404,"가리비, 관자",S,국가표준식품성분표,,JAPAN('20),,어패류 및 그 제품,,"가리비, 관자",,,,,,,100g,82,78.40000000000001,16.9,0.3,1.3,3.5,-,(0),7,0.2,230,380,120,1,1,0,0.01,0.06,1.9,2,0,,0.03,-,-,-,1.7,0.11,1.7,61,,0.28,-,-,0.8,0.8,0,0,0,-,-,-,-,0,-,-,-,-,,-,,,-,-,,-,0.06999999999999999,,5,0,0,0,1,23,-,,,1,,,3,,,,,4,,Tr,,1,Tr,24,,,2,,,,,,,-,,,,,,,,,,,,,,,,,,,,,,2000,,1100,,,,,,,,580,,,,,,,,,,,,,,,,,,,,,,,,,
STD-DB10_2-001405,"가리비, 비단가리비",S,국가표준식품성분표,,수('09),,어패류 및 그 제품,,"가리비, 비단가리비",,,,,,,100g,76,81,14.5,1,2.1,1.4,-,-,61,3.2,163,-,-,tr,tr,tr,0.03,0.32,2.8,1,-,,-,-,-,-,-,-,-,-,,-,-,-,-,-,-,-,-,-,-,-,-,-,-,-,-,-,,-,,,-,-,,-,-,,-,-,-,-,-,-,-,,,-,,,-,,,,,-,,-,,-,-,-,,,-,,,,,,,-,,,,,,,,,,,,,,,,,,,,,,-,,-,,,,,,,,-,,,,,,,,,,,,,,,,,,,,,,,,,
STD-DB10_2-001406,"가리비, 큰가리비",S,국가표준식품성분표,,수('16),,어패류 및 그 제품,,"가리비, 큰가리비",,,,,,,100g,60,85.5,12.3,0.82,2.23,0,0.2,0,31,0.92,113,200,371,-,-,-,0.02,0.25,-,0,0,,0.15,0.02,-,-,0,-,15.28,34,,0.109,0,0,0.12,0.11,0.01,0.01,0,0,0,0,0,-,0,-,0,0.07000000000000001,,0,,,0,0,,0.13,0.3,,11.04,0,0,1.95,3.25,143.3,1.35,,,5.8,,,13.84,,,,,0,,4.55,,12.25,1,78.05,,,16.71,,,,,,,2.23,,,,,,,,,,,,,,,,,,,,,,841,,525,,,,,,,,299,,,,,,,,,,,,,,,,,,,,,,,,,
STD-DB10_2-001407,각시수랑,S,국가표준식품성분표,,수('09),,어패류 및 그 제품,,각시수랑,,,,,,,100g,70,80,15,0.3,3.8,0.9,-,-,29,2.1,107,-,-,-,-,-,-,-,-,-,-,,-,-,-,-,-,-,-,-,,-,-,-,-,-,-,-,-,-,-,-,-,-,-,-,-,-,,-,,,-,-,,-,-,,-,-,-,-,-,-,-,,,-,,,-,,,,,-,,-,,-,-,-,,,-,,,,,,,-,,,,,,,,,,,,,,,,,,,,,,-,,-,,,,,,,,-,,,,,,,,,,,,,,,,,,,,,,,,,
STD-DB10_2-001408,"고둥, 갈색고리돼지고둥",S,국가표준식품성분표,,수('09),,어패류 및 그 제품,,"고둥, 갈색고리돼지고둥",,,,,,,100g,92,76.90000000000001,16.1,0.7,2,4.3,-,-,419,5,122,-,-,-,-,-,-,-,-,-,-,,-,-,-,-,-,-,-,-,,-,-,-,-,-,-,-,-,-,-,-,-,-,-,-,-,-,,-,,,-,-,,-,-,,-,-,-,-,-,-,-,,,-,,,-,,,,,-,,-,,-,-,-,,,-,,,,,,,-,,,,,,,,,,,,,,,,,,,,,,-,,-,,,,,,,,-,,,,,,,,,,,,,,,,,,,,,,,,,
STD-DB10_2-001409,"고둥, 갈색띠매물고둥",S,국가표준식품성분표,,수('09),,어패류 및 그 제품,,"고둥, 갈색띠매물고둥",,,,,,,100g,78,79.2,15.1,0.2,2.5,3,-,0,36,1.6,118,-,-,11,11,-,0.02,0.12,2.9,2,-,,-,-,-,-,-,-,-,-,,-,-,-,-,-,-,-,-,-,-,-,-,-,-,-,-,-,,-,,,-,-,,-,-,,-,-,-,-,-,-,-,,,-,,,-,,,,,-,,-,,-,-,-,,,-,,,,,,,-,,,,,,,,,,,,,,,,,,,,,,-,,-,,,,,,,,-,,,,,,,,,,,,,,,,,,,,,,,,,
STD-DB10_2-001410,"고둥, 관절매물고둥(보라골뱅이)",S,국가표준식품성분표,,수('09),,어패류 및 그 제품,,"고둥, 관절매물고둥(보라골뱅이)",,,,,,,100g,104,74.2,17.7,1.1,2.5,4.5,-,0,94,2.3,117,0,0,1,0,17,0.15,0.24,2.4,1,-,,-,-,-,-,-,-,-,-,,-,-,-,-,-,-,-,-,-,-,-,-,-,-,-,-,-,,-,,,-,-,,-,-,,-,-,-,-,-,-,-,,,-,,,-,,,,,-,,-,,-,-,-,,,-,,,,,,,-,,,,,,,,,,,,,,,,,,,,,,-,,-,,,,,,,,-,,,,,,,,,,,,,,,,,,,,,,,,,
STD-DB10_2-001411,"고둥, 긴고둥(긴뿔고둥)",S,국가표준식품성분표,,수('09),,어패류 및 그 제품,,"고둥, 긴고둥(긴뿔고둥)",,,,,,,100g,118,73.59999999999999,17.2,2.7,1.7,4.8,-,-,122,7.2,177,300,215,4,tr,50,0.06,0.1,3.1,2,-,,-,-,-,-,-,-,-,-,,-,-,-,-,-,-,-,-,-,-,-,-,-,-,-,-,-,,-,,,-,-,,-,-,,-,-,-,-,-,-,-,,,-,,,-,,,,,-,,-,,-,-,-,,,-,,,,,,,-,,,,,,,,,,,,,,,,,,,,,,-,,-,,,,,,,,-,,,,,,,,,,,,,,,,,,,,,,,,,
STD-DB10_2-001412,"고둥, 나팔고둥",S,국가표준식품성분표,,수('09),,어패류 및 그 제품,,"고둥, 나팔고둥",,,,,,,100g,111,73.8,15.9,3,3.4,3.9,-,-,95,5,185,323,217,4,tr,42,0.05,0.2,2.9,2,-,,-,-,-,-,-,-,-,-,,-,-,-,-,-,-,-,-,-,-,-,-,-,-,-,-,-,,-,,,-,-,,-,-,,-,-,-,-,-,-,-,,,-,,,-,,,,,-,,-,,-,-,-,,,-,,,,,,,-,,,,,,,,,,,,,,,,,,,,,,-,,-,,,,,,,,-,,,,,,,,,,,,,,,,,,,,,,,,,
STD-DB10_2-001413,"고둥, 두드럭고둥",S,국가표준식품성분표,,수('09),,어패류 및 그 제품,,"고둥, 두드럭고둥",,,,,,,100g,89,77,14.2,0.7,2.6,5.5,-,-,68,2.1,150,-,-,-,-,-,-,-,-,-,-,,-,-,-,-,-,-,-,-,,-,-,-,-,-,-,-,-,-,-,-,-,-,-,-,-,-,,-,,,-,-,,-,-,,-,-,-,-,-,-,-,,,-,,,-,,,,,-,,-,,-,-,-,,,-,,,,,,,-,,,,,,,,,,,,,,,,,,,,,,-,,-,,,,,,,,-,,,,,,,,,,,,,,,,,,,,,,,,,
STD-DB10_2-001414,"고둥, 매끈이고둥",S,국가표준식품성분표,,수('09),,어패류 및 그 제품,,"고둥, 매끈이고둥",,,,,,,100g,108,72.59999999999999,22.5,0.4,2.2,2.3,-,0,97,2.5,145,-,-,0,0,-,0.04,0.23,1.8,3,-,,-,-,-,-,-,-,-,-,,-,-,-,-,-,-,-,-,-,-,-,-,-,-,-,-,-,,-,,,-,-,,-,-,,-,-,-,-,-,-,-,,,-,,,-,,,,,-,,-,,-,-,-,,,-,,,,,,,-,,,,,,,,,,,,,,,,,,,,,,-,,-,,,,,,,,-,,,,,,,,,,,,,,,,,,,,,,,,,
STD-DB10_2-001415,"고둥, 물레고둥",S,국가표준식품성분표,,수('09),,어패류 및 그 제품,,"고둥, 물레고둥",,,,,,,100g,88,76,17.1,0.3,3.4,3.2,-,0,587,2.1,197,-,-,0,0,-,0.05,0.12,2.2,2,-,,-,-,-,-,-,-,-,-,,-,-,-,-,-,-,-,-,-,-,-,-,-,-,-,-,-,,-,,,-,-,,-,-,,-,-,-,-,-,-,-,,,-,,,-,,,,,-,,-,,-,-,-,,,-,,,,,,,-,,,,,,,,,,,,,,,,,,,,,,-,,-,,,,,,,,-,,,,,,,,,,,,,,,,,,,,,,,,,
STD-DB10_2-001416,"고둥, 민허리돼지고둥",S,국가표준식품성분표,,수('09),,어패류 및 그 제품,,"고둥, 민허리돼지고둥",,,,,,,100g,105,75.7,16.5,2.4,2.2,3.2,-,-,193,7.2,148,-,-,29,25,42,0.07000000000000001,0.26,3.7,2,-,,-,-,-,-,-,-,-,-,,-,-,-,-,-,-,-,-,-,-,-,-,-,-,-,-,-,,-,,,-,-,,-,-,,-,-,-,-,-,-,-,,,-,,,-,,,,,-,,-,,-,-,-,,,-,,,,,,,-,,,,,,,,,,,,,,,,,,,,,,-,,-,,,,,,,,-,,,,,,,,,,,,,,,,,,,,,,,,,
STD-DB10_2-001417,"고둥, 보말고둥",S,국가표준식품성분표,,수('09),,어패류 및 그 제품,,"고둥, 보말고둥",,,,,,,100g,93,78.2,14.6,2.2,2.4,2.6,-,-,240,12.9,165,-,-,4,0,42,0.04,0.2,2.8,2,-,,-,-,-,-,-,-,-,-,,-,-,-,-,-,-,-,-,-,-,-,-,-,-,-,-,-,,-,,,-,-,,-,-,,-,-,-,-,-,-,-,,,-,,,-,,,,,-,,-,,-,-,-,,,-,,,,,,,-,,,,,,,,,,,,,,,,,,,,,,-,,-,,,,,,,,-,,,,,,,,,,,,,,,,,,,,,,,,,
STD-DB10_2-001418,"고둥, 비단고둥",S,국가표준식품성분표,,수('09),,어패류 및 그 제품,,"고둥, 비단고둥",,,,,,,100g,95,75.3,17,1.2,3.7,2.8,-,-,70,25.4,161,-,-,tr,tr,tr,0.03,0.15,2.3,2,-,,-,-,-,-,-,-,-,-,,-,-,-,-,-,-,-,-,-,-,-,-,-,-,-,-,-,,-,,,-,-,,-,-,,-,-,-,-,-,-,-,,,-,,,-,,,,,-,,-,,-,-,-,,,-,,,,,,,-,,,,,,,,,,,,,,,,,,,,,,-,,-,,,,,,,,-,,,,,,,,,,,,,,,,,,,,,,,,,
STD-DB10_2-001419,"고둥, 세고리물레고둥",S,국가표준식품성분표,,수('09),,어패류 및 그 제품,,"고둥, 세고리물레고둥",,,,,,,100g,74,79.2,15,0.1,3.3,2.4,-,-,163,1.6,170,-,-,-,-,-,-,-,-,-,-,,-,-,-,-,-,-,-,-,,-,-,-,-,-,-,-,-,-,-,-,-,-,-,-,-,-,,-,,,-,-,,-,-,,-,-,-,-,-,-,-,,,-,,,-,,,,,-,,-,,-,-,-,,,-,,,,,,,-,,,,,,,,,,,,,,,,,,,,,,-,,-,,,,,,,,-,,,,,,,,,,,,,,,,,,,,,,,,,
STD-DB10_2-001420,"고둥, 위고둥",S,국가표준식품성분표,,수('09),,어패류 및 그 제품,,"고둥, 위고둥",,,,,,,100g,66,83.7,11.2,1.5,2.5,1.1,-,-,144,3.7,161,-,-,4,0,42,0.01,0.09,2,2,-,,-,-,-,-,-,-,-,-,,-,-,-,-,-,-,-,-,-,-,-,-,-,-,-,-,-,,-,,,-,-,,-,-,,-,-,-,-,-,-,-,,,-,,,-,,,,,-,,-,,-,-,-,,,-,,,,,,,-,,,,,,,,,,,,,,,,,,,,,,-,,-,,,,,,,,-,,,,,,,,,,,,,,,,,,,,,,,,,
STD-DB10_2-001421,"고둥, 조각매물고둥",S,국가표준식품성분표,,수('09),,어패류 및 그 제품,,"고둥, 조각매물고둥",,,,,,,100g,127,72.5,17.7,3.6,1.8,4.4,-,-,87,1.8,145,-,-,4,tr,50,0.02,0.1,2.5,2,-,,-,-,-,-,-,-,-,-,,-,-,-,-,-,-,-,-,-,-,-,-,-,-,-,-,-,,-,,,-,-,,-,-,,-,-,-,-,-,-,-,,,-,,,-,,,,,-,,-,,-,-,-,,,-,,,,,,,-,,,,,,,,,,,,,,,,,,,,,,-,,-,,,,,,,,-,,,,,,,,,,,,,,,,,,,,,,,,,
STD-DB10_2-001422,"고둥, 콩깍지고둥",S,국가표준식품성분표,,수('09),,어패류 및 그 제품,,"고둥, 콩깍지고둥",,,,,,,100g,100,74.5,19.7,0.5,2.3,3,-,-,77,2.3,140,-,-,tr,tr,tr,0.03,0.13,1.9,2,-,,-,-,-,-,-,-,-,-,,-,-,-,-,-,-,-,-,-,-,-,-,-,-,-,-,-,,-,,,-,-,,-,-,,-,-,-,-,-,-,-,,,-,,,-,,,,,-,,-,,-,-,-,,,-,,,,,,,-,,,,,,,,,,,,,,,,,,,,,,-,,-,,,,,,,,-,,,,,,,,,,,,,,,,,,,,,,,,,
STD-DB10_2-001423,"고둥, 털탑고둥",S,국가표준식품성분표,,수('09),,어패류 및 그 제품,,"고둥, 털탑고둥",,,,,,,100g,145,67,20.7,3.7,3.1,5.5,-,-,128,3.5,115,-,-,10,5,58,0.02,0.11,3,2,-,,-,-,-,-,-,-,-,-,,-,-,-,-,-,-,-,-,-,-,-,-,-,-,-,-,-,,-,,,-,-,,-,-,,-,-,-,-,-,-,-,,,-,,,-,,,,,-,,-,,-,-,-,,,-,,,,,,,-,,,,,,,,,,,,,,,,,,,,,,-,,-,,,,,,,,-,,,,,,,,,,,,,,,,,,,,,,,,,
STD-DB10_2-001424,"고둥, 피뿔고둥",S,국가표준식품성분표,,수('09),,어패류 및 그 제품,,"고둥, 피뿔고둥",,,,,,,100g,110,71.7,17.9,0.2,2.2,8,-,0,77,3.3,147,-,-,3,3,-,0.04,0.25,2.8,4,-,,-,-,-,-,-,-,-,-,,-,-,-,-,-,-,-,-,-,-,-,-,-,-,-,-,-,,-,,,-,-,,-,-,,-,-,-,-,-,-,-,,,-,,,-,,,,,-,,-,,-,-,-,,,-,,,,,,,-,,,,,,,,,,,,,,,,,,,,,,-,,-,,,,,,,,-,,,,,,,,,,,,,,,,,,,,,,,,,
STD-DB10_2-001425,"굴, 석굴",S,국가표준식품성분표,,식약('96),,어패류 및 그 제품,,"굴, 석굴",,,,,,,100g,64,84.59999999999999,8.9,1.2,1.6,3.7,-,-,43,3.9,125,259,232,16,12,50,0.13,0.18,1.8,5,-,,-,-,-,-,-,-,-,-,,-,-,-,-,-,-,-,-,-,-,-,-,-,-,-,-,-,,-,,,-,-,,-,-,,-,-,-,-,-,-,-,,,-,,,-,,,,,-,,-,,-,-,-,,,-,,,,,,,-,,,,,,,,,,,,,,,,,,,,,,-,,-,,,,,,,,-,,,,,,,,,,,,,,,,,,,,,,,,,
STD-DB10_2-001426,"굴, 참굴",S,국가표준식품성분표,,수('16),,어패류 및 그 제품,,"굴, 참굴",,,,,,,100g,83,80.3,9.66,2.19,2.58,5.27,0.97,0,428,8.720000000000001,159,322,480,-,-,-,0.22,0.124,-,-,0,,0.41,0.06,-,-,12.2,-,28.41,33,,0.543,0,0,0.08,0.08,0,0.01,0,0,0,0,0,-,0,-,0,0,,0,,,0,0.17,,0.28,0.34,,3.6,0,0,1.4,5.4,46.7,0,,,8.699999999999999,,,88.47,,,,,0.4,,4.4,,0,2.8,102.4,,,26.02,,,,,,,12.13,,,,,,,,,,,,,,,,,,,,,,558,,567,,,,,,,,343,,,,,,,,,,,,,,,,,,,,,,,,,
STD-DB10_2-001427,"굴, 토굴",S,국가표준식품성분표,,수('09),,어패류 및 그 제품,,"굴, 토굴",,,,,,,100g,82,80.59999999999999,10.2,1.8,2.1,5.3,-,-,123,3.4,92,-,-,10,10,-,0.2,0.3,3.6,4,-,,-,-,-,-,-,-,-,-,,-,-,-,-,-,-,-,-,-,-,-,-,-,-,-,-,-,,-,,,-,-,,-,-,,-,-,-,-,-,-,-,,,-,,,-,,,,,-,,-,,-,-,-,,,-,,,,,,,-,,,,,,,,,,,,,,,,,,,,,,-,,-,,,,,,,,-,,,,,,,,,,,,,,,,,,,,,,,,,
STD-DB10_2-001428,"굴, 냉동",S,국가표준식품성분표,,수('82),,어패류 및 그 제품,,"굴, 냉동",,,,,,,100g,97,-,10,3.6,-,5.1,-,-,3,-,-,-,-,-,-,-,0.3,0.2,-,5,-,,-,-,-,-,-,-,-,-,,-,-,-,-,-,-,-,-,-,-,-,-,-,-,-,-,-,,-,,,-,-,,-,-,,-,-,-,-,-,-,-,,,-,,,-,,,,,-,,-,,-,-,-,,,-,,,,,,,-,,,,,,,,,,,,,,,,,,,,,,-,,-,,,,,,,,-,,,,,,,,,,,,,,,,,,,,,,,,,
STD-DB10_2-001429,꼬막,S,국가표준식품성분표,,수('09),,어패류 및 그 제품,,꼬막,,,,,,,100g,63,82.90000000000001,12.6,0.3,2.6,1.6,-,0,83,6.8,136,-,-,39,39,-,0.03,0.24,3.4,3,-,,-,-,-,-,-,-,-,-,,-,-,-,-,-,-,-,-,-,-,-,-,-,-,-,-,-,,-,,,-,-,,-,-,,-,-,-,-,-,-,-,,,-,,,-,,,,,-,,-,,-,-,-,,,-,,,,,,,-,,,,,,,,,,,,,,,,,,,,,,-,,-,,,,,,,,-,,,,,,,,,,,,,,,,,,,,,,,,,
STD-DB10_2-001430,"꼬막, 새꼬막",S,국가표준식품성분표,,수('16),,어패류 및 그 제품,,"꼬막, 새꼬막",,,,,,,100g,74,81.3,12.29,1.11,2.43,2.87,0.88,0,68,3.75,124,180,419,-,-,-,0.03,0.05,-,0,0,,0.23,0.03,-,-,15.5,-,45.9,30,,0.569,0,0,0.19,0.18,0,0.05,0,0,0,0,0.02,-,0,-,0,0,,0,,,0,0.25,,0.52,0.17,,7.59,0,0,0.65,3.2,37.5,0.2,,,6.5,,,18.18,,,,,0.15,,4.15,,5.45,0.8,33.05,,,17.17,,,,,,,2.19,,,,,,,,,,,,,,,,,,,,,,565,,647,,,,,,,,367,,,,,,,,,,,,,,,,,,,,,,,,,
STD-DB10_2-001431,다슬기,S,국가표준식품성분표,,수('18),,어패류 및 그 제품,,다슬기,,,,,,,100g,85,78.59999999999999,11.9,1.2,2.6,5.7,-,-,1117,3.3,46,-,-,-,-,-,-,-,-,-,-,,-,-,-,-,-,-,-,-,,-,-,-,-,-,-,-,-,-,-,-,-,-,-,-,-,-,,-,,,-,-,,-,-,,-,-,-,-,-,-,-,,,-,,,-,,,,,-,,-,,-,-,-,,,-,,,,,,,-,,,,,,,,,,,,,,,,,,,,,,-,,-,,,,,,,,-,,,,,,,,,,,,,,,,,,,,,,,,,
STD-DB10_2-001432,"다슬기, 곳체다슬기",S,국가표준식품성분표,,수('18),,어패류 및 그 제품,,"다슬기, 곳체다슬기",,,,,,,100g,71,81.90000000000001,11.6,0.6,1.9,4,-,-,195,1.1,41,-,-,-,-,-,-,-,-,-,-,,-,-,-,-,-,-,-,-,,-,-,-,-,-,-,-,-,-,-,-,-,-,-,-,-,-,,-,,,-,-,,-,-,,-,-,-,-,-,-,-,,,-,,,-,,,,,-,,-,,-,-,-,,,-,,,,,,,-,,,,,,,,,,,,,,,,,,,,,,-,,-,,,,,,,,-,,,,,,,,,,,,,,,,,,,,,,,,,
STD-DB10_2-001433,"다슬기, 띠구슬다슬기",S,국가표준식품성분표,,수('09),,어패류 및 그 제품,,"다슬기, 띠구슬다슬기",,,,,,,100g,117,70.09999999999999,16.9,0.6,2.6,9.800000000000001,-,-,469,6.4,68,-,-,-,-,-,-,-,-,-,-,,-,-,-,-,-,-,-,-,,-,-,-,-,-,-,-,-,-,-,-,-,-,-,-,-,-,,-,,,-,-,,-,-,,-,-,-,-,-,-,-,,,-,,,-,,,,,-,,-,,-,-,-,,,-,,,,,,,-,,,,,,,,,,,,,,,,,,,,,,-,,-,,,,,,,,-,,,,,,,,,,,,,,,,,,,,,,,,,
STD-DB10_2-001434,"다슬기, 염주알다슬기",S,국가표준식품성분표,,수('09),,어패류 및 그 제품,,"다슬기, 염주알다슬기",,,,,,,100g,113,71.3,12.7,1.4,3.4,11.2,-,-,1098,11.2,69,-,-,-,-,-,-,-,-,-,-,,-,-,-,-,-,-,-,-,,-,-,-,-,-,-,-,-,-,-,-,-,-,-,-,-,-,,-,,,-,-,,-,-,,-,-,-,-,-,-,-,,,-,,,-,,,,,-,,-,,-,-,-,,,-,,,,,,,-,,,,,,,,,,,,,,,,,,,,,,-,,-,,,,,,,,-,,,,,,,,,,,,,,,,,,,,,,,,,
STD-DB10_2-001435,"다슬기, 좀주름다슬기",S,국가표준식품성분표,,수('09),,어패류 및 그 제품,,"다슬기, 좀주름다슬기",,,,,,,100g,88,76.7,14,0.5,2.8,6,-,-,865,1.7,46,-,-,-,-,-,-,-,-,-,-,,-,-,-,-,-,-,-,-,,-,-,-,-,-,-,-,-,-,-,-,-,-,-,-,-,-,,-,,,-,-,,-,-,,-,-,-,-,-,-,-,,,-,,,-,,,,,-,,-,,-,-,-,,,-,,,,,,,-,,,,,,,,,,,,,,,,,,,,,,-,,-,,,,,,,,-,,,,,,,,,,,,,,,,,,,,,,,,,
STD-DB10_2-001436,"다슬기, 주름다슬기",S,국가표준식품성분표,,수('09),,어패류 및 그 제품,,"다슬기, 주름다슬기",,,,,,,100g,98,75.7,14.2,1.6,2.9,5.6,-,-,989,8.199999999999999,58,-,-,-,-,-,-,-,-,-,-,,-,-,-,-,-,-,-,-,,-,-,-,-,-,-,-,-,-,-,-,-,-,-,-,-,-,,-,,,-,-,,-,-,,-,-,-,-,-,-,-,,,-,,,-,,,,,-,,-,,-,-,-,,,-,,,,,,,-,,,,,,,,,,,,,,,,,,,,,,-,,-,,,,,,,,-,,,,,,,,,,,,,,,,,,,,,,,,,
STD-DB10_2-001437,"다슬기, 참다슬기",S,국가표준식품성분표,,수('09),,어패류 및 그 제품,,"다슬기, 참다슬기",,,,,,,100g,76,79.5,12.3,0.4,2.9,4.9,-,-,623,2.4,46,-,-,-,-,-,-,-,-,-,-,,-,-,-,-,-,-,-,-,,-,-,-,-,-,-,-,-,-,-,-,-,-,-,-,-,-,,-,,,-,-,,-,-,,-,-,-,-,-,-,-,,,-,,,-,,,,,-,,-,,-,-,-,,,-,,,,,,,-,,,,,,,,,,,,,,,,,,,,,,-,,-,,,,,,,,-,,,,,,,,,,,,,,,,,,,,,,,,,
STD-DB10_2-001438,"담치, 지중해담치",S,국가표준식품성분표,,수('09),,어패류 및 그 제품,,"담치, 지중해담치",,,,,,,100g,54,85.3,8.9,0.5,2.4,2.9,-,-,63,8.6,188,-,-,-,-,-,-,-,-,-,-,,-,-,-,-,-,-,-,-,,-,-,-,-,-,-,-,-,-,-,-,-,-,-,-,-,-,,-,,,-,-,,-,-,,-,-,-,-,-,-,-,,,-,,,-,,,,,-,,-,,-,-,-,,,-,,,,,,,-,,,,,,,,,,,,,,,,,,,,,,-,,-,,,,,,,,-,,,,,,,,,,,,,,,,,,,,,,,,,
STD-DB10_2-001439,"담치, 진주담치",S,국가표준식품성분표,,수('09),,어패류 및 그 제품,,"담치, 진주담치",,,,,,,100g,75,81.2,10.3,1.1,2.3,5.1,-,-,82,6.6,163,-,-,26,22,52,0.02,0.32,3.2,3,-,,-,-,-,-,-,-,-,-,,-,-,-,-,-,-,-,-,-,-,-,-,-,-,-,-,-,,-,,,-,-,,-,-,,-,-,-,-,-,-,-,,,-,,,-,,,,,-,,-,,-,-,-,,,-,,,,,,,-,,,,,,,,,,,,,,,,,,,,,,-,,-,,,,,,,,-,,,,,,,,,,,,,,,,,,,,,,,,,
STD-DB10_2-001440,"담치, 참담치(홍합)",S,국가표준식품성분표,,수('09),,어패류 및 그 제품,,"담치, 참담치(홍합)",,,,,,,100g,82,79.7,13.8,1.2,2.2,3.1,-,-,43,6.1,249,-,-,-,-,-,-,-,-,-,-,,-,-,-,-,-,-,-,-,,-,-,-,-,-,-,-,-,-,-,-,-,-,-,-,-,-,,-,,,-,-,,-,-,,-,-,-,-,-,-,-,,,-,,,-,,,,,-,,-,,-,-,-,,,-,,,,,,,-,,,,,,,,,,,,,,,,,,,,,,-,,-,,,,,,,,-,,,,,,,,,,,,,,,,,,,,,,,,,
STD-DB10_2-001441,대수리,S,국가표준식품성분표,,수('09),,어패류 및 그 제품,,대수리,,,,,,,100g,112,74.3,18.8,2.6,2.4,1.9,-,-,187,3.9,204,-,-,2,tr,25,0.04,0.43,3.2,3,-,,-,-,-,-,-,-,-,-,,-,-,-,-,-,-,-,-,-,-,-,-,-,-,-,-,-,,-,,,-,-,,-,-,,-,-,-,-,-,-,-,,,-,,,-,,,,,-,,-,,-,-,-,,,-,,,,,,,-,,,,,,,,,,,,,,,,,,,,,,-,,-,,,,,,,,-,,,,,,,,,,,,,,,,,,,,,,,,,
STD-DB10_2-001442,"대합, 북방대합",S,국가표준식품성분표,,수('09),,어패류 및 그 제품,,"대합, 북방대합",,,,,,,100g,62,83.8,12,0.8,2.4,1,-,-,98,5.4,162,-,-,0,0,tr,0.01,0.18,2.3,2,-,,-,-,-,-,-,-,-,-,,-,-,-,-,-,-,-,-,-,-,-,-,-,-,-,-,-,,-,,,-,-,,-,-,,-,-,-,-,-,-,-,,,-,,,-,,,,,-,,-,,-,-,-,,,-,,,,,,,-,,,,,,,,,,,,,,,,,,,,,,-,,-,,,,,,,,-,,,,,,,,,,,,,,,,,,,,,,,,,
STD-DB10_2-001443,바지락,S,국가표준식품성분표,,수('16),,어패류 및 그 제품,,바지락,,,,,,,100g,74,80.40000000000001,12.27,0.93,3.2,3.2,0.75,0,70,2.68,129,121,383,-,-,-,0.04,0.3,-,2,0,,0.23,0.03,-,-,0,-,74.01000000000001,32,,0.412,0,0,0.42,0.42,0,0.04,0,0,0,0,0.02,-,0,-,0,0,,0,,,0,0.22,,0.4,0.34,,11.12,0,0,3.75,14.7,139.75,1.45,,,2.15,,,21.03,,,,,0.5,,2.75,,15.55,2,72.5,,,20.13,,,,,,,1.98,,,,,,,,,,,,,,,,,,,,,,382,,271,,,,,,,,291,,,,,,,,,,,,,,,,,,,,,,,,,
STD-DB10_2-001444,"바지락, 양식",S,국가표준식품성분표,,수('89),,어패류 및 그 제품,,"바지락, 양식",,,,,,,100g,68,82.2,13,1.1,3,0.7,-,-,90,13.3,185,230,370,12,9,30,0.04,0.15,2.4,2,-,,-,-,-,-,-,-,-,-,,-,-,-,-,-,-,-,-,-,-,-,-,-,-,-,-,-,,-,,,-,-,,-,-,,-,-,-,-,-,-,-,,,-,,,-,,,,,-,,-,,-,-,-,,,-,,,,,,,-,,,,,,,,,,,,,,,,,,,,,,-,,-,,,,,,,,-,,,,,,,,,,,,,,,,,,,,,,,,,
STD-DB10_2-001445,"바지락, 말린것",S,국가표준식품성분표,,수('09),,어패류 및 그 제품,,"바지락, 말린것",,,,,,,100g,347,10.4,74,3.7,11.9,0,-,-,-,-,-,-,-,-,-,-,-,-,-,-,-,,-,-,-,-,-,-,-,-,,-,-,-,-,-,-,-,-,-,-,-,-,-,-,-,-,-,,-,,,-,-,,-,-,,-,-,-,-,-,-,-,,,-,,,-,,,,,-,,-,,-,-,-,,,-,,,,,,,-,,,,,,,,,,,,,,,,,,,,,,-,,-,,,,,,,,-,,,,,,,,,,,,,,,,,,,,,,,,,
STD-DB10_2-001446,"바지락, 젓갈",S,국가표준식품성분표,,수('09),,어패류 및 그 제품,,"바지락, 젓갈",,,,,,,100g,51,76.5,8.5,1,12.5,1.5,-,-,112,16.9,117,-,-,6,3,35,0.02,0.1,2,1,-,,-,-,-,-,-,-,-,-,,-,-,-,-,-,-,-,-,-,-,-,-,-,-,-,-,-,,-,,,-,-,,-,-,,-,-,-,-,-,-,-,,,-,,,-,,,,,-,,-,,-,-,-,,,-,,,,,,,-,,,,,,,,,,,,,,,,,,,,,,-,,-,,,,,,,,-,,,,,,,,,,,,,,,,,,,,,,,,,
STD-DB10_2-001447,백합,S,국가표준식품성분표,,수('09),,어패류 및 그 제품,,백합,,,,,,,100g,74,79.90000000000001,11.7,1,3.8,3.6,-,-,161,11.9,133,-,-,0,0,tr,0.03,0.22,3.4,3,-,,-,-,-,-,-,-,-,-,,-,-,-,-,-,-,-,-,-,-,-,-,-,-,-,-,-,,-,,,-,-,,-,-,,-,-,-,-,-,-,-,,,-,,,-,,,,,-,,-,,-,-,-,,,-,,,,,,,-,,,,,,,,,,,,,,,,,,,,,,-,,-,,,,,,,,-,,,,,,,,,,,,,,,,,,,,,,,,,
STD-DB10_2-001448,"백합, 삶은것",S,국가표준식품성분표,,JAPAN('20),,어패류 및 그 제품,,"백합, 삶은것",,,,,,,100g,79,78.59999999999999,14.9,1.5,2.3,2.9,-,(0),130,3.9,190,180,490,16,12,50,0.15,0.27,1.6,1,(0),,0.19,-,-,-,-,0.05,20.0,23,,0.45,-,-,2.8,2.8,0,0,0,-,-,-,-,1,-,-,-,-,,-,,,-,-,,-,0.4,,25,1,0,0,17,100,-,,,6,,,-,,,,,27,,8,,12,3,72,,,-,,,,,,,-,,,,,,,,,,,,,,,,,,,,,,(740),,(920),,,,,,,,(560),,,,,,,,,,,,,,,,,,,,,,,,,
STD-DB10_2-001449,"백합, 구운것",S,국가표준식품성분표,,JAPAN('20),,어패류 및 그 제품,,"백합, 구운것",,,,,,,100g,70,79.8,13.3,1,3.1,2.8,-,(0),140,3.3,140,230,770,16,12,48,0.13,0.29,1.9,2,(0),,0.13,-,-,-,-,0.12,33.0,27,,0.57,-,-,2.3,2.3,0,0,0,-,-,-,-,Tr,-,-,-,-,,-,,,-,-,,-,0.26,,17,1,0,0,11,66,-,,,4,,,-,,,,,18,,5,,8,2,48,,,-,,,,,,,-,,,,,,,,,,,,,,,,,,,,,,(660),,(820),,,,,,,,(500),,,,,,,,,,,,,,,,,,,,,,,,,
STD-DB10_2-001450,"백합, 말백합",S,국가표준식품성분표,,수('09),,어패류 및 그 제품,,"백합, 말백합",,,,,,,100g,58,84.3,10.1,0.5,2.6,2.5,-,-,92,2.4,151,-,-,-,-,-,-,-,-,-,-,,-,-,-,-,-,-,-,-,,-,-,-,-,-,-,-,-,-,-,-,-,-,-,-,-,-,,-,,,-,-,,-,-,,-,-,-,-,-,-,-,,,-,,,-,,,,,-,,-,,-,-,-,,,-,,,,,,,-,,,,,,,,,,,,,,,,,,,,,,-,,-,,,,,,,,-,,,,,,,,,,,,,,,,,,,,,,,,,
STD-DB10_2-001451,소라,S,국가표준식품성분표,,수('09),,어패류 및 그 제품,,소라,,,,,,,100g,107,72.5,20.7,0.3,2.5,4,-,0,92,8.199999999999999,185,-,-,0,0,-,0.04,0.23,1.7,1,-,,-,-,-,-,-,-,-,-,,-,-,-,-,-,-,-,-,-,-,-,-,-,-,-,-,-,,-,,,-,-,,-,-,,-,-,-,-,-,-,-,,,-,,,-,,,,,-,,-,,-,-,-,,,-,,,,,,,-,,,,,,,,,,,,,,,,,,,,,,-,,-,,,,,,,,-,,,,,,,,,,,,,,,,,,,,,,,,,
STD-DB10_2-001452,수랑,S,국가표준식품성분표,,수('09),,어패류 및 그 제품,,수랑,,,,,,,100g,86,78.8,15.9,0.7,1.7,2.9,-,-,57,1.8,176,320,220,tr,tr,tr,0.03,0.15,1.5,2,-,,-,-,-,-,-,-,-,-,,-,-,-,-,-,-,-,-,-,-,-,-,-,-,-,-,-,,-,,,-,-,,-,-,,-,-,-,-,-,-,-,,,-,,,-,,,,,-,,-,,-,-,-,,,-,,,,,,,-,,,,,,,,,,,,,,,,,,,,,,-,,-,,,,,,,,-,,,,,,,,,,,,,,,,,,,,,,,,,
STD-DB10_2-001453,오분자기,S,국가표준식품성분표,,수('09),,어패류 및 그 제품,,오분자기,,,,,,,100g,95,78.09999999999999,13.3,2.1,1.9,4.6,-,-,89,4.7,123,-,-,tr,tr,tr,0.13,0.17,1.1,3,-,,-,-,-,-,-,-,-,-,,-,-,-,-,-,-,-,-,-,-,-,-,-,-,-,-,-,,-,,,-,-,,-,-,,-,-,-,-,-,-,-,,,-,,,-,,,,,-,,-,,-,-,-,,,-,,,,,,,-,,,,,,,,,,,,,,,,,,,,,,-,,-,,,,,,,,-,,,,,,,,,,,,,,,,,,,,,,,,,
STD-DB10_2-001454,"우렁이, 논우렁이",S,국가표준식품성분표,,수('82),,어패류 및 그 제품,,"우렁이, 논우렁이",,,,,,,100g,73,80.59999999999999,10.5,1.4,3.7,3.8,-,-,1202,5.8,87,170,81,-,-,-,0.34,0.34,-,0,-,,-,-,-,-,-,-,-,-,,-,-,-,-,-,-,-,-,-,-,-,-,-,-,-,-,-,,-,,,-,-,,-,-,,-,-,-,-,-,-,-,,,-,,,-,,,,,-,,-,,-,-,-,,,-,,,,,,,-,,,,,,,,,,,,,,,,,,,,,,-,,-,,,,,,,,-,,,,,,,,,,,,,,,,,,,,,,,,,
STD-DB10_2-001455,"우렁이, 왕우렁",S,국가표준식품성분표,,수('09),,어패류 및 그 제품,,"우렁이, 왕우렁",,,,,,,100g,66,83.09999999999999,10.6,0.9,2.3,3.1,-,-,1567,16.8,127,-,-,60,13,568,0.16,0.27,3,2,-,,-,-,-,-,-,-,-,-,,-,-,-,-,-,-,-,-,-,-,-,-,-,-,-,-,-,,-,,,-,-,,-,-,,-,-,-,-,-,-,-,,,-,,,-,,,,,-,,-,,-,-,-,,,-,,,,,,,-,,,,,,,,,,,,,,,,,,,,,,-,,-,,,,,,,,-,,,,,,,,,,,,,,,,,,,,,,,,,
STD-DB10_2-001456,"우렁이, 큰구슬우렁이(골뱅이)",S,국가표준식품성분표,,수('09),,어패류 및 그 제품,,"우렁이, 큰구슬우렁이(골뱅이)",,,,,,,100g,71,79.90000000000001,17.4,0.1,2.3,0.3,-,-,46,2.6,147,-,-,55,0,658,0.03,0.12,2.3,1,-,,-,-,-,-,-,-,-,-,,-,-,-,-,-,-,-,-,-,-,-,-,-,-,-,-,-,,-,,,-,-,,-,-,,-,-,-,-,-,-,-,,,-,,,-,,,,,-,,-,,-,-,-,,,-,,,,,,,-,,,,,,,,,,,,,,,,,,,,,,-,,-,,,,,,,,-,,,,,,,,,,,,,,,,,,,,,,,,,
STD-DB10_2-001457,큰우슬우렁이(골뱅이) 무침,S,국가표준식품성분표,,식약('11),,어패류 및 그 제품,,큰우슬우렁이(골뱅이) 무침,,,,,,,100g,109,73.40000000000001,7.1,2,1.8,15.7,-,3.7,38,6.9,72,224,526,69,0,829,0.1,0.15,1.4,0,-,,-,-,-,-,-,-,-,-,,-,-,-,-,-,-,-,-,-,-,-,-,-,-,-,-,-,,-,,,-,-,,-,-,,-,-,-,-,-,-,-,,,-,,,-,,,,,-,,-,,-,-,-,,,-,,,,,,,-,,,,,,,,,,,,,,,,,,,,,,-,,-,,,,,,,,-,,,,,,,,,,,,,,,,,,,,,,,,,
STD-DB10_2-001458,"우렁이, 큰논우렁이",S,국가표준식품성분표,,수('09),,어패류 및 그 제품,,"우렁이, 큰논우렁이",,,,,,,100g,71,80.40000000000001,9.800000000000001,1,3.9,4.9,-,0,1003,17.1,115,-,-,15,15,-,0.2,0.39,2.3,1,-,,-,-,-,-,-,-,-,-,,-,-,-,-,-,-,-,-,-,-,-,-,-,-,-,-,-,,-,,,-,-,,-,-,,-,-,-,-,-,-,-,,,-,,,-,,,,,-,,-,,-,-,-,,,-,,,,,,,-,,,,,,,,,,,,,,,,,,,,,,-,,-,,,,,,,,-,,,,,,,,,,,,,,,,,,,,,,,,,
STD-DB10_2-001459,재첩,S,국가표준식품성분표,,수('09),,어패류 및 그 제품,,재첩,,,,,,,100g,94,77.5,12.5,1.9,2.3,5.8,-,-,181,21,213,210,390,4,0,45,0.09,0.21,2.6,2,-,,-,-,-,-,-,-,-,-,,-,-,-,-,-,-,-,-,-,-,-,-,-,-,-,-,-,,-,,,-,-,,-,-,,-,-,-,-,-,-,-,,,-,,,-,,,,,-,,-,,-,-,-,,,-,,,,,,,-,,,,,,,,,,,,,,,,,,,,,,-,,-,,,,,,,,-,,,,,,,,,,,,,,,,,,,,,,,,,
STD-DB10_2-001460,"조개, 가무락조개",S,국가표준식품성분표,,수('09),,어패류 및 그 제품,,"조개, 가무락조개",,,,,,,100g,77,79.90000000000001,14.1,0.6,2.6,2.8,-,0,54,2.4,197,-,-,9,9,-,0.05,0.26,1.8,2,-,,-,-,-,-,-,-,-,-,,-,-,-,-,-,-,-,-,-,-,-,-,-,-,-,-,-,,-,,,-,-,,-,-,,-,-,-,-,-,-,-,,,-,,,-,,,,,-,,-,,-,-,-,,,-,,,,,,,-,,,,,,,,,,,,,,,,,,,,,,-,,-,,,,,,,,-,,,,,,,,,,,,,,,,,,,,,,,,,
STD-DB10_2-001461,"조개, 개량조개(명주조개)",S,국가표준식품성분표,,수('09),,어패류 및 그 제품,,"조개, 개량조개(명주조개)",,,,,,,100g,62,84,12,0.7,2.2,1.1,-,-,65,11,155,260,380,15,12,40,0.02,0.15,1,3,-,,-,-,-,-,-,-,-,-,,-,-,-,-,-,-,-,-,-,-,-,-,-,-,-,-,-,,-,,,-,-,,-,-,,-,-,-,-,-,-,-,,,-,,,-,,,,,-,,-,,-,-,-,,,-,,,,,,,-,,,,,,,,,,,,,,,,,,,,,,-,,-,,,,,,,,-,,,,,,,,,,,,,,,,,,,,,,,,,
STD-DB10_2-001462,"조개, 개조개",S,국가표준식품성분표,,수('09),,어패류 및 그 제품,,"조개, 개조개",,,,,,,100g,64,82.59999999999999,10.9,0.6,2.9,3,-,0,83,6,158,-,-,0,0,-,0.02,0.2,1.5,2,-,,-,-,-,-,-,-,-,-,,-,-,-,-,-,-,-,-,-,-,-,-,-,-,-,-,-,,-,,,-,-,,-,-,,-,-,-,-,-,-,-,,,-,,,-,,,,,-,,-,,-,-,-,,,-,,,,,,,-,,,,,,,,,,,,,,,,,,,,,,-,,-,,,,,,,,-,,,,,,,,,,,,,,,,,,,,,,,,,
STD-DB10_2-001463,"조개, 맛조개",S,국가표준식품성분표,,식약('96),,어패류 및 그 제품,,"조개, 맛조개",,,,,,,100g,56,85.2,9.699999999999999,1,2.8,1.3,-,-,166,5.5,123,151,303,16,10,68,0.02,0.16,1.5,1,-,,-,-,-,-,-,-,-,-,,-,-,-,-,-,-,-,-,-,-,-,-,-,-,-,-,-,,-,,,-,-,,-,-,,-,-,-,-,-,-,-,,,-,,,-,,,,,-,,-,,-,-,-,,,-,,,,,,,-,,,,,,,,,,,,,,,,,,,,,,-,,-,,,,,,,,-,,,,,,,,,,,,,,,,,,,,,,,,,
STD-DB10_2-001464,"조개, 살조개",S,국가표준식품성분표,,수('09),,어패류 및 그 제품,,"조개, 살조개",,,,,,,100g,89,78.40000000000001,14.2,1.5,2.3,3.6,-,-,145,14.4,197,-,-,9,8,10,0.04,0.22,3.7,3,-,,-,-,-,-,-,-,-,-,,-,-,-,-,-,-,-,-,-,-,-,-,-,-,-,-,-,,-,,,-,-,,-,-,,-,-,-,-,-,-,-,,,-,,,-,,,,,-,,-,,-,-,-,,,-,,,,,,,-,,,,,,,,,,,,,,,,,,,,,,-,,-,,,,,,,,-,,,,,,,,,,,,,,,,,,,,,,,,,
STD-DB10_2-001465,"조개, 새조개",S,국가표준식품성분표,,수('09),,어패류 및 그 제품,,"조개, 새조개",,,,,,,100g,114,73.90000000000001,21.5,1.9,1.4,1.3,-,-,32,3.7,131,190,100,0,0,tr,0.1,0.11,2.7,2,-,,-,-,-,-,-,-,-,-,,-,-,-,-,-,-,-,-,-,-,-,-,-,-,-,-,-,,-,,,-,-,,-,-,,-,-,-,-,-,-,-,,,-,,,-,,,,,-,,-,,-,-,-,,,-,,,,,,,-,,,,,,,,,,,,,,,,,,,,,,-,,-,,,,,,,,-,,,,,,,,,,,,,,,,,,,,,,,,,
STD-DB10_2-001466,"조개, 왕우럭조개",S,국가표준식품성분표,,수('09),,어패류 및 그 제품,,"조개, 왕우럭조개",,,,,,,100g,101,76.59999999999999,16.4,2.2,2.1,2.7,-,-,85,6.3,189,420,330,15,12,40,0.02,0.14,3,2,-,,-,-,-,-,-,-,-,-,,-,-,-,-,-,-,-,-,-,-,-,-,-,-,-,-,-,,-,,,-,-,,-,-,,-,-,-,-,-,-,-,,,-,,,-,,,,,-,,-,,-,-,-,,,-,,,,,,,-,,,,,,,,,,,,,,,,,,,,,,-,,-,,,,,,,,-,,,,,,,,,,,,,,,,,,,,,,,,,
STD-DB10_2-001467,"조개, 우럭",S,국가표준식품성분표,,수('09),,어패류 및 그 제품,,"조개, 우럭",,,,,,,100g,99,76.8,16.3,2,2.2,2.7,-,-,56,4.1,154,400,89,13,10,36,0.02,0.13,2.6,2,-,,-,-,-,-,-,-,-,-,,-,-,-,-,-,-,-,-,-,-,-,-,-,-,-,-,-,,-,,,-,-,,-,-,,-,-,-,-,-,-,-,,,-,,,-,,,,,-,,-,,-,-,-,,,-,,,,,,,-,,,,,,,,,,,,,,,,,,,,,,-,,-,,,,,,,,-,,,,,,,,,,,,,,,,,,,,,,,,,
STD-DB10_2-001468,"조개, 접시조개(비단조개)",S,국가표준식품성분표,,수('09),,어패류 및 그 제품,,"조개, 접시조개(비단조개)",,,,,,,100g,68,82.59999999999999,11.9,0.6,1.9,3,-,-,64,5.8,191,-,-,0,0,tr,0.03,0.15,1.9,2,-,,-,-,-,-,-,-,-,-,,-,-,-,-,-,-,-,-,-,-,-,-,-,-,-,-,-,,-,,,-,-,,-,-,,-,-,-,-,-,-,-,,,-,,,-,,,,,-,,-,,-,-,-,,,-,,,,,,,-,,,,,,,,,,,,,,,,,,,,,,-,,-,,,,,,,,-,,,,,,,,,,,,,,,,,,,,,,,,,
STD-DB10_2-001469,"조개, 진주조개",S,국가표준식품성분표,,수('09),,어패류 및 그 제품,,"조개, 진주조개",,,,,,,100g,56,85.3,10.1,0.9,2.6,1.1,-,-,94,2.6,124,-,-,tr,tr,tr,0.03,0.1,2.1,2,-,,-,-,-,-,-,-,-,-,,-,-,-,-,-,-,-,-,-,-,-,-,-,-,-,-,-,,-,,,-,-,,-,-,,-,-,-,-,-,-,-,,,-,,,-,,,,,-,,-,,-,-,-,,,-,,,,,,,-,,,,,,,,,,,,,,,,,,,,,,-,,-,,,,,,,,-,,,,,,,,,,,,,,,,,,,,,,,,,
STD-DB10_2-001470,"조개, 키조개",S,국가표준식품성분표,,수('09),,어패류 및 그 제품,,"조개, 키조개",,,,,,,100g,57,86.5,10.3,1.1,1.3,0.8,-,-,38,8.199999999999999,128,260,260,4,0,50,0.04,0.14,1.8,2,-,,-,-,-,-,-,-,-,-,,-,-,-,-,-,-,-,-,-,-,-,-,-,-,-,-,-,,-,,,-,-,,-,-,,-,-,-,-,-,-,-,,,-,,,-,,,,,-,,-,,-,-,-,,,-,,,,,,,-,,,,,,,,,,,,,,,,,,,,,,-,,-,,,,,,,,-,,,,,,,,,,,,,,,,,,,,,,,,,
STD-DB10_2-001471,"조개, 펄조개",S,국가표준식품성분표,,수('09),,어패류 및 그 제품,,"조개, 펄조개",,,,,,,100g,74,81.40000000000001,9.4,1,2.2,6,-,-,266,18.2,350,-,-,2,tr,25,0.03,0.23,2.1,2,-,,-,-,-,-,-,-,-,-,,-,-,-,-,-,-,-,-,-,-,-,-,-,-,-,-,-,,-,,,-,-,,-,-,,-,-,-,-,-,-,-,,,-,,,-,,,,,-,,-,,-,-,-,,,-,,,,,,,-,,,,,,,,,,,,,,,,,,,,,,-,,-,,,,,,,,-,,,,,,,,,,,,,,,,,,,,,,,,,
STD-DB10_2-001472,"조개, 피조개",S,국가표준식품성분표,,수('09),,어패류 및 그 제품,,"조개, 피조개",,,,,,,100g,66,82.59999999999999,11.6,0.6,2.5,2.7,-,-,36,3.7,140,-,-,39,33,68,0.17,0.2,2.8,3,-,,-,-,-,-,-,-,-,-,,-,-,-,-,-,-,-,-,-,-,-,-,-,-,-,-,-,,-,,,-,-,,-,-,,-,-,-,-,-,-,-,,,-,,,-,,,,,-,,-,,-,-,-,,,-,,,,,,,-,,,,,,,,,,,,,,,,,,,,,,-,,-,,,,,,,,-,,,,,,,,,,,,,,,,,,,,,,,,,
STD-DB10_2-001473,"조개, 젓갈",S,국가표준식품성분표,,농진청('19),,어패류 및 그 제품,,"조개, 젓갈",,,,,,,100g,71,69.3,10.83,0.63,13.75,5.45,0.25,0,44,12.38,127,174,3797,6,0,68,0.035,0.182,0.767,0,0,,0.21,0.02,0,0.767,1.49,0.106,26.81,18,,0.398,0,0,0.15,0.15,0,0,0,0,0,0,0,0,0,0,0,0,,0,,,0,0.25,,0,0.28,,7.09,0,0,4.3,12.77,66.61,0,,,7.32,,,24.8,,,,,0,,5.11,,19.78,0,77.98,,,16.69,,,,,,,0,,,,,,,,,,,,,,,,,,,,,,480,,524,,,,,,,,325,,,,,,,,,,,,,,,,,,,,,,,,,
STD-DB10_2-001474,"가재, 갯가재",S,국가표준식품성분표,,수('08),,어패류 및 그 제품,,"가재, 갯가재",,,,,,,100g,87,79.3,16.1,1.7,2.1,0.8,-,-,149,1.2,238,-,-,0,0,0,0.26,0.1,2.2,0,-,,-,-,-,-,-,-,-,-,,-,-,-,-,-,-,-,-,-,-,-,-,-,-,-,-,-,,-,,,-,-,,-,-,,-,-,-,-,-,-,-,,,-,,,-,,,,,-,,-,,-,-,-,,,-,,,,,,,-,,,,,,,,,,,,,,,,,,,,,,-,,-,,,,,,,,-,,,,,,,,,,,,,,,,,,,,,,,,,
STD-DB10_2-001475,"가재, 바닷가재",S,국가표준식품성분표,,USDA('18),,어패류 및 그 제품,,"가재, 바닷가재",,,,,,,100g,77,82.23999999999999,15.97,0.95,1.34,0,0,0,27,0.84,256,302,58,16,16,0,0.07000000000000001,0.032,2.208,1.2,0,,0.159,-,-,-,-,0.108,2,37,,0.546,-,0,2.85,2.85,-,-,-,-,-,-,-,-,0.1,-,-,-,,-,,,-,-,,-,0.467,,10,-,-,-,10,38,-,,,-,,,-,,,,,-,,-,,-,-,104,,,-,,,,,,,-,,,,,,,,,,,,,,,,,,,,,,961,,1265,,,,,,,,772,,,,,,,,,,,,,,,,,,,,,,,,,
STD-DB10_2-001476,개불,S,국가표준식품성분표,,수('89),,어패류 및 그 제품,,개불,,,,,,,100g,53,85.3,10.5,0.2,2.4,1.6,-,0,29,5.5,144,-,-,0,0,-,0.05,0.12,2.2,2,-,,-,-,-,-,-,-,-,-,,-,-,-,-,-,-,-,-,-,-,-,-,-,-,-,-,-,,-,,,-,-,,-,-,,-,-,-,-,-,-,-,,,-,,,-,,,,,-,,-,,-,-,-,,,-,,,,,,,-,,,,,,,,,,,,,,,,,,,,,,-,,-,,,,,,,,-,,,,,,,,,,,,,,,,,,,,,,,,,
STD-DB10_2-001477,"게, 꽃게",S,국가표준식품성분표,,수('16),,어패류 및 그 제품,,"게, 꽃게",,,,,,,100g,77,80.59999999999999,16.19,0.7,2.08,0.43,0.41,0,127,0.74,137,216,418,-,-,-,0.04,0.12,-,0,0,,0.17,0.01,-,-,98.20999999999999,-,4.3,13,,2.014,0,0,0.6899999999999999,0.6899999999999999,0,0.01,0,0,0,0,0,-,0,-,0,0,,0,,,0,0.08,,0.33,0.45,,3.64,0,0,1.7,16.7,118.7,1.2,,,11,,,33.71,,,,,0,,2.7,,6.6,0.9,157.6,,,58.37,,,,,,,3.1,,,,,,,,,,,,,,,,,,,,,,1095,,1088,,,,,,,,660,,,,,,,,,,,,,,,,,,,,,,,,,
STD-DB10_2-001478,"게, 닭게",S,국가표준식품성분표,,수('09),,어패류 및 그 제품,,"게, 닭게",,,,,,,100g,69,82.3,15.2,0.5,1.9,0.1,-,-,95,0.8,179,-,-,-,-,-,0.2,0.37,6.6,tr,-,,-,-,-,-,-,-,-,-,,-,-,-,-,-,-,-,-,-,-,-,-,-,-,-,-,-,,-,,,-,-,,-,-,,-,-,-,-,-,-,-,,,-,,,-,,,,,-,,-,,-,-,-,,,-,,,,,,,-,,,,,,,,,,,,,,,,,,,,,,-,,-,,,,,,,,-,,,,,,,,,,,,,,,,,,,,,,,,,
STD-DB10_2-001479,"게, 대게",S,국가표준식품성분표,,수('09),,어패류 및 그 제품,,"게, 대게",,,,,,,100g,85,79.7,17.4,1,1.4,0.5,-,-,158,0.5,114,-,475,1,0,9,0.02,0.06,0.8,0,-,,-,-,-,-,-,-,-,-,,-,-,-,-,-,-,-,-,-,-,-,-,-,-,-,-,-,,-,,,-,-,,-,-,,-,-,-,-,-,-,-,,,-,,,-,,,,,-,,-,,-,-,-,,,-,,,,,,,-,,,,,,,,,,,,,,,,,,,,,,-,,-,,,,,,,,-,,,,,,,,,,,,,,,,,,,,,,,,,
STD-DB10_2-001480,"게, 민꽃게",S,국가표준식품성분표,,수('09),,어패류 및 그 제품,,"게, 민꽃게",,,,,,,100g,86,79.3,14.8,1.6,2.3,2,-,-,79,1.9,239,-,-,-,-,-,-,-,-,-,-,,-,-,-,-,-,-,-,-,,-,-,-,-,-,-,-,-,-,-,-,-,-,-,-,-,-,,-,,,-,-,,-,-,,-,-,-,-,-,-,-,,,-,,,-,,,,,-,,-,,-,-,-,,,-,,,,,,,-,,,,,,,,,,,,,,,,,,,,,,-,,-,,,,,,,,-,,,,,,,,,,,,,,,,,,,,,,,,,
STD-DB10_2-001481,"게, 방게",S,국가표준식품성분표,,수('86),,어패류 및 그 제품,,"게, 방게",,,,,,,100g,66,76.90000000000001,11.9,1.3,9,0.9,-,-,4668,4.8,295,165,134,0,0,0,0.03,0.09,1.7,0,-,,-,-,-,-,-,-,-,-,,-,-,-,-,-,-,-,-,-,-,-,-,-,-,-,-,-,,-,,,-,-,,-,-,,-,-,-,-,-,-,-,,,-,,,-,,,,,-,,-,,-,-,-,,,-,,,,,,,-,,,,,,,,,,,,,,,,,,,,,,-,,-,,,,,,,,-,,,,,,,,,,,,,,,,,,,,,,,,,
STD-DB10_2-001482,"게, 붉은대게",S,국가표준식품성분표,,수('09),,어패류 및 그 제품,,"게, 붉은대게",,,,,,,100g,48,87,10.5,0.3,1.9,0.3,-,-,211,1.5,312,-,-,-,-,-,-,-,-,-,-,,-,-,-,-,-,-,-,-,,-,-,-,-,-,-,-,-,-,-,-,-,-,-,-,-,-,,-,,,-,-,,-,-,,-,-,-,-,-,-,-,,,-,,,-,,,,,-,,-,,-,-,-,,,-,,,,,,,-,,,,,,,,,,,,,,,,,,,,,,-,,-,,,,,,,,-,,,,,,,,,,,,,,,,,,,,,,,,,
STD-DB10_2-001483,"게, 왕게",S,국가표준식품성분표,,수('09),,어패류 및 그 제품,,"게, 왕게",,,,,,,100g,67,83,13.7,0.7,2,0.6,-,-,69,2.1,159,370,550,0,0,0,0.04,0.08,2,-,-,,-,-,-,-,-,-,-,-,,-,-,-,-,-,-,-,-,-,-,-,-,-,-,-,-,-,,-,,,-,-,,-,-,,-,-,-,-,-,-,-,,,-,,,-,,,,,-,,-,,-,-,-,,,-,,,,,,,-,,,,,,,,,,,,,,,,,,,,,,-,,-,,,,,,,,-,,,,,,,,,,,,,,,,,,,,,,,,,
STD-DB10_2-001484,"게, 주름송편게",S,국가표준식품성분표,,수('09),,어패류 및 그 제품,,"게, 주름송편게",,,,,,,100g,87,78.40000000000001,18.8,0.3,1.4,1.1,-,-,66,0.6,239,-,-,-,-,-,-,-,-,-,-,,-,-,-,-,-,-,-,-,,-,-,-,-,-,-,-,-,-,-,-,-,-,-,-,-,-,,-,,,-,-,,-,-,,-,-,-,-,-,-,-,,,-,,,-,,,,,-,,-,,-,-,-,,,-,,,,,,,-,,,,,,,,,,,,,,,,,,,,,,-,,-,,,,,,,,-,,,,,,,,,,,,,,,,,,,,,,,,,
STD-DB10_2-001485,"게, 참게",S,국가표준식품성분표,,수('09),,어패류 및 그 제품,,"게, 참게",,,,,,,100g,175,70.7,14.4,12,2.7,0.2,-,-,359,11.4,440,-,-,200,200,0,0.04,0.25,3,1,-,,-,-,-,-,-,-,-,-,,-,-,-,-,-,-,-,-,-,-,-,-,-,-,-,-,-,,-,,,-,-,,-,-,,-,-,-,-,-,-,-,,,-,,,-,,,,,-,,-,,-,-,-,,,-,,,,,,,-,,,,,,,,,,,,,,,,,,,,,,-,,-,,,,,,,,-,,,,,,,,,,,,,,,,,,,,,,,,,
STD-DB10_2-001486,"게맛살, 어육함량이 낮은것",S,국가표준식품성분표,,농진청('19),,어패류 및 그 제품,,"게맛살, 어육함량이 낮은것",,,,,,,100g,119,69.2,7.7,1.12,2.57,19.45,3.48,0,303,0.26,72,41,668,1,0,12,0.034,0.013,0.342,0,0,,0.24,0.01,0.342,0,0.12,0.169,0.32,7,,0.21,0,0,0.19,0.17,0,0.18,0,0,0,0,0,0,0,0,0,0.15,,0,,,0,3.13,,0.2,0.63,,6.04,0,3.78,1.18,7.69,84.84999999999999,0,,,185.35,,,23.72,,,,,0,,35.28,,2.96,0,19.72,,,244.56,,,,,,,0,,,,,,,,,,,,,,,,,,,,,,646,,445,,,,,,,,261,,,,,,,,,,,,,,,,,,,,,,,,,
STD-DB10_2-001487,"게맛살, 어육함량이 높은것",S,국가표준식품성분표,,농진청('19),,어패류 및 그 제품,,"게맛살, 어육함량이 높은것",,,,,,,100g,93,75.2,11.67,0.87,2.77,9.52,3.46,0,288,0.18,124,73,777,0,0,2,0.024,0.023,0.521,0,0,,0.16,0.01,0.319,0.202,0.36,0.224,0.43,7,,0.132,0,0,0.23,0.21,0,0.14,0.25,0,0,0,0,0,0,0,0,0.13,,0,,,0,3.13,,0.2,0.52,,3.88,0,3.79,1.11,5.23,72.14,0,,,238.46,,,15.13,,,,,0,,29.18,,2.6,0,28.99,,,116.5,,,,,,,0,,,,,,,,,,,,,,,,,,,,,,776,,810,,,,,,,,502,,,,,,,,,,,,,,,,,,,,,,,,,
STD-DB10_2-001488,군소,S,국가표준식품성분표,,수('09),,어패류 및 그 제품,,군소,,,,,,,100g,36,90.09999999999999,5.8,1,2.6,0.5,-,-,109,1.7,53,-,-,0,0,0,0.02,0.04,2.6,1,-,,-,-,-,-,-,-,-,-,,-,-,-,-,-,-,-,-,-,-,-,-,-,-,-,-,-,,-,,,-,-,,-,-,,-,-,-,-,-,-,-,,,-,,,-,,,,,-,,-,,-,-,-,,,-,,,,,,,-,,,,,,,,,,,,,,,,,,,,,,-,,-,,,,,,,,-,,,,,,,,,,,,,,,,,,,,,,,,,
STD-DB10_2-001489,"군소, 풍선군소",S,국가표준식품성분표,,수('08),,어패류 및 그 제품,,"군소, 풍선군소",,,,,,,100g,43,88.40000000000001,7.7,0.9,2.5,0.5,-,-,117,2.2,69,-,-,0,0,0,0.03,0.05,2.5,1,-,,-,-,-,-,-,-,-,-,,-,-,-,-,-,-,-,-,-,-,-,-,-,-,-,-,-,,-,,,-,-,,-,-,,-,-,-,-,-,-,-,,,-,,,-,,,,,-,,-,,-,-,-,,,-,,,,,,,-,,,,,,,,,,,,,,,,,,,,,,-,,-,,,,,,,,-,,,,,,,,,,,,,,,,,,,,,,,,,
STD-DB10_2-001490,"꼴뚜기, 불똥꼴뚜기",S,국가표준식품성분표,,수('82),,어패류 및 그 제품,,"꼴뚜기, 불똥꼴뚜기",,,,,,,100g,91,77.5,14.4,3,1.5,0.6,-,-,9,5,274,290,170,15,15,0,0.15,0.2,4,-,-,,-,-,-,-,-,-,-,-,,-,-,-,-,-,-,-,-,-,-,-,-,-,-,-,-,-,,-,,,-,-,,-,-,,-,-,-,-,-,-,-,,,-,,,-,,,,,-,,-,,-,-,-,,,-,,,,,,,-,,,,,,,,,,,,,,,,,,,,,,-,,-,,,,,,,,-,,,,,,,,,,,,,,,,,,,,,,,,,
STD-DB10_2-001491,"꼴뚜기, 참꼴뚜기",S,국가표준식품성분표,,수('09),,어패류 및 그 제품,,"꼴뚜기, 참꼴뚜기",,,,,,,100g,78,81.59999999999999,13.6,1.8,2,1,-,-,48,1,166,244,152,0,0,0,0.02,0.1,2.4,0,-,,-,-,-,-,-,-,-,-,,-,-,-,-,-,-,-,-,-,-,-,-,-,-,-,-,-,,-,,,-,-,,-,-,,-,-,-,-,-,-,-,,,-,,,-,,,,,-,,-,,-,-,-,,,-,,,,,,,-,,,,,,,,,,,,,,,,,,,,,,-,,-,,,,,,,,-,,,,,,,,,,,,,,,,,,,,,,,,,
STD-DB10_2-001492,"꼴뚜기, 창꼴뚜기",S,국가표준식품성분표,,수('09),,어패류 및 그 제품,,"꼴뚜기, 창꼴뚜기",,,,,,,100g,70,82.7,14.7,0.5,1.3,0.8,-,-,22,0.9,239,-,-,-,-,-,-,-,-,-,-,,-,-,-,-,-,-,-,-,,-,-,-,-,-,-,-,-,-,-,-,-,-,-,-,-,-,,-,,,-,-,,-,-,,-,-,-,-,-,-,-,,,-,,,-,,,,,-,,-,,-,-,-,,,-,,,,,,,-,,,,,,,,,,,,,,,,,,,,,,-,,-,,,,,,,,-,,,,,,,,,,,,,,,,,,,,,,,,,
STD-DB10_2-001493,"꼴뚜기, 젓갈",S,국가표준식품성분표,,수('09),,어패류 및 그 제품,,"꼴뚜기, 젓갈",,,,,,,100g,83,57.2,16,2,24.5,0.3,-,-,110,5.6,239,204,1436,0,0,0,0.09,0.12,3.4,0,-,,-,-,-,-,-,-,-,-,,-,-,-,-,-,-,-,-,-,-,-,-,-,-,-,-,-,,-,,,-,-,,-,-,,-,-,-,-,-,-,-,,,-,,,-,,,,,-,,-,,-,-,-,,,-,,,,,,,-,,,,,,,,,,,,,,,,,,,,,,-,,-,,,,,,,,-,,,,,,,,,,,,,,,,,,,,,,,,,
STD-DB10_2-001494,"꼴뚜기, 양념젓갈",S,국가표준식품성분표,,식약('96),,어패류 및 그 제품,,"꼴뚜기, 양념젓갈",,,,,,,100g,114,67.2,9.6,1.8,6.6,14.8,-,-,30,0.5,139,232,1687,74,0,891,0.14,0.06,2,4,-,,-,-,-,-,-,-,-,-,,-,-,-,-,-,-,-,-,-,-,-,-,-,-,-,-,-,,-,,,-,-,,-,-,,-,-,-,-,-,-,-,,,-,,,-,,,,,-,,-,,-,-,-,,,-,,,,,,,-,,,,,,,,,,,,,,,,,,,,,,-,,-,,,,,,,,-,,,,,,,,,,,,,,,,,,,,,,,,,
STD-DB10_2-001495,낙지,S,국가표준식품성분표,,수('16),,어패류 및 그 제품,,낙지,,,,,,,100g,73,80.7,16.3,0.43,2.19,0,0.2,0,26,1.48,166,237,479,-,-,-,0.03,0,-,-,0,,0.16,0.01,-,-,1.47,-,0.75,9,,0.525,0,0,0.35,0.35,0,0.01,0,0,0,0,0,-,0,-,0,0.03,,0,,,0,0.17,,0,0.33,,24.4,0,2.41,1.8,13.1,130,2,,,2.7,,,11.5,,,,,0,,0.2,,2.7,0.3,114,,,9.27,,,,,,,2.88,,,,,,,,,,,,,,,,,,,,,,6,,784,,,,,,,,444,,,,,,,,,,,,,,,,,,,,,,,,,
STD-DB10_2-001496,"낙지, 세발낙지",S,국가표준식품성분표,,식약('96),,어패류 및 그 제품,,"낙지, 세발낙지",,,,,,,100g,55,86.59999999999999,11.5,0.6,1.2,0.1,-,-,15,0.5,149,273,227,0,0,0,0.04,0.05,1.5,0,-,,-,-,-,-,-,-,-,-,,-,-,-,-,-,-,-,-,-,-,-,-,-,-,-,-,-,,-,,,-,-,,-,-,,-,-,-,-,-,-,-,,,-,,,-,,,,,-,,-,,-,-,-,,,-,,,,,,,-,,,,,,,,,,,,,,,,,,,,,,-,,-,,,,,,,,-,,,,,,,,,,,,,,,,,,,,,,,,,
STD-DB10_2-001497,"낙지, 양념젓갈",S,국가표준식품성분표,,농진청('16),,어패류 및 그 제품,,"낙지, 양념젓갈",,,,,,,100g,161,57.3,10,1.36,4.25,27.14,9.1,2.3,54,2.35,105,232,1363,72,0,866,0.093,0.103,0.377,0,0,,0.28,0.01,0.061,0.316,0,-,1.07,10,,0.72,0,0,0.32,0.25,0,0.67,0,0,0,0,0,-,0,-,0,2.36,,2.44,,,0,0,,4.3,1.02,,10.26,0,1.6,0,4.27,92.12,0,,,574.26,,,14.63,,,,,0,,22.7,,2.11,0,36.77,,,248.56,,,,,,,1.56,,,,,,,,,,,,,,,,,,,,,,1154,,683,,,,,,,,387,,,,,,,,,,,,,,,,,,,,,,,,,
STD-DB10_2-001498,멍게(우렁쉥이),S,국가표준식품성분표,,JAPAN('20),,어패류 및 그 제품,,멍게(우렁쉥이),,,,,,,100g,27,88.8,5,0.8,4.6,0.8,-,-,32,5.7,55,570,1300,Tr,Tr,-,0.01,0.13,0.5,3,(0),,0.14,-,-,-,-,0.02,3.8,32,,0.33,-,-,1.2,1.2,0,0,0,-,-,-,-,(0),-,-,-,-,,-,,,-,-,,-,0.34,,8,0,1,0,3,55,-,,,7,,,-,,,,,5,,4,,1,1,130,,,-,,,,,,,-,,,,,,,,,,,,,,,,,,,,,,-,,-,,,,,,,,-,,,,,,,,,,,,,,,,,,,,,,,,,
STD-DB10_2-001499,"멍게, 양식",S,국가표준식품성분표,,수('89),,어패류 및 그 제품,,"멍게, 양식",,,,,,,100g,73,82.7,8.699999999999999,2.1,1.6,4.9,-,-,36,6.9,103,570,1300,0,0,0,0.03,0.15,0.8,3,-,,-,-,-,-,-,-,-,-,,-,-,-,-,-,-,-,-,-,-,-,-,-,-,-,-,-,,-,,,-,-,,-,-,,-,-,-,-,-,-,-,,,-,,,-,,,,,-,,-,,-,-,-,,,-,,,,,,,-,,,,,,,,,,,,,,,,,,,,,,-,,-,,,,,,,,-,,,,,,,,,,,,,,,,,,,,,,,,,
STD-DB10_2-001500,"멍게, 양념젓갈",S,국가표준식품성분표,,농진청('16),,어패류 및 그 제품,,"멍게, 양념젓갈",,,,,,,100g,140,61.6,9.25,1.19,5.01,22.99,10.13,2.3,41,1.77,93,232,1712,98,9,1064,0.039,0.158,0.83,0,0,,0.24,0,0.006,0.824,0,-,5.03,11,,0,0,0,3.5,3.49,0,0.12,0.04,0,0,0,0,-,0,-,0,0.87,,6.73,,,0,0,,2.54,0.9,,2.63,0,0,1.72,2.55,68.38,2.36,,,439.31,,,33.4,,,,,0,,25.12,,12.41,0,96.08,,,199.04,,,,,,,1.64,,,,,,,,,,,,,,,,,,,,,,398,,389,,,,,,,,271,,,,,,,,,,,,,,,,,,,,,,,,,
STD-DB10_2-001501,"멍게, 끈멍게",S,국가표준식품성분표,,수('89),,어패류 및 그 제품,,"멍게, 끈멍게",,,,,,,100g,63,84,7.4,1.5,2.1,5,-,-,38,2.4,90,-,-,0,0,0,0.03,0.16,1.8,2,-,,-,-,-,-,-,-,-,-,,-,-,-,-,-,-,-,-,-,-,-,-,-,-,-,-,-,,-,,,-,-,,-,-,,-,-,-,-,-,-,-,,,-,,,-,,,,,-,,-,,-,-,-,,,-,,,,,,,-,,,,,,,,,,,,,,,,,,,,,,-,,-,,,,,,,,-,,,,,,,,,,,,,,,,,,,,,,,,,
STD-DB10_2-001502,"멍게, 붉은멍게",S,국가표준식품성분표,,수('09),,어패류 및 그 제품,,"멍게, 붉은멍게",,,,,,,100g,75,82.2,9.199999999999999,2.6,2.3,3.7,-,-,37,1.8,144,-,-,0,0,0,0.08,0.12,2,2,-,,-,-,-,-,-,-,-,-,,-,-,-,-,-,-,-,-,-,-,-,-,-,-,-,-,-,,-,,,-,-,,-,-,,-,-,-,-,-,-,-,,,-,,,-,,,,,-,,-,,-,-,-,,,-,,,,,,,-,,,,,,,,,,,,,,,,,,,,,,-,,-,,,,,,,,-,,,,,,,,,,,,,,,,,,,,,,,,,
STD-DB10_2-001503,문어,S,국가표준식품성분표,,JAPAN('20),,어패류 및 그 제품,,문어,,,,,,,100g,70,81.09999999999999,16.4,0.7,1.7,0.1,-,(0),16,0.6,160,290,280,5,5,-,0.03,0.09,2.2,Tr,(0),,0.07000000000000001,-,-,-,-,0.07000000000000001,1.3,4,,0.24,-,-,1.9,1.9,0,0,0,-,-,-,-,Tr,-,-,-,-,,-,,,-,-,,-,0.17,,10,-,4,0,6,68,-,,,1,,,-,,,,,21,,Tr,,1,0,40,,,-,,,,,,,-,,,,,,,,,,,,,,,,,,,,,,940,,1000,,,,,,,,620,,,,,,,,,,,,,,,,,,,,,,,,,
STD-DB10_2-001504,"문어, 삶은것",S,국가표준식품성분표,,JAPAN('20),,어패류 및 그 제품,,"문어, 삶은것",,,,,,,100g,91,76.2,21.7,0.7,1.3,0.1,-,(0),19,0.2,120,240,230,5,5,0,0.03,0.05,1.9,Tr,(0),,0.06,-,-,-,5.6,0.07000000000000001,1.2,2,,0.17,-,-,1.9,1.9,0,0,0,-,-,-,-,(0),-,-,-,-,,-,,,-,-,,-,0.14,,8,-,1,0,5,63,-,,,Tr,,,-,,,,,15,,Tr,,1,0,35,,,-,,,,,,,-,,,,,,,,,,,,,,,,,,,,,,"(1,200)",,"(1,400)",,,,,,,,(820),,,,,,,,,,,,,,,,,,,,,,,,,
STD-DB10_2-001505,"문어, 대문어",S,국가표준식품성분표,,수('09),,어패류 및 그 제품,,"문어, 대문어",,,,,,,100g,58,85.40000000000001,12.2,0.6,1.5,0.3,-,-,21,0.7,215,-,-,-,-,-,-,-,-,-,-,,-,-,-,-,-,-,-,-,,-,-,-,-,-,-,-,-,-,-,-,-,-,-,-,-,-,,-,,,-,-,,-,-,,-,-,-,-,-,-,-,,,-,,,-,,,,,-,,-,,-,-,-,,,-,,,,,,,-,,,,,,,,,,,,,,,,,,,,,,-,,-,,,,,,,,-,,,,,,,,,,,,,,,,,,,,,,,,,
STD-DB10_2-001506,"문어, 참문어",S,국가표준식품성분표,,수('09),,어패류 및 그 제품,,"문어, 참문어",,,,,,,100g,56,84.40000000000001,12.7,0.2,2.6,0.1,-,-,23,0.5,160,-,-,-,-,-,-,-,-,-,-,,-,-,-,-,-,-,-,-,,-,-,-,-,-,-,-,-,-,-,-,-,-,-,-,-,-,,-,,,-,-,,-,-,,-,-,-,-,-,-,-,,,-,,,-,,,,,-,,-,,-,-,-,,,-,,,,,,,-,,,,,,,,,,,,,,,,,,,,,,-,,-,,,,,,,,-,,,,,,,,,,,,,,,,,,,,,,,,,
STD-DB10_2-001507,미더덕,S,국가표준식품성분표,,수('09),,어패류 및 그 제품,,미더덕,,,,,,,100g,44,87.59999999999999,4.3,1.2,2.8,4.1,-,0,40,3.2,111,-,-,0,0,-,0.03,0.13,2,4,-,,-,-,-,-,-,-,-,-,,-,-,-,-,-,-,-,-,-,-,-,-,-,-,-,-,-,,-,,,-,-,,-,-,,-,-,-,-,-,-,-,,,-,,,-,,,,,-,,-,,-,-,-,,,-,,,,,,,-,,,,,,,,,,,,,,,,,,,,,,-,,-,,,,,,,,-,,,,,,,,,,,,,,,,,,,,,,,,,
STD-DB10_2-001508,"미더덕, 주름미더덕",S,국가표준식품성분표,,수('09),,어패류 및 그 제품,,"미더덕, 주름미더덕",,,,,,,100g,52,84.7,9,0.7,3.3,2.3,-,-,89,8.5,142,-,-,-,-,-,-,-,-,-,-,,-,-,-,-,-,-,-,-,,-,-,-,-,-,-,-,-,-,-,-,-,-,-,-,-,-,,-,,,-,-,,-,-,,-,-,-,-,-,-,-,,,-,,,-,,,,,-,,-,,-,-,-,,,-,,,,,,,-,,,,,,,,,,,,,,,,,,,,,,-,,-,,,,,,,,-,,,,,,,,,,,,,,,,,,,,,,,,,
STD-DB10_2-001509,"새우, 가시발새우",S,국가표준식품성분표,,수('09),,어패류 및 그 제품,,"새우, 가시발새우",,,,,,,100g,71,81.7,15.2,0.5,2,0.6,-,0,196,7.4,206,-,-,0,0,-,0.02,0.04,2.4,0,-,,-,-,-,-,-,-,-,-,,-,-,-,-,-,-,-,-,-,-,-,-,-,-,-,-,-,,-,,,-,-,,-,-,,-,-,-,-,-,-,-,,,-,,,-,,,,,-,,-,,-,-,-,,,-,,,,,,,-,,,,,,,,,,,,,,,,,,,,,,-,,-,,,,,,,,-,,,,,,,,,,,,,,,,,,,,,,,,,
STD-DB10_2-001510,"새우, 각시흰새우",S,국가표준식품성분표,,수('09),,어패류 및 그 제품,,"새우, 각시흰새우",,,,,,,100g,85,77.8,15.7,1.6,3.9,1,-,-,1341,1.8,329,-,-,9,9,0,0.05,0.1,1.6,2,-,,-,-,-,-,-,-,-,-,,-,-,-,-,-,-,-,-,-,-,-,-,-,-,-,-,-,,-,,,-,-,,-,-,,-,-,-,-,-,-,-,,,-,,,-,,,,,-,,-,,-,-,-,,,-,,,,,,,-,,,,,,,,,,,,,,,,,,,,,,-,,-,,,,,,,,-,,,,,,,,,,,,,,,,,,,,,,,,,
STD-DB10_2-001511,"새우, 긴뿔천길새우",S,국가표준식품성분표,,수('09),,어패류 및 그 제품,,"새우, 긴뿔천길새우",,,,,,,100g,92,77.3,20,0.8,1.9,0,-,-,71,1.4,138,-,-,0,tr,0,0.04,0.1,2.7,tr,-,,-,-,-,-,-,-,-,-,,-,-,-,-,-,-,-,-,-,-,-,-,-,-,-,-,-,,-,,,-,-,,-,-,,-,-,-,-,-,-,-,,,-,,,-,,,,,-,,-,,-,-,-,,,-,,,,,,,-,,,,,,,,,,,,,,,,,,,,,,-,,-,,,,,,,,-,,,,,,,,,,,,,,,,,,,,,,,,,
STD-DB10_2-001512,"새우, 꽃새우",S,국가표준식품성분표,,수('82),,어패류 및 그 제품,,"새우, 꽃새우",,,,,,,100g,114,67.5,22,2,7.9,0.6,-,-,48,6,261,-,-,0,0,0,0.02,0.06,4,0,-,,-,-,-,-,-,-,-,-,,-,-,-,-,-,-,-,-,-,-,-,-,-,-,-,-,-,,-,,,-,-,,-,-,,-,-,-,-,-,-,-,,,-,,,-,,,,,-,,-,,-,-,-,,,-,,,,,,,-,,,,,,,,,,,,,,,,,,,,,,-,,-,,,,,,,,-,,,,,,,,,,,,,,,,,,,,,,,,,
STD-DB10_2-001513,"새우, 닭새우",S,국가표준식품성분표,,수('09),,어패류 및 그 제품,,"새우, 닭새우",,,,,,,100g,88,79.09999999999999,17,1.2,1.4,1.3,-,-,68,2,195,380,130,0,tr,0,0.01,0.07000000000000001,1.8,2,-,,-,-,-,-,-,-,-,-,,-,-,-,-,-,-,-,-,-,-,-,-,-,-,-,-,-,,-,,,-,-,,-,-,,-,-,-,-,-,-,-,,,-,,,-,,,,,-,,-,,-,-,-,,,-,,,,,,,-,,,,,,,,,,,,,,,,,,,,,,-,,-,,,,,,,,-,,,,,,,,,,,,,,,,,,,,,,,,,
STD-DB10_2-001514,"새우, 대하",S,국가표준식품성분표,,수('09),,어패류 및 그 제품,,"새우, 대하",,,,,,,100g,82,80,18.1,0.6,1.2,0.1,-,-,74,1.4,210,340,120,0,0,0,0.02,0.06,1.9,1,-,,-,-,-,-,-,-,-,-,,-,-,-,-,-,-,-,-,-,-,-,-,-,-,-,-,-,,-,,,-,-,,-,-,,-,-,-,-,-,-,-,,,-,,,-,,,,,-,,-,,-,-,-,,,-,,,,,,,-,,,,,,,,,,,,,,,,,,,,,,-,,-,,,,,,,,-,,,,,,,,,,,,,,,,,,,,,,,,,
STD-DB10_2-001515,"새우, 물렁가시붉은새우",S,국가표준식품성분표,,수('09),,어패류 및 그 제품,,"새우, 물렁가시붉은새우",,,,,,,100g,83,79.3,18,0.5,1.6,0.6,-,-,-,-,-,-,-,-,-,-,-,-,-,-,-,,-,-,-,-,-,-,-,-,,-,-,-,-,-,-,-,-,-,-,-,-,-,-,-,-,-,,-,,,-,-,,-,-,,-,-,-,-,-,-,-,,,-,,,-,,,,,-,,-,,-,-,-,,,-,,,,,,,-,,,,,,,,,,,,,,,,,,,,,,-,,-,,,,,,,,-,,,,,,,,,,,,,,,,,,,,,,,,,
STD-DB10_2-001516,"새우, 보리새우",S,국가표준식품성분표,,수('09),,어패류 및 그 제품,,"새우, 보리새우",,,,,,,100g,71,82.8,15.1,0.7,1.3,0.1,-,-,87,1.1,240,450,140,0,0,0,0.07000000000000001,0.08,2.3,1,-,,-,-,-,-,-,-,-,-,,-,-,-,-,-,-,-,-,-,-,-,-,-,-,-,-,-,,-,,,-,-,,-,-,,-,-,-,-,-,-,-,,,-,,,-,,,,,-,,-,,-,-,-,,,-,,,,,,,-,,,,,,,,,,,,,,,,,,,,,,-,,-,,,,,,,,-,,,,,,,,,,,,,,,,,,,,,,,,,
STD-DB10_2-001517,"새우, 부채새우",S,국가표준식품성분표,,수('09),,어패류 및 그 제품,,"새우, 부채새우",,,,,,,100g,65,84.09999999999999,13.7,0.8,1.4,0,-,-,84,1.3,154,224,362,0,0,0,0,0.05,2.4,1,-,,-,-,-,-,-,-,-,-,,-,-,-,-,-,-,-,-,-,-,-,-,-,-,-,-,-,,-,,,-,-,,-,-,,-,-,-,-,-,-,-,,,-,,,-,,,,,-,,-,,-,-,-,,,-,,,,,,,-,,,,,,,,,,,,,,,,,,,,,,-,,-,,,,,,,,-,,,,,,,,,,,,,,,,,,,,,,,,,
STD-DB10_2-001518,"새우, 중하",S,국가표준식품성분표,,수('09),,어패류 및 그 제품,,"새우, 중하",,,,,,,100g,94,77.2,20.1,0.9,1.7,0.1,-,-,77,2.6,260,240,270,0,0,0,0,0.09,2.4,1,-,,-,-,-,-,-,-,-,-,,-,-,-,-,-,-,-,-,-,-,-,-,-,-,-,-,-,,-,,,-,-,,-,-,,-,-,-,-,-,-,-,,,-,,,-,,,,,-,,-,,-,-,-,,,-,,,,,,,-,,,,,,,,,,,,,,,,,,,,,,-,,-,,,,,,,,-,,,,,,,,,,,,,,,,,,,,,,,,,
STD-DB10_2-001519,"새우, 젓새우",S,국가표준식품성분표,,수('09),,어패류 및 그 제품,,"새우, 젓새우",,,,,,,100g,62,64.90000000000001,9.6,1.2,21.7,2.6,-,-,695,0.7,216,320,360,3,3,0,0.09,0.12,3,2,-,,-,-,-,-,-,-,-,-,,-,-,-,-,-,-,-,-,-,-,-,-,-,-,-,-,-,,-,,,-,-,,-,-,,-,-,-,-,-,-,-,,,-,,,-,,,,,-,,-,,-,-,-,,,-,,,,,,,-,,,,,,,,,,,,,,,,,,,,,,-,,-,,,,,,,,-,,,,,,,,,,,,,,,,,,,,,,,,,
STD-DB10_2-001520,"새우, 징거미새우",S,국가표준식품성분표,,수('09),,어패류 및 그 제품,,"새우, 징거미새우",,,,,,,100g,90,78.8,18.3,1.4,1.5,0,-,-,115,1.8,231,-,-,0,0,0,0.05,0.06,2.5,1,-,,-,-,-,-,-,-,-,-,,-,-,-,-,-,-,-,-,-,-,-,-,-,-,-,-,-,,-,,,-,-,,-,-,,-,-,-,-,-,-,-,,,-,,,-,,,,,-,,-,,-,-,-,,,-,,,,,,,-,,,,,,,,,,,,,,,,,,,,,,-,,-,,,,,,,,-,,,,,,,,,,,,,,,,,,,,,,,,,
STD-DB10_2-001521,"새우, 철모새우(도화새우)",S,국가표준식품성분표,,수('09),,어패류 및 그 제품,,"새우, 철모새우(도화새우)",,,,,,,100g,90,77.90000000000001,18.5,0.9,1.8,0.9,-,-,338,0.6,572,-,-,-,-,-,-,-,-,-,-,,-,-,-,-,-,-,-,-,,-,-,-,-,-,-,-,-,-,-,-,-,-,-,-,-,-,,-,,,-,-,,-,-,,-,-,-,-,-,-,-,,,-,,,-,,,,,-,,-,,-,-,-,,,-,,,,,,,-,,,,,,,,,,,,,,,,,,,,,,-,,-,,,,,,,,-,,,,,,,,,,,,,,,,,,,,,,,,,
STD-DB10_2-001522,"새우, 펄닭새우",S,국가표준식품성분표,,수('09),,어패류 및 그 제품,,"새우, 펄닭새우",,,,,,,100g,61,84.59999999999999,13.2,0.6,1.6,0,-,-,168,1,150,-,-,0,0,0,0.01,0.04,2.1,1,-,,-,-,-,-,-,-,-,-,,-,-,-,-,-,-,-,-,-,-,-,-,-,-,-,-,-,,-,,,-,-,,-,-,,-,-,-,-,-,-,-,,,-,,,-,,,,,-,,-,,-,-,-,,,-,,,,,,,-,,,,,,,,,,,,,,,,,,,,,,-,,-,,,,,,,,-,,,,,,,,,,,,,,,,,,,,,,,,,
STD-DB10_2-001523,"새우, 흰다리새우",S,국가표준식품성분표,,수('16),,어패류 및 그 제품,,"새우, 흰다리새우",,,,,,,100g,98,75.90000000000001,21.17,0.89,0.33,0,-,0,49,0.89,241,330,122,-,-,-,0.02,0.03,-,0,0,,0.25,0.01,-,-,0,-,1.04,40,,0.805,0,0,1.38,1.37,0.01,0,0,0,0,0,0,-,0,-,-,-,,-,,,-,-,,-,0.45,,5.95,0,2.23,0.7,4.5,110.3,1.4,,,90.59999999999999,,,16.48,,,,,0.8,,5.8,,12,0.8,112,,,83.48,,,,,,,3.03,,,,,,,,,,,,,,,,,,,,,,1368,,1516,,,,,,,,815,,,,,,,,,,,,,,,,,,,,,,,,,
STD-DB10_2-001524,"새우, 껍질",S,국가표준식품성분표,,수('82),,어패류 및 그 제품,,"새우, 껍질",,,,,,,100g,323,14.1,44,11.9,23.9,6.1,-,-,5,0.1,3,-,-,-,-,-,-,-,-,-,-,,-,-,-,-,-,-,-,-,,-,-,-,-,-,-,-,-,-,-,-,-,-,-,-,-,-,,-,,,-,-,,-,-,,-,-,-,-,-,-,-,,,-,,,-,,,,,-,,-,,-,-,-,,,-,,,,,,,-,,,,,,,,,,,,,,,,,,,,,,-,,-,,,,,,,,-,,,,,,,,,,,,,,,,,,,,,,,,,
STD-DB10_2-001525,"새우, 젓갈",S,국가표준식품성분표,,농진청('19),,어패류 및 그 제품,,"새우, 젓갈",,,,,,,100g,40,67.3,8.09,0.32,23.08,1.2,0,0,441,0.52,140,214,8003,28,28,0,0.151,0.018,0.25,0,0,,0.13,0.02,0.003,0.247,0.71,0.059,1.76,15,,2.1,0,0,0.67,0.67,0,0,0,0,0,0,0,0,0,0,0,0,,0,,,0,0,,0,0.16,,3.41,0,0,0,2.57,61.98,0,,,4.65,,,0,,,,,0,,1.63,,2.54,0,50.9,,,11.81,,,,,,,20.51,,,,,,,,,,,,,,,,,,,,,,444,,486,,,,,,,,310,,,,,,,,,,,,,,,,,,,,,,,,,
STD-DB10_2-001526,성게,S,국가표준식품성분표,,수('82),,어패류 및 그 제품,,성게,,,,,,,100g,148,71.5,15.8,8.5,2.2,2,-,-,20,4,196,490,190,-,-,-,0.03,0.4,2.5,0,-,,-,-,-,-,-,-,-,-,,-,-,-,-,-,-,-,-,-,-,-,-,-,-,-,-,-,,-,,,-,-,,-,-,,-,-,-,-,-,-,-,,,-,,,-,,,,,-,,-,,-,-,-,,,-,,,,,,,-,,,,,,,,,,,,,,,,,,,,,,-,,-,,,,,,,,-,,,,,,,,,,,,,,,,,,,,,,,,,
STD-DB10_2-001527,"성게, 젓갈",S,국가표준식품성분표,,국('77),,어패류 및 그 제품,,"성게, 젓갈",,,,,,,100g,128,55.6,21.4,2.8,15.8,4.4,-,-,32,6.2,127,450,680,-,-,-,-,-,3,0,-,,-,-,-,-,-,-,-,-,,-,-,-,-,-,-,-,-,-,-,-,-,-,-,-,-,-,,-,,,-,-,,-,-,,-,-,-,-,-,-,-,,,-,,,-,,,,,-,,-,,-,-,-,,,-,,,,,,,-,,,,,,,,,,,,,,,,,,,,,,-,,-,,,,,,,,-,,,,,,,,,,,,,,,,,,,,,,,,,
STD-DB10_2-001528,"성게, 알, 젓갈",S,국가표준식품성분표,,식약('96),,어패류 및 그 제품,,"성게, 알, 젓갈",,,,,,,100g,104,65.8,9.199999999999999,1.5,10.1,13.4,-,-,22,0.7,156,171,4091,53,0,636,0.1,0.15,0.8,0,-,,-,-,-,-,-,-,-,-,,-,-,-,-,-,-,-,-,-,-,-,-,-,-,-,-,-,,-,,,-,-,,-,-,,-,-,-,-,-,-,-,,,-,,,-,,,,,-,,-,,-,-,-,,,-,,,,,,,-,,,,,,,,,,,,,,,,,,,,,,-,,-,,,,,,,,-,,,,,,,,,,,,,,,,,,,,,,,,,
STD-DB10_2-001529,"성게, 보라성게",S,국가표준식품성분표,,수('09),,어패류 및 그 제품,,"성게, 보라성게",,,,,,,100g,173,65.59999999999999,16.1,8.699999999999999,2,7.6,-,-,70,2.4,306,-,-,120,120,-,0.27,0.42,2.4,0,-,,-,-,-,-,-,-,-,-,,-,-,-,-,-,-,-,-,-,-,-,-,-,-,-,-,-,,-,,,-,-,,-,-,,-,-,-,-,-,-,-,,,-,,,-,,,,,-,,-,,-,-,-,,,-,,,,,,,-,,,,,,,,,,,,,,,,,,,,,,-,,-,,,,,,,,-,,,,,,,,,,,,,,,,,,,,,,,,,
STD-DB10_2-001530,오징어,S,국가표준식품성분표,,수('16),,어패류 및 그 제품,,오징어,,,,,,,100g,94,78.3,18.84,1.44,1.26,0.16,0,0,11,0.18,270,351,199,-,-,-,0.05,0.02,-,0,2.34,,0.36,0.01,-,-,0,-,4.37,11,,1.126,0,2.34,0.45,0.45,0,0.02,0,0,0,0,0,-,0,-,0,0,,0,,,0,0,,0,0.88,,39.02,0,5.68,1.6,4.4,621.1,5.8,,,2,,,7.74,,,,,0,,0.4,,2.8,0,157.9,,,11.06,,,,,,,1.74,,,,,,,,,,,,,,,,,,,,,,789,,1246,,,,,,,,682,,,,,,,,,,,,,,,,,,,,,,,,,
STD-DB10_2-001531,"오징어, 구운것",S,국가표준식품성분표,,JAPAN('20),,어패류 및 그 제품,,"오징어, 구운것",,,,,,,100g,108,71.8,23.6,1,1.6,0.1,-,(0),14,0.2,300,360,330,22,22,0,0.09,0.07000000000000001,5.8,1,0,,0.12,-,-,-,6.3,0.26,5.4,7,,0.44,-,-,2.5,2.5,0,Tr,0,-,-,-,-,-,-,-,-,-,,-,,,-,-,,-,0.26,,19,0,1,0,3,150,-,,,1,,,-,,,,,9,,Tr,,1,0,49,,,-,,,,,,,-,,,,,,,,,,,,,,,,,,,,,,"(1,300)",,"(1,600)",,,,,,,,(940),,,,,,,,,,,,,,,,,,,,,,,,,
STD-DB10_2-001532,"오징어, 튀긴것",S,국가표준식품성분표,,USDA('18),,어패류 및 그 제품,,"오징어, 튀긴것",,,,,,,100g,175,64.54000000000001,17.94,7.48,1.59,7.79,-,0,39,1.01,251,279,306,11,11,-,0.056,0.458,2.602,4.2,-,,1.878,-,-,-,-,0.058,1.23,20,,0.51,-,-,-,-,-,-,-,-,-,-,-,-,-,-,-,-,,-,,,-,-,,-,4.885,,49,-,-,-,4,380,-,,,-,,,-,,,,,-,,-,,-,-,162,,,-,,,,,,,-,,,,,,,,,,,,,,,,,,,,,,1108,,1267,,,,,,,,780,,,,,,,,,,,,,,,,,,,,,,,,,
STD-DB10_2-001533,"오징어, 말린것",S,국가표준식품성분표,,수('95),,어패류 및 그 제품,,"오징어, 말린것",,,,,,,100g,352,19.5,67.8,6.9,5.6,0.2,-,-,252,2.8,821,750,980,0,0,0,0.13,0.2,8.199999999999999,0,-,,-,-,-,-,-,-,-,-,,-,-,-,-,-,-,-,-,-,-,-,-,-,-,-,-,-,,-,,,-,-,,-,-,,-,-,-,-,-,-,-,,,-,,,-,,,,,-,,-,,-,-,-,,,-,,,,,,,-,,,,,,,,,,,,,,,,,,,,,,-,,-,,,,,,,,-,,,,,,,,,,,,,,,,,,,,,,,,,
STD-DB10_2-001534,"오징어, 냉동",S,국가표준식품성분표,,수('82),,어패류 및 그 제품,,"오징어, 냉동",,,,,,,100g,88,-,17,1.5,-,0.5,-,-,11,-,-,-,-,2,2,0,0.03,0.12,-,-,-,,-,-,-,-,-,-,-,-,,-,-,-,-,-,-,-,-,-,-,-,-,-,-,-,-,-,,-,,,-,-,,-,-,,-,-,-,-,-,-,-,,,-,,,-,,,,,-,,-,,-,-,-,,,-,,,,,,,-,,,,,,,,,,,,,,,,,,,,,,-,,-,,,,,,,,-,,,,,,,,,,,,,,,,,,,,,,,,,
STD-DB10_2-001535,"오징어, 조미, 구운것",S,국가표준식품성분표,,식약('96),,어패류 및 그 제품,,"오징어, 조미, 구운것",,,,,,,100g,300,23.3,40.1,3.7,6.3,26.6,-,-,24,1.3,465,250,1685,0,0,0,0.05,0.01,4.7,0,-,,-,-,-,-,-,-,-,-,,-,-,-,-,-,-,-,-,-,-,-,-,-,-,-,-,-,,-,,,-,-,,-,-,,-,-,-,-,-,-,-,,,-,,,-,,,,,-,,-,,-,-,-,,,-,,,,,,,-,,,,,,,,,,,,,,,,,,,,,,-,,-,,,,,,,,-,,,,,,,,,,,,,,,,,,,,,,,,,
STD-DB10_2-001536,"오징어, 조미훈제",S,국가표준식품성분표,,수('09),,어패류 및 그 제품,,"오징어, 조미훈제",,,,,,,100g,205,45.7,34.4,2,5.5,12.4,-,-,29,4.3,312,164,1228,0,tr,0,0.08,0.13,7.8,0,-,,-,-,-,-,-,-,-,-,,-,-,-,-,-,-,-,-,-,-,-,-,-,-,-,-,-,,-,,,-,-,,-,-,,-,-,-,-,-,-,-,,,-,,,-,,,,,-,,-,,-,-,-,,,-,,,,,,,-,,,,,,,,,,,,,,,,,,,,,,-,,-,,,,,,,,-,,,,,,,,,,,,,,,,,,,,,,,,,
STD-DB10_2-001537,"오징어, 채, 조미하여 말린것",S,국가표준식품성분표,,농진청('19),,어패류 및 그 제품,,"오징어, 채, 조미하여 말린것",,,,,,,100g,282,31.9,39.31,2.41,3.62,22.79,14.83,0,14,0.16,388,270,1123,9,9,0,0.134,0.033,1.392,0,0,,0.52,0.01,0.77,0.622,0.08,0.597,4.71,2,,0.6899999999999999,0,0,1.98,1.98,0,0,0,0,0,0,0,0,0,0,0,0,,0,,,0,8.710000000000001,,6.12,0.96,,66.09,0,6.12,2.16,6.75,628.03,2.59,,,1.87,,,20.31,,,,,0,,0.59,,3.36,1.85,187.78,,,17.26,,,,,,,1.71,,,,,,,,,,,,,,,,,,,,,,1504,,2735,,,,,,,,1669,,,,,,,,,,,,,,,,,,,,,,,,,
STD-DB10_2-001538,"오징어, 포, 조미하여 말린것",S,국가표준식품성분표,,수('82),,어패류 및 그 제품,,"오징어, 포, 조미하여 말린것",,,,,,,100g,280,26.1,63.5,2.7,7.3,0.4,-,-,35,3,637,590,930,0,0,0,0.06,0.03,1.3,0,-,,-,-,-,-,-,-,-,-,,-,-,-,-,-,-,-,-,-,-,-,-,-,-,-,-,-,,-,,,-,-,,-,-,,-,-,-,-,-,-,-,,,-,,,-,,,,,-,,-,,-,-,-,,,-,,,,,,,-,,,,,,,,,,,,,,,,,,,,,,-,,-,,,,,,,,-,,,,,,,,,,,,,,,,,,,,,,,,,
STD-DB10_2-001539,"오징어, 갑오징어",S,국가표준식품성분표,,수('09),,어패류 및 그 제품,,"오징어, 갑오징어",,,,,,,100g,75,82.40000000000001,15.1,1.2,1.2,0.1,-,-,25,0.9,180,320,214,3,3,0,0.02,0.07000000000000001,3,tr,-,,-,-,-,-,-,-,-,-,,-,-,-,-,-,-,-,-,-,-,-,-,-,-,-,-,-,,-,,,-,-,,-,-,,-,-,-,-,-,-,-,,,-,,,-,,,,,-,,-,,-,-,-,,,-,,,,,,,-,,,,,,,,,,,,,,,,,,,,,,-,,-,,,,,,,,-,,,,,,,,,,,,,,,,,,,,,,,,,
STD-DB10_2-001540,"오징어, 살오징어",S,국가표준식품성분표,,수('09),,어패류 및 그 제품,,"오징어, 살오징어",,,,,,,100g,72,82.3,15.7,0.5,1.3,0.2,-,-,25,1.6,253,-,-,-,-,-,-,-,-,-,-,,-,-,-,-,-,-,-,-,,-,-,-,-,-,-,-,-,-,-,-,-,-,-,-,-,-,,-,,,-,-,,-,-,,-,-,-,-,-,-,-,,,-,,,-,,,,,-,,-,,-,-,-,,,-,,,,,,,-,,,,,,,,,,,,,,,,,,,,,,-,,-,,,,,,,,-,,,,,,,,,,,,,,,,,,,,,,,,,
STD-DB10_2-001541,"오징어, 쇠갑오징어",S,국가표준식품성분표,,수('09),,어패류 및 그 제품,,"오징어, 쇠갑오징어",,,,,,,100g,79,80.59999999999999,16.9,0.7,1.6,0.2,-,-,14,0.5,219,-,-,-,-,-,-,-,-,-,-,,-,-,-,-,-,-,-,-,,-,-,-,-,-,-,-,-,-,-,-,-,-,-,-,-,-,,-,,,-,-,,-,-,,-,-,-,-,-,-,-,,,-,,,-,,,,,-,,-,,-,-,-,,,-,,,,,,,-,,,,,,,,,,,,,,,,,,,,,,-,,-,,,,,,,,-,,,,,,,,,,,,,,,,,,,,,,,,,
STD-DB10_2-001542,"오징어, 참갑오징어",S,국가표준식품성분표,,수('09),,어패류 및 그 제품,,"오징어, 참갑오징어",,,,,,,100g,76,80.59999999999999,17.3,0.2,1.7,0.2,-,-,13,0.4,281,-,-,-,-,-,-,-,-,-,-,,-,-,-,-,-,-,-,-,,-,-,-,-,-,-,-,-,-,-,-,-,-,-,-,-,-,,-,,,-,-,,-,-,,-,-,-,-,-,-,-,,,-,,,-,,,,,-,,-,,-,-,-,,,-,,,,,,,-,,,,,,,,,,,,,,,,,,,,,,-,,-,,,,,,,,-,,,,,,,,,,,,,,,,,,,,,,,,,
STD-DB10_2-001543,"오징어, 양념젓갈",S,국가표준식품성분표,,농진청('19),,어패류 및 그 제품,,"오징어, 양념젓갈",,,,,,,100g,166,54.2,9.880000000000001,2.04,6.9,27,14.82,0,29,1.05,163,172,2278,38,0,451,0.141,0.047,0.746,12.77,0,,0.35,0,0.241,0.505,1.28,0.137,3.43,13,,0.797,0,0,0.9399999999999999,0.9399999999999999,0,0.04,0,0,0,0,0,0,0,0,0,0.99,,0,,,0,9.35,,4.49,0.79,,15.85,0,0,0,0,276.91,3.31,,,275.42,,,15.54,,,,,0,,10.32,,2.55,0,76.77,,,106.22,,,,,,,0,,,,,,,,,,,,,,,,,,,,,,641,,771,,,,,,,,492,,,,,,,,,,,,,,,,,,,,,,,,,
STD-DB10_2-001544,"오징어, 내장, 젓갈",S,국가표준식품성분표,,수('82),,어패류 및 그 제품,,"오징어, 내장, 젓갈",,,,,,,100g,98,65.5,16,1.5,12,5,-,-,72,5,163,-,-,-,-,-,0.1,0.2,5,0,-,,-,-,-,-,-,-,-,-,,-,-,-,-,-,-,-,-,-,-,-,-,-,-,-,-,-,,-,,,-,-,,-,-,,-,-,-,-,-,-,-,,,-,,,-,,,,,-,,-,,-,-,-,,,-,,,,,,,-,,,,,,,,,,,,,,,,,,,,,,-,,-,,,,,,,,-,,,,,,,,,,,,,,,,,,,,,,,,,
STD-DB10_2-001545,주꾸미,S,국가표준식품성분표,,수('09),,어패류 및 그 제품,,주꾸미,,,,,,,100g,52,86.8,10.8,0.5,1.4,0.5,-,-,19,1.4,129,-,-,0,0,0,0.03,0.18,1.6,0,-,,-,-,-,-,-,-,-,-,,-,-,-,-,-,-,-,-,-,-,-,-,-,-,-,-,-,,-,,,-,-,,-,-,,-,-,-,-,-,-,-,,,-,,,-,,,,,-,,-,,-,-,-,,,-,,,,,,,-,,,,,,,,,,,,,,,,,,,,,,-,,-,,,,,,,,-,,,,,,,,,,,,,,,,,,,,,,,,,
STD-DB10_2-001546,크릴,S,국가표준식품성분표,,수('08),,어패류 및 그 제품,,크릴,,,,,,,100g,76,81.90000000000001,12.1,2.6,3.2,0.2,-,-,401,2,263,320,420,158,158,0,0.13,0.25,1.7,2,-,,-,-,-,-,-,-,-,-,,-,-,-,-,-,-,-,-,-,-,-,-,-,-,-,-,-,,-,,,-,-,,-,-,,-,-,-,-,-,-,-,,,-,,,-,,,,,-,,-,,-,-,-,,,-,,,,,,,-,,,,,,,,,,,,,,,,,,,,,,-,,-,,,,,,,,-,,,,,,,,,,,,,,,,,,,,,,,,,
STD-DB10_2-001547,"크릴, 삶은것",S,국가표준식품성분표,,JAPAN('20),,어패류 및 그 제품,,"크릴, 삶은것",,,,,,,100g,78,79.8,13.8,3,3.4,,-,-,350,0.6,310,200,620,150,150,-,0.21,0.25,1.4,4.0,(0),,0.6899999999999999,-,-,-,-,0.07000000000000001,1,36,,0.30,-,-,2.2,2.2,0,0,0,-,-,-,-,(0),-,-,-,-,,-,,,-,-,,-,1.3,,13,4,2,0,9,200,-,,,40,,,-,,,,,8,,40,,2,2,320,,,-,,,,,,,-,,,,,,,,,,,,,,,,,,,,,,(730),,(860),,,,,,,,(570),,,,,,,,,,,,,,,,,,,,,,,,,
STD-DB10_2-001548,크릴 페이스트,S,국가표준식품성분표,,수('08),,어패류 및 그 제품,,크릴 페이스트,,,,,,,100g,130,74,16.5,5.5,2,2,-,-,180,-,-,-,-,-,-,-,-,-,-,-,-,,-,-,-,-,-,-,-,-,,-,-,-,-,-,-,-,-,-,-,-,-,-,-,-,-,-,,-,,,-,-,,-,-,,-,-,-,-,-,-,-,,,-,,,-,,,,,-,,-,,-,-,-,,,-,,,,,,,-,,,,,,,,,,,,,,,,,,,,,,-,,-,,,,,,,,-,,,,,,,,,,,,,,,,,,,,,,,,,
STD-DB10_2-001549,한치,S,국가표준식품성분표,,식약('96),,어패류 및 그 제품,,한치,,,,,,,100g,81,81.3,14.9,1.8,1.7,0.3,-,-,12,0.4,267,113,258,3,3,0,0.05,0.01,2,0,-,,-,-,-,-,-,-,-,-,,-,-,-,-,-,-,-,-,-,-,-,-,-,-,-,-,-,,-,,,-,-,,-,-,,-,-,-,-,-,-,-,,,-,,,-,,,,,-,,-,,-,-,-,,,-,,,,,,,-,,,,,,,,,,,,,,,,,,,,,,-,,-,,,,,,,,-,,,,,,,,,,,,,,,,,,,,,,,,,
STD-DB10_2-001550,해삼,S,국가표준식품성분표,,수('09),,어패류 및 그 제품,,해삼,,,,,,,100g,24,91.8,3.7,0.4,2.8,1.3,-,-,119,2.1,27,70,1300,0,0,0,0.01,0.03,1.2,0,-,,-,-,-,-,-,-,-,-,,-,-,-,-,-,-,-,-,-,-,-,-,-,-,-,-,-,,-,,,-,-,,-,-,,-,-,-,-,-,-,-,,,-,,,-,,,,,-,,-,,-,-,-,,,-,,,,,,,-,,,,,,,,,,,,,,,,,,,,,,-,,-,,,,,,,,-,,,,,,,,,,,,,,,,,,,,,,,,,
STD-DB10_2-001551,"해삼, 말린것",S,국가표준식품성분표,,수('09),,어패류 및 그 제품,,"해삼, 말린것",,,,,,,100g,331,1.5,77.59999999999999,0.9,17,3,-,-,1384,53,72,214,2842,0,0,0,0.06,0.08,4,0,-,,-,-,-,-,-,-,-,-,,-,-,-,-,-,-,-,-,-,-,-,-,-,-,-,-,-,,-,,,-,-,,-,-,,-,-,-,-,-,-,-,,,-,,,-,,,,,-,,-,,-,-,-,,,-,,,,,,,-,,,,,,,,,,,,,,,,,,,,,,-,,-,,,,,,,,-,,,,,,,,,,,,,,,,,,,,,,,,,
STD-DB10_2-001552,"해삼, 염장",S,국가표준식품성분표,,수('89),,어패류 및 그 제품,,"해삼, 염장",,,,,,,100g,34,67.09999999999999,4.9,0.5,25.1,2.4,-,-,75,5.5,40,40,6000,0,0,0,0,0,0,0,-,,-,-,-,-,-,-,-,-,,-,-,-,-,-,-,-,-,-,-,-,-,-,-,-,-,-,,-,,,-,-,,-,-,,-,-,-,-,-,-,-,,,-,,,-,,,,,-,,-,,-,-,-,,,-,,,,,,,-,,,,,,,,,,,,,,,,,,,,,,-,,-,,,,,,,,-,,,,,,,,,,,,,,,,,,,,,,,,,
STD-DB10_2-001553,"해삼, 젓갈",S,국가표준식품성분표,,수('82),,어패류 및 그 제품,,"해삼, 젓갈",,,,,,,100g,32,67,5.5,0,25,2.5,-,-,36,10,261,-,-,0,0,0,0,0,0,0,-,,-,-,-,-,-,-,-,-,,-,-,-,-,-,-,-,-,-,-,-,-,-,-,-,-,-,,-,,,-,-,,-,-,,-,-,-,-,-,-,-,,,-,,,-,,,,,-,,-,,-,-,-,,,-,,,,,,,-,,,,,,,,,,,,,,,,,,,,,,-,,-,,,,,,,,-,,,,,,,,,,,,,,,,,,,,,,,,,
STD-DB10_2-001554,"해삼, 내장, 젓갈",S,국가표준식품성분표,,수('09),,어패류 및 그 제품,,"해삼, 내장, 젓갈",,,,,,,100g,43,80.09999999999999,7.7,1,10.4,0.8,-,-,80,4.3,121,380,4100,55,50,59,0.16,0.46,4.1,0,-,,-,-,-,-,-,-,-,-,,-,-,-,-,-,-,-,-,-,-,-,-,-,-,-,-,-,,-,,,-,-,,-,-,,-,-,-,-,-,-,-,,,-,,,-,,,,,-,,-,,-,-,-,,,-,,,,,,,-,,,,,,,,,,,,,,,,,,,,,,-,,-,,,,,,,,-,,,,,,,,,,,,,,,,,,,,,,,,,
STD-DB10_2-001555,해파리,S,국가표준식품성분표,,수('09),,어패류 및 그 제품,,해파리,,,,,,,100g,6,96.90000000000001,1.3,0,1.7,0.1,-,0,2,-,8,-,-,-,-,-,-,-,-,-,-,,-,-,-,-,-,-,-,-,,-,-,-,-,-,-,-,-,-,-,-,-,-,-,-,-,-,,-,,,-,-,,-,-,,-,-,-,-,-,-,-,,,-,,,-,,,,,-,,-,,-,-,-,,,-,,,,,,,-,,,,,,,,,,,,,,,,,,,,,,-,,-,,,,,,,,-,,,,,,,,,,,,,,,,,,,,,,,,,
STD-DB10_2-001556,갈래곰보,S,국가표준식품성분표,,수('09),,해조류,,갈래곰보,,,,,,,100g,12,93.5,0.9,0.2,0.8,4.6,-,-,79,1.2,8,48,380,0,0,0,0,0.03,0,tr,-,,-,-,-,-,-,-,-,-,,-,-,-,-,-,-,-,-,-,-,-,-,-,-,-,-,-,,-,,,-,-,,-,-,,-,-,-,-,-,-,-,,,-,,,-,,,,,-,,-,,-,-,-,,,-,,,,,,,-,,,,,,,,,,,,,,,,,,,,,,-,,-,,,,,,,,-,,,,,,,,,,,,,,,,,,,,,,,,,
STD-DB10_2-001557,"곰피, 말린것",S,국가표준식품성분표,,수('82),,해조류,,"곰피, 말린것",,,,,,,100g,141,15.8,12.9,1.3,15.2,54.7,-,-,921,20.6,93,-,-,2,0,18,0.18,0.14,1.4,0,-,,-,-,-,-,-,-,-,-,,-,-,-,-,-,-,-,-,-,-,-,-,-,-,-,-,-,,-,,,-,-,,-,-,,-,-,-,-,-,-,-,,,-,,,-,,,,,-,,-,,-,-,-,,,-,,,,,,,-,,,,,,,,,,,,,,,,,,,,,,-,,-,,,,,,,,-,,,,,,,,,,,,,,,,,,,,,,,,,
STD-DB10_2-001558,"곰피, 가루",S,국가표준식품성분표,,수('82),,해조류,,"곰피, 가루",,,,,,,100g,129,7.9,10,1.4,29.3,51.4,-,-,-,-,-,-,-,-,-,-,-,-,-,-,-,,-,-,-,-,-,-,-,-,,-,-,-,-,-,-,-,-,-,-,-,-,-,-,-,-,-,,-,,,-,-,,-,-,,-,-,-,-,-,-,-,,,-,,,-,,,,,-,,-,,-,-,-,,,-,,,,,,,-,,,,,,,,,,,,,,,,,,,,,,-,,-,,,,,,,,-,,,,,,,,,,,,,,,,,,,,,,,,,
STD-DB10_2-001559,"김, 둥근돌김, 말린것",S,국가표준식품성분표,,수('95),,해조류,,"김, 둥근돌김, 말린것",,,,,,,100g,165,10.4,35.5,1.7,7.8,43.3,-,-,412,18.6,472,-,-,2100,0,25200,1.15,2.7,11.9,71,-,,-,-,-,-,-,-,-,-,,-,-,-,-,-,-,-,-,-,-,-,-,-,-,-,-,-,,-,,,-,-,,-,-,,-,-,-,-,-,-,-,,,-,,,-,,,,,-,,-,,-,-,-,,,-,,,,,,,-,,,,,,,,,,,,,,,,,,,,,,-,,-,,,,,,,,-,,,,,,,,,,,,,,,,,,,,,,,,,
STD-DB10_2-001560,"김, 조미김, 구운것",S,국가표준식품성분표,,농진청('15),,해조류,,"김, 조미김, 구운것",,,,,,,100g,307,0.7,37.69,49.23,7.56,4.82,0.39,-,174,5.78,368,1328,1299,991,0,11891,0.02,1.335,6.888,78.11,0,,4.11,0.76,0,6.888,0,-,66.22,346,,0.329,0,0,5.35,4.34,0,10.04,0.29,0,0,0,0,656.04,656.04,0,0,0,,0,,,0,0.39,,0,42.23999999999999,,595.79,0,63.31,0,0,0,0,,,10535.28,,,1383.45,,,,,0,,3838,,58.95,46.65,1219.8,,,24374.55,,,,,,,200.78,,,,,,,,,,,,,,,,,,,,,,1547,,1751,,,,,,,,980,,,,,,,,,,,,,,,,,,,,,,,,,
STD-DB10_2-001561,"김, 참김",S,국가표준식품성분표,,수('95),,해조류,,"김, 참김",,,,,,,100g,12,90.5,3.3,0.4,3.8,2,-,-,490,4.5,474,2208,144,-,-,-,-,-,-,-,-,,-,-,-,-,-,-,-,-,,-,-,-,-,-,-,-,-,-,-,-,-,-,-,-,-,-,,-,,,-,-,,-,-,,-,-,-,-,-,-,-,,,-,,,-,,,,,-,,-,,-,-,-,,,-,,,,,,,-,,,,,,,,,,,,,,,,,,,,,,-,,-,,,,,,,,-,,,,,,,,,,,,,,,,,,,,,,,,,
STD-DB10_2-001562,"김, 초밥김, 말린것",S,국가표준식품성분표,,국('88),,해조류,,"김, 초밥김, 말린것",,,,,,,100g,151,12.9,32.7,0.8,7.7,40.9,-,-,196,17.6,49,2520,120,1687,0,20249,0.4,3.36,5.4,21,-,,-,-,-,-,-,-,-,-,,-,-,-,-,-,-,-,-,-,-,-,-,-,-,-,-,-,,-,,,-,-,,-,-,,-,-,-,-,-,-,-,,,-,,,-,,,,,-,,-,,-,-,-,,,-,,,,,,,-,,,,,,,,,,,,,,,,,,,,,,-,,-,,,,,,,,-,,,,,,,,,,,,,,,,,,,,,,,,,
STD-DB10_2-001563,꼬시래기,S,국가표준식품성분표,,수('09),,해조류,,꼬시래기,,,,,,,100g,17,89.09999999999999,1.8,0.2,2.7,6.2,-,-,630,6.9,35,42,75,20,0,234,0.02,0.2,0.5,9,-,,-,-,-,-,-,-,-,-,,-,-,-,-,-,-,-,-,-,-,-,-,-,-,-,-,-,,-,,,-,-,,-,-,,-,-,-,-,-,-,-,,,-,,,-,,,,,-,,-,,-,-,-,,,-,,,,,,,-,,,,,,,,,,,,,,,,,,,,,,-,,-,,,,,,,,-,,,,,,,,,,,,,,,,,,,,,,,,,
STD-DB10_2-001564,다시마,S,국가표준식품성분표,,수('09),,해조류,,다시마,,,,,,,100g,12,91,1.1,0.2,3.5,4.2,-,-,103,2.4,23,1242,75,65,0,774,0.03,0.13,1.1,14,-,,-,-,-,-,-,-,-,-,,-,-,-,-,-,-,-,-,-,-,-,-,-,-,-,-,-,,-,,,-,-,,-,-,,-,-,-,-,-,-,-,,,-,,,-,,,,,-,,-,,-,-,-,,,-,,,,,,,-,,,,,,,,,,,,,,,,,,,,,,-,,-,,,,,,,,-,,,,,,,,,,,,,,,,,,,,,,,,,
STD-DB10_2-001565,"다시마, 말린것",S,국가표준식품성분표,,수('09),,해조류,,"다시마, 말린것",,,,,,,100g,110,12.3,7.4,1.1,34,45.2,-,-,708,6.3,186,7500,3100,48,0,576,0.22,0.45,4.5,18,-,,-,-,-,-,-,-,-,-,,-,-,-,-,-,-,-,-,-,-,-,-,-,-,-,-,-,,-,,,-,-,,-,-,,-,-,-,-,-,-,-,,,-,,,-,,,,,-,,-,,-,-,-,,,-,,,,,,,-,,,,,,,,,,,,,,,,,,,,,,-,,-,,,,,,,,-,,,,,,,,,,,,,,,,,,,,,,,,,
STD-DB10_2-001566,"다시마, 염장",S,국가표준식품성분표,,식약('96),,해조류,,"다시마, 염장",,,,,,,100g,16,64.09999999999999,1.2,0.3,28.4,6,-,-,145,1.4,27,468,10854,10,0,125,0.03,0.05,0.2,0,-,,-,-,-,-,-,-,-,-,,-,-,-,-,-,-,-,-,-,-,-,-,-,-,-,-,-,,-,,,-,-,,-,-,,-,-,-,-,-,-,-,,,-,,,-,,,,,-,,-,,-,-,-,,,-,,,,,,,-,,,,,,,,,,,,,,,,,,,,,,-,,-,,,,,,,,-,,,,,,,,,,,,,,,,,,,,,,,,,
STD-DB10_2-001567,다시마 튀각,S,국가표준식품성분표,,식약('96),,해조류,,다시마 튀각,,,,,,,100g,228,1.6,3.6,23,13,58.8,-,-,240,5,127,4258,1383,43,0,512,0.03,0.09,0.8,17,-,,-,-,-,-,-,-,-,-,,-,-,-,-,-,-,-,-,-,-,-,-,-,-,-,-,-,,-,,,-,-,,-,-,,-,-,-,-,-,-,-,,,-,,,-,,,,,-,,-,,-,-,-,,,-,,,,,,,-,,,,,,,,,,,,,,,,,,,,,,-,,-,,,,,,,,-,,,,,,,,,,,,,,,,,,,,,,,,,
STD-DB10_2-001568,"대황, 말린것",S,국가표준식품성분표,,수('09),,해조류,,"대황, 말린것",,,,,,,100g,145,11.3,7.3,0.2,16.7,64.5,-,-,811,5.5,207,3700,2900,38,0,450,0.05,0.32,2.2,1,-,,-,-,-,-,-,-,-,-,,-,-,-,-,-,-,-,-,-,-,-,-,-,-,-,-,-,,-,,,-,-,,-,-,,-,-,-,-,-,-,-,,,-,,,-,,,,,-,,-,,-,-,-,,,-,,,,,,,-,,,,,,,,,,,,,,,,,,,,,,-,,-,,,,,,,,-,,,,,,,,,,,,,,,,,,,,,,,,,
STD-DB10_2-001569,"뜸부기, 말린것",S,국가표준식품성분표,,수('09),,해조류,,"뜸부기, 말린것",,,,,,,100g,128,18.1,6.1,2.5,21.2,52.1,-,-,1090,23.9,119,-,-,27,0,324,0.04,0.16,6.6,6,-,,-,-,-,-,-,-,-,-,,-,-,-,-,-,-,-,-,-,-,-,-,-,-,-,-,-,,-,,,-,-,,-,-,,-,-,-,-,-,-,-,,,-,,,-,,,,,-,,-,,-,-,-,,,-,,,,,,,-,,,,,,,,,,,,,,,,,,,,,,-,,-,,,,,,,,-,,,,,,,,,,,,,,,,,,,,,,,,,
STD-DB10_2-001570,매생이,S,국가표준식품성분표,,수('16),,해조류,,매생이,,,,,,,100g,39,84.3,3.88,3.29,0.34,8.19,0.07000000000000001,6.5,91,18.3,97,263,104,-,-,-,0,0.03,-,0,0,,0.13,0.11,-,-,0,-,10.27,71,,0.252,0,0,0.35,0.35,0,0.01,0,0,0,0,0,-,0,-,0,0,,0,,,0,0.05,,0,0.49,,2.17,0,6.67,7.9,19.5,51.8,0.8,,,26.8,,,56.18,,,,,0,,162.4,,125.9,0.6,16.2,,,8.4,,,,,,,0.79,,,,,,,,,,,,,,,,,,,,,,247,,308,,,,,,,,169,,,,,,,,,,,,,,,,,,,,,,,,,
STD-DB10_2-001571,"매생이, 말린것",S,국가표준식품성분표,,수('09),,해조류,,"매생이, 말린것",,,,,,,100g,125,15.6,20.6,0.5,22.7,40.6,-,-,574,43.1,270,-,-,-,-,-,-,-,-,-,-,,-,-,-,-,-,-,-,-,,-,-,-,-,-,-,-,-,-,-,-,-,-,-,-,-,-,,-,,,-,-,,-,-,,-,-,-,-,-,-,-,,,-,,,-,,,,,-,,-,,-,-,-,,,-,,,,,,,-,,,,,,,,,,,,,,,,,,,,,,-,,-,,,,,,,,-,,,,,,,,,,,,,,,,,,,,,,,,,
STD-DB10_2-001572,모자반,S,국가표준식품성분표,,수('09),,해조류,,모자반,,,,,,,100g,18,86.2,1.8,0.2,5.1,6.7,-,0,209,2.1,61,-,-,-,-,-,-,-,-,-,-,,-,-,-,-,-,-,-,-,,-,-,-,-,-,-,-,-,-,-,-,-,-,-,-,-,-,,-,,,-,-,,-,-,,-,-,-,-,-,-,-,,,-,,,-,,,,,-,,-,,-,-,-,,,-,,,,,,,-,,,,,,,,,,,,,,,,,,,,,,-,,-,,,,,,,,-,,,,,,,,,,,,,,,,,,,,,,,,,
STD-DB10_2-001573,"모자반, 말린것",S,국가표준식품성분표,,국('78),,해조류,,"모자반, 말린것",,,,,,,100g,129,10.2,15.2,1.7,27.2,45.7,-,-,935,67.3,233,-,-,368,0,4410,0.21,0.61,2.5,2,-,,-,-,-,-,-,-,-,-,,-,-,-,-,-,-,-,-,-,-,-,-,-,-,-,-,-,,-,,,-,-,,-,-,,-,-,-,-,-,-,-,,,-,,,-,,,,,-,,-,,-,-,-,,,-,,,,,,,-,,,,,,,,,,,,,,,,,,,,,,-,,-,,,,,,,,-,,,,,,,,,,,,,,,,,,,,,,,,,
STD-DB10_2-001574,"모자반, 가루",S,국가표준식품성분표,,수('82),,해조류,,"모자반, 가루",,,,,,,100g,127,11.1,14,3.9,30.2,40.8,-,-,-,-,-,-,-,-,-,-,-,-,-,-,-,,-,-,-,-,-,-,-,-,,-,-,-,-,-,-,-,-,-,-,-,-,-,-,-,-,-,,-,,,-,-,,-,-,,-,-,-,-,-,-,-,,,-,,,-,,,,,-,,-,,-,-,-,,,-,,,,,,,-,,,,,,,,,,,,,,,,,,,,,,-,,-,,,,,,,,-,,,,,,,,,,,,,,,,,,,,,,,,,
STD-DB10_2-001575,"모자반, 염장",S,국가표준식품성분표,,수('09),,해조류,,"모자반, 염장",,,,,,,100g,18,62.9,3.1,0.2,28.4,5.4,-,-,221,9.1,28,-,-,23,0,270,0.03,0.04,1.1,3,-,,-,-,-,-,-,-,-,-,,-,-,-,-,-,-,-,-,-,-,-,-,-,-,-,-,-,,-,,,-,-,,-,-,,-,-,-,-,-,-,-,,,-,,,-,,,,,-,,-,,-,-,-,,,-,,,,,,,-,,,,,,,,,,,,,,,,,,,,,,-,,-,,,,,,,,-,,,,,,,,,,,,,,,,,,,,,,,,,
STD-DB10_2-001576,미역,S,국가표준식품성분표,,수('16),,해조류,,미역,,,,,,,100g,12,91.2,1.68,0.29,3.13,3.7,0,3.6,79,0.46,54,1112,361,-,-,-,0.06,0.07000000000000001,-,7.5,0,,0.08,0,-,-,2.25,-,0.98,29,,0,0,0,0.08,0.08,0,0,0,0,0,0,0,-,35.9,-,0,0,,0,,,0,0,,0,0.08,,0,0,0,0.7,0,0,0,,,9.5,,,0.16,,,,,0,,10.2,,16.7,1.4,16.7,,,17.61,,,,,,,0.25,,,,,,,,,,,,,,,,,,,,,,75,,99,,,,,,,,53,,,,,,,,,,,,,,,,,,,,,,,,,
STD-DB10_2-001577,"미역, 양식",S,국가표준식품성분표,,수('09),,해조류,,"미역, 양식",,,,,,,100g,15,88.8,2.1,0.2,3.9,5,-,-,153,1,40,-,-,154,0,1845,0.06,0.16,1,18,-,,-,-,-,-,-,-,-,-,,-,-,-,-,-,-,-,-,-,-,-,-,-,-,-,-,-,,-,,,-,-,,-,-,,-,-,-,-,-,-,-,,,-,,,-,,,,,-,,-,,-,-,-,,,-,,,,,,,-,,,,,,,,,,,,,,,,,,,,,,-,,-,,,,,,,,-,,,,,,,,,,,,,,,,,,,,,,,,,
STD-DB10_2-001578,"미역, 말린것",S,국가표준식품성분표,,농진청('17),,해조류,,"미역, 말린것",,,,,,,100g,150,6.3,20.31,4.83,24.91,43.65,0,35.6,1109,6.1,355,432,7535,515,0,6185,0,0.101,3.8,0,0,,0.79,0.09,3.734,0.066,0,-,0,283,,0,0,0,1.03,1.03,0,0,0,0,0,0,0,1542.68,1542.68,0,0,0,,0,,,0,0,,0,3.75,,0,0,0,30.45,0,0,5.56,,,323.08,,,0,,,,,853.03,,511.71,,909.8,29.25,858.08,,,210.55,,,,,,,0,,,,,,,,,,,,,,,,,,,,,,1162,,1487,,,,,,,,816,,,,,,,,,,,,,,,,,,,,,,,,,
STD-DB10_2-001579,"미역, 가루",S,국가표준식품성분표,,수('82),,해조류,,"미역, 가루",,,,,,,100g,134,11.1,10.7,1.8,24,52.4,-,-,-,-,-,-,-,-,-,-,-,-,-,-,-,,-,-,-,-,-,-,-,-,,-,-,-,-,-,-,-,-,-,-,-,-,-,-,-,-,-,,-,,,-,-,,-,-,,-,-,-,-,-,-,-,,,-,,,-,,,,,-,,-,,-,-,-,,,-,,,,,,,-,,,,,,,,,,,,,,,,,,,,,,-,,-,,,,,,,,-,,,,,,,,,,,,,,,,,,,,,,,,,
STD-DB10_2-001580,"미역, 염장",S,국가표준식품성분표,,수('09),,해조류,,"미역, 염장",,,,,,,100g,34,61.8,6,0.9,22,8.800000000000001,-,-,178,3.2,87,250,13000,81,0,972,0.04,0.08,3.1,3,-,,-,-,-,-,-,-,-,-,,-,-,-,-,-,-,-,-,-,-,-,-,-,-,-,-,-,,-,,,-,-,,-,-,,-,-,-,-,-,-,-,,,-,,,-,,,,,-,,-,,-,-,-,,,-,,,,,,,-,,,,,,,,,,,,,,,,,,,,,,-,,-,,,,,,,,-,,,,,,,,,,,,,,,,,,,,,,,,,
STD-DB10_2-001581,"미역, 줄기",S,국가표준식품성분표,,수('09),,해조류,,"미역, 줄기",,,,,,,100g,14,88.09999999999999,1.8,0.2,5.3,4.6,-,-,120,0.4,55,1900,520,30,0,360,0.03,0.06,1,12,-,,-,-,-,-,-,-,-,-,,-,-,-,-,-,-,-,-,-,-,-,-,-,-,-,-,-,,-,,,-,-,,-,-,,-,-,-,-,-,-,-,,,-,,,-,,,,,-,,-,,-,-,-,,,-,,,,,,,-,,,,,,,,,,,,,,,,,,,,,,-,,-,,,,,,,,-,,,,,,,,,,,,,,,,,,,,,,,,,
STD-DB10_2-001582,미역 튀각,S,국가표준식품성분표,,농진청('15),,해조류,,미역 튀각,,,,,,,100g,283,1.3,9.75,38.02,4.72,46.21,9.27,38.7,766,11.75,208,-,1038,27,0,320,0,0.055,7.502,0,0,,5.6,0.26,7.502,0,0,-,1.5,197,,0,0,0,3.11,3.05,0,0,0,0.2,0,0,0,42.54,42.54,0,0,0,,0,,,0,9.27,,0,30.5,,98.61,0,0,0,0,0,0,,,17883.6,,,220.9,,,,,288.04,,398.52,,148.93,18.97,212.19,,,11180.4,,,,,,,19.72,,,,,,,,,,,,,,,,,,,,,,565,,756,,,,,,,,404,,,,,,,,,,,,,,,,,,,,,,,,,
STD-DB10_2-001583,"불등풀가사리, 말린것",S,국가표준식품성분표,,수('09),,해조류,,"불등풀가사리, 말린것",,,,,,,100g,147,11.7,16.5,0.6,13.2,55.7,-,0,481,28.4,174,-,-,0,0,-,0.1,0.23,3.5,6,-,,-,-,-,-,-,-,-,-,,-,-,-,-,-,-,-,-,-,-,-,-,-,-,-,-,-,,-,,,-,-,,-,-,,-,-,-,-,-,-,-,,,-,,,-,,,,,-,,-,,-,-,-,,,-,,,,,,,-,,,,,,,,,,,,,,,,,,,,,,-,,-,,,,,,,,-,,,,,,,,,,,,,,,,,,,,,,,,,
STD-DB10_2-001584,"석묵, 말린것",S,국가표준식품성분표,,수('09),,해조류,,"석묵, 말린것",,,,,,,100g,38,15.3,9.6,0.2,11,9.1,-,0,215,7.6,93,-,-,2,0,18,0.05,0.32,1.1,0,-,,-,-,-,-,-,-,-,-,,-,-,-,-,-,-,-,-,-,-,-,-,-,-,-,-,-,,-,,,-,-,,-,-,,-,-,-,-,-,-,-,,,-,,,-,,,,,-,,-,,-,-,-,,,-,,,,,,,-,,,,,,,,,,,,,,,,,,,,,,-,,-,,,,,,,,-,,,,,,,,,,,,,,,,,,,,,,,,,
STD-DB10_2-001585,순채,S,국가표준식품성분표,,수('09),,해조류,,순채,,,,,,,100g,22,87.40000000000001,2.5,0.7,1,7.1,-,0,171,6.9,34,-,-,533,0,6390,0.25,0.27,1,97,-,,-,-,-,-,-,-,-,-,,-,-,-,-,-,-,-,-,-,-,-,-,-,-,-,-,-,,-,,,-,-,,-,-,,-,-,-,-,-,-,-,,,-,,,-,,,,,-,,-,,-,-,-,,,-,,,,,,,-,,,,,,,,,,,,,,,,,,,,,,-,,-,,,,,,,,-,,,,,,,,,,,,,,,,,,,,,,,,,
STD-DB10_2-001586,우뭇가사리,S,국가표준식품성분표,,수('09),,해조류,,우뭇가사리,,,,,,,100g,46,70.3,4.2,0.2,3.8,18.5,-,0,183,3.9,47,-,-,180,0,2160,0.04,0.43,1.1,15,-,,-,-,-,-,-,-,-,-,,-,-,-,-,-,-,-,-,-,-,-,-,-,-,-,-,-,,-,,,-,-,,-,-,,-,-,-,-,-,-,-,,,-,,,-,,,,,-,,-,,-,-,-,,,-,,,,,,,-,,,,,,,,,,,,,,,,,,,,,,-,,-,,,,,,,,-,,,,,,,,,,,,,,,,,,,,,,,,,
STD-DB10_2-001587,우뭇가사리묵(우무),S,국가표준식품성분표,,수('09),,해조류,,우뭇가사리묵(우무),,,,,,,100g,2,99,0.1,0,0.1,0.8,-,0,10,0.3,3,-,-,0,0,-,0,0,0,0,-,,-,-,-,-,-,-,-,-,,-,-,-,-,-,-,-,-,-,-,-,-,-,-,-,-,-,,-,,,-,-,,-,-,,-,-,-,-,-,-,-,,,-,,,-,,,,,-,,-,,-,-,-,,,-,,,,,,,-,,,,,,,,,,,,,,,,,,,,,,-,,-,,,,,,,,-,,,,,,,,,,,,,,,,,,,,,,,,,
STD-DB10_2-001588,한천,S,국가표준식품성분표,,수('09),,해조류,,한천,,,,,,,100g,154,20.1,2.3,0.1,2.9,74.59999999999999,-,0,523,7.8,16,-,-,0,0,-,0,0,0,0,-,,-,-,-,-,-,-,-,-,,-,-,-,-,-,-,-,-,-,-,-,-,-,-,-,-,-,,-,,,-,-,,-,-,,-,-,-,-,-,-,-,,,-,,,-,,,,,-,,-,,-,-,-,,,-,,,,,,,-,,,,,,,,,,,,,,,,,,,,,,-,,-,,,,,,,,-,,,,,,,,,,,,,,,,,,,,,,,,,
STD-DB10_2-001589,"진두발, 말린것",S,국가표준식품성분표,,수('82),,해조류,,"진두발, 말린것",,,,,,,100g,119,3.7,2.5,1.5,24.5,53.5,-,-,535,320,144,3628,551,-,-,-,0.06,0.3,8,1,-,,-,-,-,-,-,-,-,-,,-,-,-,-,-,-,-,-,-,-,-,-,-,-,-,-,-,,-,,,-,-,,-,-,,-,-,-,-,-,-,-,,,-,,,-,,,,,-,,-,,-,-,-,,,-,,,,,,,-,,,,,,,,,,,,,,,,,,,,,,-,,-,,,,,,,,-,,,,,,,,,,,,,,,,,,,,,,,,,
STD-DB10_2-001590,청각,S,국가표준식품성분표,,수('09),,해조류,,청각,,,,,,,100g,8,92.09999999999999,1.4,0.4,4.5,1.6,-,0,37,2.5,12,-,-,23,0,270,0.01,0.05,1.4,9,-,,-,-,-,-,-,-,-,-,,-,-,-,-,-,-,-,-,-,-,-,-,-,-,-,-,-,,-,,,-,-,,-,-,,-,-,-,-,-,-,-,,,-,,,-,,,,,-,,-,,-,-,-,,,-,,,,,,,-,,,,,,,,,,,,,,,,,,,,,,-,,-,,,,,,,,-,,,,,,,,,,,,,,,,,,,,,,,,,
STD-DB10_2-001591,"청각, 말린것",S,국가표준식품성분표,,수('09),,해조류,,"청각, 말린것",,,,,,,100g,137,10,13.8,0.8,22.6,52.8,-,0,-,-,-,-,-,-,-,-,-,-,-,-,-,,-,-,-,-,-,-,-,-,,-,-,-,-,-,-,-,-,-,-,-,-,-,-,-,-,-,,-,,,-,-,,-,-,,-,-,-,-,-,-,-,,,-,,,-,,,,,-,,-,,-,-,-,,,-,,,,,,,-,,,,,,,,,,,,,,,,,,,,,,-,,-,,,,,,,,-,,,,,,,,,,,,,,,,,,,,,,,,,
STD-DB10_2-001592,"클로렐라, 말린것",S,국가표준식품성분표,,수('82),,해조류,,"클로렐라, 말린것",,,,,,,100g,174,10.3,45.3,7.2,11.5,25.7,-,-,117,73.40000000000001,1536,-,-,-,-,-,-,-,-,-,-,,-,-,-,-,-,-,-,-,,-,-,-,-,-,-,-,-,-,-,-,-,-,-,-,-,-,,-,,,-,-,,-,-,,-,-,-,-,-,-,-,,,-,,,-,,,,,-,,-,,-,-,-,,,-,,,,,,,-,,,,,,,,,,,,,,,,,,,,,,-,,-,,,,,,,,-,,,,,,,,,,,,,,,,,,,,,,,,,
STD-DB10_2-001593,톳,S,국가표준식품성분표,,수('09),,해조류,,톳,,,,,,,100g,16,88.09999999999999,1.9,0.4,4.6,5,-,0,157,3.9,32,-,-,32,0,378,0.01,0.07000000000000001,1.9,4,-,,-,-,-,-,-,-,-,-,,-,-,-,-,-,-,-,-,-,-,-,-,-,-,-,-,-,,-,,,-,-,,-,-,,-,-,-,-,-,-,-,,,-,,,-,,,,,-,,-,,-,-,-,,,-,,,,,,,-,,,,,,,,,,,,,,,,,,,,,,-,,-,,,,,,,,-,,,,,,,,,,,,,,,,,,,,,,,,,
STD-DB10_2-001594,"톳, 말린것",S,국가표준식품성분표,,수('82),,해조류,,"톳, 말린것",,,,,,,100g,81,32.7,6.6,0.8,27.9,32,-,-,768,76.2,118,-,-,-,-,-,-,-,-,-,-,,-,-,-,-,-,-,-,-,,-,-,-,-,-,-,-,-,-,-,-,-,-,-,-,-,-,,-,,,-,-,,-,-,,-,-,-,-,-,-,-,,,-,,,-,,,,,-,,-,,-,-,-,,,-,,,,,,,-,,,,,,,,,,,,,,,,,,,,,,-,,-,,,,,,,,-,,,,,,,,,,,,,,,,,,,,,,,,,
STD-DB10_2-001595,"톳, 삶아서 말린것",S,국가표준식품성분표,,수('09),,해조류,,"톳, 삶아서 말린것",,,,,,,100g,135,15.8,6.2,0.8,17.5,59.7,-,-,1250,47,93,-,-,38,0,450,0.01,0.11,2,0,-,,-,-,-,-,-,-,-,-,,-,-,-,-,-,-,-,-,-,-,-,-,-,-,-,-,-,,-,,,-,-,,-,-,,-,-,-,-,-,-,-,,,-,,,-,,,,,-,,-,,-,-,-,,,-,,,,,,,-,,,,,,,,,,,,,,,,,,,,,,-,,-,,,,,,,,-,,,,,,,,,,,,,,,,,,,,,,,,,
STD-DB10_2-001596,파래,S,국가표준식품성분표,,수('16),,해조류,,파래,,,,,,,100g,11,93.8,2.18,0.15,0.92,2.95,0.04,2.1,55,4.1,38,131,122,-,-,-,0.29,0.14,-,36,0,,0.05,0.02,-,-,0,-,2.99,29,,0,0,0,0.08,0.08,0,0,0,0,0,0,0,-,4.76,-,0,0,,0,,,0,0.02,,0,0.07000000000000001,,0.43,0,0,1.6,3.4,0,0.1,,,4.2,,,14.67,,,,,0,,27.8,,10.6,0.6,3.2,,,1.23,,,,,,,0.42,,,,,,,,,,,,,,,,,,,,,,240,,292,,,,,,,,150,,,,,,,,,,,,,,,,,,,,,,,,,
STD-DB10_2-001597,"파래, 말린것",S,국가표준식품성분표,,JAPAN('20),,해조류,,"파래, 말린것",,,,,,,100g,201,16.9,22.1,0.6,18.7,41.7,-,29.1,490,5.3,160,3200,3900,208,(0),2500,0.07000000000000001,0.48,10.0,25,(0),,0.12,-,-,-,31.0,0.09,1.3,180,,0.44,-,-,1.1,1.1,0,0,0,-,-,-,-,5,-,-,-,-,,-,,,-,-,,-,0.22,,Tr,3,0,0,0,0,-,,,20,,,32,,,,,3,,46,,0,1,1,,,3,,,,,,,-,,,,,,,,,,,,,,,,,,,,,,1300,,1400,,,,,,,,810,,,,,,,,,,,,,,,,,,,,,,,,,
STD-DB10_2-001598,"파래, 가시파래, 말린것",S,국가표준식품성분표,,수('95),,해조류,,"파래, 가시파래, 말린것",,,,,,,100g,136,12.8,20,0.7,20,46.5,-,-,646,37.2,274,370,110,173,0,2070,0.29,1.34,4,36,-,,-,-,-,-,-,-,-,-,,-,-,-,-,-,-,-,-,-,-,-,-,-,-,-,-,-,,-,,,-,-,,-,-,,-,-,-,-,-,-,-,,,-,,,-,,,,,-,,-,,-,-,-,,,-,,,,,,,-,,,,,,,,,,,,,,,,,,,,,,-,,-,,,,,,,,-,,,,,,,,,,,,,,,,,,,,,,,,,
STD-DB10_2-001599,"파래, 갈파래, 말린것",S,국가표준식품성분표,,수('09),,해조류,,"파래, 갈파래, 말린것",,,,,,,100g,129,13.7,23.1,0.5,19.2,40.1,-,0,1015,8.699999999999999,194,-,-,65,0,774,0.04,0.39,11.4,13,-,,-,-,-,-,-,-,-,-,,-,-,-,-,-,-,-,-,-,-,-,-,-,-,-,-,-,,-,,,-,-,,-,-,,-,-,-,-,-,-,-,,,-,,,-,,,,,-,,-,,-,-,-,,,-,,,,,,,-,,,,,,,,,,,,,,,,,,,,,,-,,-,,,,,,,,-,,,,,,,,,,,,,,,,,,,,,,,,,
STD-DB10_2-001600,"파래, 납작파래",S,국가표준식품성분표,,수('09),,해조류,,"파래, 납작파래",,,,,,,100g,17,87.59999999999999,3.3,0.7,4.9,3.5,-,0,93,11.9,41,-,-,53,0,630,0.1,0.26,1.4,17,-,,-,-,-,-,-,-,-,-,,-,-,-,-,-,-,-,-,-,-,-,-,-,-,-,-,-,,-,,,-,-,,-,-,,-,-,-,-,-,-,-,,,-,,,-,,,,,-,,-,,-,-,-,,,-,,,,,,,-,,,,,,,,,,,,,,,,,,,,,,-,,-,,,,,,,,-,,,,,,,,,,,,,,,,,,,,,,,,,
STD-DB10_2-001601,"파래, 창자파래, 말린것",S,국가표준식품성분표,,수('09),,해조류,,"파래, 창자파래, 말린것",,,,,,,100g,142,10.4,23.6,0.8,15.2,45.8,-,0,866,28.5,275,-,-,1437,0,17244,0.35,1.82,7.3,40,-,,-,-,-,-,-,-,-,-,,-,-,-,-,-,-,-,-,-,-,-,-,-,-,-,-,-,,-,,,-,-,,-,-,,-,-,-,-,-,-,-,,,-,,,-,,,,,-,,-,,-,-,-,,,-,,,,,,,-,,,,,,,,,,,,,,,,,,,,,,-,,-,,,,,,,,-,,,,,,,,,,,,,,,,,,,,,,,,,
STD-DB10_2-001602,"파래, 홑파래, 말린것",S,국가표준식품성분표,,수('95),,해조류,,"파래, 홑파래, 말린것",,,,,,,100g,146,15.5,17.2,1.1,13,53.2,-,-,630,10.3,185,-,-,315,0,3780,0.33,0.21,3.1,53,-,,-,-,-,-,-,-,-,-,,-,-,-,-,-,-,-,-,-,-,-,-,-,-,-,-,-,,-,,,-,-,,-,-,,-,-,-,-,-,-,-,,,-,,,-,,,,,-,,-,,-,-,-,,,-,,,,,,,-,,,,,,,,,,,,,,,,,,,,,,-,,-,,,,,,,,-,,,,,,,,,,,,,,,,,,,,,,,,,
STD-DB10_2-001603,모유,S,국가표준식품성분표,,JAPAN('20),,우유 및 그 제품,,모유,,,,,,,100g,61,88.0,1.1,3.5,0.2,7.2,(6.4),(0),27,0.04,14,48,15,45,45,-,0.01,0.03,0.2,5,0.3,,1.32,-,-,-,0.5,Tr,Tr,Tr,,0.50,-,-,0.4,0.4,0,0.1,0,-,-,-,-,1,-,-,(0),(0),,(0),,,(6.4),(0),,(0),2.13,,19,3,2,0,8,30,-,,,490,,,-,,,,,13,,47,,9,9,8,,,-,,,,,,,-,,,,,,,,,,,,,,,,,,,,,,22,,100,,,,,,,,53,,,,,,,,,,,,,,,,,,,,,,,,,
STD-DB10_2-001604,분유,S,국가표준식품성분표,,농진청('15),,우유 및 그 제품,,분유,,,,,,,100g,498,2.2,13.98,23.93,3.27,56.6,47.28,0,680,5.87,405,789,173,526,517,103,0.636,0.666,5.971,92.25,8.18,,10.68,0.42,0.017,5.954,13.59,-,4.77,167,,4.699,0,8.18,6.04,5.31,0,5.26,1.41,0.52,0,0,0,-,40.3,-,0,0,,0,,,46.74,0,,0.54,11.68,,42.29,0,0,0,8.18,143.03,0,,,5036.75,,,0,,,,,109.71,,462.27,,13,14.29,28.87,,,5667.58,,,,,,,164.18,,,,,,,,,,,,,,,,,,,,,,244,,1314,,,,,,,,822,,,,,,,,,,,,,,,,,,,,,,,,,
STD-DB10_2-001605,"분유, 1단계",S,국가표준식품성분표,,농진청('15),,우유 및 그 제품,,"분유, 1단계",,,,,,,100g,508,2.1,12.41,25.75,2.86,56.88,49.01,0,553,3.98,323,697,164,557,549,93,0.644,0.604,6.56,100.5,7.73,,11.35,0.45,0.037,6.523,10.9,-,4.65,174,,4.184,0,7.73,5.89,5.15,0,5.38,1.31,0.53,0,0,0,-,43.58,-,0,0,,0,,,48.23,0,,0.78,12.72,,45.69,0,0,0,8.449999999999999,153.32,0,,,5569.65,,,0,,,,,116.73,,505.03,,13.92,14.22,31.33,,,6109.76,,,,,,,163.75,,,,,,,,,,,,,,,,,,,,,,220,,1149,,,,,,,,714,,,,,,,,,,,,,,,,,,,,,,,,,
STD-DB10_2-001606,"분유, 2단계",S,국가표준식품성분표,,농진청('15),,우유 및 그 제품,,"분유, 2단계",,,,,,,100g,506,2,12.63,25.38,3.06,56.93,49,0,635,5.72,374,739,171,490,481,107,0.627,0.671,5.231,93.29000000000001,8.1,,11.34,0.44,0,5.231,13.65,-,4.12,146,,4.66,0,8.1,5.9,5.16,0,5.27,1.45,0.58,0,0,0,-,38.59,-,0,0,,0,,,48.14,0,,0.86,12.38,,44.9,0,0,0,8.34,147.74,0,,,5374.08,,,0,,,,,112.99,,490.16,,13.43,14.62,29.56,,,5995.67,,,,,,,167.14,,,,,,,,,,,,,,,,,,,,,,216,,1170,,,,,,,,743,,,,,,,,,,,,,,,,,,,,,,,,,
STD-DB10_2-001607,"분유, 3단계",S,국가표준식품성분표,,농진청('15),,우유 및 그 제품,,"분유, 3단계",,,,,,,100g,477,2.5,16.91,20.65,3.9,56.04,43.85,0,851,7.9,519,929,185,529,520,109,0.637,0.723,6.122,82.98,8.710000000000001,,9.35,0.38,0.014,6.108,16.22,-,5.54,180,,5.253,0,8.710000000000001,6.31,5.62,0,5.14,1.46,0.45,0,0,0,-,38.73,-,0,0,,0,,,43.85,0,,0,9.92,,36.26,0,0,0,7.74,128.04,0,,,4166.51,,,0,,,,,99.42,,391.62,,11.66,14.04,25.72,,,4897.3,,,,,,,161.64,,,,,,,,,,,,,,,,,,,,,,295,,1624,,,,,,,,1009,,,,,,,,,,,,,,,,,,,,,,,,,
STD-DB10_2-001608,"분유, 탈지",S,국가표준식품성분표,,농진청('15),,우유 및 그 제품,,"분유, 탈지",,,,,,,100g,358,4.3,33.88,0.97,7.69,53.16,46.17,0,1414,0.15,1068,1665,432,0,0,0,0.158,1.314,1.266,10.1,0,,0.63,0.05,0.036,1.23,11.56,-,3.86,44,,3.435,0,0,0,0,0,0,0,0,0,0,0,-,0,-,0,0,,0,,,46.17,0,,0,0.25,,0,0,0,0,0,0,0,,,39.38,,,5.68,,,,,6.17,,0,,0,5.47,0,,,187.11,,,,,,,37.69,,,,,,,,,,,,,,,,,,,,,,608,,3450,,,,,,,,1756,,,,,,,,,,,,,,,,,,,,,,,,,
STD-DB10_2-001609,산양유,S,국가표준식품성분표,,농진청('16),,우유 및 그 제품,,산양유,,,,,,,100g,62,88.40000000000001,3.16,3.62,0.79,4.03,3.48,0,149,0.03,134,201,40,67,67,0,-,0.034,0.215,0.33,0,,2.47,0.11,0.016,0.199,0.09,-,0,0,,0.218,0,0,0,0,0,0,0,0,0,0,0,-,0,-,0.24,0,,0,,,3.24,0,,0,0.83,,2.42,0,0,0,2.47,0,0,,,81.15000000000001,,,16.07,,,,,0,,10.55,,0,0,0,,,685.23,,,,,,,90.56999999999999,,,,,,,,,,,,,,,,,,,,,,60,,325,,,,,,,,157,,,,,,,,,,,,,,,,,,,,,,,,,
STD-DB10_2-001610,셔벗,S,국가표준식품성분표,,농진청('21),,우유 및 그 제품,,셔벗,,,,,,,100g,143,66.5,0.83,2.05,0.29,30.31,21.83,0,42,0,30,71,15,0,0,0,0,0.073,0.01,1.66,0,,1.44,0,0,0.01,0,0.019,0.03,7,,0.106,0,0,0,0,0,0,0,0,0,0,0,0,0,0,0,0.71,,1.09,,,1.28,16.83,,1.92,0.51,,0,0,0,0,0,0,0,,,60.34,,,12.09,,,,,0,,0,,0,0,0,,,391.67,,,,,,,0,,,,,,,,,,,,,,,,,,,,,,14,,72,,,,,,,,38,,,,,,,,,,,,,,,,,,,,,,,,,
STD-DB10_2-001611,아이스밀크,S,국가표준식품성분표,,JAPAN('20),,우유 및 그 제품,,아이스밀크,,,,,,,100g,167,65.59999999999999,3.4,6.4,0.7,23.9,-,(0),110,0.1,100,140,75,21,21,-,0.03,0.14,0.1,Tr,0.1,,4.64,-,-,-,-,0.02,0.3,Tr,,0.43,-,-,0.1,0.1,0,Tr,Tr,-,-,-,-,1,-,-,-,-,,-,,,-,-,,-,1.51,,6,6,0,0,2,0,-,,,110,,,-,,,,,9,,20,,1,4,1,,,-,,,,,,,-,,,,,,,,,,,,,,,,,,,,,,(68),,(330),,,,,,,,(180),,,,,,,,,,,,,,,,,,,,,,,,,
STD-DB10_2-001612,"아이스크림, 딸기맛, 유지방12%",S,국가표준식품성분표,,농진청('19),,우유 및 그 제품,,"아이스크림, 딸기맛, 유지방12%",,,,,,,100g,205,63.1,2.93,12,0.59,21.4,20.48,0.8,94,0.29,87,152,38,67,67,0,0.042,0.116,0.092,3.9,0,,7.46,0,0.092,0,3.36,0.025,0.16,24,,0.529,0,0,0.35,0.35,0,0,0,0,0,0,0,0,0,0,0,1.81,,0,,,2.54,14.68,,1.44,2.95,,0,0,0,0,0,0,0,,,251.01,,,61.19,,,,,19.59,,40.04,,0,10.52,0,,,2291.6,,,,,,,0,,,,,,,,,,,,,,,,,,,,,,88,,316,,,,,,,,177,,,,,,,,,,,,,,,,,,,,,,,,,
STD-DB10_2-001613,"아이스크림, 바닐라맛",S,국가표준식품성분표,,농진청('16),,우유 및 그 제품,,"아이스크림, 바닐라맛",,,,,,,100g,179,64.2,4.98,7.83,0.74,22.25,17.3,0,80,0.04,66,188,70,117,117,5,0.02,0.134,0,1.69,0,,5.26,0.28,0,0,0,-,0,7,,0.276,0,0,0.27,0.22,0.01,0.18,0,0.08,0,0,0,-,0,-,0,0,,0,,,4.01,13.29,,0,1.87,,0,0,0,0,0,0,0,,,177.81,,,32.51,,,,,11.03,,19.28,,0,11.43,0,,,1469.3,,,,,,,193.15,,,,,,,,,,,,,,,,,,,,,,90,,388,,,,,,,,223,,,,,,,,,,,,,,,,,,,,,,,,,
STD-DB10_2-001614,"아이스크림, 초콜릿맛, 유지방12%",S,국가표준식품성분표,,농진청('19),,우유 및 그 제품,,"아이스크림, 초콜릿맛, 유지방12%",,,,,,,100g,245,54.3,4.63,13.24,0.97,26.86,19.34,1.2,131,1.74,149,281,43,65,65,0,0.057,0.208,0.266,4.37,0,,8.07,0,0.266,0,3.7,0.02,0.16,8,,0.995,0,0,0.21,0.21,0,0,0,0,0,0,0,0,0,0,0,0,,0,,,3.21,16.13,,0,3.39,,0,0,0,0,0,0,0,,,280.7,,,60.05,,,,,17.25,,35.39,,0,9.52,0,,,2732.35,,,,,,,0,,,,,,,,,,,,,,,,,,,,,,131,,478,,,,,,,,265,,,,,,,,,,,,,,,,,,,,,,,,,
STD-DB10_2-001615,"아이스크림, 유지방 8%",S,국가표준식품성분표,,JAPAN('20),,우유 및 그 제품,,"아이스크림, 유지방 8%",,,,,,,100g,178,63.9,3.9,8,1.0,23.2,15.1,0.1,140,0.1,120,190,110,55,55,-,0.06,0.20,0.1,Tr,0.1,,4.64,-,-,-,2.7,0.02,0.2,Tr,,0.50,-,-,0.2,0.2,Tr,0.1,Tr,-,-,-,-,3,-,-,0,0.1,,0.7,,,4.6,9.4,,0.3,2.68,,10,19,0,0,0,0,-,,,240,,,-,,,,,20,,51,,17,12,4,,,-,,,,,,,-,,,,,,,,,,,,,,,,,,,,,,81,,380,,,,,,,,210,,,,,,,,,,,,,,,,,,,,,,,,,
STD-DB10_2-001616,"아이스크림, 빙과, 딸기맛",S,국가표준식품성분표,,농진청('19),,우유 및 그 제품,,"아이스크림, 빙과, 딸기맛",,,,,,,100g,168,65.59999999999999,0.82,6.56,0.5,26.5,15.12,2,53,0.5,50,160,50,0,0,0,0.05,0.156,0.139,0,0,,3.91,0,0.139,0,2.22,0.024,0.06,7,,0.528,0,0,0.28,0.23,0,0,0,0.17,0,0.29,0,0,0,0,0,0.44,,0,,,3.34,11.34,,0,1.63,,0,0,0,0,0,0,0,,,319.87,,,20.71,,,,,0,,7.52,,0,0,0,,,1271,,,,,,,0,,,,,,,,,,,,,,,,,,,,,,36,,88,,,,,,,,46,,,,,,,,,,,,,,,,,,,,,,,,,
STD-DB10_2-001617,"아이스크림, 소프트 아이스크림, 바닐라맛",S,국가표준식품성분표,,농진청('17),,우유 및 그 제품,,"아이스크림, 소프트 아이스크림, 바닐라맛",,,,,,,100g,139,69.7,2.38,3.98,0.47,23.5,23.7,0,71,0,60,110,33,11,11,0,0,0.111,0.382,0,0,,2.91,0.06,0.312,0.07000000000000001,0.24,-,0,0,,0.355,0,0,0.22,0.2,0,0,0,0.06,0,0.12,0,0,0,0,0,0,,0,,,4.97,18.73,,0,0.8100000000000001,,2.23,0,0,0,0,0,0,,,134.53,,,18.19,,,,,0,,9.640000000000001,,0,0,0,,,607.53,,,,,,,44.46,,,,,,,,,,,,,,,,,,,,,,90,,270,,,,,,,,136,,,,,,,,,,,,,,,,,,,,,,,,,
STD-DB10_2-001618,"연유, 점성이 낮은것",S,국가표준식품성분표,,농진청('14),,우유 및 그 제품,,"연유, 점성이 낮은것",,,,,,,100g,126,74.5,5.56,5.73,1.09,13.1,5.05,0,165,0.28,158,226,87,169,169,0,0.026,0.317,0.126,0,6.96,,2.51,0.03,0.096,0.03,1.64,-,0,13,,0.422,0,6.96,1.5,1.18,0,0.39,0.08,0.72,1.21,0,0.35,-,0,-,0,0,,0,,,5.05,0,,0,2.94,,8.779999999999999,0,0,0,0,0,0,,,655.38,,,40.77,,,,,0,,20.75,,1.73,0,0,,,2196.84,,,,,,,9.66,,,,,,,,,,,,,,,,,,,,,,75,,387,,,,,,,,183,,,,,,,,,,,,,,,,,,,,,,,,,
STD-DB10_2-001619,"연유, 점성이 높은것",S,국가표준식품성분표,,농진청('14),,우유 및 그 제품,,"연유, 점성이 높은것",,,,,,,100g,367,16.3,7.76,7.84,1.8,66.31,51.88,0,273,0,238,366,101,95,95,0,0.051,0.453,0.177,2.19,0,,5.18,0.3,0.083,0.094,1.3,-,0.86,24,,0.286,0,0,0.11,0.11,0,0,0,0,0,0,0,-,0,-,0,0,,0,,,12.07,39.81,,0,1.95,,5.52,0,0,0,3.15,0,0,,,154.51,,,30.56,,,,,3.92,,17.22,,3.61,12.18,2.07,,,1532.79,,,,,,,223.84,,,,,,,,,,,,,,,,,,,,,,145,,784,,,,,,,,351,,,,,,,,,,,,,,,,,,,,,,,,,
STD-DB10_2-001620,"요구르트, 액상",S,국가표준식품성분표,,농진청('15),,우유 및 그 제품,,"요구르트, 액상",,,,,,,100g,65,83.2,1.29,0.02,0.26,15.23,12.49,0.6,45,0.02,33,60,17,0,0,0,0.015,0.064,0.02,0.46,0,,0.02,0,0.02,0,0,-,0,26,,0,0,0,0,0,0,0,0,0,0,0,0,-,0,-,0,4.59,,1.22,,,1.87,0,,4.81,0,,0,0,0,0,0,0,0,,,0.67,,,0,,,,,0,,0,,0,0,0,,,4.31,,,,,,,0,,,,,,,,,,,,,,,,,,,,,,22,,92,,,,,,,,52,,,,,,,,,,,,,,,,,,,,,,,,,
STD-DB10_2-001621,"요구르트, 액상(농후), 딸기맛",S,국가표준식품성분표,,농진청('14),,우유 및 그 제품,,"요구르트, 액상(농후), 딸기맛",,,,,,,100g,85,80.2,3.29,2.22,0.8,13.49,10.51,0.2,133,0.08,92,176,46,23,23,0,0.008999999999999999,0.42,0.288,0.91,0,,1.44,0.1,0.286,0.002,3.34,-,-,15,,0.328,0,0,0.04,0.04,0,0.02,0,0,0,0,0,-,0,-,3.35,4.65,,0,,,0,0,,2.51,0.5700000000000001,,1.67,0,0.4,0,1.2,0,0,,,51.25,,,10.48,,,,,5.15,,5.66,,0.9,3.61,0,,,436.73,,,,,,,75.13,,,,,,,,,,,,,,,,,,,,,,61,,335,,,,,,,,146,,,,,,,,,,,,,,,,,,,,,,,,,
STD-DB10_2-001622,"요구르트, 호상, 딸기맛",S,국가표준식품성분표,,농진청('15),,우유 및 그 제품,,"요구르트, 호상, 딸기맛",,,,,,,100g,95,78.3,2.95,2.46,0.76,15.53,14.46,0.7,123,0.06,89,163,41,38,38,1,0.022,0.181,0,1.48,0,,1.57,0.11,0,0,0,-,0.1,11,,0.19,0,0,0.15,0.15,0,0,0,0,0,0,0,-,0,-,1.33,2.74,,0,,,3.72,2.63,,4.04,0.6399999999999999,,2.1,0,0,0,0.9399999999999999,0,0,,,52.45,,,10.21,,,,,4.53,,11.96,,0,3.44,0,,,513.0599999999999,,,,,,,86.13,,,,,,,,,,,,,,,,,,,,,,58,,242,,,,,,,,128,,,,,,,,,,,,,,,,,,,,,,,,,
STD-DB10_2-001623,우유,S,국가표준식품성분표,,농진청('22),,우유 및 그 제품,,우유,,,,,,,100g,67,87.59999999999999,3.09,3.85,0.65,4.86,4.81,0,118,0.03,104,162,40,55,55,0,0.021,0.145,0.301,0.79,0,,2.17,0.14,0.233,0.068,2.24,0.032,0.35,5,,0.267,0,0,0,0,0,0,0,0,0,0,0,0,0,0,0,0,,0,,,4.81,0,,0,0.84,,2.51,0,0.5,1.11,1.61,0,0,,,73.78,,,15.04,,,,,7.17,,7.6,,1.33,5.56,0.84,,,637.95,,,,,,,109.29,,,,,,,,,,,,,,,,,,,,,,45,,309,,,,,,,,142,,,,,,,,,,,,,,,,,,,,,,,,,
STD-DB10_2-001624,"우유, 가공우유, 딸기맛",S,국가표준식품성분표,,농진청('16),,우유 및 그 제품,,"우유, 가공우유, 딸기맛",,,,,,,100g,68,83.7,2.29,1.12,0.55,12.34,8.130000000000001,0,78,0.03,62,107,30,17,17,0,0.029,0.109,0.145,0.25,0,,0.75,0.05,0.013,0.132,0,-,0.19,0,,0,0,0,0.03,0.02,0,0.01,0.15,0.01,0,0,0,-,0,-,0,1.74,,0,,,2.8,1.98,,1.61,0.27,,0,0,0,0,0,0,0,,,25.99,,,4.45,,,,,0,,2.82,,0,1.91,0,,,213.13,,,,,,,37.84,,,,,,,,,,,,,,,,,,,,,,48,,229,,,,,,,,123,,,,,,,,,,,,,,,,,,,,,,,,,
STD-DB10_2-001625,"우유, 강화우유, 고칼슘",S,국가표준식품성분표,,농진청('16),,우유 및 그 제품,,"우유, 강화우유, 고칼슘",,,,,,,100g,63,86.8,2.98,2.77,0.92,6.53,3.85,0,205,1.19,88,144,37,171,171,0,0.163,0.134,0.051,0.46,2.02,,1.87,0.12,0,0.051,7.67,-,0.47,36,,0.289,0,2.02,1.95,1.94,0,0.04,0,0.03,0,0,0,-,0,-,0,0,,0,,,3.85,0,,0,0.6300000000000001,,1.05,0,0,0,0,0,0,,,64.38,,,10.77,,,,,0,,6.19,,0,4.32,0,,,505.43,,,,,,,95.94,,,,,,,,,,,,,,,,,,,,,,66,,278,,,,,,,,149,,,,,,,,,,,,,,,,,,,,,,,,,
STD-DB10_2-001626,"우유, 유당분해우유",S,국가표준식품성분표,,농진청('22),,우유 및 그 제품,,"우유, 유당분해우유",,,,,,,100g,66,87.8,3.05,3.86,0.62,4.73,3.99,0,114,0.03,104,164,39,54,54,0,0.021,0.129,0.296,0.78,0,,2.14,0.14,0.23,0.067,2.26,0.042,0.29,5,,0.255,0,0,0,0,0,0,0,0,0,0,0,0,0,0,1.99,0,,0,,,0,0,,1.99,0.82,,2.47,0,0.49,1.09,1.58,0,0,,,72.68000000000001,,,14.81,,,,,7.06,,7.49,,1.31,5.47,0.83,,,628.38,,,,,,,107.65,,,,,,,,,,,,,,,,,,,,,,42,,268,,,,,,,,130,,,,,,,,,,,,,,,,,,,,,,,,,
STD-DB10_2-001627,"우유, 저지방우유",S,국가표준식품성분표,,농진청('22),,우유 및 그 제품,,"우유, 저지방우유",,,,,,,100g,46,89.7,3.25,1.44,0.65,4.96,4.93,0,121,0.03,105,165,40,13,13,0,0.017,0.154,0.256,0.27,0,,0.59,0.04,0.21,0.046,1.99,0.049,0.34,3,,0.239,0,0,0,0,0,0,0,0,0,0,0,0,0,0,0,0,,0,,,4.93,0,,0,0.23,,0.7,0,0.18,0,0.46,0,0,,,20.43,,,4.22,,,,,2.15,,2.23,,0.35,1.49,0.25,,,175.63,,,,,,,31.05,,,,,,,,,,,,,,,,,,,,,,57,,302,,,,,,,,138,,,,,,,,,,,,,,,,,,,,,,,,,
STD-DB10_2-001628,"치즈, 고다",S,국가표준식품성분표,,USDA('18),,우유 및 그 제품,,"치즈, 고다",,,,,,,100g,356,41.46,24.94,27.44,3.94,2.22,2.22,0,700,0.24,546,121,819,165,164,10,0.03,0.334,0.063,0,0.5,,17.614,-,-,-,-,0.08,1.54,21,,0.34,-,0.5,0.24,0.24,-,-,-,-,-,-,-,-,2.3,-,-,-,,-,,,-,-,,-,8.404,,0,-,-,-,0,0,-,,,-,,,-,,,,,-,,-,,-,-,0,,,-,,,,,,,-,,,,,,,,,,,,,,,,,,,,,,485,,2564,,,,,,,,1306,,,,,,,,,,,,,,,,,,,,,,,,,
STD-DB10_2-001629,"치즈, 카망베르",S,국가표준식품성분표,,USDA('18),,우유 및 그 제품,,"치즈, 카망베르",,,,,,,100g,300,51.8,19.8,24.26,3.68,0.46,0.46,0,388,0.33,347,187,842,241,240,12,0.028,0.488,0.63,0,0.4,,15.259,-,-,-,-,0.227,1.3,62,,1.364,-,0.4,0.21,0.21,-,-,-,-,-,-,-,-,2,-,-,-,,-,,,-,-,,-,7.747,,0,-,-,-,0,0,-,,,-,,,-,,,,,-,,-,,-,-,0,,,-,,,,,,,-,,,,,,,,,,,,,,,,,,,,,,379,,1840,,,,,,,,968,,,,,,,,,,,,,,,,,,,,,,,,,
STD-DB10_2-001630,"치즈, 리코타",S,국가표준식품성분표,,JAPAN('20),,우유 및 그 제품,,"치즈, 리코타",,,,,,,100g,159,72.90000000000001,7.1,11.5,1.7,6.7,-,(0),340,0.1,200,210,160,160,160,-,0.04,0.21,0.1,-,0,,-,-,-,-,-,0.06,0.2,4,,0.52,-,-,0.2,0.2,0,0,0,-,-,-,-,3,-,-,-,-,,-,,,-,-,,-,-,,-,-,-,-,-,-,-,,,-,,,-,,,,,-,,-,,-,-,-,,,-,,,,,,,-,,,,,,,,,,,,,,,,,,,,,,-,,-,,,,,,,,-,,,,,,,,,,,,,,,,,,,,,,,,,
STD-DB10_2-001631,"치즈, 브리",S,국가표준식품성분표,,USDA('18),,우유 및 그 제품,,"치즈, 브리",,,,,,,100g,334,48.42,20.75,27.68,2.7,0.45,0.45,0,184,0.5,188,152,629,174,173,9,0.07000000000000001,0.52,0.38,0,0.5,,17.41,-,-,-,-,0.235,1.65,65,,0.6899999999999999,-,0.5,0.24,0.24,-,-,-,-,-,-,-,-,2.3,-,-,-,,-,,,-,-,,-,8.839,,0,-,-,-,0,0,-,,,-,,,-,,,,,-,,-,,-,-,0,,,-,,,,,,,-,,,,,,,,,,,,,,,,,,,,,,397,,1929,,,,,,,,1015,,,,,,,,,,,,,,,,,,,,,,,,,
STD-DB10_2-001632,"치즈, 브릭",S,국가표준식품성분표,,USDA('18),,우유 및 그 제품,,"치즈, 브릭",,,,,,,100g,371,41.11,23.24,29.68,3.18,2.79,0.51,0,674,0.43,451,136,560,292,286,76,0.014,0.351,0.118,0,0.5,,18.764,-,-,-,-,0.065,1.26,20,,0.288,-,0.5,0.26,0.26,-,-,-,-,-,-,-,-,2.5,-,-,-,,-,,,-,-,,-,9.382000000000001,,0,-,-,-,0,0,-,,,-,,,-,,,,,-,,-,,-,-,0,,,-,,,,,,,-,,,,,,,,,,,,,,,,,,,,,,437,,2244,,,,,,,,1137,,,,,,,,,,,,,,,,,,,,,,,,,
STD-DB10_2-001633,"치즈, 블루",S,국가표준식품성분표,,USDA('18),,우유 및 그 제품,,"치즈, 블루",,,,,,,100g,353,42.41,21.4,28.74,5.11,2.34,0.5,0,528,0.31,387,256,1146,198,192,74,0.029,0.382,1.016,0,0.5,,18.669,-,-,-,-,0.166,1.22,36,,1.729,-,0.5,0.25,0.25,-,-,-,-,-,-,-,-,2.4,-,-,-,,-,,,-,-,,-,8.577999999999999,,0,-,-,-,0,0,-,,,-,,,-,,,,,-,,-,,-,-,0,,,-,,,,,,,-,,,,,,,,,,,,,,,,,,,,,,406,,1919,,,,,,,,1124,,,,,,,,,,,,,,,,,,,,,,,,,
STD-DB10_2-001634,"치즈, 체다",S,국가표준식품성분표,,농진청('16),,우유 및 그 제품,,"치즈, 체다",,,,,,,100g,298,49.3,18.76,21.3,4.47,6.17,0.24,0,626,0.09,857,62,928,80,57,272,0.059,0.17,0.079,0.07000000000000001,0,,14.46,1.29,0.079,0,0,-,0.97,41,,0.443,0,0,0.76,0.71,0,0.24,0,0.08,0,0,0,-,0,-,0,0,,0,,,0.24,0,,0,4.42,,7.75,0,0,24.3,21.08,0,0,,,218.26,,,88.15000000000001,,,,,6.92,,143.58,,0,11.04,22.11,,,3261.77,,,,,,,923.64,,,,,,,,,,,,,,,,,,,,,,318,,1513,,,,,,,,1239,,,,,,,,,,,,,,,,,,,,,,,,,
STD-DB10_2-001635,"치즈, 카테지",S,국가표준식품성분표,,JAPAN('20),,우유 및 그 제품,,"치즈, 카테지",,,,,,,100g,99,79.0,13.3,4.5,1.3,1.9,0.5,(0),55,0.1,130,50,400,35,35,-,0.02,0.15,0.1,(0),0,,2.73,-,-,-,2.2,0.03,1.0,21,,0.48,-,-,0.1,0.1,0,0,0,-,-,-,-,2,-,-,0,-,,-,,,0.5,-,,0,1.13,,10,0,0,0,3,0,-,,,93,,,-,,,,,6,,16,,1,4,2,,,-,,,,,,,-,,,,,,,,,,,,,,,,,,,,,,270,,1400,,,,,,,,730,,,,,,,,,,,,,,,,,,,,,,,,,
STD-DB10_2-001636,"치즈, 크림",S,국가표준식품성분표,,USDA('18),,우유 및 그 제품,,"치즈, 크림",,,,,,,100g,350,52.62,6.15,34.44,1.27,5.52,3.76,0,97,0.11,107,132,314,308,303,59,0.023,0.23,0.091,0,0,,20.213,1.173,-,-,-,0.056,0.22,9,,0.517,0,0,0.91,0.86,0,0.41,0,0.04,0,0,0,-,2.1,-,0,0,,0,,,3.76,0,,0,10.39,,64,2,0,-,20,0,2,,,807,,,-,,,,,-,,125,,7,36,10,,,-,,,,,,,-,,,,,,,,,,,,,,,,,,,,,,142,,657,,,,,,,,324,,,,,,,,,,,,,,,,,,,,,,,,,
STD-DB10_2-001637,"치즈, 파르메산(파마산)",S,국가표준식품성분표,,USDA('18),,우유 및 그 제품,,"치즈, 파르메산(파마산)",,,,,,,100g,420,22.65,28.42,27.84,7.18,13.91,0.07000000000000001,0,853,0.49,627,180,1804,261,255,73,0.026,0.358,0.08,0,0.5,,15.371,0.876,-,-,-,0.081,1.4,6,,0.45,-,0.5,0.53,0.53,0,0.01,0,0,0,0,0,-,1.7,-,0.07000000000000001,0,,0,,,0,0,,0,8.516,,49,2,0,-,15,0,2,,,870,,,-,,,,,-,,102,,6,26,0,,,-,,,,,,,-,,,,,,,,,,,,,,,,,,,,,,560,,2747,,,,,,,,1455,,,,,,,,,,,,,,,,,,,,,,,,,
STD-DB10_2-001638,"크림, 생크림",S,국가표준식품성분표,,농진청('19),,우유 및 그 제품,,"크림, 생크림",,,,,,,100g,368,54.9,2.03,37.81,0.24,4.98,0,0,63,0.04,57,91,25,238,238,10,0.118,0.121,0.485,0,0,,25.23,1.3,0.33,0.155,0.31,0.053,0.1,7,,0.232,0,0,0.51,0.51,0,0,0,0,0,0,0,10.48,0,10.48,0,0,,0,,,0,0,,0,9.23,,22.63,0,3.42,11.68,15.94,0,2.07,,,829.6900000000001,,,147.05,,,,,7.71,,85.95999999999999,,14.9,55.53,8.19,,,7563.57,,,,,,,883.3200000000001,,,,,,,,,,,,,,,,,,,,,,39,,148,,,,,,,,59,,,,,,,,,,,,,,,,,,,,,,,,,
STD-DB10_2-001639,"크림, 휘핑, 동물성",S,국가표준식품성분표,,농진청('19),,우유 및 그 제품,,"크림, 휘핑, 동물성",,,,,,,100g,354,55.7,2.01,35.55,0.27,6.43,0,0,59,0,57,87,41,245,244,8,0.116,0.124,0.516,0.33,0,,24,1.06,0.343,0.173,1.09,0.049,0.1,3,,0.244,0,0,0.45,0.45,0,0,0,0,0,0,0,10.5,0,10.5,0,0,,0,,,0,0,,0,8.34,,19.85,0,2.85,10.93,15.42,0,1.75,,,772.45,,,146.69,,,,,6.74,,84.98,,13.64,50.75,7.89,,,6780.36,,,,,,,674.51,,,,,,,,,,,,,,,,,,,,,,35,,134,,,,,,,,52,,,,,,,,,,,,,,,,,,,,,,,,,
STD-DB10_2-001640,고추기름,S,국가표준식품성분표,,농진청('14),,유지류,,고추기름,,,,,,,100g,919,0,0.02,99.8,0.2,0,0,0,13,0.05,0,0,0,128,0,1533,0,0.003,0,0,0,,14.97,0.62,0,0,0,-,0,0,,0,0,0,3.44,2.41,0,10.26,0.18,0,0,0,0,-,-,-,0,0,,0,,,0,0,,0,79.87,,445.82,0,0,0,0,0,0,,,50718.29,,,1434.81,,,,,0,,6748.64,,40.06,0,0,,,20386.44,,,,,,,0,,,,,,,,,,,,,,,,,,,,,,0,,0,,,,,,,,0,,,,,,,,,,,,,,,,,,,,,,,,,
STD-DB10_2-001641,닭기름,S,국가표준식품성분표,,USDA('18),,유지류,,닭기름,,,,,,,100g,900,0.2,0,99.8,0,0,0,0,0,0,0,0,0,0,0,0,0,0,0,0,4.8,,29.8,-,-,-,-,0,0,0,,0,-,4.8,2.7,2.7,-,-,-,-,-,-,-,-,0,-,-,-,,-,,,-,-,,-,65.59999999999999,,1100,-,-,-,0,0,-,,,-,,,-,,,,,-,,-,,-,-,0,,,-,,,,,,,-,,,,,,,,,,,,,,,,,,,,,,0,,0,,,,,,,,0,,,,,,,,,,,,,,,,,,,,,,,,,
STD-DB10_2-001642,돼지기름,S,국가표준식품성분표,,농진청('19),,유지류,,돼지기름,,,,,,,100g,915,0,0,99.38,0.05,0.58,0,0,0,0,0,23,17,0,0,0,0,0,0,0,0,,37.38,0.6899999999999999,0,0,0,0,0,0,,0,0,0,2.12,1.87,0,0.19,0.21,0.41,0,0.49,0,13.12,0,13.12,0,0,,0,,,0,0,,0,56,,748.96,0,0,0,60.08,0,69.43000000000001,,,12916.63,,,2244.85,,,,,0,,727.55,,417.53,81.11,0,,,36954.38,,,,,,,336.53,,,,,,,,,,,,,,,,,,,,,,0,,0,,,,,,,,0,,,,,,,,,,,,,,,,,,,,,,,,,
STD-DB10_2-001643,들기름,S,국가표준식품성분표,,농진청('22),,유지류,,들기름,,,,,,,100g,920,0,0,99.92,0,0.08,0,0,0,0,0,0,0,2,0,27,0,0.013,0,0,0,,8.81,0.37,0,0,0,0,0,0,,0,0,0,8.48,2.19,0.45,59.57,3.65,0,0,0,0,0,0,0,0,0,,0,,,0,0,,0,85.28,,184.08,0,0,0,0,0,36.95,,,14302.12,,,747.29,,,,,0,,57880.18,,38.24,0,0,,,12003.71,,,,,,,20.31,,,,,,,,,,,,,,,,,,,,,,0,,0,,,,,,,,0,,,,,,,,,,,,,,,,,,,,,,,,,
STD-DB10_2-001644,땅콩 버터,S,국가표준식품성분표,,농진청('13),,유지류,,땅콩 버터,,,,,,,100g,658,0.3,25.8,51.91,3.09,18.9,9.41,6,57,1.85,357,558,370,0,0,0,0.011,0.5669999999999999,3.656,0,0,,10.98,0.04,3.073,0.583,0,-,0,83,,2.626,0,0,6.92,5.97,0.5,6.79,0.63,0,0,0,0,-,0,-,0,0,,0,,,0,9.41,,0,38.65,,651.48,0,0,0,0,0,0,,,13641.47,,,239.61,,,,,0,,30.59,,18.88,0,0,,,23985.21,,,,,,,23.3,,,,,,,,,,,,,,,,,,,,,,1357,,1499,,,,,,,,716,,,,,,,,,,,,,,,,,,,,,,,,,
STD-DB10_2-001645,"땅콩 버터, 청크",S,국가표준식품성분표,,USDA('18),,유지류,,"땅콩 버터, 청크",,,,,,,100g,589,1.14,24.06,49.94,3.29,21.57,8.41,8,45,1.9,319,745,486,0,0,0,0.106,0.111,13.696,0,0,,7.607,-,-,-,-,0.418,0,92,,1.118,-,-,7.23,6.3,0.22,7.98,0.73,0,0,0,0,-,0.5,-,0,0,,0,,,0,4.19,,4.22,37.055,,790,-,-,-,0,0,-,,,-,,,-,,,,,-,,-,,-,-,0,,,-,,,,,,,-,,,,,,,,,,,,,,,,,,,,,,1417,,1525,,,,,,,,608,,,,,,,,,,,,,,,,,,,,,,,,,
STD-DB10_2-001646,"땅콩 버터, 크림",S,국가표준식품성분표,,USDA('18),,유지류,,"땅콩 버터, 크림",,,,,,,100g,598,1.23,22.21,51.36,2.89,22.31,10.49,5,49,1.74,335,558,426,0,0,0,0.15,0.192,13.112,0,0,,10.325,0.075,-,-,-,0.441,0,87,,1.137,-,-,10.14,9.1,0.52,7.62,0.74,0,0,0,0,-,0.3,-,0,0.12,,0,,,0,10.25,,0.13,38.476,,579,1,0,-,0,0,10,,,12215,,,-,,,,,-,,27,,8,0,0,,,-,,,,,,,-,,,,,,,,,,,,,,,,,,,,,,1437,,1546,,,,,,,,616,,,,,,,,,,,,,,,,,,,,,,,,,
STD-DB10_2-001647,땅콩기름,S,국가표준식품성분표,,USDA('18),,유지류,,땅콩기름,,,,,,,100g,884,0,0,100,0,0,0,0,0,0.03,0,0,0,0,0,0,0,0,0,0,0,,16.9,-,-,-,-,0,0,0,,0,-,-,17.55,15.69,0.46,15.91,1.37,-,-,-,-,-,0.7,-,-,-,,-,,,-,-,,-,78.2,,1300,-,-,-,0,0,-,,,-,,,-,,,,,-,,-,,-,-,0,,,-,,,,,,,-,,,,,,,,,,,,,,,,,,,,,,0,,0,,,,,,,,0,,,,,,,,,,,,,,,,,,,,,,,,,
STD-DB10_2-001648,마가린,S,국가표준식품성분표,,농진청('17),,유지류,,마가린,,,,,,,100g,714,14.5,0.2,72.41,0.8,12.06,0,0,20,0,9,23,296,94,81,151,0,0.01,0,0,0,,51.68,1.78,0,0,0.14,-,0,0,,0,0,0,2.71,2.34,0.02,1.44,0.33,0.6899999999999999,0,0.78,0.07000000000000001,7.38,7.38,0,0,0,,0,,,0,0,,0,16.44,,44.98,0,0,0,0,0,0,,,4108.55,,,298.32,,,,,0,,476.7,,0,0,0,,,10999.14,,,,,,,1397.58,,,,,,,,,,,,,,,,,,,,,,0,,1,,,,,,,,0,,,,,,,,,,,,,,,,,,,,,,,,,
STD-DB10_2-001649,"버터, 가염",S,국가표준식품성분표,,농진청('14),,유지류,,"버터, 가염",,,,,,,100g,760,15.3,0.59,82.04000000000001,0.62,1.46,0.5,0,16,0.03,19,29,360,524,522,23,0,0.046,0,0,0,,48.06,3.09,0,0,0,0,0.05,0,,0,0,0,1.55,1.55,0,0,0,0,0,0,0,0,0,0,0,0,,0,,,0.5,0,,0,17.8,,49.05,0,0,0,30.67,0,0,,,1522.99,,,287.75,,,,,0,,175,,0,110.58,0,,,13962.47,,,,,,,2314.79,,,,,,,,,,,,,,,,,,,,,,11,,51,,,,,,,,23,,,,,,,,,,,,,,,,,,,,,,,,,
STD-DB10_2-001650,"버터, 무가염",S,국가표준식품성분표,,농진청('19),,유지류,,"버터, 무가염",,,,,,,100g,760,14.3,0.52,81,0.13,4.11,0.66,0,15,0.03,9,21,13,531,529,23,0,0.046,0,0,0,,47.5,1.83,0,0,0,0,0.07000000000000001,0,,0,0,0,1.57,1.57,0,0,0,0,0,0,0,0,0,0,0,0,,0,,,0.66,0,,0,16.43,,49.64,0,0,0,8.16,0,0,,,1451.54,,,154.66,,,,,0,,122.78,,0,83.15000000000001,0,,,13136.86,,,,,,,1044.05,,,,,,,,,,,,,,,,,,,,,,11,,66,,,,,,,,32,,,,,,,,,,,,,,,,,,,,,,,,,
STD-DB10_2-001651,복숭아씨기름,S,국가표준식품성분표,,농진청('98),,유지류,,복숭아씨기름,,,,,,,100g,911,0.3,0.5,98.90000000000001,0,0.3,-,-,6,1,50,6,13,0,0,0,0,0,1.4,0,-,,-,-,-,-,-,-,-,-,,-,-,-,-,-,-,-,-,-,-,-,-,-,-,-,-,-,,-,,,-,-,,-,-,,-,-,-,-,-,-,-,,,-,,,-,,,,,-,,-,,-,-,-,,,-,,,,,,,-,,,,,,,,,,,,,,,,,,,,,,-,,-,,,,,,,,-,,,,,,,,,,,,,,,,,,,,,,,,,
STD-DB10_2-001652,쇠기름,S,국가표준식품성분표,,JAPAN('20),,유지류,,쇠기름,,,,,,,100g,869,Tr,0.2,99.8,0,0,-,0,Tr,0.1,1,1,1,85,85,-,0,0,0,0,0,,41.05,-,-,-,-,-,-,-,,-,-,-,0.6,0.6,Tr,0.1,0.6,-,-,-,-,26,-,-,-,-,,-,,,-,-,,-,48.62,,380,0,0,0,0,0,-,,,3300,,,-,,,,,0,,170,,69,56,0,,,-,,,,,,,-,,,,,,,,,,,,,,,,,,,,,,-,,-,,,,,,,,-,,,,,,,,,,,,,,,,,,,,,,,,,
STD-DB10_2-001653,쇼트닝,S,국가표준식품성분표,,농진청('19),,유지류,,쇼트닝,,,,,,,100g,917,0,0,99.52,0.01,0.48,0,0,0,0,0,31,15,0,0,0,0,0,0,0,0,,55.5,0.47,0,0,0,0,0,0,,0,0,0,7.33,6.56,0.19,1.17,0.22,1.82,0,2.03,0.32,0,0,0,0,0,,0,,,0,0,,0,38.19,,146.01,0,0,0,0,0,0,,,8202.26,,,586.59,,,,,0,,308.42,,0,0,0,,,28818.44,,,,,,,110.66,,,,,,,,,,,,,,,,,,,,,,0,,0,,,,,,,,0,,,,,,,,,,,,,,,,,,,,,,,,,
STD-DB10_2-001654,쌀겨기름(미강유),S,국가표준식품성분표,,농진청('20),,유지류,,쌀겨기름(미강유),,,,,,,100g,921,0,0,99.95,0,0.05,0,0,0,0,0,0,0,0,0,0,0,0,0,0,0,,22.31,0.51,0,0,0,0,0,0,,0,0,0,9.609999999999999,8.07,0,9.24,0.25,2.04,0,38.46,0,24.72,24.72,0,0,0,,0,,,0,0,,0,71.58,,485.14,0,0,0,0,0,0,,,30864.89,,,903.4400000000001,,,,,0,,1235.62,,0,0,0,,,37906.78,,,,,,,0,,,,,,,,,,,,,,,,,,,,,,0,,0,,,,,,,,0,,,,,,,,,,,,,,,,,,,,,,,,,
STD-DB10_2-001655,아마씨유,S,국가표준식품성분표,,USDA('18),,유지류,,아마씨유,,,,,,,100g,884,0.12,0.11,99.98,0,0,0,0,1,0,1,0,0,0,0,0,0,0,0,0,0,,8.976000000000001,0.094,-,-,-,0,0,0,,-,-,-,3.93,0.47,0.55,28.76,1.65,0.87,0,0.89,0,-,9.300000000000001,-,-,-,,-,,,-,-,,-,86.28700000000001,,0,0,23,-,0,0,81,,,14246,,,-,,,,,-,,53368,,31,15,0,,,-,,,,,,,-,,,,,,,,,,,,,,,,,,,,,,-,,-,,,,,,,,-,,,,,,,,,,,,,,,,,,,,,,,,,
STD-DB10_2-001656,아몬드유,S,국가표준식품성분표,,USDA('18),,유지류,,아몬드유,,,,,,,100g,884,0,0,100,0,0,0,0,0,0,0,0,0,0,0,0,0,0,0,0,0,,8.199999999999999,-,-,-,-,0,0,0,,0,-,-,39.2,39.2,-,-,-,-,-,-,-,-,7,-,-,-,,-,,,-,-,,-,87.30000000000001,,0,-,-,-,0,0,-,,,-,,,-,,,,,-,,-,,-,-,0,,,-,,,,,,,-,,,,,,,,,,,,,,,,,,,,,,0,,0,,,,,,,,0,,,,,,,,,,,,,,,,,,,,,,,,,
STD-DB10_2-001657,아보카도유,S,국가표준식품성분표,,농진청('19),,유지류,,아보카도유,,,,,,,100g,917,0,0,99.52,0,0.48,0,0,0,0,0,19,13,4,0,45,0,0,0,0,0,,14.35,0.31,0,0,0,0,0,0,,0,0,0,15.65,15.17,0.61,1.73,0,0,0,0,0,33.21,33.21,0,0,0,,0,,,0,0,,0,79.78,,234.65,0,0,0,0,0,0,,,11557.9,,,4217.58,,,,,0,,538.63,,0,0,0,,,58478.67,,,,,,,64.48999999999999,,,,,,,,,,,,,,,,,,,,,,0,,0,,,,,,,,0,,,,,,,,,,,,,,,,,,,,,,,,,
STD-DB10_2-001658,연어기름,S,국가표준식품성분표,,USDA('18),,유지류,,연어기름,,,,,,,100g,902,0,0,100,0,0,-,0,0,0,0,0,0,0,0,-,0,0,0,0,-,,19.872,-,-,-,-,0,0,0,,0,-,-,-,-,-,-,-,-,-,-,-,-,-,-,-,-,,-,,,-,-,,-,69.36099999999999,,3859,-,-,-,2991,18232,-,,,-,,,-,,,,,-,,-,,-,-,13023,,,-,,,,,,,-,,,,,,,,,,,,,,,,,,,,,,-,,-,,,,,,,,-,,,,,,,,,,,,,,,,,,,,,,,,,
STD-DB10_2-001659,옥수수기름,S,국가표준식품성분표,,농진청('14),,유지류,,옥수수기름,,,,,,,100g,919,0,0,99.73999999999999,0.09,0.17,0,0,0,0.57,0,0,25,0,0,0,0,0,0,0,0,,13.27,0.35,0,0,0,-,0,0,,0,0,0,3.48,2.82,0.05,5.68,0.1,0.2,0,0.18,0,-,0,-,0,0,,0,,,0,0,,0,81.78,,273.08,0,0,0,0,0,0,,,51635.59,,,1214.43,,,,,0,,1037.33,,0,0,0,,,27509.71,,,,,,,0,,,,,,,,,,,,,,,,,,,,,,0,,0,,,,,,,,0,,,,,,,,,,,,,,,,,,,,,,,,,
STD-DB10_2-001660,올리브유,S,국가표준식품성분표,,농진청('20),,유지류,,올리브유,,,,,,,100g,921,0,0,100,0,0,0,0,0,0,0,0,0,6,0,71,0,0,0,0,0,,15.04,0.03,0,0,0,0,0,0,,0,0,0,10.37,10.2,0.17,0.85,0,0,0,0,0,42.42,42.42,0,0,0,,0,,,0,0,,0,80.37,,215.52,0,0,0,0,0,0,,,6808.85,,,2474.41,,,,,0,,661.4299999999999,,12.82,0,0,,,69205.3,,,,,,,20.24,,,,,,,,,,,,,,,,,,,,,,0,,0,,,,,,,,0,,,,,,,,,,,,,,,,,,,,,,,,,
STD-DB10_2-001661,유채씨기름,S,국가표준식품성분표,,농진청('16),,유지류,,유채씨기름,,,,,,,100g,920,0,0.02,99.84999999999999,0.03,0.1,0,0,1,0.17,0,9,1,0,0,0,0,0,0,0,0,,7.64,1.38,0,0,0,-,0,0,,0,0,0,10.32,7.27,4.01,10.33,0.37,0,0.02,0.01,0,88.48999999999999,88.48999999999999,0,0,0,,0,,,0,0,,0,86.52,,1704.23,0,132.56,0,0,0,0,,,19750.24,,,3837.83,,,,,0,,11320.51,,88.86,0,0,,,49415.83,,,,,,,65.11,,,,,,,,,,,,,,,,,,,,,,0,,0,,,,,,,,0,,,,,,,,,,,,,,,,,,,,,,,,,
STD-DB10_2-001662,잇꽃씨기름,S,국가표준식품성분표,,JAPAN('20),,유지류,,잇꽃씨기름,,,,,,,100g,892,0,0,100,0,0,-,0,0,0,Tr,0,0,0,0,0,0,0,0,(0),(0),,7.36,-,-,-,-,(0),(0),(0),,(0),-,-,27.5,27.0,0.6,2.3,0.3,-,-,-,-,10,-,-,-,-,,-,,,-,-,,-,86.86,,280,0,190,0,0,0,-,,,13000,,,-,,,,,0,,210,,0,0,0,,,-,,,,,,,-,,,,,,,,,,,,,,,,,,,,,,-,,-,,,,,,,,-,,,,,,,,,,,,,,,,,,,,,,,,,
STD-DB10_2-001663,참기름,S,국가표준식품성분표,,농진청('22),,유지류,,참기름,,,,,,,100g,920,0,0,99.84,0.03,0.13,0,0,0,0,0,0,0,1,0,8,0,0.014,0,0,0,,14.89,0.4,0,0,0,0,0,0,,0,0,0,4.25,0.22,0,40.19,0.59,0,0,0,0,0,0,0,0,0,,0,,,0,0,,0,79.52,,176.43,0,0,0,0,0,0,,,40680.44,,,843.0700000000001,,,,,19.43,,383.11,,0,0,0,,,37297.94,,,,,,,125.67,,,,,,,,,,,,,,,,,,,,,,0,,0,,,,,,,,0,,,,,,,,,,,,,,,,,,,,,,,,,
STD-DB10_2-001664,코코넛유,S,국가표준식품성분표,,농진청('19),,유지류,,코코넛유,,,,,,,100g,918,0,0,99.67,0,0.33,0,0,13,0,0,30,18,0,0,0,0,0,0,0,0,,88.03,0,0,0,0,0,0,0,,0,0,0,0.26,0.13,0,0,0,0.41,0.06,0.11,0,0,0,0,0,0,,0,,,0,0,,0,4.81,,27.84,0,0,0,0,0,0,,,653.21,,,38.6,,,,,0,,0,,0,0,0,,,4092.64,,,,,,,0,,,,,,,,,,,,,,,,,,,,,,0,,0,,,,,,,,0,,,,,,,,,,,,,,,,,,,,,,,,,
STD-DB10_2-001665,콩기름,S,국가표준식품성분표,,농진청('23),,유지류,,콩기름,,,,,,,100g,921,0,0,99.95999999999999,0,0,0,0,0,0,0,0,0,0,0,0,0,0,0,0,0,,14.79,1.08,0,0,0,0,0,0,,0,0,0,11.78,7.5,0.6899999999999999,34.88,15.21,0,0,0,0,105.16,105.16,0,0,0,,0,,,0,0,,0,78.42,,798.6,0,0,0,0,0,0,,,50749.21,,,1444.14,,,,,0,,5645.97,,0,0,0,,,19701.73,,,,,,,39.18,,,,,,,,,,,,,,,,,,,,,,0,,0,,,,,,,,0,,,,,,,,,,,,,,,,,,,,,,,,,
STD-DB10_2-001666,팜유,S,국가표준식품성분표,,농진청('19),,유지류,,팜유,,,,,,,100g,917,0,0,99.56,0.01,0.44,0,0,0,0,0,12,0,0,0,0,0,0,0,0,0,,46.21,0.46,0,0,0,0,0,0,,0,0,0,11.68,10.38,0.48,2.32,0,2.77,0,4.27,1.1,6.18,6.18,0,0,0,,0,,,0,0,,0,47.81,,152.36,0,0,0,0,0,0,,,9553.809999999999,,,700.33,,,,,0,,194.92,,0,0,0,,,37046.27,,,,,,,111.31,,,,,,,,,,,,,,,,,,,,,,0,,0,,,,,,,,0,,,,,,,,,,,,,,,,,,,,,,,,,
STD-DB10_2-001667,포도씨유,S,국가표준식품성분표,,농진청('16),,유지류,,포도씨유,,,,,,,100g,920,0,0,99.93000000000001,0.06,0.01,0,0,0,0.09,0,0,1,0,0,0,0,0,0,0,0,,10.02,0.6899999999999999,0,0,0,-,0,0,,0,0,0,22.03,19.57,0.29,0.93,0,7.42,0,2.34,0.05,133.19,133.19,0,0,0,,0,,,0,0,,0,84.88999999999999,,189.49,0,0,0,0,0,0,,,69454.53,,,827.73,,,,,0,,356.59,,40.06,0,0,,,13937.83,,,,,,,30.91,,,,,,,,,,,,,,,,,,,,,,0,,0,,,,,,,,0,,,,,,,,,,,,,,,,,,,,,,,,,
STD-DB10_2-001668,해바라기유,S,국가표준식품성분표,,농진청('19),,유지류,,해바라기유,,,,,,,100g,918,0,0,99.68000000000001,0.02,0.28,0,0,0,0,0,9,2,0,0,0,0,0,0,0,0,,10.75,0.8,0,0,0,0,0,0,,0,0,0,30.01,29.4,0.5600000000000001,3.06,0.41,0.03,0,0,0,9.65,9.65,0,0,0,,0,,,0,0,,0,83.41,,151.88,0,0,0,0,0,0,,,57239.59,,,845.22,,,,,0,,342.86,,0,0,0,,,24718.38,,,,,,,19.35,,,,,,,,,,,,,,,,,,,,,,0,,0,,,,,,,,0,,,,,,,,,,,,,,,,,,,,,,,,,
STD-DB10_2-001669,호두유,S,국가표준식품성분표,,농진청('19),,유지류,,호두유,,,,,,,100g,917,0,0,99.56999999999999,0.05,0.39,0,0,15,0,3,19,0,1,0,10,0,0,0,0,0,,9.130000000000001,0.17,0,0,0,0,0,0,,0,0,0,2.43,1.3,0,11.34,0,0,0,0,0,0,0,0,0,0,,0,,,0,0,,0,85.14,,191.94,0,0,0,0,0,0,,,57449.79,,,758.25,,,,,0,,13671.77,,33.84,0,0,,,12972.95,,,,,,,21.35,,,,,,,,,,,,,,,,,,,,,,0,,0,,,,,,,,0,,,,,,,,,,,,,,,,,,,,,,,,,
STD-DB10_2-001670,혼합식물성유,S,국가표준식품성분표,,JAPAN('20),,유지류,,혼합식물성유,,,,,,,100g,886,0,0,100,0,0,-,0,Tr,0,Tr,Tr,0,0,0,0,0,0,0,(0),(0),,10.97,-,-,-,0,(0),(0),(0),,(0),-,-,19.5,13.0,1.2,56.0,11.0,-,-,-,-,170,-,-,-,-,,-,,,-,-,,-,82.03999999999999,,660,0,75,0,0,0,-,,,34000,,,-,,,,,0,,6800,,0,0,0,,,-,,,,,,,-,,,,,,,,,,,,,,,,,,,,,,-,,-,,,,,,,,-,,,,,,,,,,,,,,,,,,,,,,,,,
STD-DB10_2-001671,생강청,S,국가표준식품성분표,,농진청('19),,차류,,생강청,,,,,,,100g,246,39.1,0.1,0.65,0.2,59.9,57.61,-,8,0.1,2,48,47,0,0,0,0,0,0.292,0,0,,0.01,0,0,0.292,0,0.049,0,8,,0.066,0,0,0.07000000000000001,0.07000000000000001,0,0,0,0,0,0,0,0,0,0,0,27.22,,0,,,0,12.87,,17.53,0.01,,0,0,0,0,0,0,0,,,5.88,,,0,,,,,0,,1.1,,0,0,0,,,2.71,,,,,,,0,,,,,,,,,,,,,,,,,,,,,,2,,3,,,,,,,,1,,,,,,,,,,,,,,,,,,,,,,,,,
STD-DB10_2-001672,유자청,S,국가표준식품성분표,,농진청('19),,차류,,유자청,,,,,,,100g,251,37.2,0.39,0.1,0.26,62.03,58.81,2,24,0.08,8,74,10,0,0,5,0.04,0.026,0.08400000000000001,27.45,0,,0.01,0,0.014,0.07099999999999999,0.23,0,0,8,,0.219,0,0,0.61,0.6,0,0.07000000000000001,0,0,0,0,0,0,0,0,0,13.01,,0,,,0,32.75,,13.05,0.02,,0,0,0,0,0,0,0,,,12.76,,,0,,,,,0,,7.89,,0,0,0,,,0,,,,,,,0,,,,,,,,,,,,,,,,,,,,,,39,,10,,,,,,,,5,,,,,,,,,,,,,,,,,,,,,,,,,
STD-DB10_2-001673,"카페라테, 가루, 인스턴트",S,국가표준식품성분표,,농진청('19),,차류,,"카페라테, 가루, 인스턴트",,,,,,,100g,497,2.6,6.88,25.11,4.59,60.8,24,0,424,0.71,425,1516,165,0,0,0,0,0.593,-,6.8,4.41,,22.45,0,-,-,3.99,0,0.41,8,,2.287,0,4.41,0,0,0,0,0,0,0,0,0,0,0,0,0,0.27,,2.67,,,17.86,2.28,,0.92,0.07000000000000001,,0,0,0,0,0,0,0,,,32.38,,,0,,,,,0,,0,,0,0,0,,,41.62,,,,,,,0,,,,,,,,,,,,,,,,,,,,,,186,,616,,,,,,,,307,,,,,,,,,,,,,,,,,,,,,,,,,
STD-DB10_2-001674,"코코아, 가루",S,국가표준식품성분표,,농진청('19),,차류,,"코코아, 가루",,,,,,,100g,268,1.7,22.85,20.06,11.77,43.63,0.49,0,161,55.84,634,4287,24,0,0,0,0.1,0.157,1.378,0,0,,12.11,0.01,0.881,0.497,11.49,0.064,0,48,,0.488,0,0,0.4,0.17,0,2.28,0,0,0,0.03,0,0,0,0,0,0.03,,0,,,0,0.46,,0,6.88,,9.949999999999999,0,9.84,0,0,0,0,,,595.92,,,63.73,,,,,4.59,,39.68,,3.53,0,0,,,6104.23,,,,,,,11.01,,,,,,,,,,,,,,,,,,,,,,729,,999,,,,,,,,616,,,,,,,,,,,,,,,,,,,,,,,,,
STD-DB10_2-001675,"코코아, 밀크코코아, 가루",S,국가표준식품성분표,,농진청('17),,차류,,"코코아, 밀크코코아, 가루",,,,,,,100g,423,1.6,8.26,9.449999999999999,4.44,74.63,55.67,5.1,488,7.37,514,1274,161,2,2,0,0.07000000000000001,0.545,0.284,0,0,,7.86,0.03,0.284,0,0,-,0.47,14,,0.025,0,0,0.04,0.04,0,0,0,0,0,0,0,0,0,0,-,-,,-,,,-,-,,-,0.53,,0.88,0,0,0,0,0,0,,,60.99,,,9.33,,,,,0,,4.83,,0,0,0,,,450.39,,,,,,,17.82,,,,,,,,,,,,,,,,,,,,,,226,,715,,,,,,,,378,,,,,,,,,,,,,,,,,,,,,,,,,
STD-DB10_2-001676,레모네이드,S,국가표준식품성분표,,농진청('16),,음료류,,레모네이드,,,,,,,100g,38,90.40000000000001,0,0,0.04,9.56,8.710000000000001,0,0,0,1,12,1,0,0,0,0,0,0.004,3.46,0,,0,0,0,0.004,0,-,0,0,,0,0,0,0,0,0,0,0,0.01,0,0,0,0,0,0,0,3.57,,0,,,0,1.51,,3.63,0,,0,0,0,0,0,0,0,,,0.43,,,0,,,,,0,,0,,0,0,0,,,1.09,,,,,,,0,,,,,,,,,,,,,,,,,,,,,,1,,0,,,,,,,,0,,,,,,,,,,,,,,,,,,,,,,,,,
STD-DB10_2-001677,생수,S,국가표준식품성분표,,농진청('22),,음료류,,생수,,,,,,,100g,0,100,0,0,0.03,0,0,0,1,0,0,0,3,0,0,0,0,0,0,0,0,,0,0,0,0,0,0,0,0,,0,0,0,0,0,0,0,0,0,0,0,0,0,0,0,0,0,,0,,,0,0,,0,0,,0,0,0,0,0,0,0,,,0,,,0,,,,,0,,0,,0,0,0,,,0,,,,,,,0,,,,,,,,,,,,,,,,,,,,,,0,,0,,,,,,,,0,,,,,,,,,,,,,,,,,,,,,,,,,
STD-DB10_2-001678,"셰이크, 딸기맛",S,국가표준식품성분표,,USDA('18),,음료류,,"셰이크, 딸기맛",,,,,,,100g,113,74.09999999999999,3.4,2.8,0.9,18.9,-,0.4,113,0.11,100,182,83,26,26,-,0.045,0.195,0.175,0.8,0,,1.734,0,-,-,-,0.044,0.31,3,,0.492,-,-,-,-,-,-,-,-,-,-,-,-,-,-,-,-,,-,,,-,-,,-,-,,-,-,-,-,-,-,-,,,-,,,-,,,,,-,,-,,-,-,-,,,-,,,,,,,-,,,,,,,,,,,,,,,,,,,,,,72,,329,,,,,,,,204,,,,,,,,,,,,,,,,,,,,,,,,,
STD-DB10_2-001679,"셰이크, 바닐라맛",S,국가표준식품성분표,,USDA('18),,음료류,,"셰이크, 바닐라맛",,,,,,,100g,148,69.65000000000001,3.37,6.52,0.86,19.59,13.63,0.9,115,0.46,98,166,81,91,91,0,0.026,0.66,0.213,0,0,,3.962,-,-,-,-,0.06,0.22,0,,0.5620000000000001,-,-,0.25,0.25,-,-,-,-,-,-,-,-,0.4,-,-,-,,-,,,-,-,,-,2.101,,4,-,-,-,3,0,-,,,-,,,-,,,,,-,,-,,-,-,0,,,-,,,,,,,-,,,,,,,,,,,,,,,,,,,,,,74,,354,,,,,,,,158,,,,,,,,,,,,,,,,,,,,,,,,,
STD-DB10_2-001680,"셰이크, 초콜릿맛",S,국가표준식품성분표,,USDA('18),,음료류,,"셰이크, 초콜릿맛",,,,,,,100g,119,72.2,3.05,2.7,0.9,21.15,20.85,0.3,132,0.31,126,224,111,18,18,4,0.047,0.222,0.124,0,1,,1.681,-,-,-,-,0.025,0.32,5,,0.363,-,1,0.05,0.05,-,-,-,-,-,-,-,-,0.2,-,-,-,,-,,,-,-,,-,0.88,,0,-,-,-,0,0,-,,,-,,,-,,,,,-,,-,,-,-,0,,,-,,,,,,,-,,,,,,,,,,,,,,,,,,,,,,65,,299,,,,,,,,185,,,,,,,,,,,,,,,,,,,,,,,,,
STD-DB10_2-001681,"수정과, 캔",S,국가표준식품성분표,,농진청('22),,음료류,,"수정과, 캔",,,,,,,100g,33,91.90000000000001,0.04,0.04,0.02,8.039999999999999,8.039999999999999,0,1,0,0,4,14,0,0,0,0,0,0,0,0,,0,0,0,0,0,0,0,2,,0,0,0,0,0,0,0,0,0,0,0,0,0,0,0,0,0,,0,,,0,8.039999999999999,,0,0,,0,0,0,0,0,0,0,,,1.66,,,0,,,,,0,,0,,0,0,0,,,2.82,,,,,,,0,,,,,,,,,,,,,,,,,,,,,,0,,0,,,,,,,,0,,,,,,,,,,,,,,,,,,,,,,,,,
STD-DB10_2-001682,"식혜, 캔",S,국가표준식품성분표,,농진청('16),,음료류,,"식혜, 캔",,,,,,,100g,32,92,0.06,0,0.03,7.91,5.94,1,3,0.02,2,3,2,0,0,0,0,0.004,0,0,0,,0,0,0,0,0,-,0,0,,0,0,0,0,0,0,0.01,0,0.01,0,0.06,0,0,0,0,0,0,,5.94,,,0,0,,0,0,,0,0,0,0,0,0,0,,,0.34,,,0,,,,,0,,0,,0,0,0,,,0.54,,,,,,,0,,,,,,,,,,,,,,,,,,,,,,3,,1,,,,,,,,1,,,,,,,,,,,,,,,,,,,,,,,,,
STD-DB10_2-001683,탄산수,S,국가표준식품성분표,,농진청('20),,음료류,,탄산수,,,,,,,100g,0,100,0,0,0,0.04,0,0,1,0,0,0,1,0,0,0,0,0,0,0,0,,0,0,0,0,0,0,0,0,,0,0,0,0,0,0,0,0,0,0,0,0,0,0,0,0,0,,0,,,0,0,,0,0,,0,0,0,0,0,0,0,,,0,,,0,,,,,0,,0,,0,0,0,,,0,,,,,,,0,,,,,,,,,,,,,,,,,,,,,,0,,0,,,,,,,,0,,,,,,,,,,,,,,,,,,,,,,,,,
STD-DB10_2-001684,토닉워터,S,국가표준식품성분표,,USDA('18),,음료류,,토닉워터,,,,,,,100g,34,91.09999999999999,0,0,0.1,8.800000000000001,8.800000000000001,0,1,0.01,0,0,12,0,0,0,0,0,0,0,0,,0,0,-,-,-,0,0,0,,0,-,-,0,0,-,-,-,-,-,-,-,-,0,-,-,-,,-,,,-,-,,-,0,,0,-,-,-,0,0,-,,,-,,,-,,,,,-,,-,,-,-,0,,,-,,,,,,,-,,,,,,,,,,,,,,,,,,,,,,0,,0,,,,,,,,0,,,,,,,,,,,,,,,,,,,,,,,,,
STD-DB10_2-001685,"고량주, 알코올 50%",S,국가표준식품성분표,,농진청('16),,주류,,"고량주, 알코올 50%",,,,,,,100g,355,49.8,0,0,0.04,0,0,0,1,0.01,0,1,1,0,0,0,0,0.002,0,0,0,,0,0,0,0,0,-,0,0,,0,0,0,0,0,0,0,0,0,0,0,0,0,0,0,0,0,,0,,,0,0,,0,0,,0,0,0,0,0,0,0,,,0,,,0,,,,,0,,0,,0,0,0,,,0.42,,,,,,,0,,,,,,,,,,,,,,,,,,,,,,0,,0,,,,,,,,0,,,,,,,,,,,,,,,,,,,,,,,,,
STD-DB10_2-001686,돌복숭아주,S,국가표준식품성분표,,농진청('04),,주류,,돌복숭아주,,,,,,,100g,35,92,0.1,0.6,0.1,7.2,-,-,6,10,2,-,69,10,0,116,0.05,2.22,0.6,9,-,,-,-,-,-,-,-,-,-,,-,-,-,-,-,-,-,-,-,-,-,-,-,-,-,-,-,,-,,,-,-,,-,-,,-,-,-,-,-,-,-,,,-,,,-,,,,,-,,-,,-,-,-,,,-,,,,,,,-,,,,,,,,,,,,,,,,,,,,,,-,,-,,,,,,,,-,,,,,,,,,,,,,,,,,,,,,,,,,
STD-DB10_2-001687,드라이진,S,국가표준식품성분표,,JAPAN('20),,주류,,드라이진,,,,,,,100g,280,59.9,0,,0,0.1,-,(0),(0),(0),(0),Tr,Tr,(0),(0),-,(0),(0),(0),(0),(0),,-,-,-,-,-,(0),(0),(0),,(0),-,-,-,-,-,-,-,-,-,-,-,(0),-,-,-,-,,-,,,-,-,,-,-,,-,-,-,-,-,-,-,,,-,,,-,,,,,-,,-,,-,-,-,,,-,,,,,,,-,,,,,,,,,,,,,,,,,,,,,,-,,-,,,,,,,,-,,,,,,,,,,,,,,,,,,,,,,,,,
STD-DB10_2-001688,럼,S,국가표준식품성분표,,JAPAN('20),,주류,,럼,,,,,,,100g,237,66.09999999999999,0,,0,0.1,-,(0),0,0,Tr,Tr,3,(0),(0),-,(0),(0),(0),(0),(0),,-,-,-,-,-,(0),(0),(0),,(0),-,-,-,-,-,-,-,-,-,-,-,(0),-,-,-,-,,-,,,-,-,,-,-,,-,-,-,-,-,-,-,,,-,,,-,,,,,-,,-,,-,-,-,,,-,,,,,,,-,,,,,,,,,,,,,,,,,,,,,,-,,-,,,,,,,,-,,,,,,,,,,,,,,,,,,,,,,,,,
STD-DB10_2-001689,"막걸리, 알코올 6%",S,국가표준식품성분표,,농진청('16),,주류,,"막걸리, 알코올 6%",,,,,,,100g,54,91.17,0.98,0.15,0.09,1.56,0.52,0.6,8,0.06,15,14,3,0,0,0,0.01,0.034,0.339,0.18,0,,0.06,0,0.053,0.286,0,-,0,16,,0,0,0,0,0,0,0,0,0,0,0,0,0,0,0,0,0,,0,,,0,0.31,,0.21,0.09,,0,0,0,0,0,0,0,,,53.92,,,1.15,,,,,0,,2.46,,0,0,0,,,28.26,,,,,,,0,,,,,,,,,,,,,,,,,,,,,,55,,75,,,,,,,,43,,,,,,,,,,,,,,,,,,,,,,,,,
STD-DB10_2-001690,매실주,S,국가표준식품성분표,,JAPAN('20),,주류,,매실주,,,,,,,100g,155,68.90000000000001,0.1,,0.1,20.7,-,-,1,Tr,3,39,4,(0),(0),-,0,0.01,Tr,0,-,,-,-,-,-,0.1,0.01,0,0,,0,-,-,-,-,-,-,-,-,-,-,-,-,-,-,-,-,,-,,,-,-,,-,-,,-,-,-,-,-,-,-,,,-,,,-,,,,,-,,-,,-,-,-,,,-,,,,,,,-,,,,,,,,,,,,,,,,,,,,,,-,,-,,,,,,,,-,,,,,,,,,,,,,,,,,,,,,,,,,
STD-DB10_2-001691,"맥주, 알코올 4.5%",S,국가표준식품성분표,,농진청('16),,주류,,"맥주, 알코올 4.5%",,,,,,,100g,46,92,0.21,0.01,0.12,3.27,0.17,0,2,0,14,28,2,0,0,0,0,0.024,0.256,0,0,,0,0,0,0.256,4.05,-,0,4,,0.894,0,0,0,0,0,0,0,0.01,0,0,0,0,0,0,0,0,,0,,,0,0.17,,0,0,,0,0,0,0,0,0,0,,,1.01,,,0,,,,,0,,0,,0,0,0,,,1.2,,,,,,,0,,,,,,,,,,,,,,,,,,,,,,12,,8,,,,,,,,6,,,,,,,,,,,,,,,,,,,,,,,,,
STD-DB10_2-001692,"맥주, 흑맥주, 알코올 4.2%",S,국가표준식품성분표,,JAPAN('20),,주류,,"맥주, 흑맥주, 알코올 4.2%",,,,,,,100g,45,91.59999999999999,0.4,,0.2,3.6,-,0.2,3,0.1,33,55,3,0,0,0,0,0.04,1.0,0,0,,0,-,-,-,-,0.07000000000000001,Tr,9,,0.04,-,-,0,0,0,0,0,-,-,-,-,0,-,-,-,-,,-,,,-,-,,-,0,,0,0,0,0,0,0,-,,,0,,,-,,,,,0,,0,,0,0,0,,,-,,,,,,,-,,,,,,,,,,,,,,,,,,,,,,(18),,(11),,,,,,,,(8.1),,,,,,,,,,,,,,,,,,,,,,,,,
STD-DB10_2-001693,"보드카, 알코올 40%",S,국가표준식품성분표,,JAPAN('20),,주류,,"보드카, 알코올 40%",,,,,,,100g,237,66.2,0,0,0,,-,(0),(0),(0),(0),Tr,Tr,(0),(0),-,(0),(0),(0),(0),(0),,-,-,-,-,-,(0),(0),(0),,(0),-,-,-,-,-,-,-,-,-,-,-,(0),-,-,-,-,,-,,,-,-,,-,-,,-,-,-,-,-,-,-,,,-,,,-,,,,,-,,-,,-,-,-,,,-,,,,,,,-,,,,,,,,,,,,,,,,,,,,,,-,,-,,,,,,,,-,,,,,,,,,,,,,,,,,,,,,,,,,
STD-DB10_2-001694,"복분자주, 알코올 15%",S,국가표준식품성분표,,농진청('16),,주류,,"복분자주, 알코올 15%",,,,,,,100g,137,76.90000000000001,0.12,0,0.09,7.49,5.38,0.3,3,0.03,1,42,5,0,0,0,0.008,0.021,0,0,0,,0,0,0,0,0,-,0,0,,0,0,0,0.11,0.11,0,0.02,0,0,0,0,0,0,0,0,0,2.76,,0,,,0,0.24,,2.39,0,,0,0,0,0,0,0,0,,,0,,,0,,,,,0,,0,,0,0,0,,,0.51,,,,,,,0,,,,,,,,,,,,,,,,,,,,,,1,,9,,,,,,,,7,,,,,,,,,,,,,,,,,,,,,,,,,
STD-DB10_2-001695,"브랜디, 알코올 43%",S,국가표준식품성분표,,JAPAN('20),,주류,,"브랜디, 알코올 43%",,,,,,,100g,234,66.59999999999999,0,0,0,0,-,(0),0,0,Tr,1,4,(0),(0),-,(0),(0),(0),(0),(0),,-,-,-,-,-,(0),(0),(0),,(0),-,-,-,-,-,-,-,-,-,-,-,(0),-,-,-,-,,-,,,-,-,,-,-,,-,-,-,-,-,-,-,,,-,,,-,,,,,-,,-,,-,-,-,,,-,,,,,,,-,,,,,,,,,,,,,,,,,,,,,,-,,-,,,,,,,,-,,,,,,,,,,,,,,,,,,,,,,,,,
STD-DB10_2-001696,"샴페인, 알코올 6%",S,국가표준식품성분표,,국('77),,주류,,"샴페인, 알코올 6%",,,,,,,100g,45,93.40000000000001,0,0,0.1,0.5,-,-,2,-,4,-,-,0,0,0,0,0,0,0,-,,-,-,-,-,-,-,-,-,,-,-,-,-,-,-,-,-,-,-,-,-,-,-,-,-,-,,-,,,-,-,,-,-,,-,-,-,-,-,-,-,,,-,,,-,,,,,-,,-,,-,-,-,,,-,,,,,,,-,,,,,,,,,,,,,,,,,,,,,,-,,-,,,,,,,,-,,,,,,,,,,,,,,,,,,,,,,,,,
STD-DB10_2-001697,"소주, 알코올 17.8%",S,국가표준식품성분표,,농진청('16),,주류,,"소주, 알코올 17.8%",,,,,,,100g,127,82.90000000000001,0,0,0.02,0.08,0,0,0,0,0,0,4,0,0,0,0,0,0,0,0,,0,0,0,0,0,-,0,0,,0,0,0,0,0,0,0.01,0,0.01,0,0,0,0,0,0,0,0,,0,,,0,0,,0,0,,0,0,0,0,0,0,0,,,0.6,,,0,,,,,0,,0,,0,0,0,,,0.95,,,,,,,0,,,,,,,,,,,,,,,,,,,,,,0,,0,,,,,,,,0,,,,,,,,,,,,,,,,,,,,,,,,,
STD-DB10_2-001698,"소주, 알코올 25%",S,국가표준식품성분표,,식약('96),,주류,,"소주, 알코올 25%",,,,,,,100g,178,79.59999999999999,0,0,0,0,-,-,0,0,0,0,0,0,0,0,0,0,0,0,-,,-,-,-,-,-,-,-,-,,-,-,-,-,-,-,-,-,-,-,-,-,-,-,-,-,-,,-,,,-,-,,-,-,,-,-,-,-,-,-,-,,,-,,,-,,,,,-,,-,,-,-,-,,,-,,,,,,,-,,,,,,,,,,,,,,,,,,,,,,-,,-,,,,,,,,-,,,,,,,,,,,,,,,,,,,,,,,,,
STD-DB10_2-001699,"오가피주, 알코올 13%",S,국가표준식품성분표,,농진청('99),,주류,,"오가피주, 알코올 13%",,,,,,,100g,107,96.2,1.7,,0.2,1.9,-,-,6,2.4,31,103,14,0,0,-,0.03,0.03,0.4,0,-,,-,-,-,-,-,-,-,-,,-,-,-,-,-,-,-,-,-,-,-,-,-,-,-,-,-,,-,,,-,-,,-,-,,-,-,-,-,-,-,-,,,-,,,-,,,,,-,,-,,-,-,-,,,-,,,,,,,-,,,,,,,,,,,,,,,,,,,,,,-,,-,,,,,,,,-,,,,,,,,,,,,,,,,,,,,,,,,,
STD-DB10_2-001700,"위스키, 알코올 40%",S,국가표준식품성분표,,농진청('16),,주류,,"위스키, 알코올 40%",,,,,,,100g,284,60.3,0.03,0,0,0.07000000000000001,0.02,0,0,0,0,2,1,0,0,0,0,0,0,0.04,0,,0,0,0,0,0,-,0,0,,0,0,0,0.02,0.01,0,0.01,0,0.03,0,0.01,0,0,0,0,0.02,0,,0,,,0,0,,0,0,,0,0,0,0,0,0,0,,,0,,,0,,,,,0,,0,,0,0,0,,,0.73,,,,,,,0,,,,,,,,,,,,,,,,,,,,,,0,,0,,,,,,,,0,,,,,,,,,,,,,,,,,,,,,,,,,
STD-DB10_2-001701,"청주, 알코올 16%",S,국가표준식품성분표,,농진청('16),,주류,,"청주, 알코올 16%",,,,,,,100g,132,79.90000000000001,0.41,0,0.05,4.24,3.11,0,4,0.02,9,9,3,0,0,0,0,0,0,0,0,,0,0,0,0,0,-,0,0,,0.332,0,0,0.19,0.17,0.01,0.17,0,0,0,0,0,0,0,0,0,0,,0,,,0,0.35,,2.76,0,,0,0,0,0,0,0,0,,,0.46,,,0,,,,,0,,0,,0,0,0,,,1.26,,,,,,,0,,,,,,,,,,,,,,,,,,,,,,0,,0,,,,,,,,0,,,,,,,,,,,,,,,,,,,,,,,,,
STD-DB10_2-001702,"칵테일, 다이키리",S,국가표준식품성분표,,USDA('18),,주류,,"칵테일, 다이키리",,,,,,,100g,125,74.59999999999999,0,0,0.1,15.7,-,0,0,0.01,2,11,40,0,0,-,0.001,0.001,0.014,1.3,-,,0,0,-,-,-,0.003,0,1,,0.007,-,-,-,-,-,-,-,-,-,-,-,-,-,-,-,-,,-,,,-,-,,-,-,,-,-,-,-,-,-,-,,,-,,,-,,,,,-,,-,,-,-,-,,,-,,,,,,,-,,,,,,,,,,,,,,,,,,,,,,-,,-,,,,,,,,-,,,,,,,,,,,,,,,,,,,,,,,,,
STD-DB10_2-001703,"칵테일, 위스키사워, 알코올 16.8%",S,국가표준식품성분표,,USDA('18),,주류,,"칵테일, 위스키사워, 알코올 16.8%",,,,,,,100g,149,72.59999999999999,0,0.03,0.1,13.17,-,0,1,0.08,6,5,20,0,0,-,0.011,0.006,0.02,1.6,-,,0.005,0,-,-,-,0,0,0,,0.008,-,-,-,-,-,-,-,-,-,-,-,-,-,-,-,-,,-,,,-,-,,-,0.013,,0,-,-,-,0,0,-,,,-,,,-,,,,,-,,-,,-,-,0,,,-,,,,,,,-,,,,,,,,,,,,,,,,,,,,,,-,,-,,,,,,,,-,,,,,,,,,,,,,,,,,,,,,,,,,
STD-DB10_2-001704,"칵테일, 테킬라썬라이즈",S,국가표준식품성분표,,USDA('18),,주류,,"칵테일, 테킬라썬라이즈",,,,,,,100g,110,78.8,0.3,0.1,0.1,11.3,-,0,0,0.02,10,10,57,0,0,-,0.038,0.016,0.19,19.3,-,,-,0,-,-,-,0.05,0,11,,0.08799999999999999,-,-,-,-,-,-,-,-,-,-,-,-,-,-,-,-,,-,,,-,-,,-,-,,-,-,-,-,-,-,-,,,-,,,-,,,,,-,,-,,-,-,-,,,-,,,,,,,-,,,,,,,,,,,,,,,,,,,,,,-,,-,,,,,,,,-,,,,,,,,,,,,,,,,,,,,,,,,,
STD-DB10_2-001705,"칵테일, 페퍼민트, 알코올 20%",S,국가표준식품성분표,,JAPAN('20),,주류,,"칵테일, 페퍼민트, 알코올 20%",,,,,,,100g,300,41.0,0,0,Tr,37.6,-,-,Tr,0,0,1,4,(0),(0),-,0,0,0,0,-,,-,-,-,-,-,0,0,0,,0,-,-,-,-,-,-,-,-,-,-,-,-,-,-,-,-,,-,,,-,-,,-,-,,-,-,-,-,-,-,-,,,-,,,-,,,,,-,,-,,-,-,-,,,-,,,,,,,-,,,,,,,,,,,,,,,,,,,,,,-,,-,,,,,,,,-,,,,,,,,,,,,,,,,,,,,,,,,,
STD-DB10_2-001706,"칵테일, 피냐콜라다, 알코올 9.9%",S,국가표준식품성분표,,USDA('18),,주류,,"칵테일, 피냐콜라다, 알코올 9.9%",,,,,,,100g,237,54.9,0.6,7.6,0.3,27.6,-,0.1,1,0.03,36,83,71,0,0,-,0.017,0.005,0.104,1.5,-,,6.571,0,-,-,-,0.017,0,6,,0.054,-,-,-,-,-,-,-,-,-,-,-,-,-,-,-,-,,-,,,-,-,,-,0.579,,-,-,-,-,-,-,-,,,-,,,-,,,,,-,,-,,-,-,-,,,-,,,,,,,-,,,,,,,,,,,,,,,,,,,,,,-,,-,,,,,,,,-,,,,,,,,,,,,,,,,,,,,,,,,,
STD-DB10_2-001707,"포도주, 백포도주, 무스카데",S,국가표준식품성분표,,USDA('18),,주류,,"포도주, 백포도주, 무스카데",,,,,,,100g,82,85.69,0.07000000000000001,0,0.21,5.23,-,-,-,-,-,-,-,-,-,-,-,-,-,-,-,,-,0,-,-,-,-,-,-,,-,-,-,-,-,-,-,-,-,-,-,-,-,-,-,-,-,,-,,,-,-,,-,-,,-,-,-,-,-,-,-,,,-,,,-,,,,,-,,-,,-,-,-,,,-,,,,,,,-,,,,,,,,,,,,,,,,,,,,,,-,,-,,,,,,,,-,,,,,,,,,,,,,,,,,,,,,,,,,
STD-DB10_2-001708,"포도주, 적포도주, 알코올 12%",S,국가표준식품성분표,,식약('96),,주류,,"포도주, 적포도주, 알코올 12%",,,,,,,100g,105,86,0.2,0,0.2,4.8,-,-,7,0.5,10,52,6,0,0,0,0,0.01,0.1,0,-,,-,-,-,-,-,-,-,-,,-,-,-,-,-,-,-,-,-,-,-,-,-,-,-,-,-,,-,,,-,-,,-,-,,-,-,-,-,-,-,-,,,-,,,-,,,,,-,,-,,-,-,-,,,-,,,,,,,-,,,,,,,,,,,,,,,,,,,,,,-,,-,,,,,,,,-,,,,,,,,,,,,,,,,,,,,,,,,,
STD-DB10_2-001709,"간장, 개량, 양조",S,국가표준식품성분표,,농진청('13),,조미료류,,"간장, 개량, 양조",,,,,,,100g,103,60.1,9.15,0,14.21,16.54,0,0.8,25,1.63,145,480,4783,0,0,0,0.039,1.624,1.309,0,0,,0,0,0.481,0.828,0,-,0,36,,0,0,0,0.04,0.04,0,0,0,0,0,0,0,0,0,0,0,0,,0,,,0,0,,0,0,,0,0,0,0,0,0,0,,,0,,,0,,,,,0,,0,,0,0,0,,,0,,,,,,,0,,,,,,,,,,,,,,,,,,,,,,358,,633,,,,,,,,424,,,,,,,,,,,,,,,,,,,,,,,,,
STD-DB10_2-001710,"간장, 재래",S,국가표준식품성분표,,농진청('20),,조미료류,,"간장, 재래",,,,,,,100g,34,70.59999999999999,5.92,0.03,21.01,2.47,0.29,0.4,39,0.66,121,657,7999,0,0,0,0.141,0.109,0.866,0,0,,0,0,0.636,0.23,5.45,0.026,0.29,32,,0.615,0,0,0,0,0,0,0,0,0,0,0,0,0,0,0,0.17,,0,,,0,0,,0.12,0.01,,0,0,0,0,0,0,0,,,4.08,,,0,,,,,0,,0,,0,0,0,,,2.35,,,,,,,0,,,,,,,,,,,,,,,,,,,,,,189,,212,,,,,,,,145,,,,,,,,,,,,,,,,,,,,,,,,,
STD-DB10_2-001711,"강황, 가루",S,국가표준식품성분표,,농진청('22),,조미료류,,"강황, 가루",,,,,,,100g,331,10.3,6.66,3.21,5.48,74.34,3.3,17.9,125,24.65,291,2415,19,0,0,0,0.06,0.08699999999999999,1.348,0,0,,1.9,0,1.303,0.045,6.2,0.173,0,43,,0.762,0,0,1.45,1.34,0.01,0.74,0,0.12,0,0.05,0,0,0,0,0,0.46,,0,,,0,2.45,,0.39,0.66,,0,83.36,0,0,0,0,0,,,96.42,,,5.49,,,,,0,,69.09999999999999,,0,0,0,,,74.12,,,,,,,0,,,,,,,,,,,,,,,,,,,,,,248,,390,,,,,,,,230,,,,,,,,,,,,,,,,,,,,,,,,,
STD-DB10_2-001712,겨자 페이스트,S,국가표준식품성분표,,농진청('14),,조미료류,,겨자 페이스트,,,,,,,100g,296,37,8.01,12.7,4.93,37.36,19.5,19.4,101,2.05,211,223,1423,1,0,7,0.281,0.165,3.751,0,0,,1.59,0.1,3.333,0.418,-,-,0,34,,0,0,0,2.7,1.88,0,7.79,0.26,0.12,0,0.15,0,0,0,0,0,2.65,,0,,,0,12.96,,3.9,10.46,,224.2,0,42.43,7.17,0,0,0,,,5699.67,,,102.98,,,,,0,,404.47,,11.92,0,0,,,3375.37,,,,,,,7.43,,,,,,,,,,,,,,,,,,,,,,421,,554,,,,,,,,261,,,,,,,,,,,,,,,,,,,,,,,,,
STD-DB10_2-001713,"겨자, 가루",S,국가표준식품성분표,,농진청('13),,조미료류,,"겨자, 가루",,,,,,,100g,413,3.8,18.35,22.68,5.2,49.97,5.5,37.8,383,10.77,1041,930,1,4,0,45,0.388,0.719,3.522,3.72,0,,1.3,0.05,3.181,0.341,22.26,-,0,77,,2.277,0,0,0.72,0.58,0,1.39,0,0,0,0,0,0,0,0,0,0,,0,,,0,5.5,,0,23.89,,2861.28,0,0,119.53,0,0,6231.61,,,4635.83,,,18.92,,,,,58.83,,2861.28,,229.24,0,0,,,334.62,,,,,,,7.94,,,,,,,,,,,,,,,,,,,,,,744,,1044,,,,,,,,540,,,,,,,,,,,,,,,,,,,,,,,,,
STD-DB10_2-001714,"계피, 가루",S,국가표준식품성분표,,농진청('22),,조미료류,,"계피, 가루",,,,,,,100g,349,10.3,3.63,1.15,4.04,80.93000000000001,1.93,59.5,1280,8.380000000000001,63,700,18,3,0,33,0.044,0.142,1.027,0,0,,0.23,0,0.777,0.25,1.39,0.07099999999999999,0,25,,0.399,0,0,2.59,2.39,0.25,0.78,0,0,0,0,0,64.84,64.84,0,0,0.96,,0,,,0,0.16,,0.8100000000000001,0.24,,2.23,0,0,0,0,0,0,,,120.82,,,0,,,,,0,,24.67,,0,0,0,,,94.55,,,,,,,0,,,,,,,,,,,,,,,,,,,,,,159,,263,,,,,,,,135,,,,,,,,,,,,,,,,,,,,,,,,,
STD-DB10_2-001715,"고추냉이, 가루",S,국가표준식품성분표,,농진청('13),,조미료류,,"고추냉이, 가루",,,,,,,100g,299,7.1,29.94,3.45,4.41,55.1,30.51,23.4,400,6.62,440,1142,21,11,0,127,0.924,2.946,2.039,219.13,0,,0.49,0.03,1.595,0.443,23.94,-,0,137,,5.25,0,0,5.7,4.55,0,11.43,0.32,0,0,0,0,0,0,0,0,0,,6.04,,,0,24.47,,0,2.3,,0.5,0,0,13.66,0,0,6.34,,,829.26,,,829.26,,,,,0,,568.34,,26.32,0,0,,,25.18,,,,,,,2.92,,,,,,,,,,,,,,,,,,,,,,1021,,1611,,,,,,,,753,,,,,,,,,,,,,,,,,,,,,,,,,
STD-DB10_2-001716,"고추냉이, 페이스트",S,국가표준식품성분표,,농진청('13),,조미료류,,"고추냉이, 페이스트",,,,,,,100g,148,56.4,3.03,1.58,3.18,35.81,3.18,7.300000000000001,98,1.09,49,343,801,1,0,11,0.029,0.079,0.425,5.04,0,,0.21,0.01,-,-,19.01,-,0,80,,0.593,0,0,0.17,0.13,0,0.44,0.03,0,0,0,0,0,0,0,0,0,,0,,,0,2.74,,0.44,1.28,,9.98,0,4.5,0,0,0,0,,,648.34,,,45.56,,,,,0,,162.53,,2,0,0,,,407.43,,,,,,,0,,,,,,,,,,,,,,,,,,,,,,73,,101,,,,,,,,56,,,,,,,,,,,,,,,,,,,,,,,,,
STD-DB10_2-001717,"고추장, 개량",S,국가표준식품성분표,,농진청('16),,조미료류,,"고추장, 개량",,,,,,,100g,205,35.7,3.66,1.38,7.5,51.76,21.84,5.2,25,0.97,63,422,2486,291,0,3495,0.529,0.221,1.141,0,0,,0.32,0,0.021,1.12,19.19,-,0,9,,0.281,0,0,2.58,2.54,0.07000000000000001,0,0.02,0,0,0,0,0,0,0,0,0.95,,8.25,,,0,0,,12.64,1,,1.57,0,0,0,0,0,0,,,702.83,,,19.03,,,,,0,,89.26000000000001,,0,0,0,,,180.52,,,,,,,0,,,,,,,,,,,,,,,,,,,,,,145,,229,,,,,,,,127,,,,,,,,,,,,,,,,,,,,,,,,,
STD-DB10_2-001718,"고추장, 재래",S,국가표준식품성분표,,농진청('20),,조미료류,,"고추장, 재래",,,,,,,100g,163,47.1,6.06,2.68,8.960000000000001,35.24,14.7,6,51,2.17,141,696,3009,170,0,2035,0.379,0.289,2.496,0,0,,0.45,0.01,1.098,1.398,5.15,0.06,0.08,26,,0.229,0,0,3.61,3.47,0.05,0.98,0.4,0.04,0,0,0,18.4,18.4,0,0,2.93,,2.74,,,0,0,,9.029999999999999,1.84,,3.63,0,0,0,0,0,0,,,1286.06,,,33.27,,,,,1.53,,159.72,,1.41,0,0,,,348.2,,,,,,,1.45,,,,,,,,,,,,,,,,,,,,,,241,,372,,,,,,,,238,,,,,,,,,,,,,,,,,,,,,,,,,
STD-DB10_2-001719,고춧가루,S,국가표준식품성분표,,농진청('14),,조미료류,,고춧가루,,,,,,,100g,319,12.5,13.29,8.4,5.19,60.62,17.45,37.7,79,4.89,342,2541,13,614,0,7363,0.427,2.159,8.433,0,0,,1.48,0.05,0.837,7.596,75.22,-,0,95,,0.244,0,0,27.58,26.41,0.71,7.49,2.05,0,0,0,0,69.05200000000001,69.05200000000001,0,0,11.01,,0,,,0,0,,6.44,6.5,,8.15,0,0,0,0,0,0,,,5218.65,,,119.91,,,,,0,,359.91,,4.99,0,0,,,734.21,,,,,,,1.98,,,,,,,,,,,,,,,,,,,,,,546,,706,,,,,,,,355,,,,,,,,,,,,,,,,,,,,,,,,,
STD-DB10_2-001720,"골든세이지, 말린것",S,국가표준식품성분표,,농진청('02),,조미료류,,"골든세이지, 말린것",,,,,,,100g,385,4.8,1.6,9.300000000000001,10.7,73.59999999999999,-,-,745,8.5,240,3430,60,1481,-,17770,0.46,1.86,8.5,111,-,,-,-,-,-,-,-,-,-,,-,-,-,-,-,-,-,-,-,-,-,-,-,-,-,-,-,,-,,,-,-,,-,-,,-,-,-,-,-,-,-,,,-,,,-,,,,,-,,-,,-,-,-,,,-,,,,,,,-,,,,,,,,,,,,,,,,,,,,,,-,,-,,,,,,,,-,,,,,,,,,,,,,,,,,,,,,,,,,
STD-DB10_2-001721,낫토,S,국가표준식품성분표,,농진청('22),,조미료류,,낫토,,,,,,,100g,181,62.2,17.24,8.470000000000001,2.11,9.949999999999999,0.44,6.9,133,3.36,368,789,7,1,0,16,0.064,0.144,0.891,0,0,,1.3,0.01,0,0.891,1.95,0.224,0,121,,3.357,0,0,1.93,0.86,0,9.630000000000001,3.72,0,0,0,0,8.25,8.25,0,0.2,0.24,,0,,,0,0,,0,6.57,,13.33,0,0,0,0,0,0,,,4141.19,,,119.32,,,,,4.35,,684.47,,4.1,0,0,,,1591.63,,,,,,,2.79,,,,,,,,,,,,,,,,,,,,,,644,,1213,,,,,,,,737,,,,,,,,,,,,,,,,,,,,,,,,,
STD-DB10_2-001722,돼지불고기 양념,S,국가표준식품성분표,,농진청('21),,조미료류,,돼지불고기 양념,,,,,,,100g,180,50.1,3.03,0.7,5.75,40.39,36.22,0.6,12,0.78,84,199,2230,103,0,1241,0.05,0.093,1.125,0.63,0,,0.12,0.01,0.166,0.959,2.13,0.077,0.03,12,,0,0,0,1.21,1.19,0,0.16,0.14,0,0,0,0,0,0,0,0,11.49,,2.81,,,0,11.14,,10.78,0.41,,1.5,0,0,0,0,0,0,,,291.02,,,5.99,,,,,0,,26.83,,0,0,0,,,79.14,,,,,,,0.83,,,,,,,,,,,,,,,,,,,,,,80,,149,,,,,,,,71,,,,,,,,,,,,,,,,,,,,,,,,,
STD-DB10_2-001723,"된장, 개량",S,국가표준식품성분표,,농진청('14),,조미료류,,"된장, 개량",,,,,,,100g,193,47.8,13.73,7.25,12.28,18.94,5.45,10.3,79,2.07,218,539,4339,0,0,0,0.588,0.837,1.257,11.2,0,,1.15,0.01,0,1.257,6.53,-,0,139,,1.112,0,0,0.46,0.29,0,1.53,0.55,0,0,0,0,-,23.102,-,0,0.45,,0,,,0,0,,5,5.779999999999999,,14.36,0,0,0,0,0,0,,,3712.01,,,99.98,,,,,5.15,,584.17,,4.01,0,0,,,1352.2,,,,,,,2.4,,,,,,,,,,,,,,,,,,,,,,585,,978,,,,,,,,530,,,,,,,,,,,,,,,,,,,,,,,,,
STD-DB10_2-001724,"된장, 보리",S,국가표준식품성분표,,농진청('93),,조미료류,,"된장, 보리",,,,,,,100g,164,54.5,10.9,2.1,7.2,25.3,-,-,39,1.2,233,434,-,0,0,0,0.15,0.25,0.6,12,-,,-,-,-,-,-,-,-,-,,-,-,-,-,-,-,-,-,-,-,-,-,-,-,-,-,-,,-,,,-,-,,-,-,,-,-,-,-,-,-,-,,,-,,,-,,,,,-,,-,,-,-,-,,,-,,,,,,,-,,,,,,,,,,,,,,,,,,,,,,-,,-,,,,,,,,-,,,,,,,,,,,,,,,,,,,,,,,,,
STD-DB10_2-001725,"된장, 재래",S,국가표준식품성분표,,농진청('20),,조미료류,,"된장, 재래",,,,,,,100g,142,58.2,13.6,6.89,14.07,7.26,0.41,4.8,114,3.25,208,473,5152,1,0,7,0.444,0.184,0.68,0,0,,1.01,0.02,0.5590000000000001,0.122,7.35,0.101,0.17,30,,1.455,0,0,0.8100000000000001,0.3,0,4.21,2.95,0,0,0,0,9.18,9.18,0,0,0.19,,0,,,0,0,,0.22,5.23,,11.35,0,0,0,0,0,0,,,3350.98,,,92.89,,,,,3.32,,571.73,,3.59,0,0,,,1192.18,,,,,,,3.88,,,,,,,,,,,,,,,,,,,,,,542,,934,,,,,,,,468,,,,,,,,,,,,,,,,,,,,,,,,,
STD-DB10_2-001726,두반장,S,국가표준식품성분표,,농진청('23),,조미료류,,두반장,,,,,,,100g,94,67.7,3.04,2.41,11.82,15.05,7.63,3.9,23,1.25,58,296,4602,43,0,516,0,0.077,2.251,0,0,,0.4,0.01,2.13,0.121,2.57,0.189,0,29,,0.332,0,0,2.25,2.08,0.08,1.27,0.27,0,0,0,0,18.26,18.26,0,0,2.82,,0,,,0,1.92,,2.89,1.76,,7.96,5.01,0,0,0,0,0,,,1179.34,,,30.3,,,,,1.43,,139.49,,1.26,0,0,,,387.31,,,,,,,0,,,,,,,,,,,,,,,,,,,,,,105,,151,,,,,,,,83,,,,,,,,,,,,,,,,,,,,,,,,,
STD-DB10_2-001727,"라벤더, 말린것",S,국가표준식품성분표,,농진청('01),,조미료류,,"라벤더, 말린것",,,,,,,100g,330,7.4,12.6,8.699999999999999,8,63.3,-,-,871,17.3,246,2530,35,1106,0,13267,0.62,1.52,5.8,102,-,,-,-,-,-,-,-,-,-,,-,-,-,-,-,-,-,-,-,-,-,-,-,-,-,-,-,,-,,,-,-,,-,-,,-,-,-,-,-,-,-,,,-,,,-,,,,,-,,-,,-,-,-,,,-,,,,,,,-,,,,,,,,,,,,,,,,,,,,,,-,,-,,,,,,,,-,,,,,,,,,,,,,,,,,,,,,,,,,
STD-DB10_2-001728,레몬그라스(시트로넬라),S,국가표준식품성분표,,USDA('18),,조미료류,,레몬그라스(시트로넬라),,,,,,,100g,99,70.58,1.82,0.49,1.8,25.31,-,-,65,8.17,101,723,6,0,0,3,0.065,0.135,1.101,2.6,0,,0.119,0,-,-,-,0.08,0,75,,0.05,-,-,-,-,-,-,-,-,-,-,-,-,-,-,-,-,,-,,,-,-,,-,0.224,,-,-,-,-,-,-,-,,,-,,,-,,,,,-,,-,,-,-,-,,,-,,,,,,,-,,,,,,,,,,,,,,,,,,,,,,-,,-,,,,,,,,-,,,,,,,,,,,,,,,,,,,,,,,,,
STD-DB10_2-001729,"로즈메리, 말린것",S,국가표준식품성분표,,USDA('18),,조미료류,,"로즈메리, 말린것",,,,,,,100g,331,9.31,4.88,15.22,6.53,64.06,-,42.6,1280,29.25,70,955,50,0,0,-,0.514,0.428,1,61.2,0,,7.371,-,-,-,-,1.74,0,307,,-,-,-,-,-,-,-,-,-,-,-,-,-,-,-,-,-,,-,,,-,-,,-,5.353,,125,-,-,-,0,0,-,,,-,,,-,,,,,-,,-,,-,-,0,,,-,,,,,,,-,,,,,,,,,,,,,,,,,,,,,,-,,-,,,,,,,,-,,,,,,,,,,,,,,,,,,,,,,,,,
STD-DB10_2-001730,"마늘, 가루",S,국가표준식품성분표,,농진청('19),,조미료류,,"마늘, 가루",,,,,,,100g,349,9.699999999999999,18.62,0.98,4.25,66.44,2.87,1.3,63,4.48,405,1420,28,1,0,6,0.21,0.173,1.155,4.59,0,,0.22,0.03,0,1.155,0.36,5.273,0,71,,2.133,0,0,0.5600000000000001,0.5600000000000001,0,0,0,0,0,0,0,0,0,0,0,1.23,,0,,,0,1.43,,0.21,0.5,,4.09,0,0,0,0,0,11.51,,,362.63,,,5.12,,,,,5.34,,40.67,,1.51,0,0,,,71.11,,,,,,,0,,,,,,,,,,,,,,,,,,,,,,366,,427,,,,,,,,213,,,,,,,,,,,,,,,,,,,,,,,,,
STD-DB10_2-001731,마요네즈,S,국가표준식품성분표,,농진청('19),,조미료류,,마요네즈,,,,,,,100g,682,18.6,0.95,72.56,1.48,6.39,1.55,0.6,14,0.41,40,24,482,9,9,3,0.027,0.015,0,0,0,,10.44,0.55,0,0,3.97,0.043,0.04,0,,0.263,0,0,8.19,5.33,0.35,25.33,5.18,0,0,0,0,108.57,108.57,0,0,0.06,,0,,,0,1.35,,0.14,57.98,,166.44,0,5.79,0,0,3.61,0,,,37132.86,,,934.87,,,,,16.26,,4980.54,,16.52,0,0,,,14636.15,,,,,,,20.12,,,,,,,,,,,,,,,,,,,,,,31,,81,,,,,,,,49,,,,,,,,,,,,,,,,,,,,,,,,,
STD-DB10_2-001732,"마요네즈, 저칼로리",S,국가표준식품성분표,,농진청('19),,조미료류,,"마요네즈, 저칼로리",,,,,,,100g,341,53.1,0.89,31.97,1.72,12.35,3.56,0,7,0.28,25,26,600,12,9,32,0.015,0.008,0,0,0,,3.96,0.22,0,0,3.47,0.023,0.04,0,,0.037,0,0,2.61,2.08,0,4.69,1.98,0,0,0,0,23.13,23.13,0,0,0.21,,0,,,0,2.98,,0.37,26.11,,153.25,0,17.58,0,0,6.24,0,,,11173.99,,,684.3200000000001,,,,,11.74,,1628.43,,18.97,3.74,0,,,12210.34,,,,,,,14.8,,,,,,,,,,,,,,,,,,,,,,28,,70,,,,,,,,46,,,,,,,,,,,,,,,,,,,,,,,,,
STD-DB10_2-001733,맛술,S,국가표준식품성분표,,농진청('02),,조미료류,,맛술,,,,,,,100g,146,63.8,0.3,0.3,0.1,35.5,-,-,1,0.3,13,13,32,0,-,0,0.19,0.05,1,8,-,,-,-,-,-,-,-,-,-,,-,-,-,-,-,-,-,-,-,-,-,-,-,-,-,-,-,,-,,,-,-,,-,-,,-,-,-,-,-,-,-,,,-,,,-,,,,,-,,-,,-,-,-,,,-,,,,,,,-,,,,,,,,,,,,,,,,,,,,,,-,,-,,,,,,,,-,,,,,,,,,,,,,,,,,,,,,,,,,
STD-DB10_2-001734,미소,S,국가표준식품성분표,,농진청('14),,조미료류,,미소,,,,,,,100g,187,46.8,11.71,6.03,13.62,21.84,5.55,9.800000000000001,71,1.44,174,484,4616,0,0,0,0.163,0.258,1.028,0,0,,0.95,0.01,0,1.028,5.41,-,0,41,,0,0,0,1.13,0.58,0,4.97,1.91,0,0,0.12,0,-,20.526,-,0,0.52,,0,,,0,0,,5.03,4.81,,9.42,0,0,0,0,0,0,,,3113.86,,,81.58,,,,,3.65,,456.22,,3.16,0,0,,,1134.56,,,,,,,1.99,,,,,,,,,,,,,,,,,,,,,,492,,934,,,,,,,,481,,,,,,,,,,,,,,,,,,,,,,,,,
STD-DB10_2-001735,"민트, 말린것",S,국가표준식품성분표,,농진청('01),,조미료류,,"민트, 말린것",,,,,,,100g,294,9.699999999999999,17.5,6.1,10.5,56.2,-,-,1763,8.300000000000001,513,3032,28,2306,0,27677,0.5,1.96,6.7,102,-,,-,-,-,-,-,-,-,-,,-,-,-,-,-,-,-,-,-,-,-,-,-,-,-,-,-,,-,,,-,-,,-,-,,-,-,-,-,-,-,-,,,-,,,-,,,,,-,,-,,-,-,-,,,-,,,,,,,-,,,,,,,,,,,,,,,,,,,,,,-,,-,,,,,,,,-,,,,,,,,,,,,,,,,,,,,,,,,,
STD-DB10_2-001736,애플민트,S,국가표준식품성분표,,농진청('23),,조미료류,,애플민트,,,,,,,100g,27,90.8,2.84,0.44,1.24,4.66,0,3.7,153,0.83,71,410,2,199,0,2390,0.239,0.204,5.628,20.9,0,,0.08,0,5.564,0.064,2.71,0.068,0,77,,0.161,0,0,1.44,1.44,0,0,0,0,0,0,0,569.25,569.25,0,0,0,,0,,,0,0,,0,0.36,,6.18,0,0,0,0,0,0,,,48.28,,,4.54,,,,,0,,280.39,,0,0,0,,,6.94,,,,,,,0,,,,,,,,,,,,,,,,,,,,,,121,,189,,,,,,,,80,,,,,,,,,,,,,,,,,,,,,,,,,
STD-DB10_2-001737,"뽕잎, 가루",S,국가표준식품성분표,,농진청('23),,조미료류,,"뽕잎, 가루",,,,,,,100g,299,3.4,18.6,2.64,10.56,64.84,7.14,46.6,2588,10.36,359,2161,0,1843,0,22110,0.237,1.374,3.258,79.76000000000001,0,,0.6,0,3.182,0.076,32.65,0.354,0,304,,3.464,0,0,1.63,1.47,0.25,0.38,0.18,0,0,0,0,1968.48,1968.48,0,0,0.6,,0,,,0,6.54,,0,1.33,,0,7.16,0,0,0,0,0,,,271.55,,,4.01,,,,,0,,991.77,,0,0,0,,,43.59,,,,,,,0,,,,,,,,,,,,,,,,,,,,,,969,,1373,,,,,,,,536,,,,,,,,,,,,,,,,,,,,,,,,,
STD-DB10_2-001738,사프란,S,국가표준식품성분표,,USDA('18),,조미료류,,사프란,,,,,,,100g,310,11.9,11.43,5.85,5.45,65.37,-,3.9,111,11.1,252,1724,148,0,0,-,0.115,0.267,1.46,80.8,0,,1.586,0,-,-,-,1.01,0,93,,-,-,-,-,-,-,-,-,-,-,-,-,-,-,-,-,-,,-,,,-,-,,-,2.496,,6,-,-,-,6,0,-,,,-,,,-,,,,,-,,-,,-,-,0,,,-,,,,,,,-,,,,,,,,,,,,,,,,,,,,,,-,,-,,,,,,,,-,,,,,,,,,,,,,,,,,,,,,,,,,
STD-DB10_2-001739,"산초, 가루",S,국가표준식품성분표,,농진청('13),,조미료류,,"산초, 가루",,,,,,,100g,302,12,9.66,4.01,5.76,68.56999999999999,0,56.6,1538,14.2,191,1220,7,7,0,80,1.144,0.882,2.707,0,0,,0.74,0.04,2.49,0.217,17.78,-,0,52,,15.326,0,0,5.12,5.03,0,0.66,0,0.08,0,0.12,0,188.27,188.27,0,0,0,,0,,,0,0,,0,3.06,,7.47,0,0,0,0,0,0,,,904.0700000000001,,,285.86,,,,,0,,681.6,,0,0,0,,,759.8,,,,,,,0,,,,,,,,,,,,,,,,,,,,,,460,,487,,,,,,,,260,,,,,,,,,,,,,,,,,,,,,,,,,
STD-DB10_2-001740,생강 페이스트,S,국가표준식품성분표,,JAPAN('20),,조미료류,,생강 페이스트,,,,,,,100g,41,88.2,0.7,0.6,1.9,8.6,(1.4),-,16,0.3,14,140,580,1,(0),6,0.02,0.03,0.8,120,(0),,(0.16),-,-,-,0.3,-,-,-,,-,-,-,-,-,-,-,-,-,-,-,-,-,-,-,-,(0.6),,-,,,(0),(0.1),,(0.7),(0.24),,(6),-,-,-,(0),(0),-,,,(96),,,-,,,,,(0),,(27),,-,-,(0),,,-,,,,,,,-,,,,,,,,,,,,,,,,,,,,,,(17),,(28),,,,,,,,(20),,,,,,,,,,,,,,,,,,,,,,,,,
STD-DB10_2-001741,"생강, 가루",S,국가표준식품성분표,,농진청('19),,조미료류,,"생강, 가루",,,,,,,100g,367,6.8,12.55,3.29,5.6,71.73999999999999,2.27,0.1,118,15.52,210,2432,32,2,0,20,0.199,0.102,1.521,0,0,,0.33,0.02,0.196,1.325,0.79,0.963,0,26,,4.726,0,0,2.62,2.41,0,2.14,0,0,0,0,0,0,0,0,0,1.04,,0,,,0,0.61,,0.62,0.34,,2.92,0,0,0,0,0,0,,,206.31,,,5.06,,,,,2.99,,60.18,,1,0,0,,,56.57,,,,,,,0,,,,,,,,,,,,,,,,,,,,,,390,,415,,,,,,,,197,,,,,,,,,,,,,,,,,,,,,,,,,
STD-DB10_2-001742,"소금, 가공염, 맛소금",S,국가표준식품성분표,,농진청('22),,조미료류,,"소금, 가공염, 맛소금",,,,,,,100g,27,0.1,4.42,0.04,93.25,2.21,0,0,30,0,0,306,34971,0,0,0,0,0,0,0,0,,0.01,0,0,0,0,0,0,0,,0,0,0,0,0,0,0,0,0,0,0,0,0,0,0,0,0,,0,,,0,0,,0,0.02,,0,0,0,0,0,0,0,,,10.4,,,0,,,,,0,,0.78,,0,0,0,,,9.24,,,,,,,0,,,,,,,,,,,,,,,,,,,,,,0,,0,,,,,,,,0,,,,,,,,,,,,,,,,,,,,,,,,,
STD-DB10_2-001743,"소금, 정제염",S,국가표준식품성분표,,농진청('15),,조미료류,,"소금, 정제염",,,,,,,100g,2,0.1,0,0.01,99.5,0.39,0,0,30,0,2,552,36025,0,0,0,0,0,0,0,0,,0,0,0,0,0,-,0,0,,0,0,0,0,0,0,0,0,0,0,0,0,0,0,0,0,0,,0,,,0,0,,0,0,,0,0,0,0,0,0,0,,,0,,,0,,,,,0,,0,,0,0,0,,,1.37,,,,,,,0,,,,,,,,,,,,,,,,,,,,,,0,,0,,,,,,,,0,,,,,,,,,,,,,,,,,,,,,,,,,
STD-DB10_2-001744,"소금, 천일염",S,국가표준식품성분표,,농진청('15),,조미료류,,"소금, 천일염",,,,,,,100g,20,3.2,0.03,0,91.81,4.95,0,0,128,0.6899999999999999,0,437,33811,0,0,0,0,0,0,0,0,,0,0,0,0,0,-,0,0,,0,0,0,0,0,0,0,0,0,0,0,0,0,0,0,0,0,,0,,,0,0,,0,0,,0,0,0,0,0,0,0,,,0,,,0,,,,,0,,0,,0,0,0,,,0,,,,,,,0,,,,,,,,,,,,,,,,,,,,,,0,,0,,,,,,,,0,,,,,,,,,,,,,,,,,,,,,,,,,
STD-DB10_2-001745,"소금, 구운소금",S,국가표준식품성분표,,농진청('22),,조미료류,,"소금, 구운소금",,,,,,,100g,0,0.1,0,0.01,99.19,0.6899999999999999,0,0,71,0,0,246,37556,0,0,0,0,0,0,0,0,,0,0,0,0,0,0,0,0,,0,0,0,0,0,0,0,0,0,0,0,0,0,0,0,0,0,,0,,,0,0,,0,0,,0,0,0,0,0,0,0,,,0.65,,,0,,,,,0,,0,,0,0,0,,,1.44,,,,,,,0,,,,,,,,,,,,,,,,,,,,,,0,,0,,,,,,,,0,,,,,,,,,,,,,,,,,,,,,,,,,
STD-DB10_2-001746,"소금, 프랑스, 소금꽃",S,국가표준식품성분표,,농진청('11),,조미료류,,"소금, 프랑스, 소금꽃",,,,,,,100g,11,4.2,0,0,93,2.8,-,-,120,5.1,-,132,36693,-,-,-,-,-,-,-,-,,-,-,-,-,-,-,-,-,,-,-,-,-,-,-,-,-,-,-,-,-,-,-,-,-,-,,-,,,-,-,,-,-,,-,-,-,-,-,-,-,,,-,,,-,,,,,-,,-,,-,-,-,,,-,,,,,,,-,,,,,,,,,,,,,,,,,,,,,,-,,-,,,,,,,,-,,,,,,,,,,,,,,,,,,,,,,,,,
STD-DB10_2-001747,소불고기 양념,S,국가표준식품성분표,,농진청('13),,조미료류,,소불고기 양념,,,,,,,100g,181,49.4,2.17,0.01,5.44,42.98,28.19,0.6,7,0.61,32,150,1964,0,0,0,0.041,0.445,1.4,0,0,,0,0,0.123,1.277,18.94,-,0,0,,0,0,0,0.04,0.03,0,0.05,0,0,0,0,0,-,0,-,0,6.77,,0,,,0,16.82,,4.6,0.01,,0,0,0,0,0,0,0,,,3.67,,,0,,,,,0,,0.59,,0.84,0,0,,,1.03,,,,,,,0,,,,,,,,,,,,,,,,,,,,,,81,,131,,,,,,,,74,,,,,,,,,,,,,,,,,,,,,,,,,
STD-DB10_2-001748,"식초, 감식초",S,국가표준식품성분표,,농진청('19),,조미료류,,"식초, 감식초",,,,,,,100g,10,97.09999999999999,1.62,0,0.43,0.9,0,0,7,0.6,17,276,2,0,0,0,0.018,0.007,0.07099999999999999,0,0,,0,0,0.07099999999999999,0,0.83,0,0,2,,0.077,0,0,0,0,0,0,0,0,0,0,0,0,0,0,0,0,,0,,,0,0,,0,0,,0,0,0,0,0,0,0,,,0.89,,,0,,,,,0,,0,,0,0,0,,,0.76,,,,,,,0,,,,,,,,,,,,,,,,,,,,,,9,,10,,,,,,,,8,,,,,,,,,,,,,,,,,,,,,,,,,
STD-DB10_2-001749,"식초, 발사믹",S,국가표준식품성분표,,농진청('22),,조미료류,,"식초, 발사믹",,,,,,,100g,165,58.6,0.62,0.04,0.36,40.42,33.67,0,17,0.8,45,206,25,0,0,0,0,0.029,0,0.74,0,,0.01,0,0,0,0.83,-,0,0,,0,0,0,0,0,0,0,0,0,0,0,0,0,0,0,0,16.58,,0,,,0,0,,17.09,0.02,,0,0,0,0,0,0,0,,,6.21,,,0,,,,,0,,0,,0,0,0,,,10.51,,,,,,,0,,,,,,,,,,,,,,,,,,,,,,5,,7,,,,,,,,5,,,,,,,,,,,,,,,,,,,,,,,,,
STD-DB10_2-001750,"식초, 배식초",S,국가표준식품성분표,,농진청('19),,조미료류,,"식초, 배식초",,,,,,,100g,29,92.40000000000001,0.12,0.08,0.31,7.08,0.21,0,4,1.02,9,167,2,0,0,0,0,0.023,0,0,0,,0,0,0,0,0,0,0.53,0,,0.054,0,0,0,0,0,0,0,0,0,0,0,0,0,0,0,0.21,,0,,,0,0,,0,0,,0,0,0,0,0,0,0,,,0,,,0,,,,,0,,0,,0,0,0,,,0,,,,,,,0,,,,,,,,,,,,,,,,,,,,,,2,,7,,,,,,,,8,,,,,,,,,,,,,,,,,,,,,,,,,
STD-DB10_2-001751,"식초, 사과식초",S,국가표준식품성분표,,농진청('19),,조미료류,,"식초, 사과식초",,,,,,,100g,19,95,0.1,0.03,0.13,4.71,2.21,0,4,0.06,3,8,2,0,0,0,0.046,0.004,0.127,0,0,,0,0,-,-,0.05,0,0.04,0,,0.058,0,0,0,0,0,0,0,0,0,0,0,0,0,0,-,-,,-,,,-,-,,-,0,,0,0,0,0,0,0,0,,,0,,,0,,,,,0,,0,,0,0,0,,,0,,,,,,,0,,,,,,,,,,,,,,,,,,,,,,1,,3,,,,,,,,3,,,,,,,,,,,,,,,,,,,,,,,,,
STD-DB10_2-001752,"식초, 쌀식초",S,국가표준식품성분표,,JAPAN('20),,조미료류,,"식초, 쌀식초",,,,,,,100g,46,87.90000000000001,0.2,0,0.1,7.4,-,(0),2,0.1,15,16,12,0,0,-,0.01,0.01,0.3,0,(0),,-,-,-,-,0.4,0.02,0.1,0,,0.08,-,-,-,-,-,-,-,-,-,-,-,(0),-,-,-,-,,-,,,-,-,,-,-,,-,-,-,-,-,-,-,,,-,,,-,,,,,-,,-,,-,-,-,,,-,,,,,,,-,,,,,,,,,,,,,,,,,,,,,,-,,-,,,,,,,,-,,,,,,,,,,,,,,,,,,,,,,,,,
STD-DB10_2-001753,"식초, 양조",S,국가표준식품성분표,,농진청('16),,조미료류,,"식초, 양조",,,,,,,100g,1,99.59999999999999,0.02,0,0.04,0.34,0,0,3,0,11,2,1,0,0,0,0.015,0,0.006,0,0,,0,0,0,0.006,0,-,0,0,,0,0,0,0,0,0,0.01,0,0.01,0,0,0,0,0,0,0,0,,0,,,0,0,,0,0,,0,0,0,0,0,0,0,,,0.62,,,0,,,,,0,,0,,0,0,0,,,0.88,,,,,,,0,,,,,,,,,,,,,,,,,,,,,,0,,0,,,,,,,,0,,,,,,,,,,,,,,,,,,,,,,,,,
STD-DB10_2-001754,"식초, 포도식초",S,국가표준식품성분표,,JAPAN('20),,조미료류,,"식초, 포도식초",,,,,,,100g,22,93.7,0.1,,0.2,1.2,-,0,3,0.2,8,22,4,(0),(0),Tr,Tr,Tr,Tr,Tr,Tr,,-,-,-,-,0.1,Tr,0.1,Tr,,0.08,-,-,Tr,Tr,Tr,Tr,Tr,-,-,-,-,(Tr),-,-,-,-,,-,,,-,-,,-,-,,-,-,-,-,-,-,-,,,-,,,-,,,,,-,,-,,-,-,-,,,-,,,,,,,-,,,,,,,,,,,,,,,,,,,,,,-,,-,,,,,,,,-,,,,,,,,,,,,,,,,,,,,,,,,,
STD-DB10_2-001755,"식초, 현미식초",S,국가표준식품성분표,,농진청('19),,조미료류,,"식초, 현미식초",,,,,,,100g,22,94.3,0.11,0,0.12,5.45,3,0,3,0.03,15,14,2,0,0,0,0.025,0.003,0.159,0,0,,0,0,-,-,0.02,0.073,0.08,0,,0.051,0,0,0,0,0,0,0,0,0,0,0,0,0,0,-,-,,-,,,-,-,,-,0,,0,0,0,0,0,0,0,,,0,,,0,,,,,0,,0,,0,0,0,,,0,,,,,,,0,,,,,,,,,,,,,,,,,,,,,,1,,4,,,,,,,,2,,,,,,,,,,,,,,,,,,,,,,,,,
STD-DB10_2-001756,쌈장,S,국가표준식품성분표,,농진청('15),,조미료류,,쌈장,,,,,,,100g,240,38.4,9.880000000000001,4.81,7.73,39.18,21.08,9.699999999999999,62,1.76,137,472,2619,51,0,615,0.128,0.108,1.079,0,0,,0.73,0.01,0.032,1.047,0,-,0,33,,0,0,0,1.86,1.83,0,0,0,0.09,0,0,0,-,0,-,0.62,1.64,,0,,,0,11.45,,7.38,3.86,,11.35,0,0,0,0,0,0,,,2438.26,,,65.73999999999999,,,,,0,,334.02,,2.25,0,0,,,1003.14,,,,,,,1.6,,,,,,,,,,,,,,,,,,,,,,380,,687,,,,,,,,386,,,,,,,,,,,,,,,,,,,,,,,,,
STD-DB10_2-001757,"양파, 가루",S,국가표준식품성분표,,농진청('23),,조미료류,,"양파, 가루",,,,,,,100g,354,8.800000000000001,8.470000000000001,0.8,3.79,78.16,36.4,12.2,198,6.16,290,1385,61,0,0,5,0.4,0.105,1.133,6.58,0,,0.13,0,1.087,0.046,5.79,0.324,0,61,,0.993,0,0,0.27,0.27,0,0,0,0,0,0,0,3.96,3.96,0,0,14.78,,0,,,0,6.54,,15.08,0.31,,4.04,0,0,0,0,0,0,,,182.46,,,6.32,,,,,2.09,,27.09,,0,0,0,,,77.20999999999999,,,,,,,0,,,,,,,,,,,,,,,,,,,,,,226,,211,,,,,,,,120,,,,,,,,,,,,,,,,,,,,,,,,,
STD-DB10_2-001758,양파시즈닝,S,국가표준식품성분표,,농진청('23),,조미료류,,양파시즈닝,,,,,,,100g,372,2.6,7.98,7.8,14.08,67.59,37.19,2.9,65,1.5,74,292,5582,42,36,71,0.107,0.07199999999999999,3.972,0.79,0,,4.97,0.09,3.972,0,1.69,0.04,0.04,26,,0.504,0,0,0.37,0.34,0.03,0.14,0,0,0,0,0,0,0,0,0,0.73,,0,,,4.81,30.76,,0.9,2.12,,6.34,1.89,0,3.63,4.54,0,0,,,274.3,,,41.44,,,,,2.66,,46.71,,2.5,6.26,4.66,,,1559.95,,,,,,,20.49,,,,,,,,,,,,,,,,,,,,,,48,,116,,,,,,,,48,,,,,,,,,,,,,,,,,,,,,,,,,
STD-DB10_2-001759,"오레가노, 말린것",S,국가표준식품성분표,,USDA('18),,조미료류,,"오레가노, 말린것",,,,,,,100g,265,9.93,9,4.28,7.87,68.92,4.09,42.5,1597,36.8,148,1260,25,84,0,1007,0.177,0.528,4.64,2.3,0,,1.551,0,-,-,-,1.044,0,237,,0.921,-,-,20.73,18.26,0,24.42,0.92,-,-,-,-,-,621.7,-,0.15,1.13,,0,,,0,0.91,,1.9,2.085,,0,0,0,-,0,0,-,,,-,,,-,,,,,-,,621,,0,-,0,,,-,,,,,,,-,,,,,,,,,,,,,,,,,,,,,,517,,780,,,,,,,,441,,,,,,,,,,,,,,,,,,,,,,,,,
STD-DB10_2-001760,"울금, 가루",S,국가표준식품성분표,,농진청('23),,조미료류,,"울금, 가루",,,,,,,100g,328,8.5,7.77,3.02,7.51,73.15000000000001,3.68,15.2,74,5.55,394,3167,30,0,0,0,0.06,0.217,1.375,0,0,,1.87,0,1.329,0.046,3.64,0.176,0,44,,0.954,0,0,1.52,1.36,0.19,0.6,0,0,0,0,0,0,0,0,0,0.64,,0,,,0,2.51,,0.53,0.82,,0,85,0,0,0,0,0,,,275.16,,,6.64,,,,,0,,103.35,,0,0,0,,,18.74,,,,,,,0,,,,,,,,,,,,,,,,,,,,,,369,,571,,,,,,,,254,,,,,,,,,,,,,,,,,,,,,,,,,
STD-DB10_2-001761,"월계수, 잎, 말린것",S,국가표준식품성분표,,USDA('18),,조미료류,,"월계수, 잎, 말린것",,,,,,,100g,313,5.44,7.61,8.359999999999999,3.62,74.97,-,26.3,834,43,113,529,23,0,0,-,0.008999999999999999,0.421,2.005,46.5,0,,2.28,0,-,-,-,1.74,0,180,,-,-,-,-,-,-,-,-,-,-,-,-,-,-,-,-,-,,-,,,-,-,,-,3.93,,0,-,-,-,0,0,-,,,-,,,-,,,,,-,,-,,-,-,0,,,-,,,,,,,-,,,,,,,,,,,,,,,,,,,,,,-,,-,,,,,,,,-,,,,,,,,,,,,,,,,,,,,,,,,,
STD-DB10_2-001762,"육두구, 가루",S,국가표준식품성분표,,JAPAN('20),,조미료류,,"육두구, 가루",,,,,,,100g,520,6.3,5.7,38.5,2.0,47.5,-,-,160,2.5,210,430,15,(0),(0),-,0.05,0.10,0.5,(0),(0),,(11.31),-,-,-,-,-,(0),(0),,-,-,-,-,-,-,-,-,-,-,-,-,-,-,-,-,-,,-,,,-,-,,-,(18.50),,(0),-,-,-,(0),(0),-,,,"(5,100)",,,-,,,,,(0),,(95),,-,-,(0),,,-,,,,,,,-,,,,,,,,,,,,,,,,,,,,,,-,,-,,,,,,,,-,,,,,,,,,,,,,,,,,,,,,,,,,
STD-DB10_2-001763,"정향, 가루",S,국가표준식품성분표,,JAPAN('20),,조미료류,,"정향, 가루",,,,,,,100g,398,7.5,7.2,13.6,5.3,66.40000000000001,-,-,640,9.9,95,1400,280,10,(0),120,0.04,0.27,0.9,(0),(0),,(4.13),-,-,-,-,-,(0),(0),,-,-,-,-,-,-,-,-,-,-,-,-,-,-,-,-,-,,-,,,-,-,,-,(5.23),,(380),-,(0),-,(190),(0),-,,,"(2,700)",,,-,,,,,(110),,(610),,(18),(8),(8),,,-,,,,,,,-,,,,,,,,,,,,,,,,,,,,,,(340),,(480),,,,,,,,(290),,,,,,,,,,,,,,,,,,,,,,,,,
STD-DB10_2-001764,"조미료, 멸치맛, 가루",S,국가표준식품성분표,,농진청('19),,조미료류,,"조미료, 멸치맛, 가루",,,,,,,100g,211,4.1,14.12,2.81,46.65,32.37,4.51,0,235,1.72,258,880,14404,0,0,2,0.64,0.458,1.242,0,0,,0.75,0.03,0.662,0.58,9.35,0.123,1.53,187,,5.381,0,0,0.48,0.4,0,0.8,0,0,0,0,0,0,0,0,0,0,,0,,,0,0,,4.51,1.2,,35.93,0,11.06,3.18,5.91,83.26000000000001,0,,,175.07,,,54.03,,,,,0,,56.95,,12.56,0,58.64,,,597.85,,,,,,,5.44,,,,,,,,,,,,,,,,,,,,,,429,,481,,,,,,,,267,,,,,,,,,,,,,,,,,,,,,,,,,
STD-DB10_2-001765,"조미료, 사골맛, 가루",S,국가표준식품성분표,,농진청('22),,조미료류,,"조미료, 사골맛, 가루",,,,,,,100g,331,1.5,18.98,10.05,28.35,41.16,1.09,0,26,0,98,323,10423,0,0,0,0,0.037,0,0,0,,5.07,0.4,0,0,0.83,0.127,0.01,14,,0.976,0,0,1.57,1.5,0,0,0,0.21,0,0,0,0,0,0,0,0,,0,,,0,0.39,,0.7,4.04,,16.58,0,0,0,0,0,0.78,,,260.45,,,93.05,,,,,1.06,,21.67,,5.82,2.77,0,,,3449.29,,,,,,,313.34,,,,,,,,,,,,,,,,,,,,,,3776,,642,,,,,,,,259,,,,,,,,,,,,,,,,,,,,,,,,,
STD-DB10_2-001766,"조미료, 쇠고기맛, 가루",S,국가표준식품성분표,,농진청('22),,조미료류,,"조미료, 쇠고기맛, 가루",,,,,,,100g,242,2.6,10.19,3.81,41.81,41.61,14.68,0.1,7,0.24,105,372,17769,0,0,4,0.23,0.266,0.385,0,0,,1.59,0.13,0.108,0.277,3.34,0.008999999999999999,0.03,60,,0.988,0,0,0.2,0.16,0,0.23,0.53,0,0,0,0,0,0,0,0,0,,0,,,0,5.79,,8.9,2.04,,14.03,0,0,0,0,0,0,,,100.62,,,86.72,,,,,0,,8.619999999999999,,0,3.22,0,,,1575.6,,,,,,,90.66,,,,,,,,,,,,,,,,,,,,,,273,,284,,,,,,,,180,,,,,,,,,,,,,,,,,,,,,,,,,
STD-DB10_2-001767,"조미료, 조개맛, 가루",S,국가표준식품성분표,,농진청('23),,조미료류,,"조미료, 조개맛, 가루",,,,,,,100g,191,3.7,10.49,1.13,49.97,34.74,8.029999999999999,0.4,48,1.23,70,263,18587,0,0,4,0.29,0.23,1.247,0,0,,0.44,0.01,0.665,0.582,1.51,0.02,2.42,15,,0.5659999999999999,0,0,0.21,0.2,0,0,0,0.05,0,0,0,0,0,0,0,0,,0,,,0,8.029999999999999,,0,0.46,,3,0,0,0,1.58,12.37,0,,,101.07,,,10.66,,,,,0,,3.36,,3.17,0,11.83,,,307.9,,,,,,,0,,,,,,,,,,,,,,,,,,,,,,582,,127,,,,,,,,67,,,,,,,,,,,,,,,,,,,,,,,,,
STD-DB10_2-001768,"조미료, 화학조미료, 가루",S,국가표준식품성분표,,농진청('21),,조미료류,,"조미료, 화학조미료, 가루",,,,,,,100g,277,4.1,50.24,0.07000000000000001,26.73,18.9,0,0,6,0.34,140,52,12682,0,0,0,0,0,0,0,0,,0.01,0,0,0,0,0,0,0,,0,0,0,0,0,0,0,0,0,0,0,0,0,0,0,0,0,,0,,,0,0,,0,0,,0,0,0,0,0,0,0,,,0,,,0,,,,,0,,0,,0,0,0,,,4.12,,,,,,,0,,,,,,,,,,,,,,,,,,,,,,57,,9,,,,,,,,1,,,,,,,,,,,,,,,,,,,,,,,,,
STD-DB10_2-001769,"조미료, 액상",S,국가표준식품성분표,,농진청('22),,조미료류,,"조미료, 액상",,,,,,,100g,66,68.2,6.78,0.07000000000000001,15.37,9.6,0,0,10,0.5600000000000001,151,344,5906,0,0,0,0.005,0.057,0.378,0,0,,0,0,0.004,0.374,0.25,0.007,0,24,,0.221,0,0,0.02,0.02,0,0.02,0.01,0.01,0,0.01,0,0,0,0,0,0,,0,,,0,0,,0,0,,0,0,0,0,0,0,0,,,1.03,,,0,,,,,0,,0,,0,0,0,,,1.31,,,,,,,0.08,,,,,,,,,,,,,,,,,,,,,,313,,447,,,,,,,,299,,,,,,,,,,,,,,,,,,,,,,,,,
STD-DB10_2-001770,초고추장,S,국가표준식품성분표,,농진청('16),,조미료류,,초고추장,,,,,,,100g,211,35.5,3.79,1.17,5.76,53.78,36.02,2.4,19,1.27,82,247,1962,168,0,2017,-,0.186,0.465,0,0,,0.25,0,0.05,0.415,0,-,0,30,,0,0,0,1.82,1.63,0.29,0.19,0,0.06,0.21,0,0,-,0,-,0,13.42,,6.22,,,0,0,,16.38,0.8700000000000001,,3.8,0,0,0,0,0,0,,,620.9299999999999,,,14.01,,,,,0,,57.23,,0,0,0,,,165.3,,,,,,,0,,,,,,,,,,,,,,,,,,,,,,141,,229,,,,,,,,132,,,,,,,,,,,,,,,,,,,,,,,,,
STD-DB10_2-001771,치즈시즈닝,S,국가표준식품성분표,,농진청('23),,조미료류,,치즈시즈닝,,,,,,,100g,386,1.7,9.5,13.6,18.92,56.31,40.73,2.6,1104,0.7,860,693,5946,91,40,606,0.124,0.588,6.879,0.43,0,,7.85,0.12,6.393,0.486,9.390000000000001,0.066,0.76,47,,0.701,0,0,2.14,1.97,0.06,0.41,0.08,0.31,0,0.34,0,0,0,0,0,0,,0,,,19.69,21.04,,0,4,,12.95,4.39,0,5.82,5.61,0,0,,,750.53,,,68.40000000000001,,,,,4.95,,83.47,,3.67,5.36,4.53,,,2893.12,,,,,,,21.39,,,,,,,,,,,,,,,,,,,,,,99,,351,,,,,,,,160,,,,,,,,,,,,,,,,,,,,,,,,,
STD-DB10_2-001772,"치킨 스톡, 가루",S,국가표준식품성분표,,농진청('22),,조미료류,,"치킨 스톡, 가루",,,,,,,100g,195,1,11.36,2.13,54.66,30.81,10.57,0,39,0.7,121,187,20765,0,0,0,0.14,0.027,2.208,0,0,,0.86,0,0.407,1.801,15.4,-,0,45,,2.728,0,0,0.36,0.28,0.03,0.1,0.03,0.18,0,0,0,0,0,0,0,0,,0,,,0,10.57,,0,1.02,,4.51,0,0,0,0,0,0,,,228.74,,,21.89,,,,,0,,13.12,,0,0.36,0,,,725.65,,,,,,,1.09,,,,,,,,,,,,,,,,,,,,,,193,,404,,,,,,,,131,,,,,,,,,,,,,,,,,,,,,,,,,
STD-DB10_2-001773,"치킨 스톡, 액상",S,국가표준식품성분표,,농진청('22),,조미료류,,"치킨 스톡, 액상",,,,,,,100g,108,56.9,7.05,0.72,18.05,17.3,6.4,0,11,0.08,55,151,6960,0,0,0,0.044,0.103,1.134,0,0,,0.21,0,-,-,5.82,0.062,0,27,,0.212,0,0,6.03,3,0.6,24.16,10.22,0,0,0,0,0,0,0,0,0,,0,,,0,6.4,,0,0.4,,1.54,0,0,0,0,0,0,,,109.9,,,11.12,,,,,0,,7.28,,0,0,0,,,232.1,,,,,,,1.78,,,,,,,,,,,,,,,,,,,,,,139,,68,,,,,,,,48,,,,,,,,,,,,,,,,,,,,,,,,,
STD-DB10_2-001774,"칠리, 가루",S,국가표준식품성분표,,JAPAN('20),,조미료류,,"칠리, 가루",,,,,,,100g,374,3.8,15,8.199999999999999,12.9,60.1,-,-,280,29.0,260,3000,2500,633,(0),7600,0.25,0.84,7.2,(0),(0),,(1.41),-,-,-,-,-,(0),(0),,-,-,-,-,-,-,-,-,-,-,-,-,-,-,-,-,-,,-,,,-,-,,-,(6.44),,(8),(8),(0),-,(0),(0),-,,,"(4,300)",,,-,,,,,(0),,(300),,(0),(0),(0),,,-,,,,,,,-,,,,,,,,,,,,,,,,,,,,,,(670),,(700),,,,,,,,(430),,,,,,,,,,,,,,,,,,,,,,,,,
STD-DB10_2-001775,"타라곤, 말린것",S,국가표준식품성분표,,USDA('18),,조미료류,,"타라곤, 말린것",,,,,,,100g,295,7.74,22.77,7.24,12.03,50.22,-,7.4,1139,32.3,313,3020,62,0,0,-,0.251,1.339,8.949999999999999,50,0,,1.881,0,-,-,-,2.41,0,274,,-,-,-,-,-,-,-,-,-,-,-,-,-,-,-,-,-,,-,,,-,-,,-,4.172,,0,-,-,-,0,0,-,,,-,,,-,,,,,-,,-,,-,-,0,,,-,,,,,,,-,,,,,,,,,,,,,,,,,,,,,,-,,-,,,,,,,,-,,,,,,,,,,,,,,,,,,,,,,,,,
STD-DB10_2-001776,"타임, 가루",S,국가표준식품성분표,,JAPAN('20),,조미료류,,"타임, 가루",,,,,,,100g,342,9.800000000000001,6.5,5.2,8.699999999999999,69.8,-,-,1700,110.0,85,980,13,82,(0),980,0.09,0.6899999999999999,3.4,0,(0),,(1.91),-,-,-,-,-,0,0,,-,-,-,-,-,-,-,-,-,-,-,-,-,-,-,-,-,,-,,,-,-,,-,(1.16),,(0),-,-,-,(0),(0),-,,,(350),,,-,,,,,(0),,(480),,-,-,(0),,,-,,,,,,,-,,,,,,,,,,,,,,,,,,,,,,-,,-,,,,,,,,-,,,,,,,,,,,,,,,,,,,,,,,,,
STD-DB10_2-001777,템페,S,국가표준식품성분표,,USDA('18),,조미료류,,템페,,,,,,,100g,192,59.65,20.29,10.8,1.62,7.64,-,-,111,2.7,266,412,9,0,0,-,0.078,0.358,2.64,0,0,,2.539,0,-,-,-,0.215,0.08,24,,0.278,-,-,-,-,-,-,-,-,-,-,-,-,-,-,-,-,,-,,,-,-,,-,7.505,,45,-,-,-,-,-,-,,,-,,,-,,,,,-,,-,,-,-,-,,,-,,,,,,,-,,,,,,,,,,,,,,,,,,,,,,754,,1430,,,,,,,,880,,,,,,,,,,,,,,,,,,,,,,,,,
STD-DB10_2-001778,토마토 케첩,S,국가표준식품성분표,,농진청('19),,조미료류,,토마토 케첩,,,,,,,100g,125,65.2,1.8,0.12,3.66,29.2,20.76,1.8,19,0.28,33,523,1056,49,0,591,0.026,0.187,1.631,6.91,0,,0.03,0,-,-,3.9,0.134,0,20,,0.303,0,0,0.79,0.79,0,0,0,0,0,0,0,0,0,0,0,5.99,,6.62,,,0,4.37,,3.78,0.05,,0,0,0,0,0,0,0,,,43.42,,,0,,,,,0,,5.31,,0,0,0,,,3.94,,,,,,,0,,,,,,,,,,,,,,,,,,,,,,24,,36,,,,,,,,21,,,,,,,,,,,,,,,,,,,,,,,,,
STD-DB10_2-001779,"파슬리, 말린것",S,국가표준식품성분표,,농진청('21),,조미료류,,"파슬리, 말린것",,,,,,,100g,298,3.6,20.16,3.41,11.23,61.59,5.67,21.7,1129,39.9,461,2714,630,1007,0,12082,0.18,1.811,7.562,447.72,0,,0.64,0,-,-,4.28,0.218,0,845,,3.938,0,0,5.64,5.51,0,1.26,0,0,0,0,0,1318.99,1318.99,0,0,1.53,,0,,,0,1.89,,2.25,2.21,,0,6.01,0,0,0,0,0,,,872.21,,,0,,,,,0,,1310.61,,0,0,0,,,21.29,,,,,,,0,,,,,,,,,,,,,,,,,,,,,,1232,,2010,,,,,,,,883,,,,,,,,,,,,,,,,,,,,,,,,,
STD-DB10_2-001780,"파프리카, 가루",S,국가표준식품성분표,,JAPAN('20),,조미료류,,"파프리카, 가루",,,,,,,100g,385,10.0,15.5,11.6,7.3,55.6,-,-,170,21.0,320,2700,60,417,(0),5000,0.52,1.78,13.0,(0),(0),,(1.93),-,-,-,39.0,-,(0),(0),,-,-,-,-,-,-,-,-,-,-,-,-,(0),-,-,-,-,,-,,,-,-,,-,(8.52),,(21),(0),(0),-,(0),(0),-,,,"(6,600)",,,-,,,,,(0),,(410),,(0),(0),(0),,,-,,,,,,,-,,,,,,,,,,,,,,,,,,,,,,(860),,"(1,000)",,,,,,,,(620),,,,,,,,,,,,,,,,,,,,,,,,,
STD-DB10_2-001781,페퍼민트,S,국가표준식품성분표,,USDA('18),,조미료류,,페퍼민트,,,,,,,100g,70,78.65000000000001,3.75,0.9399999999999999,1.76,14.89,-,8,243,5.08,73,569,31,0,0,-,0.082,0.266,1.706,31.8,0,,0.246,0,-,-,-,0.129,0,114,,0.338,-,-,-,-,-,-,-,-,-,-,-,-,-,-,-,-,,-,,,-,-,,-,0.541,,-,-,-,-,-,-,-,,,-,,,-,,,,,-,,-,,-,-,-,,,-,,,,,,,-,,,,,,,,,,,,,,,,,,,,,,180,,281,,,,,,,,154,,,,,,,,,,,,,,,,,,,,,,,,,
STD-DB10_2-001782,"하이라이스, 가루",S,국가표준식품성분표,,농진청('21),,조미료류,,"하이라이스, 가루",,,,,,,100g,379,3,7.61,10.22,14.94,64.19,21.73,2.4,63,0.93,110,317,5890,9,7,14,0.12,0.123,2.94,0,0,,5.22,0.05,0.868,2.072,2.43,0.021,0.4,19,,0.946,0,0,1.22,0.9399999999999999,0.13,0.1,0.03,0.63,0.44,0.16,0.04,0,0,0,0,0.17,,7.21,,,2.82,11.12,,0.42,4.57,,15.96,0,0,0,0,0,1.79,,,1147.58,,,66.17,,,,,0,,35.37,,2.91,0,0,,,3280.87,,,,,,,14.79,,,,,,,,,,,,,,,,,,,,,,190,,351,,,,,,,,120,,,,,,,,,,,,,,,,,,,,,,,,,
STD-DB10_2-001783,해선장,S,국가표준식품성분표,,농진청('23),,조미료류,,해선장,,,,,,,100g,230,39,1.65,3.26,7.65,48.42,44.03,1.4,22,0.48,21,90,2899,1,0,9,0.427,0.027,0.476,0,0,,0.22,0,0.476,0,1.83,0.027,0,14,,0,0,0,0.17,0.1,0,0.63,0.16,0,0,0,0,0,0,0,0,4.65,,0,,,0,34.39,,4.99,1.05,,2.16,0,0,0,0,0,0,,,621.84,,,16.47,,,,,0,,67,,0,0,0,,,340.55,,,,,,,1.72,,,,,,,,,,,,,,,,,,,,,,55,,89,,,,,,,,57,,,,,,,,,,,,,,,,,,,,,,,,,
STD-DB10_2-001784,"후추, 검은색, 가루",S,국가표준식품성분표,,농진청('19),,조미료류,,"후추, 검은색, 가루",,,,,,,100g,362,11.5,12.87,5,4.34,66.33,0.65,25.6,391,12.97,151,1366,6,31,0,377,0.136,0.094,0.404,0,0,,0.18,0.01,0,0.404,9.9,0.244,0,15,,1.09,0,0,0.85,0.85,0,0,0,0,0,0,0,228.74,228.74,0,0,0.33,,0,,,0,0.12,,0.2,0.22,,1.73,0,0,0,0,0,0,,,98.90000000000001,,,7.5,,,,,2.19,,42.4,,0,0,0,,,69.31999999999999,,,,,,,0,,,,,,,,,,,,,,,,,,,,,,399,,828,,,,,,,,334,,,,,,,,,,,,,,,,,,,,,,,,,
STD-DB10_2-001785,"후추, 흰색, 가루",S,국가표준식품성분표,,JAPAN('20),,조미료류,,"후추, 흰색, 가루",,,,,,,100g,376,12.3,10.1,6.4,1.1,70.09999999999999,(0.6),-,240,7.3,140,60,4,(0),(0),-,0.02,0.12,0.2,(0),(0),,(2.73),-,-,-,4.7,-,(0),(0),,-,-,-,-,-,-,-,-,-,-,-,-,-,-,-,(0.2),(0.2),,(0),,,(0),(0),,(0.2),(3.41),,(0),(0),(0),-,(0),(0),-,,,"(1,400)",,,-,,,,,(0),,(300),,(0),(300),(0),,,-,,,,,,,-,,,,,,,,,,,,,,,,,,,,,,(370),,"(1,000)",,,,,,,,(330),,,,,,,,,,,,,,,,,,,,,,,,,
STD-DB10_2-001786,"돈저냐(동그랑땡), 냉동",S,국가표준식품성분표,,농진청('11),,조리가공식품류,,"돈저냐(동그랑땡), 냉동",,,,,,,100g,225,60.2,9.4,14.5,1.8,14.1,-,-,73,2.3,148,301,168,12,12,-,0.37,0.1,0.9,-,-,,-,-,-,-,-,-,-,-,,-,-,-,-,-,-,-,-,-,-,-,-,-,-,-,-,-,,-,,,-,-,,-,-,,-,-,-,-,-,-,-,,,-,,,-,,,,,-,,-,,-,-,-,,,-,,,,,,,-,,,,,,,,,,,,,,,,,,,,,,-,,-,,,,,,,,-,,,,,,,,,,,,,,,,,,,,,,,,,
STD-DB10_2-001787,"미트볼, 냉동",S,국가표준식품성분표,,JAPAN('20),,조리가공식품류,,"미트볼, 냉동",,,,,,,100g,199,(62.1),10.2,12.5,(1.8),13.4,-,(1.3),(22),(0.8),(86),(240),(460),(24),(6),(210),(0.15),(0.12),(2.2),(1),(0.1),,3.23,-,-,-,(3.4),(0.16),(0.2),(24),,(0.58),-,-,(1.7),(1.2),(0.1),(4.3),(0.9),-,-,-,-,(19),-,-,-,-,,-,,,-,-,,-,7.68,,93,-,-,-,-,-,-,,,2000,,,-,,,,,27,,290,,25,3,-,,,-,,,,,,,-,,,,,,,,,,,,,,,,,,,,,,-,,-,,,,,,,,-,,,,,,,,,,,,,,,,,,,,,,,,,
STD-DB10_2-001788,"스튜, 레토르트",S,국가표준식품성분표,,JAPAN('20),,조리가공식품류,,"스튜, 레토르트",,,,,,,100g,153,(74.9),4.1,12.6,(1.3),7.1,-,(0.7),(11),(0.5),(45),(150),(380),(50),(6),(530),(0.03),(0.06),(1.2),(4),(0.1),,-,-,-,-,(1.3),(0.10),(0.4),(13),,(0.26),-,-,(0.9),(0.7),(Tr),(1.6),(0.3),-,-,-,-,(17),-,-,-,-,,-,,,-,-,,-,-,,-,-,-,-,-,-,-,,,-,,,-,,,,,-,,-,,-,-,-,,,-,,,,,,,-,,,,,,,,,,,,,,,,,,,,,,-,,-,,,,,,,,-,,,,,,,,,,,,,,,,,,,,,,,,,
STD-DB10_2-001789,연잎밥,S,국가표준식품성분표,,농진청('09),,조리가공식품류,,연잎밥,,,,,,,100g,207,48.1,4,0.3,0.6,47,-,-,14,5.9,71,98,178,0,0,4,0.03,0.15,1.1,3,-,,-,-,-,-,-,-,-,-,,-,-,-,-,-,-,-,-,-,-,-,-,-,-,-,-,-,,-,,,-,-,,-,-,,-,-,-,-,-,-,-,,,-,,,-,,,,,-,,-,,-,-,-,,,-,,,,,,,-,,,,,,,,,,,,,,,,,,,,,,-,,-,,,,,,,,-,,,,,,,,,,,,,,,,,,,,,,,,,
STD-DB10_2-001790,"초밥, 유부 초밥",S,국가표준식품성분표,,농진청('16),,조리가공식품류,,"초밥, 유부 초밥",,,,,,,100g,165,61,4.32,2.51,0.91,31.26,2.11,1.9,63,0.39,57,33,255,4,0,47,0.018,0.019,0.524,0,0,,0.45,0.02,0.425,0.099,0,-,0,9,,0,0,0,0.33,0.1,0.12,1.04,0.47,0.16,0,0.08,0.03,-,0,-,0,0.77,,0,,,0,1.34,,0,1.93,,4.23,0,0,0,0,0,0,,,1213,,,32.06,,,,,0,,153.52,,0,0,0,,,523.86,,,,,,,2.16,,,,,,,,,,,,,,,,,,,,,,133,,366,,,,,,,,253,,,,,,,,,,,,,,,,,,,,,,,,,
STD-DB10_2-001791,"치즈스틱, 냉동",S,국가표준식품성분표,,농진청('22),,조리가공식품류,,"치즈스틱, 냉동",,,,,,,100g,240,48.3,15.98,8.81,2.77,24.1,2.86,1.7,406,0.41,341,81,673,29,27,27,0.105,0.126,0.212,0,0,,4.79,0.16,0.138,0.074,1.33,-,0.61,12,,0.332,0,0,1.41,1.04,0.1,0.4,0.12,0.85,0.3,0.28,0.07000000000000001,18.6,16.59,2.01,0,0,,1.86,,,0,0.49,,0.51,3.29,,10.2,0,1.45,1.31,4.5,0,0,,,734.2,,,70.2,,,,,2.27,,50.16,,3.29,3.33,2.08,,,2272.9,,,,,,,106.07,,,,,,,,,,,,,,,,,,,,,,354,,1290,,,,,,,,687,,,,,,,,,,,,,,,,,,,,,,,,,
STD-DB10_2-001792,"크로켓, 감자 크로켓, 냉동",S,국가표준식품성분표,,JAPAN('20),,조리가공식품류,,"크로켓, 감자 크로켓, 냉동",,,,,,,100g,157,63.5,4.6,4.9,1.7,25.3,-,-,20,0.7,62,300,290,69,69,-,0.09,0.06,1.1,7,-,,0.9399999999999999,-,-,-,-,-,-,-,,-,-,-,0.2,0.2,Tr,0.3,0.1,-,-,-,-,-,-,-,-,-,,-,,,-,-,,-,2.41,,96,-,-,-,-,-,-,,,1000,,,-,,,,,-,,170,,17,5,-,,,-,,,,,,,-,,,,,,,,,,,,,,,,,,,,,,140,,300,,,,,,,,180,,,,,,,,,,,,,,,,,,,,,,,,,
STD-DB10_2-001793,"크로켓, 채소 크로켓, 냉동",S,국가표준식품성분표,,농진청('01),,조리가공식품류,,"크로켓, 채소 크로켓, 냉동",,,,,,,100g,264,48.6,3,12.9,1.5,34,-,-,6,0.9,52,241,477,25,15,120,0.1,0.05,1,0,-,,-,-,-,-,-,-,-,-,,-,-,-,-,-,-,-,-,-,-,-,-,-,-,-,-,-,,-,,,-,-,,-,-,,-,-,-,-,-,-,-,,,-,,,-,,,,,-,,-,,-,-,-,,,-,,,,,,,-,,,,,,,,,,,,,,,,,,,,,,-,,-,,,,,,,,-,,,,,,,,,,,,,,,,,,,,,,,,,
STD-DB10_2-001794,"크로켓, 크림 크로켓, 냉동",S,국가표준식품성분표,,JAPAN('20),,조리가공식품류,,"크로켓, 크림 크로켓, 냉동",,,,,,,100g,159,67.0,4.7,6.3,1.1,20.9,-,-,43,0.5,63,160,270,240,240,-,0.06,0.10,0.6,2,-,,-,-,-,-,-,-,-,-,,-,-,-,-,-,-,-,-,-,-,-,-,-,-,-,-,-,,-,,,-,-,,-,-,,-,-,-,-,-,-,-,,,-,,,-,,,,,-,,-,,-,-,-,,,-,,,,,,,-,,,,,,,,,,,,,,,,,,,,,,-,,-,,,,,,,,-,,,,,,,,,,,,,,,,,,,,,,,,,
STD-DB10_2-001795,"고로쇠나무, 수액",S,국가표준식품성분표,,농진청('13),,기타,,"고로쇠나무, 수액",,,,,,,100g,5,98.5,0,0.02,0.04,1.44,1.08,0,8,0.02,0,6,0,0,0,0,0.01,0,0,0.06,0,,0.01,0,0,0,0.1,-,0,0,,0,0,0,0,0,0,0,0,0,0,0,0,-,0,-,0,0,,0,,,0,1.08,,0,0,,0,0,0,0,0,0,0,,,1.09,,,0,,,,,0,,0,,0,0,0,,,2.7,,,,,,,0,,,,,,,,,,,,,,,,,,,,,,0,,0,,,,,,,,0,,,,,,,,,,,,,,,,,,,,,,,,,
STD-DB10_2-001796,"누에, 번데기",S,국가표준식품성분표,,농진청('18),,기타,,"누에, 번데기",,,,,,,100g,126,76.7,12.62,7.55,1.23,1.95,0,0.4,36,0.73,243,365,2,6,0,67,1.565,2.129,1.845,0,0,,2.11,0.02,1.716,0.129,24.6,0,0,287,,5.699,0,0,0.58,0.54,0,0.44,0,0,0,0,0,0,0,0,0,0,,0,,,0,0,,0,4.98,,4.52,0,0,0,0,0,7.55,,,519.9299999999999,,,6.82,,,,,0.9,,2548.24,,2.92,0,3.06,,,1827.19,,,,,,,4.6,,,,,,,,,,,,,,,,,,,,,,759,,797,,,,,,,,530,,,,,,,,,,,,,,,,,,,,,,,,,
STD-DB10_2-001797,"단백질 보충제, 가루",S,국가표준식품성분표,,USDA('18),,기타,,"단백질 보충제, 가루",,,,,,,100g,411,15,45.71,17.14,3.65,18.5,5.71,7.1,500,8.57,643,1129,329,750,750,0,0.714,0.857,10,30,5,,1.553,-,-,-,-,1,3,340,,5.714,-,5,7.07,7.07,-,-,-,-,-,-,-,-,0.5,-,-,-,,-,,,-,-,,-,13.875,,309,-,-,-,0,0,-,,,-,,,-,,,,,-,,-,,-,-,0,,,-,,,,,,,-,,,,,,,,,,,,,,,,,,,,,,-,,-,,,,,,,,-,,,,,,,,,,,,,,,,,,,,,,,,,
STD-DB10_2-001798,"단백질 보충제, 저지방, 가루",S,국가표준식품성분표,,USDA('18),,기타,,"단백질 보충제, 저지방, 가루",,,,,,,100g,396,12,50,12,4,22,4,2,1200,12,700,840,250,1050,1050,0,1,1.2,14,42,7,,1.087,-,-,-,-,1.4,4.2,476,,8,-,7,9.449999999999999,9.449999999999999,-,-,-,-,-,-,-,-,0.5,-,-,-,,-,,,-,-,,-,9.713000000000001,,217,-,-,-,0,0,-,,,-,,,-,,,,,-,,-,,-,-,0,,,-,,,,,,,-,,,,,,,,,,,,,,,,,,,,,,-,,-,,,,,,,,-,,,,,,,,,,,,,,,,,,,,,,,,,
STD-DB10_2-001799,달팽이,S,국가표준식품성분표,,USDA('18),,기타,,달팽이,,,,,,,100g,90,79.2,16.1,1.4,1.3,2,0,0,10,3.5,272,382,70,30,30,0,0.01,0.12,1.4,0,0,,0.361,-,-,-,-,0.13,0.5,6,,-,-,0,5,5,-,-,-,-,-,-,-,-,0.1,-,-,-,,-,,,-,-,,-,0.511,,0,-,-,-,99,0,-,,,-,,,-,,,,,-,,-,,-,-,119,,,-,,,,,,,-,,,,,,,,,,,,,,,,,,,,,,-,,-,,,,,,,,-,,,,,,,,,,,,,,,,,,,,,,,,,
STD-DB10_2-001800,"대나무, 추출",S,국가표준식품성분표,,농진청('04),,기타,,"대나무, 추출",,,,,,,100g,2,99.5,0,0.1,0.2,0.2,-,-,26,1.7,1,57,13,8,0,92,0.1,0,0.6,12,-,,-,-,-,-,-,-,-,-,,-,-,-,-,-,-,-,-,-,-,-,-,-,-,-,-,-,,-,,,-,-,,-,-,,-,-,-,-,-,-,-,,,-,,,-,,,,,-,,-,,-,-,-,,,-,,,,,,,-,,,,,,,,,,,,,,,,,,,,,,-,,-,,,,,,,,-,,,,,,,,,,,,,,,,,,,,,,,,,
STD-DB10_2-001801,"삼백초, 말린것",S,국가표준식품성분표,,농진청('02),,기타,,"삼백초, 말린것",,,,,,,100g,301,9.1,12.1,3.8,8,67,-,-,1135,30.7,195,2444,8,0,-,0,0.15,0.57,1.7,53,-,,-,-,-,-,-,-,-,-,,-,-,-,-,-,-,-,-,-,-,-,-,-,-,-,-,-,,-,,,-,-,,-,-,,-,-,-,-,-,-,-,,,-,,,-,,,,,-,,-,,-,-,-,,,-,,,,,,,-,,,,,,,,,,,,,,,,,,,,,,-,,-,,,,,,,,-,,,,,,,,,,,,,,,,,,,,,,,,,
STD-DB10_2-001802,"삼백초, 잎, 말린것",S,국가표준식품성분표,,농진청('84),,기타,,"삼백초, 잎, 말린것",,,,,,,100g,278,10.3,12.8,4.1,13.2,59.6,-,-,98,5.2,228,-,-,0,0,0,3.51,1.49,1.4,3,-,,-,-,-,-,-,-,-,-,,-,-,-,-,-,-,-,-,-,-,-,-,-,-,-,-,-,,-,,,-,-,,-,-,,-,-,-,-,-,-,-,,,-,,,-,,,,,-,,-,,-,-,-,,,-,,,,,,,-,,,,,,,,,,,,,,,,,,,,,,-,,-,,,,,,,,-,,,,,,,,,,,,,,,,,,,,,,,,,
STD-DB10_2-001803,"삼백초, 줄기, 말린것",S,국가표준식품성분표,,농진청('84),,기타,,"삼백초, 줄기, 말린것",,,,,,,100g,278,9.800000000000001,4.9,1.5,12.7,71.09999999999999,-,-,77,4.9,283,-,-,0,0,0,0.57,0.42,0,1,-,,-,-,-,-,-,-,-,-,,-,-,-,-,-,-,-,-,-,-,-,-,-,-,-,-,-,,-,,,-,-,,-,-,,-,-,-,-,-,-,-,,,-,,,-,,,,,-,,-,,-,-,-,,,-,,,,,,,-,,,,,,,,,,,,,,,,,,,,,,-,,-,,,,,,,,-,,,,,,,,,,,,,,,,,,,,,,,,,
STD-DB10_2-001804,솔잎,S,국가표준식품성분표,,농진청('84),,기타,,솔잎,,,,,,,100g,161,58.1,4.5,3.9,0.6,32.9,-,-,61,3.1,51,-,-,258,0,3100,0.7,0.16,0.2,29,-,,-,-,-,-,-,-,-,-,,-,-,-,-,-,-,-,-,-,-,-,-,-,-,-,-,-,,-,,,-,-,,-,-,,-,-,-,-,-,-,-,,,-,,,-,,,,,-,,-,,-,-,-,,,-,,,,,,,-,,,,,,,,,,,,,,,,,,,,,,-,,-,,,,,,,,-,,,,,,,,,,,,,,,,,,,,,,,,,
STD-DB10_2-001805,"솔잎, 추출",S,국가표준식품성분표,,농진청('00),,기타,,"솔잎, 추출",,,,,,,100g,8,97.59999999999999,0.1,,0.2,2.1,-,-,3,0.5,4,48,4,0,0,-,0.01,-,-,0,-,,-,-,-,-,-,-,-,-,,-,-,-,-,-,-,-,-,-,-,-,-,-,-,-,-,-,,-,,,-,-,,-,-,,-,-,-,-,-,-,-,,,-,,,-,,,,,-,,-,,-,-,-,,,-,,,,,,,-,,,,,,,,,,,,,,,,,,,,,,-,,-,,,,,,,,-,,,,,,,,,,,,,,,,,,,,,,,,,
STD-DB10_2-001806,"송화, 가루",S,국가표준식품성분표,,농진청('23),,기타,,"송화, 가루",,,,,,,100g,392,2.7,11.46,2.95,3.06,79.79000000000001,16.96,57.2,30,7.99,326,1085,23,1,0,11,0.553,0.722,15.733,8.42,0,,0.76,0,-,-,5.55,0.414,0,380,,0.972,0,0,0.51,0.47,0.04,0.16,0.05,0,0,0.04,0,0,0,0,0,4.19,,0,,,0,10.53,,2.24,1.72,,5,0,0,0,0,0,0,,,766.52,,,25.62,,,,,0,,40.23,,3.61,0,0,,,878.6900000000001,,,,,,,0,,,,,,,,,,,,,,,,,,,,,,447,,638,,,,,,,,343,,,,,,,,,,,,,,,,,,,,,,,,,
STD-DB10_2-001807,"수세미, 수액",S,국가표준식품성분표,,농진청('99),,기타,,"수세미, 수액",,,,,,,100g,4,98.09999999999999,0.8,,0.4,0.7,-,-,2,0.2,32,26,3,0,0,0,0.07000000000000001,0.08,0.9,3,-,,-,-,-,-,-,-,-,-,,-,-,-,-,-,-,-,-,-,-,-,-,-,-,-,-,-,,-,,,-,-,,-,-,,-,-,-,-,-,-,-,,,-,,,-,,,,,-,,-,,-,-,-,,,-,,,,,,,-,,,,,,,,,,,,,,,,,,,,,,-,,-,,,,,,,,-,,,,,,,,,,,,,,,,,,,,,,,,,
STD-DB10_2-001808,"인삼, 백삼, 말린것",S,국가표준식품성분표,,농진청('84),,기타,,"인삼, 백삼, 말린것",,,,,,,100g,316,10.1,15.7,0.5,3.9,69.8,-,-,227,33.5,385,-,-,0,0,0,0.16,0.5,1,6,-,,-,-,-,-,-,-,-,-,,-,-,-,-,-,-,-,-,-,-,-,-,-,-,-,-,-,,-,,,-,-,,-,-,,-,-,-,-,-,-,-,,,-,,,-,,,,,-,,-,,-,-,-,,,-,,,,,,,-,,,,,,,,,,,,,,,,,,,,,,-,,-,,,,,,,,-,,,,,,,,,,,,,,,,,,,,,,,,,
STD-DB10_2-001809,"인삼, 수삼",S,국가표준식품성분표,,농진청('19),,기타,,"인삼, 수삼",,,,,,,100g,90,74.90000000000001,4.12,0.76,1.4,18.85,8.1,2.4,84,4.64,100,447,12,0,0,1,0.1,0.056,1.304,5.14,0,,0.06,0,1.304,0,0.95,0.361,0,13,,2.976,0,0,0.51,0.51,0,0,0,0,0,0,0,0,0,0,0,0.58,,0,,,0,6.58,,0.9399999999999999,0.16,,0,0,2.49,1.22,0,0,0,,,131.12,,,2.98,,,,,2.03,,7.91,,2.73,0,0,,,8.08,,,,,,,0,,,,,,,,,,,,,,,,,,,,,,57,,113,,,,,,,,60,,,,,,,,,,,,,,,,,,,,,,,,,
STD-DB10_2-001810,"인삼, 홍삼, 말린것",S,국가표준식품성분표,,농진청('19),,기타,,"인삼, 홍삼, 말린것",,,,,,,100g,309,13.4,13.02,1.24,4.09,68.25,8.300000000000001,-,306,7.14,327,1268,45,0,0,4,0.516,0.192,0.881,0,0,,0.14,0.02,0.329,0.552,2.35,0.042,0,42,,39.252,0,0,1.55,1.52,0,0,0,0.11,0,0,0,0,0,0,0,0,,0,,,0,8.300000000000001,,0,0.44,,2.01,0,3.74,2.07,0,0,0,,,357.65,,,7.59,,,,,4.08,,24,,6.39,0,0,,,23.36,,,,,,,0,,,,,,,,,,,,,,,,,,,,,,202,,429,,,,,,,,207,,,,,,,,,,,,,,,,,,,,,,,,,
STD-DB10_2-001811,치자꽃,S,국가표준식품성분표,,농진청('05),,기타,,치자꽃,,,,,,,100g,66,82.8,1.3,0.1,0.9,14.9,-,-,39,3.3,35,43,8,3,0,30,0.34,0.08,0.6,36,-,,-,-,-,-,-,-,-,-,,-,-,-,-,-,-,-,-,-,-,-,-,-,-,-,-,-,,-,,,-,-,,-,-,,-,-,-,-,-,-,-,,,-,,,-,,,,,-,,-,,-,-,-,,,-,,,,,,,-,,,,,,,,,,,,,,,,,,,,,,-,,-,,,,,,,,-,,,,,,,,,,,,,,,,,,,,,,,,,
STD-DB10_2-001812,"팽창제, 베이킹파우더",S,국가표준식품성분표,,USDA('18),,기타,,"팽창제, 베이킹파우더",,,,,,,100g,51,4,0.1,0,71.8,24.1,0,0.2,7364,11.27,9918,5,7893,0,0,0,0,0,0,0,0,,0,-,-,-,-,0,0,0,,0,-,-,0,0,-,-,-,-,-,-,-,-,0,-,-,-,,-,,,-,-,,-,0,,0,-,-,-,0,0,-,,,-,,,-,,,,,-,,-,,-,-,0,,,-,,,,,,,-,,,,,,,,,,,,,,,,,,,,,,-,,-,,,,,,,,-,,,,,,,,,,,,,,,,,,,,,,,,,
STD-DB10_2-001813,"팽창제, 효모, 말린것",S,국가표준식품성분표,,JAPAN('20),,기타,,"팽창제, 효모, 말린것",,,,,,,100g,307,8.699999999999999,37.1,6.8,4.3,43.1,0.1,32.6,19,13.0,840,1600,120,0,0,0,8.81,3.72,22.0,1,2.8,,0.79,-,-,-,310.0,1.28,0,3800,,5.73,-,-,Tr,Tr,0,0,0,-,-,-,-,0,-,-,-,0,,0,,,-,0,,0.1,3.75,,4,0,0,0,0,0,-,,,33,,,-,,,,,0,,7,,0,0,0,,,-,,,,,,,-,,,,,,,,,,,,,,,,,,,,,,"(1,800)",,"(2,700)",,,,,,,,"(1,700)",,,,,,,,,,,,,,,,,,,,,,,,,
STD-DB10_2-001814,프로폴리스,S,국가표준식품성분표,,농진청('05),,기타,,프로폴리스,,,,,,,100g,642,2.1,0.5,50.3,0.2,46.9,-,-,18,2.7,16,84,19,3,0,37,0.14,0.83,1.7,90,-,,-,-,-,-,-,-,-,-,,-,-,-,-,-,-,-,-,-,-,-,-,-,-,-,-,-,,-,,,-,-,,-,-,,-,-,-,-,-,-,-,,,-,,,-,,,,,-,,-,,-,-,-,,,-,,,,,,,-,,,,,,,,,,,,,,,,,,,,,,-,,-,,,,,,,,-,,,,,,,,,,,,,,,,,,,,,,,,,
STD-DB10_2-001815,화분,S,국가표준식품성분표,,농진청('23),,기타,,화분,,,,,,,100g,397,10.6,20.8,9.9,2.36,56.3,40.34,13.3,108,11.75,480,587,5,2,0,18,0.666,1.332,5.658,53.94,0,,2.39,0.01,2.674,2.984,3.99,0.353,0,1268,,0.733,0,0,1.19,0.78,0.06,0.19,0.06,1.2,0,0.08,0.01,0,0,0,0,16.45,,0,,,0,11.73,,12.16,6.91,,29.64,9.210000000000001,5.4,2.66,6.49,0,6.98,,,3192.08,,,89.73,,,,,3.41,,2192.49,,18.01,0,0,,,1341.78,,,,,,,2.14,,,,,,,,,,,,,,,,,,,,,,772,,1118,,,,,,,,713,,,,,,,,,,,,,,,,,,,,,,,,,
STD-DB10_2-001816,"메밀 국수, 생것",S,국가표준식품성분표,,농진청('14),,곡류 및 그 제품,,"메밀 국수, 생것",,,,,,,100g,291,28.8,7.59,0.96,1.51,61.14,0,1.9,13,0.59,64,116,455,0,0,0,0.015,0.05,0.998,0,0,,0.27,0,0.897,0.101,0,-,0,20,,0.65,0,0,0.2,0.15,0.06,0,0,0.03,0.29,0,0,0,0,0,0,0,,0,,,0,0,,0,0.65,,4.74,0,0,0,0,0,0,,,509.22,,,8.08,,,,,0,,29.67,,0,0,0,,,97.45999999999999,,,,,,,0,,,,,,,,,,,,,,,,,,,,,,262,,516,,,,,,,,229,,,,,,,,,,,,,,,,,,,,,,,,,
STD-DB10_2-001817,"메밀 국수, 말린것",S,국가표준식품성분표,,농진청('14),,곡류 및 그 제품,,"메밀 국수, 말린것",,,,,,,100g,372,8.300000000000001,13.58,1.27,2.44,74.41,2.77,4.6,28,2.54,173,198,707,0,0,0,0.119,0.12,1.475,1.07,0,,0.38,0,1.475,0,0,-,0,15,,0.329,0,0,0.04,0.02,0.02,0.02,0,0,0.08,0,0,0,0,0,0,0,,1.87,,,0,0,,0.9,0.84,,13.1,0,0,0,0,0,0,,,578.77,,,13.35,,,,,0,,27.62,,0,0,0,,,198.64,,,,,,,0,,,,,,,,,,,,,,,,,,,,,,487,,911,,,,,,,,413,,,,,,,,,,,,,,,,,,,,,,,,,
STD-DB10_2-001818,"메밀 냉면, 말린것",S,국가표준식품성분표,,농진청('14),,곡류 및 그 제품,,"메밀 냉면, 말린것",,,,,,,100g,360,12.1,10.74,1.44,2.06,73.66,0,3.2,27,1.36,109,176,628,0,0,0,0.021,0.16,0.444,0,0,,0.34,0.01,0.371,0.073,0,-,0.45,27,,0.165,0,0,0.12,0.06,0.07000000000000001,0.08,0,0.01,0.2,0,0,0,0,0,0,0,,0,,,0,0,,0,1.02,,7.72,0,4.09,0,0,0,0,,,779.42,,,13.15,,,,,0,,51.12,,1.38,0,0,,,161.85,,,,,,,1.49,,,,,,,,,,,,,,,,,,,,,,369,,678,,,,,,,,307,,,,,,,,,,,,,,,,,,,,,,,,,
STD-DB10_2-001819,"멥쌀 과자, 떡, 팽화",S,국가표준식품성분표,,농진청('22),,곡류 및 그 제품,,"멥쌀 과자, 떡, 팽화",,,,,,,100g,404,4.2,7.22,1.01,0.31,87.29000000000001,0.1,0.8,9,0.1,90,57,2,0,0,0,0.056,0,0.183,0,0,,0.34,0,0.183,0,0.33,0.008,0,4,,0.301,0,0,0.31,0.22,0.04,0.15,0.1,0.19,0,0.11,0,0,0,0,0,0,,0,,,0,0.1,,0,0.5,,1.16,0,5.81,0,1.07,0,0,,,297.63,,,7.85,,,,,0,,10.48,,0,0,0,,,179.39,,,,,,,0.82,,,,,,,,,,,,,,,,,,,,,,325,,604,,,,,,,,262,,,,,,,,,,,,,,,,,,,,,,,,,
STD-DB10_2-001820,"멥쌀 과자, 쌀엿강정, 팽화",S,국가표준식품성분표,,농진청('16),,곡류 및 그 제품,,"멥쌀 과자, 쌀엿강정, 팽화",,,,,,,100g,395,3.5,4.11,2.13,0.3,89.95,29.97,0.8,8,0.18,55,63,4,0,0,0,0,0.032,0.331,0,0,,1.12,0.02,0.331,0,0,-,0,19,,0.031,0,0,0.08,0.05,0.01,0,0.02,0.08,0,0.05,0.03,0,0,0,0,0,,0,,,0,27.81,,2.16,0.88,,3.79,0,0,0,0,0,0,,,356.24,,,15.18,,,,,0,,16.16,,0,0,0,,,490.17,,,,,,,12.65,,,,,,,,,,,,,,,,,,,,,,178,,353,,,,,,,,187,,,,,,,,,,,,,,,,,,,,,,,,,
STD-DB10_2-001821,"멥쌀 과자, 단맛",S,국가표준식품성분표,,농진청('22),,곡류 및 그 제품,,"멥쌀 과자, 단맛",,,,,,,100g,467,1.3,6.73,15.07,0.87,75.98999999999999,10,0.8,12,0.11,56,27,340,0,0,0,0.031,0.011,0.08599999999999999,0,0,,6.76,0.09,0.08599999999999999,0,0.4,0,0,4,,0.026,0,0,3.67,2.79,0.08,0.18,0,2.68,0.33,0.91,0.2,0,0,0,0,0,,0,,,0,7.46,,2.54,7.82,,23.27,0,0,0,0,0,0,,,1674.4,,,106.28,,,,,2.38,,29.26,,5.03,0,0,,,5952.78,,,,,,,12.03,,,,,,,,,,,,,,,,,,,,,,239,,433,,,,,,,,187,,,,,,,,,,,,,,,,,,,,,,,,,
STD-DB10_2-001822,"멥쌀 과자, 짠맛",S,국가표준식품성분표,,농진청('22),,곡류 및 그 제품,,"멥쌀 과자, 짠맛",,,,,,,100g,471,0.8,5.01,15.97,1.32,76.93000000000001,8.640000000000001,0.8,13,0.18,67,45,542,0,0,0,0.026,0.015,0.081,0,0,,6.93,0.1,0.081,0,0.25,0.008,0,6,,0.038,0,0,3.71,2.78,0.09,0.18,0,2.83,0.34,0.92,0.21,0,0,0,0,0,,0,,,0,6.47,,2.18,8.01,,23.88,0,0,0,0,0,0,,,1723.23,,,110.36,,,,,2.45,,30.88,,5.63,0,0,,,6085.35,,,,,,,12.8,,,,,,,,,,,,,,,,,,,,,,241,,469,,,,,,,,201,,,,,,,,,,,,,,,,,,,,,,,,,
STD-DB10_2-001823,"멥쌀 과자, 튀밥, 팽화",S,국가표준식품성분표,,농진청('22),,곡류 및 그 제품,,"멥쌀 과자, 튀밥, 팽화",,,,,,,100g,404,4.4,7.32,1.23,0.37,86.73,0.18,0.8,5,0.07000000000000001,103,86,0,0,0,0,0.043,0.03,0.66,0,0,,0.35,0,0.66,0,0.65,0.066,0,11,,0.128,0,0,0.41,0.31,0.03,0.14,0,0.24,0,0.11,0,0,0,0,0,0,,0,,,0,0.18,,0,0.54,,1.45,0,3.26,0,0,0,0,,,308.44,,,6.99,,,,,0,,9.800000000000001,,0,0,0,,,211.66,,,,,,,1.02,,,,,,,,,,,,,,,,,,,,,,325,,575,,,,,,,,254,,,,,,,,,,,,,,,,,,,,,,,,,
STD-DB10_2-001824,"멥쌀 국수, 말린것",S,국가표준식품성분표,,농진청('19),,곡류 및 그 제품,,"멥쌀 국수, 말린것",,,,,,,100g,380,9.300000000000001,7.2,0.72,0.43,82.36,0,0.9,19,0.72,158,31,87,0,0,0,0.046,0.018,0.228,0,0,,0.31,0,-,-,0,0,0,6,,0.066,0,0,0,0,0,0,0,0,0,0,0,0,0,0,0,0,,0,,,0,0,,0,0.35,,0,0,0,0,0,0,0,,,234.29,,,7.27,,,,,0,,6.93,,0,0,0,,,101.19,,,,,,,0,,,,,,,,,,,,,,,,,,,,,,275,,503,,,,,,,,251,,,,,,,,,,,,,,,,,,,,,,,,,
STD-DB10_2-001825,"멥쌀떡, 가래떡",S,국가표준식품성분표,,농진청('16),,곡류 및 그 제품,,"멥쌀떡, 가래떡",,,,,,,100g,213,46.4,3.71,0.37,0.72,48.8,0.09,0.7,10,0.14,36,29,261,0,0,0,0.04,0.013,0.096,0,0,,0.16,0,0.08799999999999999,0.008,0,0.046,0,14,,0.217,0,0,0.07000000000000001,0.04,0.01,0.09,0,0.04,0.01,0.06,0.02,0,0,0,0,0,,0,,,0,0.09,,0,0.2,,0,0,0,0,0,0,0,,,122.05,,,2.98,,,,,0,,4.63,,0,0,0,,,66.03,,,,,,,0.76,,,,,,,,,,,,,,,,,,,,,,149,,275,,,,,,,,125,,,,,,,,,,,,,,,,,,,,,,,,,
STD-DB10_2-001826,"멥쌀떡, 개피떡(바람떡)",S,국가표준식품성분표,,농진청('22),,곡류 및 그 제품,,"멥쌀떡, 개피떡(바람떡)",,,,,,,100g,206,48.7,5.32,0.8100000000000001,0.92,44.3,7.62,0.7,14,0.29,53,66,286,1,0,9,0.047,0.02,0.08599999999999999,0,0,,0.26,0.01,0.08599999999999999,0,0.27,0,0,11,,0.146,0,0,0.2,0.1,0.02,0.35,0.84,0.08,0,0.03,0,0,0,0,0,0,,3.39,,,0,4.12,,0.11,0.45,,2.84,0,0,0,0,0,0,,,229.6,,,8.75,,,,,0,,29.05,,0,0,0,,,180.36,,,,,,,1.59,,,,,,,,,,,,,,,,,,,,,,173,,308,,,,,,,,154,,,,,,,,,,,,,,,,,,,,,,,,,
STD-DB10_2-001827,"멥쌀떡, 꿀떡",S,국가표준식품성분표,,농진청('16),,곡류 및 그 제품,,"멥쌀떡, 꿀떡",,,,,,,100g,210,48.5,3.09,1.46,0.8100000000000001,46.14,7.39,1.6,25,0.38,36,18,248,0,0,0,0,0.012,0.181,0,0,,0.28,0.01,0.181,0,0.22,-,0,19,,0,0,0,0.08,0.03,0,0.4,0.03,0.03,0,0.07000000000000001,0.01,0,0,0,0,0,,0,,,0,7.39,,0,1.11,,2.06,0,1.8,0,0,0,0,,,677.4,,,14.21,,,,,0,,33.05,,0,0,0,,,380.23,,,,,,,1.48,,,,,,,,,,,,,,,,,,,,,,124,,216,,,,,,,,102,,,,,,,,,,,,,,,,,,,,,,,,,
STD-DB10_2-001828,"멥쌀떡, 무지개떡",S,국가표준식품성분표,,식약('11),,곡류 및 그 제품,,"멥쌀떡, 무지개떡",,,,,,,100g,229,42.4,3.5,0.3,0.8,53,-,0.2,10,1.4,41,32,277,1,0,13,0.04,0.04,0.3,0,-,,-,-,-,-,-,-,-,-,,-,-,-,-,-,-,-,-,-,-,-,-,-,-,-,-,-,,-,,,-,-,,-,-,,-,-,-,-,-,-,-,,,-,,,-,,,,,-,,-,,-,-,-,,,-,,,,,,,-,,,,,,,,,,,,,,,,,,,,,,-,,-,,,,,,,,-,,,,,,,,,,,,,,,,,,,,,,,,,
STD-DB10_2-001829,"멥쌀떡, 백설기",S,국가표준식품성분표,,농진청('18),,곡류 및 그 제품,,"멥쌀떡, 백설기",,,,,,,100g,245,41.4,3.99,0.52,0.64,53.45,9.609999999999999,0.5,6,0,37,31,212,0,0,0,0.079,0.036,0.48,0.07000000000000001,0,,0.18,0,0.452,0.028,0.62,0.052,0,8,,0.115,0,0,0.16,0.14,0,0,0,0.05,0,0,0,0,0,0,0,0,,0,,,0,9.609999999999999,,0,0.24,,0,0,2.47,0,0,0,0,,,150.93,,,3.8,,,,,0,,4.67,,0,0,0,,,81.29000000000001,,,,,,,0,,,,,,,,,,,,,,,,,,,,,,140,,260,,,,,,,,123,,,,,,,,,,,,,,,,,,,,,,,,,
STD-DB10_2-001830,"멥쌀떡, 송편, 검정콩",S,국가표준식품성분표,,농진청('22),,곡류 및 그 제품,,"멥쌀떡, 송편, 검정콩",,,,,,,100g,214,49.1,8.210000000000001,3.06,1.14,38.49,1.96,3.1,24,0.97,112,225,246,1,0,11,0.119,0.039,0.476,0,0,,0.55,0,0.093,0.383,0.04,0.008999999999999999,0,48,,0.353,0,0,0.32,0.12,0.04,1.38,1.02,0.02,0,0.02,0,7.33,7.33,0,0,0.06,,0,,,0,1.89,,0.01,2.18,,8.390000000000001,0,0.66,0,0,0,0,,,1323.41,,,39.77,,,,,0,,181.09,,0,0,0,,,618.12,,,,,,,0.36,,,,,,,,,,,,,,,,,,,,,,306,,604,,,,,,,,326,,,,,,,,,,,,,,,,,,,,,,,,,
STD-DB10_2-001831,"멥쌀떡, 모싯잎송편, 동부",S,국가표준식품성분표,,농진청('14),,곡류 및 그 제품,,"멥쌀떡, 모싯잎송편, 동부",,,,,,,100g,190,52.2,5.65,0.66,1.22,40.29,3.18,4,88,0.99,96,142,262,47,0,570,0.018,0.378,0.121,0.09,0,,0.24,0,0.104,0.017,31.34,-,0,87,,0,0,0,0.2,0.14,0,0.38,0.47,0.01,0,0.11,0,81.64,81.64,0,0,0,,0,,,0,3.18,,0,0.39,,1.75,0,0,0,0,0,0,,,200.59,,,3.57,,,,,0,,104.81,,0,0,0,,,82.62,,,,,,,0,,,,,,,,,,,,,,,,,,,,,,241,,430,,,,,,,,210,,,,,,,,,,,,,,,,,,,,,,,,,
STD-DB10_2-001832,"멥쌀떡, 시루떡, 팥",S,국가표준식품성분표,,농진청('16),,곡류 및 그 제품,,"멥쌀떡, 시루떡, 팥",,,,,,,100g,183,53.7,5.83,0.41,1.12,38.9,6.18,1.3,18,0.88,85,195,233,0,0,2,0.03,0.035,0.25,0,0,,0.16,0,0.171,0.079,0,0.007,0,35,,0,0,0,0.09,0.04,0.01,0.22,0.34,0.04,0,0,0,0,0,0,0,0,,0,,,0,5.98,,0.19,0.24,,0,0,0,0,0,0,0,,,148.82,,,5.01,,,,,0.89,,32.24,,0,0,0,,,49.75,,,,,,,0.62,,,,,,,,,,,,,,,,,,,,,,220,,437,,,,,,,,233,,,,,,,,,,,,,,,,,,,,,,,,,
STD-DB10_2-001833,"멥쌀떡, 절편",S,국가표준식품성분표,,농진청('22),,곡류 및 그 제품,,"멥쌀떡, 절편",,,,,,,100g,214,46.5,3.69,0.48,0.66,48.68,0.1,0.7,10,0.17,38,25,247,0,0,0,0.008,0.012,0.096,0,0,,0.18,0,0.08799999999999999,0.008,0,0.046,0,10,,0.217,0,0,0.07000000000000001,0.04,0,0.09,0,0.04,0.01,0.07000000000000001,0.02,0,0,0,0,0,,0,,,0,0.1,,0,0.27,,0,0,0,0,0,0,0,,,165.48,,,3.94,,,,,0,,5.79,,0,0,0,,,95.3,,,,,,,0.9,,,,,,,,,,,,,,,,,,,,,,162,,293,,,,,,,,132,,,,,,,,,,,,,,,,,,,,,,,,,
STD-DB10_2-001834,"멥쌀떡, 증편",S,국가표준식품성분표,,농진청('16),,곡류 및 그 제품,,"멥쌀떡, 증편",,,,,,,100g,195,51,3.02,0.43,0.91,44.66,8.74,0.8,9,0.05,32,25,265,0,0,0,0.001,0.028,0.306,0,0,,0.14,0,0.149,0.157,0,-,0,22,,0,0,0,0.03,0.02,0,0.01,0,0.02,0,0.05,0.01,0,0,0,0,2.2,,0,,,0,3.64,,2.9,0.27,,1.05,0,0,0,0,0,0,,,164.19,,,3.45,,,,,0,,7.79,,0,0,0,,,95.03,,,,,,,0.6899999999999999,,,,,,,,,,,,,,,,,,,,,,112,,202,,,,,,,,96,,,,,,,,,,,,,,,,,,,,,,,,,
STD-DB10_2-001835,"과자, 건빵",S,국가표준식품성분표,,농진청('13),,곡류 및 그 제품,,"과자, 건빵",,,,,,,100g,419,4.2,9.92,8.67,1.84,75.37,16.84,6.9,23,1.55,144,177,457,0,0,0,0.287,0.372,0.917,0.17,0,,3.68,0.05,0.702,0.215,0,-,1.71,16,,0,0,0,1.76,1.26,0.53,0.16,0,0.53,1.16,0.71,0.38,-,0,-,0,0,,0,,,0,16.84,,0,4.55,,23.64,0,7.18,0,0,0,0,,,1614.99,,,65.33,,,,,0,,84.41,,0,0,0,,,2734.97,,,,,,,7.16,,,,,,,,,,,,,,,,,,,,,,370,,680,,,,,,,,303,,,,,,,,,,,,,,,,,,,,,,,,,
STD-DB10_2-001836,"과자, 마늘바게트",S,국가표준식품성분표,,농진청('22),,곡류 및 그 제품,,"과자, 마늘바게트",,,,,,,100g,480,3.3,9.359999999999999,20.17,1.85,65.3,18.94,1,18,1.56,105,143,633,24,0,283,0.223,0.058,2.783,0,0,,9.789999999999999,0.14,2.135,0.648,1.03,0.04,0,30,,0.195,0,0,3.1,2.3,0.19,0.83,0.36,1.92,0.8,0.67,0.17,0,0,0,0,2,,1.97,,,0,13.02,,1.94,9.460000000000001,,32.99,0,0,0,0,0,3.3,,,2083.36,,,137.36,,,,,0,,54.04,,4.18,0,0,,,7085.54,,,,,,,51.92,,,,,,,,,,,,,,,,,,,,,,366,,597,,,,,,,,309,,,,,,,,,,,,,,,,,,,,,,,,,
STD-DB10_2-001837,"과자, 마카로니",S,국가표준식품성분표,,농진청('16),,곡류 및 그 제품,,"과자, 마카로니",,,,,,,100g,457,1.6,11.5,13.96,1.66,71.28,0.93,5.1,24,1.81,127,160,497,0,0,0,0.029,0.059,0.496,0,0,,2.42,0.39,0.413,0.083,3.41,-,0,27,,0.9389999999999999,0,0,1.29,0.75,0.27,3.33,0.75,0.06,0.59,0,0.02,0,0,0,0,0.06,,0,,,0,0.71,,0.15,10.54,,45.93,0,0,0,0,0,9.23,,,6785.94,,,218.01,,,,,0,,938.39,,8.539999999999999,0,0,,,2523.32,,,,,,,7.9,,,,,,,,,,,,,,,,,,,,,,418,,787,,,,,,,,475,,,,,,,,,,,,,,,,,,,,,,,,,
STD-DB10_2-001838,"과자, 만주, 밤",S,국가표준식품성분표,,농진청('13),,곡류 및 그 제품,,"과자, 만주, 밤",,,,,,,100g,330,19.6,6.35,2.39,0.8,70.86,42.45,4.5,43,1.48,133,78,158,1,0,11,0.037,0.322,0.221,0.37,0,,0.86,0.01,0.156,0.065,0,-,0.39,9,,0,0,0,0.57,0.38,0.15,0.53,0.06,0.13,0.35,0.13,0,-,0,-,0,0,,0,,,0,42.45,,0,1.35,,7.15,0,3.2,0,0,0,0,,,544.27,,,23.91,,,,,3.09,,129.42,,0,0,0,,,623.62,,,,,,,2.1,,,,,,,,,,,,,,,,,,,,,,247,,505,,,,,,,,238,,,,,,,,,,,,,,,,,,,,,,,,,
STD-DB10_2-001839,"과자, 모나카",S,국가표준식품성분표,,농진청('13),,곡류 및 그 제품,,"과자, 모나카",,,,,,,100g,346,13.3,3.35,0.29,0.44,82.62,36.58,2.4,21,1.29,47,89,64,0,0,5,0.06,0.31,-,0,0,,0.08,0,-,-,0,-,0.71,11,,0,0,0,0.04,0.02,0,0.15,0.23,0,0,0,0,-,0,-,0,1.37,,12.16,,,0,21.2,,1.85,0.19,,0,0,0.9,0,0,0,0,,,91.34999999999999,,,4.29,,,,,0,,62.98,,0,0,0,,,30.49,,,,,,,0.46,,,,,,,,,,,,,,,,,,,,,,134,,284,,,,,,,,128,,,,,,,,,,,,,,,,,,,,,,,,,
STD-DB10_2-001840,"과자, 바닐라 웨하스",S,국가표준식품성분표,,농진청('22),,곡류 및 그 제품,,"과자, 바닐라 웨하스",,,,,,,100g,512,1.8,5.89,24.62,0.98,66.68000000000001,25.55,2.3,103,0.5,155,247,148,5,5,3,0.083,0.234,0.421,0,0,,21.06,0.02,0.089,0.332,3.48,0.06,0.28,11,,0.636,0,0,0.72,0.37,0.12,0.63,0.3,0.65,0.5,0.03,0,0,0,0,0,0,,1.78,,,10.54,6.68,,6.55,2.79,,21.71,0,3.25,0,0,0,0.5600000000000001,,,775.35,,,33.18,,,,,0.76,,44.27,,0.86,0,0,,,1895.42,,,,,,,12.48,,,,,,,,,,,,,,,,,,,,,,200,,549,,,,,,,,290,,,,,,,,,,,,,,,,,,,,,,,,,
STD-DB10_2-001841,"과자, 비스킷, 소프트",S,국가표준식품성분표,,농진청('13),,곡류 및 그 제품,,"과자, 비스킷, 소프트",,,,,,,100g,489,7.7,5.7,24.93,1.33,60.34,23.46,2.1,184,3.27,113,107,227,81,76,55,0.603,0.154,0.716,0.05,0,,11.98,0.23,0.534,0.182,0,-,0.43,11,,0,0,0,2.37,2,0.12,1.36,0.12,0.48,0.45,0.63,0.18,-,8.48,-,0,0,,0,,,0,23.46,,0,11.57,,92.39,0,11.14,3.35,8.050000000000001,12.64,2.19,,,2491.76,,,312.23,,,,,23.32,,442,,8.92,5.06,4.17,,,7870.4,,,,,,,81.59,,,,,,,,,,,,,,,,,,,,,,199,,413,,,,,,,,194,,,,,,,,,,,,,,,,,,,,,,,,,
STD-DB10_2-001842,"과자, 뻥튀기, 원반 모양, 팽화",S,국가표준식품성분표,,농진청('16),,곡류 및 그 제품,,"과자, 뻥튀기, 원반 모양, 팽화",,,,,,,100g,383,4.9,11.06,1.07,0.68,82.29000000000001,1.74,2,21,0.8100000000000001,76,135,112,0,0,0,0,0.034,0.117,0,0,,0.29,0.01,0.111,0.006,4.49,-,0,18,,0.371,0,0,0.05,0.03,0.01,0.03,0.01,0.02,0.11,0,0,0,0,0,0,0,,0,,,0,1.74,,0,0.73,,4.44,0,0,0,0,0,0,,,568.17,,,10.13,,,,,0,,37.46,,0,0,0,,,109.86,,,,,,,2.08,,,,,,,,,,,,,,,,,,,,,,392,,754,,,,,,,,408,,,,,,,,,,,,,,,,,,,,,,,,,
STD-DB10_2-001843,"과자, 사과파이",S,국가표준식품성분표,,농진청('13),,곡류 및 그 제품,,"과자, 사과파이",,,,,,,100g,471,7.8,5.5,21,0.72,64.98,22.83,1.9,11,0.41,58,60,207,33,20,152,0.065,0.065,1.518,5.25,0,,11.38,0.22,0.8139999999999999,0.704,0,-,0.63,9,,0,0,0,1.01,0.77,0.07000000000000001,0.92,0.24,0.32,0.28,0.71,0.25,-,5.52,-,0,4.71,,2.36,,,0,10.2,,5.56,8.4,,36.19,0,0,0,0,0,0,,,2589.48,,,148.39,,,,,0,,176.64,,0,0,0,,,5334.75,,,,,,,134.53,,,,,,,,,,,,,,,,,,,,,,190,,382,,,,,,,,177,,,,,,,,,,,,,,,,,,,,,,,,,
STD-DB10_2-001844,"과자, 스낵, 밀쌀",S,국가표준식품성분표,,농진청('23),,곡류 및 그 제품,,"과자, 스낵, 밀쌀",,,,,,,100g,447,0.6,9.34,10.71,0.96,78.38,28.76,5.6,21,1.97,218,194,147,68,68,1,0.29,0.424,4.685,12,1.91,,4.67,0.04,4.044,0.641,1.62,0.584,0,125,,1.261,0,1.91,1.41,1.41,0,0,0,0,0,0,0,0,0,0,0,3.31,,0.95,,,0,20.37,,4.13,6,,24.72,0,0,0,0,0,0,,,1626.19,,,85.81999999999999,,,,,0,,52.58,,0,0,0,,,4186.87,,,,,,,5.44,,,,,,,,,,,,,,,,,,,,,,400,,553,,,,,,,,216,,,,,,,,,,,,,,,,,,,,,,,,,
STD-DB10_2-001845,"과자, 약과",S,국가표준식품성분표,,농진청('22),,곡류 및 그 제품,,"과자, 약과",,,,,,,100g,418,13,5.2,14.3,0.45,67.03,10.51,1.2,13,0.86,73,109,92,0,0,2,0.11,0.023,0.295,0,0,,1.83,0.1,-,-,0.89,0.006,0,10,,0.066,0,0,2.43,1.62,0.38,4.99,1.73,0.14,0.6,0.01,0,19.07,19.07,0,0,0.39,,6.91,,,0,2.65,,0.5600000000000001,11.44,,106.74,37.49,14.02,0,0.99,0,0,,,4890.69,,,310.78,,,,,2.73,,855.9400000000001,,10.34,0,0,,,5188.6,,,,,,,11.28,,,,,,,,,,,,,,,,,,,,,,215,,341,,,,,,,,171,,,,,,,,,,,,,,,,,,,,,,,,,
STD-DB10_2-001846,"과자, 전병, 김",S,국가표준식품성분표,,농진청('22),,곡류 및 그 제품,,"과자, 전병, 김",,,,,,,100g,410,0.9,7.48,3.8,1.41,86.45,37.87,1.5,34,3.78,100,209,313,13,0,159,0.125,0.126,-,0,0,,1.38,0.02,-,-,1.91,-,0.34,20,,0.096,0,0,-,-,-,-,-,-,-,-,-,0,0,0,0,0.35,,0.48,,,0.72,35.14,,1.19,1.91,,11.92,0,0,0,0,0,0,,,779.42,,,36.47,,,,,1.5,,42.62,,5.99,0,0,,,1025.89,,,,,,,4.5,,,,,,,,,,,,,,,,,,,,,,293,,548,,,,,,,,281,,,,,,,,,,,,,,,,,,,,,,,,,
STD-DB10_2-001847,"과자, 초코볼",S,국가표준식품성분표,,식약('96),,곡류 및 그 제품,,"과자, 초코볼",,,,,,,100g,501,1.5,4.3,22.5,1.5,70.2,-,-,119,2,119,258,54,11,11,3,0.06,0.12,0.3,0,-,,-,-,-,-,-,-,-,-,,-,-,-,-,-,-,-,-,-,-,-,-,-,-,-,-,-,,-,,,-,-,,-,-,,-,-,-,-,-,-,-,,,-,,,-,,,,,-,,-,,-,-,-,,,-,,,,,,,-,,,,,,,,,,,,,,,,,,,,,,-,,-,,,,,,,,-,,,,,,,,,,,,,,,,,,,,,,,,,
STD-DB10_2-001848,"과자, 초코파이",S,국가표준식품성분표,,농진청('21),,곡류 및 그 제품,,"과자, 초코파이",,,,,,,100g,460,11.6,5.63,22.26,1.14,59.37,32.67,2,91,2.21,108,221,205,14,14,5,0.07000000000000001,0.216,1.083,0,0,,13.35,0.13,0.066,1.017,5.43,0.01,0.15,5,,0.272,0,0,1.63,1.32,0.08,0.48,0.09,0.68,0.32,0.55,0.16,0,0,0,0,0.31,,0.6899999999999999,,,4.85,24.36,,2.47,7.97,,31.21,0,0.59,0,0.77,1.84,0,,,1991.27,,,120.37,,,,,9.789999999999999,,91.97,,3.53,1.33,0,,,5650.56,,,,,,,67.8,,,,,,,,,,,,,,,,,,,,,,183,,314,,,,,,,,137,,,,,,,,,,,,,,,,,,,,,,,,,
STD-DB10_2-001849,"과자, 쿠키, 땅콩버터",S,국가표준식품성분표,,농진청('13),,곡류 및 그 제품,,"과자, 쿠키, 땅콩버터",,,,,,,100g,493,1.6,8.359999999999999,20.87,1.2,67.97,22.42,2.4,17,0.84,112,145,346,7,6,8,0,0.06,0.717,0.29,0,,9.970000000000001,0.08,0.656,0.061,0,-,0.04,16,,0,0,0,2.48,1.97,0.17,0.42,0.06,1.12,0.88,1.67,0.53,-,0,-,0,0,,0,,,0,22.42,,0,9.859999999999999,,51.04,0,7.27,0,0,0,0,,,2821.14,,,141.39,,,,,4.73,,64.38,,0,0,0,,,6728.39,,,,,,,4.52,,,,,,,,,,,,,,,,,,,,,,320,,558,,,,,,,,252,,,,,,,,,,,,,,,,,,,,,,,,,
STD-DB10_2-001850,"과자, 크래커",S,국가표준식품성분표,,농진청('22),,곡류 및 그 제품,,"과자, 크래커",,,,,,,100g,444,3.1,10.4,12.76,1.96,71.8,1.19,2.1,29,0.68,86,136,700,3,1,16,0.037,0.036,0.038,0,0,,6.85,0.28,0,0.038,1.52,0,0,13,,0.413,0,0,0.74,0.54,0.08,0.05,0,0.38,0.8100000000000001,0.1,0,0,0,0,0,0.09,,0.95,,,0.06,0,,0.09,5.1,,25.22,0,0,0,0,0,0,,,1127.58,,,100.45,,,,,1.83,,56.82,,5.24,1.91,0,,,3622.07,,,,,,,223.58,,,,,,,,,,,,,,,,,,,,,,362,,705,,,,,,,,317,,,,,,,,,,,,,,,,,,,,,,,,,
STD-DB10_2-001851,"국수, 생것",S,국가표준식품성분표,,농진청('13),,곡류 및 그 제품,,"국수, 생것",,,,,,,100g,291,30.5,7.25,0.87,1.29,60.09,7.39,1.8,13,0.4,49,93,395,0,0,0,0.056,0,0.17,1.02,0,,0.25,0,0.012,0.158,0,-,0.45,7,,0.194,0,0,0.05,0.04,0,0,0,0,0.15,0,0,0,0,0,0,0,,7.39,,,0,0,,0,0.58,,3.04,0,5.66,0,0,0,0,,,464.72,,,7.35,,,,,0,,27.88,,0,0,0,,,76.54000000000001,,,,,,,0,,,,,,,,,,,,,,,,,,,,,,250,,491,,,,,,,,217,,,,,,,,,,,,,,,,,,,,,,,,,
STD-DB10_2-001852,"국수, 말린것",S,국가표준식품성분표,,농진청('14),,곡류 및 그 제품,,"국수, 말린것",,,,,,,100g,368,10.4,10.38,1.24,3.61,74.41,2.57,2.2,19,0.78,92,138,1279,0,0,0,0.094,0.083,0.325,0.36,0,,0.33,0,0.148,0.177,0,-,0,19,,0.162,0,0,0.06,0.03,0.04,0,0,0,0.31,0,0,0,0,0,0,0,,2.57,,,0,0,,0,0.84,,5.14,0,6.91,0,0,0,0,,,657.84,,,10.32,,,,,0,,36.35,,0,0,0,,,126.83,,,,,,,0,,,,,,,,,,,,,,,,,,,,,,356,,685,,,,,,,,308,,,,,,,,,,,,,,,,,,,,,,,,,
STD-DB10_2-001853,"국수, 소면, 말린것",S,국가표준식품성분표,,농진청('13),,곡류 및 그 제품,,"국수, 소면, 말린것",,,,,,,100g,370,10,10.36,1.27,3.51,74.88,2.58,1.9,19,0.82,96,125,1274,0,0,0,0.115,0.079,0.34,0.34,0,,0.34,0,0.168,0.172,0,-,0,19,,0.215,0,0,0.11,0.04,0.08,0,0,0,0.51,0,0,0,0,0,0,0,,2.58,,,0,0,,0,0.87,,5.16,0,7.71,0,0,0,0,,,673.48,,,10.15,,,,,0,,35.91,,0,0,0,,,133.2,,,,,,,0,,,,,,,,,,,,,,,,,,,,,,352,,675,,,,,,,,307,,,,,,,,,,,,,,,,,,,,,,,,,
STD-DB10_2-001854,"국수, 중면, 말린것",S,국가표준식품성분표,,농진청('14),,곡류 및 그 제품,,"국수, 중면, 말린것",,,,,,,100g,366,10.7,10.4,1.21,3.71,73.94,2.56,2.4,18,0.75,88,150,1284,0,0,0,0.074,0.08799999999999999,0.31,0.38,0,,0.33,0,0.129,0.181,0,-,0,20,,0.109,0,0,0.02,0.02,0,0,0,0,0.1,0,0,0,0,0,0,0,,2.56,,,0,0,,0,0.82,,5.13,0,6.1,0,0,0,0,,,642.2,,,10.5,,,,,0,,36.78,,0,0,0,,,120.46,,,,,,,0,,,,,,,,,,,,,,,,,,,,,,360,,696,,,,,,,,310,,,,,,,,,,,,,,,,,,,,,,,,,
STD-DB10_2-001855,"라면, 말린것",S,국가표준식품성분표,,농진청('21),,곡류 및 그 제품,,"라면, 말린것",,,,,,,100g,432,7.1,8.07,13.56,1.79,69.52,1.1,3.8,212,0.45,89,181,327,0,0,1,0.07199999999999999,1.07,0.646,0,0,,6.34,0.11,0.598,0.048,0,0.008,0,6,,0.141,0,0,1.82,1.35,0.14,1.13,0.53,0.8,0.64,1.05,0.19,0,0,0,0,0,,0.88,,,0,0.22,,0,6.43,,20.45,0,0,0,0,0,0,,,1586.56,,,86.56,,,,,1.04,,37.07,,2.14,0,0,,,4679.28,,,,,,,13.97,,,,,,,,,,,,,,,,,,,,,,263,,443,,,,,,,,179,,,,,,,,,,,,,,,,,,,,,,,,,
STD-DB10_2-001856,"라면, 용기라면, 말린것",S,국가표준식품성분표,,농진청('21),,곡류 및 그 제품,,"라면, 용기라면, 말린것",,,,,,,100g,453,7.4,7.44,18.04,1.89,65.27,0.53,1.9,224,0.46,78,221,493,0,0,1,0.046,0.803,0.364,0,0,,8.17,0.13,0.298,0.066,0,0.006,0,4,,0.156,0,0,1.89,1.47,0.12,1.21,0.61,0.65,0.5600000000000001,0.96,0.15,0,0,0,0,0,,0.19,,,0,0.27,,0.07000000000000001,8.539999999999999,,31,0,0,0,0,0,0,,,2066.32,,,119.26,,,,,2.8,,49.28,,5.94,0,0,,,6234.9,,,,,,,20.02,,,,,,,,,,,,,,,,,,,,,,252,,337,,,,,,,,116,,,,,,,,,,,,,,,,,,,,,,,,,
STD-DB10_2-001857,"스파게티면, 말린것",S,국가표준식품성분표,,농진청('20),,곡류 및 그 제품,,"스파게티면, 말린것",,,,,,,100g,380,10.6,12.64,1.47,0.74,74.52,2.05,2.7,24,1.31,167,234,6,1,0,6,0.099,0.012,1.629,0,0,,0.36,0,1.372,0.257,0.96,0.067,0,29,,0.882,0,0,0.39,0.23,0.11,0.19,0,0.28,0,0,0,0,0,0,0,0.1,,1.57,,,0,0.27,,0.11,0.95,,5.98,0,0,0,0,0,0,,,717.78,,,13.08,,,,,0,,46.93,,0,0,0,,,162.79,,,,,,,0,,,,,,,,,,,,,,,,,,,,,,375,,901,,,,,,,,512,,,,,,,,,,,,,,,,,,,,,,,,,
STD-DB10_2-001858,"우동면, 생것",S,국가표준식품성분표,,농진청('22),,곡류 및 그 제품,,"우동면, 생것",,,,,,,100g,152,64.8,3.15,1.25,0.28,30.47,0.34,1.8,9,0.17,20,16,142,0,0,0,0.08799999999999999,0.007,0.666,0,0,,0.23,0.01,0.588,0.078,0,0,0,7,,0.136,0,0,0.24,0.11,0.01,0.05,0,0.06,1.88,0.34,0,0,0,0,0,0,,0.34,,,0,0,,0,0.6,,5.55,0,0,0,0,0,0,,,355.44,,,8.19,,,,,0,,18.81,,0,0,0,,,209.32,,,,,,,1.21,,,,,,,,,,,,,,,,,,,,,,96,,189,,,,,,,,92,,,,,,,,,,,,,,,,,,,,,,,,,
STD-DB10_2-001859,"중식면, 생것",S,국가표준식품성분표,,농진청('22),,곡류 및 그 제품,,"중식면, 생것",,,,,,,100g,293,29.4,7.36,1.06,2.13,60.03,1.3,0.8,15,0.3,51,255,746,0,0,0,0.073,0.013,0.19,0,0,,0.24,0,0.19,0,0.26,0.023,0,8,,0.87,0,0,0.19,0.09,0.12,0.13,0,0.09,0,0,0,0,0,0,0,0.06,,0.97,,,0,0.13,,0.14,0.63,,2.16,0,0,0,0,0,0.22,,,477.31,,,9.82,,,,,0,,27.36,,0.34,0,0,,,108.96,,,,,,,0.45,,,,,,,,,,,,,,,,,,,,,,214,,464,,,,,,,,181,,,,,,,,,,,,,,,,,,,,,,,,,
STD-DB10_2-001860,"쫄면, 말린것",S,국가표준식품성분표,,농진청('16),,곡류 및 그 제품,,"쫄면, 말린것",,,,,,,100g,348,14.2,9.16,1.08,4.27,71.29000000000001,4.5,1.7,19,0.57,73,123,1697,0,0,0,0.022,0.006,2.274,0,0,,0.3,0,1.762,0.512,0,-,0,12,,0.261,0,0,0.04,0.03,0.01,0,0.01,0.01,0.06,0,0.01,0,0,0,0.9,0.84,,2.76,,,0,0,,0,0.73,,5.76,0,0,0,0,0,0,,,551.84,,,10.28,,,,,0,,34.06,,0,0,0,,,121.34,,,,,,,0,,,,,,,,,,,,,,,,,,,,,,315,,645,,,,,,,,335,,,,,,,,,,,,,,,,,,,,,,,,,
STD-DB10_2-001861,"칼국수면, 생것",S,국가표준식품성분표,,농진청('13),,곡류 및 그 제품,,"칼국수면, 생것",,,,,,,100g,303,27.8,7.25,0.87,1.06,63.02,1.56,1.7,15,0.41,50,93,327,0,0,0,0.035,0,0.195,0.25,0,,0.25,0,0.025,0.17,0,0.021,0.22,14,,0.218,0,0,0.01,0,0,0,0,0,0.15,0,0,0,0,0,0,0,,1.56,,,0,0,,0,0.58,,2.78,0,5.68,0,0,0,0,,,461.04,,,7.31,,,,,0,,28.42,,0,0,0,,,74.95999999999999,,,,,,,0,,,,,,,,,,,,,,,,,,,,,,254,,491,,,,,,,,219,,,,,,,,,,,,,,,,,,,,,,,,,
STD-DB10_2-001862,"칼국수면, 말린것",S,국가표준식품성분표,,농진청('21),,곡류 및 그 제품,,"칼국수면, 말린것",,,,,,,100g,364,11.3,10.47,1.03,3.38,73.81,2.13,2.1,20,0.63,78,157,1338,0,0,0,0.043,0.012,0.24,0,0,,0.31,0,0.031,0.209,0.75,0.026,0,17,,0.229,0,0,0.01,0,0,0,0,0,0.15,0,0,0,0,0,0,0,,1.91,,,0,0.22,,0,0.72,,4.4,0,6.97,0,0,0,0,,,563.08,,,10.44,,,,,0,,29.38,,0,0,0,,,100.38,,,,,,,0,,,,,,,,,,,,,,,,,,,,,,385,,694,,,,,,,,303,,,,,,,,,,,,,,,,,,,,,,,,,
STD-DB10_2-001863,"빵, 건포도빵",S,국가표준식품성분표,,JAPAN('20),,곡류 및 그 제품,,"빵, 건포도빵",,,,,,,100g,263,35.7,8.199999999999999,3.5,1.5,51.1,-,2.2,32,0.9,86,210,400,Tr,Tr,1,0.11,0.05,1.2,(Tr),Tr,,(1.57),-,-,-,-,0.07000000000000001,(Tr),33,,0.42,-,-,0.5,0.4,0.1,0.4,0.2,-,-,-,-,(Tr),-,-,-,-,,-,,,-,-,,-,(1.55),,(8),(0),(0),(0),(0),(0),(0),,,(550),,,-,,,,,(0),,(26),,(4),(1),(0),,,-,,,,,,,-,,,,,,,,,,,,,,,,,,,,,,(290),,(580),,,,,,,,(300),,,,,,,,,,,,,,,,,,,,,,,,,
STD-DB10_2-001864,"빵, 곰보빵",S,국가표준식품성분표,,농진청('16),,곡류 및 그 제품,,"빵, 곰보빵",,,,,,,100g,415,13.2,9.5,14.54,1.32,61.44,17.01,4.1,35,0.71,155,175,307,23,19,48,0.036,0.111,1.652,0,0,,6.08,0.11,1.22,0.432,17.94,-,0,40,,0.416,0,0,1.43,1.18,0.08,0.64,0.07000000000000001,0.42,0.36,0.15,0.06,-,0,-,0,2.05,,0.68,,,0.45,11.69,,2.14,7.67,,74.59999999999999,0,0,0,0,6.19,0,,,2062.23,,,91.45999999999999,,,,,3.65,,57.08,,4.67,0,0,,,5311.41,,,,,,,54.87,,,,,,,,,,,,,,,,,,,,,,365,,650,,,,,,,,330,,,,,,,,,,,,,,,,,,,,,,,,,
STD-DB10_2-001865,"빵, 꽈배기",S,국가표준식품성분표,,농진청('21),,곡류 및 그 제품,,"빵, 꽈배기",,,,,,,100g,320,36,6.17,13.8,1.19,42.78,8.48,1.7,12,0.53,97,55,393,0,0,0,0,0.041,0.464,0,0,,1.41,0.09,0.36,0.104,0.32,0.026,0,13,,0.353,0,0,1.64,1.26,0,3.79,0,0,0,0,0,0,0,0,0,1.2,,0,,,0,6.25,,1.03,11.9,,214.86,84.33,21.41,0,0,0,0,,,3267.95,,,378.52,,,,,0,,1000.42,,12.97,0,0,,,6884.66,,,,,,,10.89,,,,,,,,,,,,,,,,,,,,,,388,,494,,,,,,,,190,,,,,,,,,,,,,,,,,,,,,,,,,
STD-DB10_2-001866,"빵, 난",S,국가표준식품성분표,,JAPAN('20),,곡류 및 그 제품,,"빵, 난",,,,,,,100g,257,37.2,10.3,3.4,1.5,47.6,-,2.0,11,0.8,77,97,530,(0),(0),0,0.13,0.06,1.3,(0),(0),,-,-,-,-,-,0.05,(0),36,,0.55,-,-,0.7,0.6,0.1,0.7,0,-,-,-,-,(0),-,-,-,-,,-,,,-,-,,-,-,,-,-,-,-,-,-,-,,,-,,,-,,,,,-,,-,,-,-,-,,,-,,,,,,,-,,,,,,,,,,,,,,,,,,,,,,-,,-,,,,,,,,-,,,,,,,,,,,,,,,,,,,,,,,,,
STD-DB10_2-001867,"빵, 도넛, 링",S,국가표준식품성분표,,식약('96),,곡류 및 그 제품,,"빵, 도넛, 링",,,,,,,100g,426,24.9,7.3,26,1.2,40.6,-,-,28,1.1,120,73,360,13,12,12,0.09,0.11,1.4,0,-,,-,-,-,-,-,-,-,-,,-,-,-,-,-,-,-,-,-,-,-,-,-,-,-,-,-,,-,,,-,-,,-,-,,-,-,-,-,-,-,-,,,-,,,-,,,,,-,,-,,-,-,-,,,-,,,,,,,-,,,,,,,,,,,,,,,,,,,,,,-,,-,,,,,,,,-,,,,,,,,,,,,,,,,,,,,,,,,,
STD-DB10_2-001868,"빵, 또띠아, 밀",S,국가표준식품성분표,,농진청('22),,곡류 및 그 제품,,"빵, 또띠아, 밀",,,,,,,100g,303,31.5,8.25,6.89,1.27,52.1,2.29,2.2,14,0.55,75,95,421,0,0,0,0.052,0.031,0.076,0,0,,1.75,0.06,0.06,0.016,3.93,0.011,0,14,,0.177,0,0,0.45,0.26,0.13,0.42,0.11,0.13,0.68,0.23,0.04,11.19,11.19,0,0,0.3,,1.66,,,0,0.33,,0,4.71,,34.85,0,0,0,0,0,1.81,,,2133.31,,,56.73,,,,,0,,70.64,,3.82,0,0,,,2394.97,,,,,,,8.31,,,,,,,,,,,,,,,,,,,,,,300,,523,,,,,,,,261,,,,,,,,,,,,,,,,,,,,,,,,,
STD-DB10_2-001869,"빵, 롤빵, 소프트",S,국가표준식품성분표,,JAPAN('20),,곡류 및 그 제품,,"빵, 롤빵, 소프트",,,,,,,100g,309,30.7,10.1,9.0,1.6,48.6,6.4,2.0,44,0.7,97,110,490,1,(0),15,0.10,0.06,1.3,(0),0.1,,4.02,-,-,-,-,0.03,(Tr),38,,0.61,-,-,0.6,0.5,0.1,0.7,0.2,-,-,-,-,(Tr),-,-,-,2.7,,1.3,,,0.4,0.2,,1.8,4.12,,26,0,0,0,0,0,-,,,1100,,,83,,,,,7,,120,,3,3,0,,,2700,,,,,,,-,,,,,,,,,,,,,,,,,,,,,,350,,690,,,,,,,,370,,,,,,,,,,,,,,,,,,,,,,,,,
STD-DB10_2-001870,"빵, 마늘빵",S,국가표준식품성분표,,농진청('22),,곡류 및 그 제품,,"빵, 마늘빵",,,,,,,100g,438,14.9,10.73,20.72,1.56,52.1,7.62,3,80,0.86,90,113,483,18,15,40,0.109,0.066,2.956,0,0,,10.14,0.12,-,-,0.6899999999999999,0.024,0,32,,0.264,0,0,1.45,1.04,0.07000000000000001,1.1,0.3,0.77,0.53,0.17,0.04,0,0,0,0,0.45,,1.39,,,0,5.54,,0.23,8.5,,27.68,0,3.13,0,0,0,0,,,2583.08,,,144.63,,,,,0,,192.88,,5.03,0,2.19,,,5456.92,,,,,,,45.69,,,,,,,,,,,,,,,,,,,,,,361,,753,,,,,,,,399,,,,,,,,,,,,,,,,,,,,,,,,,
STD-DB10_2-001871,"빵, 머핀",S,국가표준식품성분표,,농진청('21),,곡류 및 그 제품,,"빵, 머핀",,,,,,,100g,415,21.4,5.18,21.21,1.35,50.91,25.74,1.5,45,0.61,257,103,460,15,15,0,0.036,0.209,0.209,0,0,,4.02,0.12,0.183,0.026,7.91,0.058,0.2,27,,0.388,0,0,2.38,1.99,0,3.51,1.34,0,0,0,0,0,0,0,0,0,,0,,,0,25.4,,0.35,16.48,,116.15,87.78,0,0,0,7.53,0,,,9895.950000000001,,,319.24,,,,,0,,1155.29,,11.38,0,0,,,4825.24,,,,,,,50.44,,,,,,,,,,,,,,,,,,,,,,186,,414,,,,,,,,187,,,,,,,,,,,,,,,,,,,,,,,,,
STD-DB10_2-001872,"빵, 모닝빵",S,국가표준식품성분표,,농진청('16),,곡류 및 그 제품,,"빵, 모닝빵",,,,,,,100g,316,26,9.06,4.91,1.04,58.99,11.33,2.1,33,0.68,88,114,260,6,5,16,0,0.133,1.527,0,0,,2.33,0.03,1.188,0.339,7.98,-,0,48,,0.266,0,0,0.67,0.51,0.06,0.31,0.07000000000000001,0.25,0.4,0.09,0.05,-,0,-,0,3.39,,0.84,,,0.46,4.39,,2.25,2.33,,13.43,0,0,0,0,0,0,,,865.64,,,41.04,,,,,0,,65.98,,1.92,0,0,,,1325.68,,,,,,,6.07,,,,,,,,,,,,,,,,,,,,,,312,,633,,,,,,,,338,,,,,,,,,,,,,,,,,,,,,,,,,
STD-DB10_2-001873,"빵, 모카빵",S,국가표준식품성분표,,농진청('16),,곡류 및 그 제품,,"빵, 모카빵",,,,,,,100g,354,19.7,8.31,7.53,1.17,63.29,15.43,1.4,26,0.77,93,161,316,28,25,31,0.054,0.117,1.489,0,0,,3.63,0.08,0.973,0.516,0,-,0,45,,0.426,0,0,0.8100000000000001,0.64,0.05,0.58,0.16,0.21,0.43,0.06,0.04,-,0,-,0,3.27,,0,,,0.31,8.58,,3.27,3.46,,15.33,0,0,0,0,7.84,0,,,1224.46,,,62.71,,,,,1.69,,79.40000000000001,,3.38,2.88,0,,,2004.25,,,,,,,38.16,,,,,,,,,,,,,,,,,,,,,,291,,569,,,,,,,,331,,,,,,,,,,,,,,,,,,,,,,,,,
STD-DB10_2-001874,"빵, 바게트",S,국가표준식품성분표,,농진청('21),,곡류 및 그 제품,,"빵, 바게트",,,,,,,100g,284,28.5,9.140000000000001,1.11,1.83,59.45,2.81,2.8,17,0.92,101,98,446,0,0,0,0.082,0.076,1.124,0,0,,0.33,0.01,-,-,0.44,0.046,0,58,,0.587,0,0,0.53,0.44,0,0,0,0.3,0,0,0,0,0,0,0,0.67,,1.84,,,0,0.12,,0.19,0.7,,4.46,0,0,0,0,0,0,,,494.96,,,6.77,,,,,0,,29.48,,0,0,0,,,153.82,,,,,,,1.2,,,,,,,,,,,,,,,,,,,,,,439,,563,,,,,,,,259,,,,,,,,,,,,,,,,,,,,,,,,,
STD-DB10_2-001875,"빵, 베이글",S,국가표준식품성분표,,농진청('21),,곡류 및 그 제품,,"빵, 베이글",,,,,,,100g,291,28.9,9.32,2.55,1.68,57.59,5.04,2.6,58,1.37,91,61,565,0,0,0,0.2,0.046,2.101,0,0,,0.96,0.01,-,-,2.44,0.038,0,48,,0.251,0,0,0.54,0.47,0,0.67,0,0,0,0,0,0,0,0,0,1.26,,2.63,,,0,0.32,,0.84,1.55,,6.33,0,0,0,0,0,0,,,831.26,,,12.58,,,,,0,,26.37,,0,0,0,,,664.52,,,,,,,2.76,,,,,,,,,,,,,,,,,,,,,,330,,631,,,,,,,,340,,,,,,,,,,,,,,,,,,,,,,,,,
STD-DB10_2-001876,"빵, 붕어빵, 팥",S,국가표준식품성분표,,농진청('16),,곡류 및 그 제품,,"빵, 붕어빵, 팥",,,,,,,100g,254,43.5,4.81,6.44,1.13,44.17,11.97,1.5,17,0.78,49,144,276,2,0,22,0.025,0.041,1.265,0,0,,3.49,0.03,0.976,0.289,0,-,0,15,,0,0,0,0.49,0.38,0.05,0.23,0.34,0.14,0.22,0.11,0.05,-,0,-,0,0,,1.07,,,0.34,10.57,,0,2.63,,9.859999999999999,0,0,0,0,0,0,,,633.3200000000001,,,47.39,,,,,0,,35.7,,1.63,0,0,,,1887.57,,,,,,,7.36,,,,,,,,,,,,,,,,,,,,,,195,,363,,,,,,,,173,,,,,,,,,,,,,,,,,,,,,,,,,
STD-DB10_2-001877,"빵, 소시지빵",S,국가표준식품성분표,,농진청('16),,곡류 및 그 제품,,"빵, 소시지빵",,,,,,,100g,323,38,10.59,16.52,1.89,33,5.05,4.8,30,0.65,132,179,571,26,13,157,0.265,0.146,1.762,0,0,,5.25,0.16,1.174,0.588,24.28,-,0.22,33,,0.239,0,0,1.25,0.93,0.07000000000000001,2.13,0.32,0.17,0.17,0.06,0.02,-,0,-,0,1.33,,0,,,0.17,1.73,,1.82,10.37,,112.88,0,3.03,0,8.109999999999999,8.74,9.029999999999999,,,3843.12,,,348.39,,,,,2.78,,498.38,,46.48,11.37,0,,,5266.96,,,,,,,69.09,,,,,,,,,,,,,,,,,,,,,,526,,721,,,,,,,,429,,,,,,,,,,,,,,,,,,,,,,,,,
STD-DB10_2-001878,"빵, 식빵, 버터 첨가",S,국가표준식품성분표,,농진청('14),,곡류 및 그 제품,,"빵, 식빵, 버터 첨가",,,,,,,100g,279,34.8,9.01,4.91,1.6,49.68,4.12,3.7,26,0.6,78,98,516,1,0,17,0.169,0.326,1.606,0,0,,2.87,0.15,1.463,0.144,0,-,2.01,35,,0.166,0,0,0.68,0.45,0.08,0.08,0,0.51,0.6,0.44,0.1,-,0,-,0,2.05,,0,,,0,0,,2.07,1.65,,6.52,0,2.67,0,3.29,0,0,,,545.11,,,25.66,,,,,3.58,,45.74,,0,0,2.71,,,928.53,,,,,,,104.65,,,,,,,,,,,,,,,,,,,,,,294,,593,,,,,,,,287,,,,,,,,,,,,,,,,,,,,,,,,,
STD-DB10_2-001879,"빵, 옥수수빵",S,국가표준식품성분표,,USDA('18),,곡류 및 그 제품,,"빵, 옥수수빵",,,,,,,100g,321,30.5,7.4,10.2,2.8,49.1,-,2.4,75,1.94,384,131,795,36,36,-,0.249,0.276,2.101,0.1,-,,2.797,-,-,-,-,0.106,0.16,89,,0.451,-,-,-,-,-,-,-,-,-,-,-,-,-,-,-,-,,-,,,-,-,,-,6.499,,4,-,-,-,-,5,-,,,-,,,-,,,,,-,,-,,-,-,1,,,-,,,,,,,-,,,,,,,,,,,,,,,,,,,,,,251,,660,,,,,,,,317,,,,,,,,,,,,,,,,,,,,,,,,,
STD-DB10_2-001880,"빵, 와플",S,국가표준식품성분표,,USDA('18),,곡류 및 그 제품,,"빵, 와플",,,,,,,100g,291,42,7.9,14.1,3.1,32.9,-,-,255,2.31,190,159,511,64,64,-,0.263,0.347,2.073,0.4,-,,2.866,-,-,-,-,0.056,0.25,68,,0.485,-,-,-,-,-,-,-,-,-,-,-,-,-,-,-,-,,-,,,-,-,,-,10.306,,26,-,-,-,0,6,-,,,-,,,-,,,,,-,,-,,-,-,1,,,-,,,,,,,-,,,,,,,,,,,,,,,,,,,,,,247,,630,,,,,,,,362,,,,,,,,,,,,,,,,,,,,,,,,,
STD-DB10_2-001881,"빵, 잼빵",S,국가표준식품성분표,,JAPAN('20),,곡류 및 그 제품,,"빵, 잼빵",,,,,,,100g,285,(32.0),(5.3),(3.9),(0.6),(58.1),(27.6),(1.6),20,0.5,47,84,120,11,11,0,0.07000000000000001,0.07000000000000001,0.6,3,0.2,,(1.73),-,-,-,3.3,0.04,0.1,40,,0.42,-,-,0.6,0.5,0.1,0.4,0.1,-,-,-,-,2,-,-,(0),(2.1),,(0.8),,,(0.3),(22.9),,(1.5),(1.80),,(11),(0),(0),(0),(0),(0),(0),,,(500),,,(36),,,,,(3),,(61),,(1),(1),(0),,,"(1,100)",,,,,,,-,,,,,,,,,,,,,,,,,,,,,,(180),,(360),,,,,,,,(190),,,,,,,,,,,,,,,,,,,,,,,,,
STD-DB10_2-001882,"빵, 찐빵, 단호박, 막걸리 발효",S,국가표준식품성분표,,농진청('05),,곡류 및 그 제품,,"빵, 찐빵, 단호박, 막걸리 발효",,,,,,,100g,239,39.7,5.4,0.9,1.6,52.4,-,-,26,0.7,66,272,280,192,0,2300,0.12,0.1,1,14,-,,-,-,-,-,-,-,-,-,,-,-,-,-,-,-,-,-,-,-,-,-,-,-,-,-,-,,-,,,-,-,,-,-,,-,-,-,-,-,-,-,,,-,,,-,,,,,-,,-,,-,-,-,,,-,,,,,,,-,,,,,,,,,,,,,,,,,,,,,,-,,-,,,,,,,,-,,,,,,,,,,,,,,,,,,,,,,,,,
STD-DB10_2-001883,"빵, 카스텔라",S,국가표준식품성분표,,농진청('15),,곡류 및 그 제품,,"빵, 카스텔라",,,,,,,100g,306,29.4,6.91,3.72,0.51,59.47,24.85,1.4,29,0.79,101,82,81,58,36,259,0.032,0.202,0.187,0,0,,1.27,0.02,0.164,0.023,8.699999999999999,0.052,0.49,11,,0.896,0,0,0.63,0.62,0,0,0,0.04,0,0,0,0,0,0,0,0,,0,,,0,22.22,,2.63,2.26,,10.84,0,5.92,0,2.68,36.06,0,,,586.65,,,78.44,,,,,0,,23.93,,5.77,5.51,0,,,1410.49,,,,,,,8.83,,,,,,,,,,,,,,,,,,,,,,221,,544,,,,,,,,307,,,,,,,,,,,,,,,,,,,,,,,,,
STD-DB10_2-001884,"빵, 크루아상",S,국가표준식품성분표,,농진청('21),,곡류 및 그 제품,,"빵, 크루아상",,,,,,,100g,457,16.7,8.56,26,1.53,47.22,8.550000000000001,2,32,0.52,116,90,414,24,22,26,0.083,0.1,1.041,0,0,,15.35,0.26,-,-,1.94,0.073,0.06,57,,0.423,0,0,0.89,0.89,0,0,0,0,0,0,0,0,0,0,0,3.02,,0,,,2.86,1.11,,1.56,6.14,,5.43,9.789999999999999,0,0,0,0,0,,,819.1,,,97.91,,,,,25.04,,115.65,,8.1,14.22,11.07,,,4354.91,,,,,,,258.45,,,,,,,,,,,,,,,,,,,,,,376,,496,,,,,,,,211,,,,,,,,,,,,,,,,,,,,,,,,,
STD-DB10_2-001885,"빵, 크로켓, 채소",S,국가표준식품성분표,,농진청('21),,곡류 및 그 제품,,"빵, 크로켓, 채소",,,,,,,100g,273,47.5,6.35,13.82,1.6,30.74,4.96,3.7,51,0.71,99,161,405,11,6,65,0.29,0.076,1.05,0,0,,3.2,0.04,0.383,0.667,1.55,0.037,0.04,48,,0.33,0,0,1.59,1.09,0.04,3.17,0.49,0.48,0.13,0.34,0,12.42,12.42,0,0,1.59,,0.95,,,0,0.82,,1.59,10.34,,58.72,0,0,0,0,0,0.55,,,4217.74,,,192.4,,,,,1.11,,489.11,,7.9,0.92,0,,,5336.85,,,,,,,9.140000000000001,,,,,,,,,,,,,,,,,,,,,,261,,479,,,,,,,,197,,,,,,,,,,,,,,,,,,,,,,,,,
STD-DB10_2-001886,"빵, 크림빵",S,국가표준식품성분표,,농진청('22),,곡류 및 그 제품,,"빵, 크림빵",,,,,,,100g,379,21.7,8.67,14.28,1.34,54.05,15.28,0.8,19,0.53,83,115,340,5,5,4,0.116,0.082,1.37,0,0,,7.4,0.08,1.061,0.309,2.08,0.015,0.08,23,,0.331,0,0,2.1,1.51,0.2,1.25,0.48,1.05,0.77,0.3,0.07000000000000001,0,0,0,0,2.83,,0.51,,,0.61,6.21,,5.11,5.98,,23.5,0,0,0,0,0,0,,,1793.99,,,94.5,,,,,0,,115.18,,4.94,0,0,,,3915.15,,,,,,,22.92,,,,,,,,,,,,,,,,,,,,,,367,,503,,,,,,,,260,,,,,,,,,,,,,,,,,,,,,,,,,
STD-DB10_2-001887,"빵, 팥빵",S,국가표준식품성분표,,농진청('15),,곡류 및 그 제품,,"빵, 팥빵",,,,,,,100g,253,39.8,7.57,3.17,0.95,48.47,16.37,2.2,25,0.99,102,157,180,27,26,13,0.045,0.097,0.5629999999999999,0,0,,1.7,0.14,0.145,0.418,5.14,-,0.08,30,,0.123,0,0,0.23,0.11,0.04,0.55,1.13,0,0.13,0,0,-,0,-,0,1.34,,0,,,0,13.46,,1.57,1.18,,4.02,0,2.69,0,2.31,4.49,0,,,390.28,,,27.46,,,,,0,,70.56,,0,0,0,,,615.26,,,,,,,106,,,,,,,,,,,,,,,,,,,,,,267,,564,,,,,,,,292,,,,,,,,,,,,,,,,,,,,,,,,,
STD-DB10_2-001888,"빵, 페이스트리",S,국가표준식품성분표,,식약('11),,곡류 및 그 제품,,"빵, 페이스트리",,,,,,,100g,457,17.4,8.6,26.3,1.3,46.5,-,3,31,5.2,94,119,423,71,65,77,0.16,0.16,3.6,0,-,,-,-,-,-,-,-,-,-,,-,-,-,-,-,-,-,-,-,-,-,-,-,-,-,-,-,,-,,,-,-,,-,-,,-,-,-,-,-,-,-,,,-,,,-,,,,,-,,-,,-,-,-,,,-,,,,,,,-,,,,,,,,,,,,,,,,,,,,,,-,,-,,,,,,,,-,,,,,,,,,,,,,,,,,,,,,,,,,
STD-DB10_2-001889,"빵, 피칸파이",S,국가표준식품성분표,,USDA('18),,곡류 및 그 제품,,"빵, 피칸파이",,,,,,,100g,407,18.25,4.5,16.69,0.95,59.61,25.18,2.1,22,0.93,83,99,275,50,50,4,0.204,0.078,1.31,0,0.1,,2.654,-,-,-,-,0.038,0.12,43,,0.391,-,-,1.56,0.8,0.08,6.64,1.62,0.02,0,0,0,-,15.5,-,0,0,,4.98,,,0.23,14.44,,5.53,11.871,,36,-,0,-,0,0,-,,,-,,,-,,,,,-,,-,,0,-,0,,,-,,,,,,,-,,,,,,,,,,,,,,,,,,,,,,175,,310,,,,,,,,170,,,,,,,,,,,,,,,,,,,,,,,,,
STD-DB10_2-001890,"빵, 호두과자",S,국가표준식품성분표,,농진청('23),,곡류 및 그 제품,,"빵, 호두과자",,,,,,,100g,344,28.6,7.77,12.29,0.79,50.58,23.82,3.9,36,1.46,119,165,145,11,10,4,0.127,0.064,2.264,0,0,,2.03,0.02,1.618,0.646,5.34,0.018,0,21,,0.146,0,0,0.85,0.47,0.05,3.42,0.55,0,0,0,0,0,0,0,0,0.21,,0,,,0,23.28,,0.33,9.470000000000001,,24.94,0,0,0,0,0,0,,,5828.93,,,119.71,,,,,0,,1311.91,,7.57,0,0,,,2136.75,,,,,,,3.56,,,,,,,,,,,,,,,,,,,,,,307,,575,,,,,,,,255,,,,,,,,,,,,,,,,,,,,,,,,,
STD-DB10_2-001891,"빵, 호떡빵",S,국가표준식품성분표,,농진청('23),,곡류 및 그 제품,,"빵, 호떡빵",,,,,,,100g,301,30,6.37,4.97,1.05,57.58,23.51,1.5,17,0.65,84,96,295,1,0,13,0.197,0.046,1.701,0,0,,2.02,0.01,1.701,0,2.1,0.026,0,29,,0.148,0,0,0.9399999999999999,0.7,0.09,0.23,0,0.48,0.47,0.58,0,0,0,0,0,4.58,,0,,,0,15.41,,3.53,2.36,,9.199999999999999,0,0,0,0,0,0,,,786.27,,,33.12,,,,,0,,27.59,,0,0,0,,,1491.67,,,,,,,1.8,,,,,,,,,,,,,,,,,,,,,,190,,328,,,,,,,,171,,,,,,,,,,,,,,,,,,,,,,,,,
STD-DB10_2-001892,"케이크, 과일(후르츠)",S,국가표준식품성분표,,USDA('18),,곡류 및 그 제품,,"케이크, 과일(후르츠)",,,,,,,100g,324,25.3,2.9,9.1,1,61.6,27.42,3.7,33,2.07,52,153,101,7,7,3,0.05,0.099,0.791,0.5,0,,1.048,-,-,-,-,0.046,0.01,32,,0.226,-,-,0.9,0.9,-,-,-,-,-,-,-,-,1.5,-,-,-,,-,,,-,-,,-,7.523,,32,-,-,-,0,1,-,,,-,,,-,,,,,-,,-,,-,-,0,,,-,,,,,,,-,,,,,,,,,,,,,,,,,,,,,,124,,206,,,,,,,,121,,,,,,,,,,,,,,,,,,,,,,,,,
STD-DB10_2-001893,"케이크, 롤 케이크",S,국가표준식품성분표,,농진청('15),,곡류 및 그 제품,,"케이크, 롤 케이크",,,,,,,100g,369,32.3,7.51,20.22,0.73,39.24,17.41,6.3,32,0.87,122,95,162,78,77,14,0.031,0.17,0.109,0,0,,7.72,0.3,0.034,0.075,14.18,-,0.24,20,,0.624,0,0,1.85,1.53,0.06,2.13,0.35,0.21,0.09,0.08,0,-,15.09,-,0,2.03,,0,,,0,12.04,,3.34,11.25,,81.73,0,13.4,2.84,8.32,37.15,1.65,,,3207.96,,,308.98,,,,,5.76,,676.13,,16.33,9.42,4.97,,,6640.52,,,,,,,140.97,,,,,,,,,,,,,,,,,,,,,,252,,514,,,,,,,,288,,,,,,,,,,,,,,,,,,,,,,,,,
STD-DB10_2-001894,"케이크, 생크림 블루베리",S,국가표준식품성분표,,농진청('15),,곡류 및 그 제품,,"케이크, 생크림 블루베리",,,,,,,100g,280,53.2,3.03,18.88,0.5,24.39,22.87,0.8,44,0.45,70,106,67,131,130,14,0.026,0.16,0.08699999999999999,2.36,0,,11.44,0.5600000000000001,0.01,0.077,12.42,-,0.27,9,,0.104,0,0,-,-,-,-,-,-,-,-,-,-,8.869999999999999,-,0,9.890000000000001,,0,,,2.65,0,,10.33,5.9,,17.83,0,3.33,3.12,7.81,11.41,0,,,1595.74,,,109.73,,,,,5.16,,184.31,,9.640000000000001,24.6,4.57,,,3587.24,,,,,,,382.79,,,,,,,,,,,,,,,,,,,,,,160,,251,,,,,,,,140,,,,,,,,,,,,,,,,,,,,,,,,,
STD-DB10_2-001895,"케이크, 스펀지 케이크",S,국가표준식품성분표,,농진청('21),,곡류 및 그 제품,,"케이크, 스펀지 케이크",,,,,,,100g,300,33.7,5.09,7.4,0.64,53.16,26.41,1.3,48,1.22,166,127,118,42,41,4,0.229,0.163,0.176,0,0,,2.09,0.04,0.154,0.022,10.72,0.049,0.63,27,,0.582,0,0,1.67,1.36,0,2.95,0.47,0,0,0,0,0,0,0,0,0.19,,0,,,0,26.01,,0.2,4.86,,9.02,0,0,0,3.43,17.12,0,,,1542.26,,,151.32,,,,,51.34,,309.5,,5.57,5.75,0,,,2658.45,,,,,,,17.59,,,,,,,,,,,,,,,,,,,,,,168,,395,,,,,,,,237,,,,,,,,,,,,,,,,,,,,,,,,,
STD-DB10_2-001896,"케이크, 엔젤푸드 케이크",S,국가표준식품성분표,,USDA('18),,곡류 및 그 제품,,"케이크, 엔젤푸드 케이크",,,,,,,100g,258,33.2,5.9,0.8,2.3,57.8,-,1.5,140,0.52,324,93,749,0,0,-,0.102,0.491,0.883,0,-,,0.121,-,-,-,-,0.031,0.06,57,,0.198,-,-,-,-,-,-,-,-,-,-,-,-,-,-,-,-,,-,,,-,-,,-,0.438,,-,-,-,-,-,-,-,,,-,,,-,,,,,-,,-,,-,-,-,,,-,,,,,,,-,,,,,,,,,,,,,,,,,,,,,,206,,481,,,,,,,,312,,,,,,,,,,,,,,,,,,,,,,,,,
STD-DB10_2-001897,"케이크, 초콜릿 케이크",S,국가표준식품성분표,,농진청('15),,곡류 및 그 제품,,"케이크, 초콜릿 케이크",,,,,,,100g,417,22.2,5.23,22.09,1.17,49.31,38.19,0.7,54,2.65,125,318,146,69,66,39,0.065,0.13,0.126,0,0,,15.18,0.35,0.126,0,11.34,-,0.1,11,,0.282,0,0,1.23,1.04,0,1.07,0.09,0.25,0.11,0.46,0.1,-,0,-,0,0,,0,,,0,38.19,,0,5.42,,16.01,0,4.02,2.14,4.92,9.640000000000001,0,,,961.53,,,94.17,,,,,3.68,,65.16,,0,3.88,4.58,,,4113.89,,,,,,,271.42,,,,,,,,,,,,,,,,,,,,,,143,,326,,,,,,,,213,,,,,,,,,,,,,,,,,,,,,,,,,
STD-DB10_2-001898,"케이크, 치즈 케이크",S,국가표준식품성분표,,농진청('15),,곡류 및 그 제품,,"케이크, 치즈 케이크",,,,,,,100g,331,42.9,5.87,21.32,1.09,28.82,17.61,0.7,100,0.78,176,122,240,133,130,41,0.036,0.221,0.134,0,0,,12.33,0.77,0.125,0.008999999999999999,5.86,-,0.44,18,,0.146,0,0,1.17,1.07,0,0.9,0.08,0.01,0,0,0,-,6.08,-,0,0,,4.22,,,1.07,12.32,,0,7.12,,20.79,0,7.68,4.9,14.99,37.84,1.75,,,1493.34,,,192.57,,,,,5.32,,169.67,,11.53,27.71,9.880000000000001,,,4671.97,,,,,,,577.9,,,,,,,,,,,,,,,,,,,,,,139,,463,,,,,,,,252,,,,,,,,,,,,,,,,,,,,,,,,,
STD-DB10_2-001899,"케이크, 파운드 케이크",S,국가표준식품성분표,,농진청('15),,곡류 및 그 제품,,"케이크, 파운드 케이크",,,,,,,100g,408,23,5.66,20.71,0.98,49.65,17.43,0.9,52,0.74,148,130,207,147,143,51,0.059,0.143,0.136,0,0,,10.73,0.68,0.113,0.023,6.41,-,0.18,10,,0.526,0,0,1.39,1.22,0.04,1.26,0.15,0.04,0.22,0,0,-,12.37,-,0,2.83,,0,,,0,12.12,,2.48,8.23,,47.11,0,7.82,7.57,16,15.65,0,,,2165.71,,,199.01,,,,,5.51,,610.65,,0,10.78,13.3,,,4721.42,,,,,,,464.96,,,,,,,,,,,,,,,,,,,,,,201,,388,,,,,,,,208,,,,,,,,,,,,,,,,,,,,,,,,,
STD-DB10_2-001900,"케이크, 팬케이크",S,국가표준식품성분표,,농진청('22),,곡류 및 그 제품,,"케이크, 팬케이크",,,,,,,100g,261,39.1,7.15,4.87,1.67,47.24,15.79,1.1,114,0.68,282,132,507,22,21,5,0.06,0.336,0.057,0,0,,1.74,0.01,0.057,0,15.66,0,0.07000000000000001,21,,0.237,0,0,1.01,0.8100000000000001,0.11,0.35,0,0.26,0.54,0.06,0,8.24,0,8.24,0,0,,0.51,,,0.35,13.37,,1.55,2.3,,10.26,0,5.15,0,3.18,10.99,0.38,,,714.51,,,49.48,,,,,15.6,,26.73,,2.43,1.78,0,,,1416.84,,,,,,,3.86,,,,,,,,,,,,,,,,,,,,,,229,,554,,,,,,,,286,,,,,,,,,,,,,,,,,,,,,,,,,
STD-DB10_2-001901,"수수떡, 수수경단",S,국가표준식품성분표,,농진청('21),,곡류 및 그 제품,,"수수떡, 수수경단",,,,,,,100g,224,44,5.04,0.89,1.09,49,7.99,0.9,15,0.53,54,117,288,0,0,2,0.128,0.019,1.721,0,0,,0.19,0,1.721,0,0.5600000000000001,0.101,0,25,,0.303,0,0,0.14,0.09,0,0.32,0.24,0.02,0,0.02,0.01,0,0,0,0,0,,0,,,0,7.99,,0,0.68,,2.19,0,0.46,0,0,0,0,,,368.47,,,10.7,,,,,0.49,,36.88,,0,0,0,,,255.7,,,,,,,0,,,,,,,,,,,,,,,,,,,,,,207,,480,,,,,,,,173,,,,,,,,,,,,,,,,,,,,,,,,,
STD-DB10_2-001902,"시리얼, 쌀",S,국가표준식품성분표,,농진청('13),,곡류 및 그 제품,,"시리얼, 쌀",,,,,,,100g,390,2.1,6.65,1.68,2.58,86.98999999999999,21.72,1.9,259,18.75,166,91,625,1208,1208,0,3.427,1.397,24.431,169.96,48.56,,0.44,0.02,-,-,0,-,0.77,933,,0,0,48.56,17.63,15.61,0.35,16.67,5.02,0,0.62,0,0,-,0,-,0,0,,0,,,0,21.72,,0,1.18,,6.58,0,17.49,0,0,0,0,,,859.24,,,14.32,,,,,0,,45.87,,1.39,0,0,,,227.39,,,,,,,0.68,,,,,,,,,,,,,,,,,,,,,,391,,401,,,,,,,,301,,,,,,,,,,,,,,,,,,,,,,,,,
STD-DB10_2-001903,"시리얼, 옥수수",S,국가표준식품성분표,,농진청('13),,곡류 및 그 제품,,"시리얼, 옥수수",,,,,,,100g,378,5,5.11,0.59,1.25,88.05,39.55,2.5,3,8.960000000000001,30,63,434,2431,2423,96,5.069,2.66,26.145,201.26,4.01,,0.17,0,-,-,0,-,0.6,-,,0,0,4.01,4.82,4.51,0.04,2.39,0.72,0.1,0,0.17,0,-,0,-,0,1.14,,0,,,0,36.78,,1.63,0.39,,0.93,0,1.65,0,0,0,0,,,272.02,,,6.73,,,,,0,,18.22,,0,0,0,,,85.7,,,,,,,0,,,,,,,,,,,,,,,,,,,,,,148,,767,,,,,,,,156,,,,,,,,,,,,,,,,,,,,,,,,,
STD-DB10_2-001904,"시리얼, 현미",S,국가표준식품성분표,,농진청('13),,곡류 및 그 제품,,"시리얼, 현미",,,,,,,100g,394,2.8,6.8,2.79,2.28,85.33,17.24,3.3,11,8.970000000000001,321,225,551,1008,1008,0,1.616,3.404,19.853,155.27,3.99,,0.73,0.01,4.885,14.968,0,-,1.56,803,,0,0,3.99,9.119999999999999,8.17,0,7.46,2.24,0.44,0,0.53,0,-,0,-,0,0.86,,0,,,0,15.35,,1.03,1.93,,12.41,0,3.58,0,0,0,0,,,975.58,,,25.13,,,,,0,,40.56,,1.12,0,0,,,866.27,,,,,,,1.11,,,,,,,,,,,,,,,,,,,,,,301,,516,,,,,,,,216,,,,,,,,,,,,,,,,,,,,,,,,,
STD-DB10_2-001905,"옥수수 과자, 강냉이",S,국가표준식품성분표,,농진청('16),,곡류 및 그 제품,,"옥수수 과자, 강냉이",,,,,,,100g,409,0.6,7.16,3.25,1.09,87.90000000000001,13.52,0.4,2,1.55,228,258,51,0,0,0,0,0.389,1.99,0,0,,0.66,0.02,0.673,1.317,0,-,0,26,,0.313,0,0,0.47,0.3,0.01,0.57,0.04,0.34,0,0.25,0.05,0,0,0,0,0,,0,,,0,13.52,,0,2.43,,9.300000000000001,0,0,0,0,0,0,,,1636.19,,,26.76,,,,,0,,62.4,,0,0,0,,,685.54,,,,,,,2.99,,,,,,,,,,,,,,,,,,,,,,214,,852,,,,,,,,248,,,,,,,,,,,,,,,,,,,,,,,,,
STD-DB10_2-001906,"옥수수 과자, 팝콘, 전자레인지 조리",S,국가표준식품성분표,,농진청('14),,곡류 및 그 제품,,"옥수수 과자, 팝콘, 전자레인지 조리",,,,,,,100g,497,1.9,8.119999999999999,27.28,1.52,61.18,0,10.9,6,2.03,221,219,315,3,0,32,0.011,-,-,0,0,,14.95,0.16,-,-,0,-,1.91,47,,0,0,0,1.26,0.93,0,1.75,0.14,0.51,0,0.51,0,-,0,-,0,0,,0,,,0,0,,0,10.88,,40.36,0,0,0,0,0,0,,,3942.69,,,148.3,,,,,0,,176.02,,0,0,0,,,6513.37,,,,,,,60.72,,,,,,,,,,,,,,,,,,,,,,250,,1169,,,,,,,,253,,,,,,,,,,,,,,,,,,,,,,,,,
STD-DB10_2-001907,"율무, 죽",S,국가표준식품성분표,,농진청('19),,곡류 및 그 제품,,"율무, 죽",,,,,,,100g,77,81.8,3.26,0.98,0.22,13.75,0.1,0.7,3,1.11,67,58,1,0,0,0,0,0.015,0.343,0,0,,0.15,0,-,-,0.04,0.014,0,3,,0.126,0,0,0.12,0.02,0,0.84,0.08,0.05,0,0.39,0.05,0,0,0,0,0,,0,,,0,0.1,,0,0.71,,3.18,0,0,0,0,0,0,,,328.17,,,6.92,,,,,0,,4.23,,0,0,0,,,368.39,,,,,,,0,,,,,,,,,,,,,,,,,,,,,,99,,399,,,,,,,,111,,,,,,,,,,,,,,,,,,,,,,,,,
STD-DB10_2-001908,"찹쌀 과자, 산자",S,국가표준식품성분표,,식약('96),,곡류 및 그 제품,,"찹쌀 과자, 산자",,,,,,,100g,417,10.4,2,11.8,0.2,75.59999999999999,-,-,3,0.7,26,24,28,0,0,0,0,0,0.3,0,-,,-,-,-,-,-,-,-,-,,-,-,-,-,-,-,-,-,-,-,-,-,-,-,-,-,-,,-,,,-,-,,-,-,,-,-,-,-,-,-,-,,,-,,,-,,,,,-,,-,,-,-,-,,,-,,,,,,,-,,,,,,,,,,,,,,,,,,,,,,-,,-,,,,,,,,-,,,,,,,,,,,,,,,,,,,,,,,,,
STD-DB10_2-001909,"찹쌀 과자, 유과",S,국가표준식품성분표,,농진청('13),,곡류 및 그 제품,,"찹쌀 과자, 유과",,,,,,,100g,411,9.9,1.96,10.37,0.28,77.48999999999999,14.72,0.7999999999999999,26,1.62,31,81,18,0,0,0,0,0,1.464,0.02,0,,1.72,0.14,1.464,0,0,-,0,4,,0,0,0,1.17,0.67,0.1,4.01,1.69,0,0,0.05,0,-,20.38,-,0,0,,11.52,,,0,0,,3.2,8.06,,62.08,0,1.86,0,0,0,0,,,5186.89,,,137.63,,,,,0,,676.75,,5.1,0,0,,,1981.55,,,,,,,2.52,,,,,,,,,,,,,,,,,,,,,,90,,170,,,,,,,,71,,,,,,,,,,,,,,,,,,,,,,,,,
STD-DB10_2-001910,"찹쌀 국수, 흑미, 말린것",S,국가표준식품성분표,,농진청('09),,곡류 및 그 제품,,"찹쌀 국수, 흑미, 말린것",,,,,,,100g,334,11.8,8.1,0.3,5.2,74.59999999999999,-,-,34,27,119,182,1975,0,0,0,0.24,0.05,0.9,0,-,,-,-,-,-,-,-,-,-,,-,-,-,-,-,-,-,-,-,-,-,-,-,-,-,-,-,,-,,,-,-,,-,-,,-,-,-,-,-,-,-,,,-,,,-,,,,,-,,-,,-,-,-,,,-,,,,,,,-,,,,,,,,,,,,,,,,,,,,,,-,,-,,,,,,,,-,,,,,,,,,,,,,,,,,,,,,,,,,
STD-DB10_2-001911,찹쌀떡,S,국가표준식품성분표,,농진청('19),,곡류 및 그 제품,,찹쌀떡,,,,,,,100g,241,39.4,4.7,0.51,0.86,54.49,19.9,2.5,12,0.58,38,43,262,0,0,0,0.027,0.028,0.163,0,0,,0.15,0,0.163,0,0.41,0,0,11,,0,0,0,0,0,0,0,0,0,0,0,0,0,0,0,0,0,,1.51,,,0,18.39,,0,0.33,,0,0,0,0,0,0,0,,,199.61,,,0,,,,,0,,34,,0,0,0,,,95.79000000000001,,,,,,,0,,,,,,,,,,,,,,,,,,,,,,178,,339,,,,,,,,173,,,,,,,,,,,,,,,,,,,,,,,,,
STD-DB10_2-001912,"찹쌀떡, 경단 카스텔라",S,국가표준식품성분표,,농진청('21),,곡류 및 그 제품,,"찹쌀떡, 경단 카스텔라",,,,,,,100g,227,44.4,4.59,1.6,0.85,48.52,10.62,0.5,15,0.26,47,39,287,3,3,0,0.001,0.036,0.233,0,0,,0.16,0,0.233,0,0.46,0.002,0.03,3,,0.108,0,0,0.08,0.07000000000000001,0.01,0.02,0,0,0,0,0,0,0,0,0,0,,0,,,0,10.62,,0,0.27,,1.55,0,0,0,0.14,1.91,0,,,118.93,,,6.66,,,,,0,,4.91,,0.31,0.29,0,,,129.72,,,,,,,1.36,,,,,,,,,,,,,,,,,,,,,,164,,312,,,,,,,,192,,,,,,,,,,,,,,,,,,,,,,,,,
STD-DB10_2-001913,"찹쌀떡, 모듬찰떡",S,국가표준식품성분표,,농진청('22),,곡류 및 그 제품,,"찹쌀떡, 모듬찰떡",,,,,,,100g,233,46,6.31,4.12,0.95,42.59,3.12,3.9,24,0.66,96,182,203,2,0,24,0.065,0.026,0.545,0,0,,0.65,0.01,0.399,0.146,4.22,0.007,0,22,,0.408,0,0,0.7,0.55,0.04,1.11,0.19,0.06,0,0.02,0,0,0,0,0,0.25,,0,,,0,2.56,,0.31,2.55,,22.65,0,0,0,0,0,1.31,,,1202.42,,,21.33,,,,,0,,34.85,,1.31,0,0,,,1259.14,,,,,,,1.48,,,,,,,,,,,,,,,,,,,,,,299,,421,,,,,,,,219,,,,,,,,,,,,,,,,,,,,,,,,,
STD-DB10_2-001914,"찹쌀떡, 약식",S,국가표준식품성분표,,농진청('22),,곡류 및 그 제품,,"찹쌀떡, 약식",,,,,,,100g,220,47,4.44,2.32,0.85,45.43,10.21,1.8,14,0.35,56,139,233,1,0,11,0.066,0.028,0.383,0,0,,0.37,0.01,0.207,0.176,0.99,0,0,9,,0.075,0,0,0.49,0.34,0.03,1.06,0.23,0.09,0,0.03,0,0,0,0,0,2.02,,0,,,0,5.61,,2.58,1.66,,7.56,0,0,0,0,0,0.44,,,944.71,,,17.34,,,,,0,,92.12,,0,0,0,,,598.65,,,,,,,0.73,,,,,,,,,,,,,,,,,,,,,,178,,290,,,,,,,,145,,,,,,,,,,,,,,,,,,,,,,,,,
STD-DB10_2-001915,"찹쌀떡, 인절미, 팥고물",S,국가표준식품성분표,,식약('96),,곡류 및 그 제품,,"찹쌀떡, 인절미, 팥고물",,,,,,,100g,204,49.1,4.2,0.9,1,44.8,-,-,16,1.9,37,58,269,0,0,0,0.06,0.02,0.7,0,-,,-,-,-,-,-,-,-,-,,-,-,-,-,-,-,-,-,-,-,-,-,-,-,-,-,-,,-,,,-,-,,-,-,,-,-,-,-,-,-,-,,,-,,,-,,,,,-,,-,,-,-,-,,,-,,,,,,,-,,,,,,,,,,,,,,,,,,,,,,-,,-,,,,,,,,-,,,,,,,,,,,,,,,,,,,,,,,,,
STD-DB10_2-001916,"찹쌀떡, 찰시루떡",S,국가표준식품성분표,,농진청('22),,곡류 및 그 제품,,"찹쌀떡, 찰시루떡",,,,,,,100g,191,51.7,6.09,0.42,1.09,40.74,6.45,1.4,15,0.99,89,215,216,0,0,2,0.026,0.037,0.281,0,0,,0.12,0,0.27,0.011,1.02,0.007,0,35,,0,0,0,0.2,0.09,0.03,0.46,0.96,0.1,0,0,0,0,0,0,0,0,,0,,,0,6.25,,0.2,0.22,,0.46,0,0.47,0,0,0,0,,,133.92,,,4.58,,,,,0.55,,31.09,,0,0,0,,,48.26,,,,,,,0.73,,,,,,,,,,,,,,,,,,,,,,257,,474,,,,,,,,250,,,,,,,,,,,,,,,,,,,,,,,,,
STD-DB10_2-001917,"찹쌀빵, 찹쌀도넛",S,국가표준식품성분표,,농진청('21),,곡류 및 그 제품,,"찹쌀빵, 찹쌀도넛",,,,,,,100g,325,29,4.14,8.880000000000001,0.95,57.02,16.19,2.4,6,1.17,63,31,281,0,0,0,0,0.033,0.105,0,0,,0.67,0.06,0.105,0,0.5,0.018,0,33,,0.199,0,0,1.01,0.86,0,1.53,0,0,0,0,0,0,0,0,0,0.07000000000000001,,0,,,0,15.98,,0.14,6.83,,125.34,39.13,12.39,0,0,0,0,,,1567,,,250.73,,,,,0,,578.66,,6.14,0,0,,,4234.59,,,,,,,7.01,,,,,,,,,,,,,,,,,,,,,,260,,285,,,,,,,,120,,,,,,,,,,,,,,,,,,,,,,,,,
STD-DB10_2-001918,호밀빵,S,국가표준식품성분표,,농진청('20),,곡류 및 그 제품,,호밀빵,,,,,,,100g,285,33.3,8.470000000000001,5.11,1.76,51.35,4.78,5.2,27,1.44,133,113,536,0,0,0,0.163,0.048,1.141,0,0,,2.28,0,0.642,0.499,1.73,0.033,0,34,,0.446,0,0,0.96,0.57,0.32,0.76,0.37,0.32,0.91,0.05,0,0,0,0,0,0.8100000000000001,,3.18,,,0,0.41,,0.38,2.47,,5.66,0,0,0,0,0,0,,,1094.75,,,38.48,,,,,6.03,,86.11,,0,0,0,,,1178.16,,,,,,,0,,,,,,,,,,,,,,,,,,,,,,349,,534,,,,,,,,287,,,,,,,,,,,,,,,,,,,,,,,,,
STD-DB10_2-001919,"감자 과자, 감자칩, 구운것",S,국가표준식품성분표,,USDA('18),,감자류 및 전분류,,"감자 과자, 감자칩, 구운것",,,,,,,100g,469,1.4,5,18.2,3.98,71.40000000000001,5.01,4.8,125,0.8,274,721,536,0,0,0,0.34,0.07000000000000001,4.09,0,0,,2.631,-,-,-,-,0.51,0,0,,-,-,-,2.18,2.18,-,-,-,-,-,-,-,-,7.2,-,-,-,,-,,,-,-,,-,14.144,,0,-,-,-,0,0,-,,,-,,,-,,,,,-,,-,,-,-,0,,,-,,,,,,,-,,,,,,,,,,,,,,,,,,,,,,-,,-,,,,,,,,-,,,,,,,,,,,,,,,,,,,,,,,,,
STD-DB10_2-001920,"감자 튀김, 튀긴것",S,국가표준식품성분표,,농진청('16),,감자류 및 전분류,,"감자 튀김, 튀긴것",,,,,,,100g,293,39.3,3.54,11.3,1.7,44.16,0.19,3,22,0.6899999999999999,143,604,258,0,0,2,0.09,0.027,1.431,7.04,0,,2.52,0.15,1.341,0.09,0,-,0,23,,0.402,0,0,1.24,0.9399999999999999,0.05,1.88,0.37,0.25,0,0.27,0.04,-,18.23,-,0,0,,0,,,0,0.19,,0,8.140000000000001,,61.64,0,0,0,0,0,0,,,3079.85,,,209.48,,,,,3.08,,576.48,,6.29,0,0,,,4183.69,,,,,,,13.49,,,,,,,,,,,,,,,,,,,,,,90,,233,,,,,,,,169,,,,,,,,,,,,,,,,,,,,,,,,,
STD-DB10_2-001921,"감자 튀김, 해시브라운, 튀긴것",S,국가표준식품성분표,,USDA('18),,감자류 및 전분류,,"감자 튀김, 해시브라운, 튀긴것",,,,,,,100g,219,55.95,2.65,11.59,1.3,28.51,0.27,3.2,17,0.54,79,496,15,0,0,0,0.134,0.033,2.314,6.7,0,,0.9340000000000001,0.036,-,-,-,0.236,0,16,,0.574,0,0,2.61,2.19,0.04,3.92,0.16,0.01,0,0,0,-,18.1,-,0,0,,0,,,0,0,,0.26,10.08,,202,76,0,-,0,0,9,,,2292,,,-,,,,,-,,369,,7,0,0,,,-,,,,,,,-,,,,,,,,,,,,,,,,,,,,,,107,,197,,,,,,,,113,,,,,,,,,,,,,,,,,,,,,,,,,
STD-DB10_2-001922,"당면, 고구마, 말린것",S,국가표준식품성분표,,농진청('13),,감자류 및 전분류,,"당면, 고구마, 말린것",,,,,,,100g,358,10.7,0.08,0.07000000000000001,0.4,88.75,0,1.7,98,4.69,15,2,8,0,0,0,0,0,0.017,0.06,0,,0.04,0,0,0.017,0,-,0,4,,0,0,0,0,0,0,0,0,0,0,0,0,0,0,0,0,0,,0,,,0,0,,0,0.03,,0,0,0,0,0,0,0,,,13.12,,,0.78,,,,,0,,3.14,,0,0,0,,,5.19,,,,,,,0,,,,,,,,,,,,,,,,,,,,,,4,,8,,,,,,,,4,,,,,,,,,,,,,,,,,,,,,,,,,
STD-DB10_2-001923,"곤약(구약나물), 국수형, 생것",S,국가표준식품성분표,,농진청('20),,감자류 및 전분류,,"곤약(구약나물), 국수형, 생것",,,,,,,100g,7,96.59999999999999,0.08,0.01,0.09,3.18,0,2.4,41,0.08,4,13,2,0,0,0,0,0,0,0,0,,0,0,0,0,0,0,0,0,,0,0,0,0,0,0,0,0,0,0,0,0,0,0,0,0,0,,0,,,0,0,,0,0,,0,0,0,0,0,0,0,,,0,,,0,,,,,0,,0,,0,0,0,,,0,,,,,,,0,,,,,,,,,,,,,,,,,,,,,,1,,2,,,,,,,,1,,,,,,,,,,,,,,,,,,,,,,,,,
STD-DB10_2-001924,"전분, 감자, 가루",S,국가표준식품성분표,,농진청('16),,감자류 및 전분류,,"전분, 감자, 가루",,,,,,,100g,334,17,0.07000000000000001,0.02,0.21,82.7,0.05,0,4,0.09,57,44,22,0,0,0,0,0,0,0,0,,0.01,0,0,0,0,-,0,0,,0,0,0,0.03,0.03,0,0,0.01,0.01,0.01,0,0.01,0,0,0,0.04,0,,0.01,,,0,0,,0,0,,0,0,0,0,0,0,0,,,2.83,,,0,,,,,0,,1.17,,0,0,0,,,1.93,,,,,,,0,,,,,,,,,,,,,,,,,,,,,,2,,3,,,,,,,,1,,,,,,,,,,,,,,,,,,,,,,,,,
STD-DB10_2-001925,"전분, 고구마, 가루",S,국가표준식품성분표,,농진청('18),,감자류 및 전분류,,"전분, 고구마, 가루",,,,,,,100g,346,13.9,0,0.05,0.24,85.84999999999999,0.01,0,104,0.25,19,11,8,0,0,0,0.075,0.036,0.06900000000000001,0,0,,0.02,0,0.02,0.049,0.43,0,0,3,,0,0,0,0.06,0.06,0,0,0,0,0,0,0,0,0,0,0,0,,0,,,0,0.01,,0,0.01,,0,0,0,0,0,0,0,,,7.44,,,0,,,,,0,,0,,0,0,0,,,6.96,,,,,,,0,,,,,,,,,,,,,,,,,,,,,,0,,3,,,,,,,,2,,,,,,,,,,,,,,,,,,,,,,,,,
STD-DB10_2-001926,"전분, 밀, 가루",S,국가표준식품성분표,,JAPAN('20),,감자류 및 전분류,,"전분, 밀, 가루",,,,,,,100g,360,13.1,0.2,0.5,0.2,86.0,(0),(0),14,0.6,33,8,3,0,0,-,0,0,0,0,(0),,-,-,-,-,-,(0),(0),(0),,(0),-,-,-,-,-,-,-,-,-,-,-,(0),-,-,(0),(0),,(0),,,(0),(0),,(0),-,,-,-,-,-,-,-,-,,,-,,,-,,,,,-,,-,,-,-,-,,,-,,,,,,,-,,,,,,,,,,,,,,,,,,,,,,-,,-,,,,,,,,-,,,,,,,,,,,,,,,,,,,,,,,,,
STD-DB10_2-001927,"전분, 쌀, 가루",S,국가표준식품성분표,,JAPAN('20),,감자류 및 전분류,,"전분, 쌀, 가루",,,,,,,100g,375,9.699999999999999,0.2,0.7,0.1,89.3,(0),(0),29,1.5,20,2,11,0,0,-,0,0,0,0,(0),,-,-,-,-,-,(0),(0),(0),,(0),-,-,-,-,-,-,-,-,-,-,-,(0),-,-,(0),(0),,(0),,,(0),(0),,(0),-,,-,-,-,-,-,-,-,,,-,,,-,,,,,-,,-,,-,-,-,,,-,,,,,,,-,,,,,,,,,,,,,,,,,,,,,,-,,-,,,,,,,,-,,,,,,,,,,,,,,,,,,,,,,,,,
STD-DB10_2-001928,"전분, 옥수수, 가루",S,국가표준식품성분표,,농진청('16),,감자류 및 전분류,,"전분, 옥수수, 가루",,,,,,,100g,366,9.6,0.19,0.5600000000000001,0.05,89.59999999999999,0.05,0.4,3,0.19,17,13,6,0,0,5,0,0,0,0,0,,0.21,0,0,0,0,-,0,0,,0,0,0,0.03,0.03,0,0,0.01,0.01,0.01,0,0.01,0,0,0,0.04,0,,0.01,,,0,0,,0,0.32,,0,0,1.58,0,0,0,0,,,235.35,,,6.2,,,,,0,,15.42,,0,0,0,,,60.77,,,,,,,0,,,,,,,,,,,,,,,,,,,,,,1,,5,,,,,,,,3,,,,,,,,,,,,,,,,,,,,,,,,,
STD-DB10_2-001929,"전분, 칡뿌리, 가루",S,국가표준식품성분표,,JAPAN('20),,감자류 및 전분류,,"전분, 칡뿌리, 가루",,,,,,,100g,356,13.9,0.2,0.2,0.1,85.59999999999999,(0),(0),18,2.0,12,2,2,(0),(0),-,(0),(0),(0),(0),(0),,-,-,-,-,-,(0),(0),(0),,(0),-,-,-,-,-,-,-,-,-,-,-,(0),-,-,(0),(0),,(0),,,(0),(0),,(0),-,,-,-,-,-,-,-,-,,,-,,,-,,,,,-,,-,,-,-,-,,,-,,,,,,,-,,,,,,,,,,,,,,,,,,,,,,-,,-,,,,,,,,-,,,,,,,,,,,,,,,,,,,,,,,,,
STD-DB10_2-001930,"껌, 무설탕",S,국가표준식품성분표,,USDA('18),,당류,,"껌, 무설탕",,,,,,,100g,268,3.5,0,0.4,1.3,94.8,0,2.4,20,0,0,0,7,0,0,0,0,0,0,0,0,,0.058,-,-,-,-,0,0,0,,-,-,-,0,0,-,-,-,-,-,-,-,-,0,-,-,-,,-,,,-,-,,-,0.325,,1,-,-,-,0,0,-,,,-,,,-,,,,,-,,-,,-,-,0,,,-,,,,,,,-,,,,,,,,,,,,,,,,,,,,,,-,,-,,,,,,,,-,,,,,,,,,,,,,,,,,,,,,,,,,
STD-DB10_2-001931,"사탕, 과일사탕",S,국가표준식품성분표,,농진청('19),,당류,,"사탕, 과일사탕",,,,,,,100g,396,1.1,0.05,0.1,0.07000000000000001,98.64,70.56,0,2,0,7,0,1,0,0,0,0,0.006,0,0,0,,0.02,0,0,0,0,0,0,0,,0.008,0,0,0,0,0,0,0,0,0,0,0,0,0,0,0,3.79,,13.26,,,0,46.92,,6.6,0.03,,0,0,0,0,0,0,0,,,11.78,,,0,,,,,0,,0,,0,0,0,,,21.4,,,,,,,0,,,,,,,,,,,,,,,,,,,,,,0,,1,,,,,,,,1,,,,,,,,,,,,,,,,,,,,,,,,,
STD-DB10_2-001932,"사탕, 드롭스",S,국가표준식품성분표,,농진청('13),,당류,,"사탕, 드롭스",,,,,,,100g,396,1.2,0.31,0.55,0.37,97.54000000000001,42.77,0,25,0.06,30,-,44,0,0,0,0,0.003,0.018,0,0,,0.24,0,0.011,0.007,0,0,0,0,,0.008,0,0,0.13,0.11,0,0,0,0.07000000000000001,0,0.09,0,0,0,0,0,0,,0,,,0,42.77,,0,0.29,,0,0,0,0,0,0,0,,,65.28,,,4.36,,,,,0,,1.28,,0,0,0,,,217.28,,,,,,,0,,,,,,,,,,,,,,,,,,,,,,5,,22,,,,,,,,10,,,,,,,,,,,,,,,,,,,,,,,,,
STD-DB10_2-001933,"사탕, 땅콩",S,국가표준식품성분표,,농진청('13),,당류,,"사탕, 땅콩",,,,,,,100g,354,0.6,0.23,7.14,0.83,91.2,37.08,2.6,7,0.21,50,84,271,0,0,0,0,0.195,0.094,0,0,,2.01,0.06,0.094,0,0,-,0,17,,0,0,0,0.65,0.59,0,0.34,0.03,0.1,0,0.2,0,0,0,0,0,0,,0,,,0,37.08,,0,4.74,,47.92,0,0,0,0,0,0,,,1711.02,,,38.8,,,,,0,,13.18,,0,0,0,,,2895.66,,,,,,,41.2,,,,,,,,,,,,,,,,,,,,,,154,,182,,,,,,,,85,,,,,,,,,,,,,,,,,,,,,,,,,
STD-DB10_2-001934,"사탕, 마시멜로",S,국가표준식품성분표,,JAPAN('20),,당류,,"사탕, 마시멜로",,,,,,,100g,324,(18.5),(2.1),0,(Tr),(79.3),(61.4),0,(1),(0.1),(1),(1),(7),0,0,0,0,0,0,0,0,,-,-,-,-,(Tr),0,0,0,,(Tr),-,-,0,0,0,0,0,-,-,-,-,0,-,-,(0),(0.4),,(15.7),,,(0),(44.0),,(1.3),-,,-,-,-,-,-,-,-,,,-,,,-,,,,,-,,-,,-,-,-,,,-,,,,,,,-,,,,,,,,,,,,,,,,,,,,,,(600),,(72),,,,,,,,(29),,,,,,,,,,,,,,,,,,,,,,,,,
STD-DB10_2-001935,"사탕, 박하사탕",S,국가표준식품성분표,,농진청('13),,당류,,"사탕, 박하사탕",,,,,,,100g,394,1.3,0.02,0.02,0.07000000000000001,98.54000000000001,41.67,0,27,0,14,1,0,0,0,0,0,0.003,0,0,0,,0.01,0,0,0,0,0,0,0,,0.008,0,0,0.45,0.45,0,0,0,0,0,0,0,0,0,0,0,0,,0,,,0,41.67,,0,0.01,,0,0,0,0,0,0,0,,,2.73,,,0,,,,,0,,0,,0,0,0,,,6.38,,,,,,,0,,,,,,,,,,,,,,,,,,,,,,0,,0,,,,,,,,0,,,,,,,,,,,,,,,,,,,,,,,,,
STD-DB10_2-001936,"사탕, 버터",S,국가표준식품성분표,,농진청('19),,당류,,"사탕, 버터",,,,,,,100g,431,2,0.35,8.390000000000001,0.77,88.5,71.75,0,7,0.07000000000000001,9,17,376,39,36,36,0,0.005,0,0,0,,6.06,0.07000000000000001,0,0,0,0,0,0,,0,0,0,1.63,1.59,0,0.3,0.02,0,0,0,0,0,0,0,0,1.46,,12.13,,,0,55.04,,3.12,1.24,,0.85,0,0,0,0,0,0,,,128.49,,,21.72,,,,,2.07,,29.7,,0.53,2.99,0,,,954.12,,,,,,,52.86,,,,,,,,,,,,,,,,,,,,,,4,,15,,,,,,,,7,,,,,,,,,,,,,,,,,,,,,,,,,
STD-DB10_2-001937,"사탕, 츄잉 사탕, 과일맛",S,국가표준식품성분표,,농진청('20),,당류,,"사탕, 츄잉 사탕, 과일맛",,,,,,,100g,430,5.7,1.81,10.63,0.03,81.84,64.84999999999999,0,4,0.1,2,0,22,0,0,0,0.015,0.004,0,156.83,0,,8.65,0,0,0,0,0,0,0,,0,0,0,0.18,0.18,0,0,0,0,0,0,0,0,0,0,0,0,,22.67,,,0,42.18,,0,0.04,,0,0,0,0,0,0,0,,,4.55,,,0,,,,,0,,0,,0,0,0,,,32.56,,,,,,,0,,,,,,,,,,,,,,,,,,,,,,264,,45,,,,,,,,37,,,,,,,,,,,,,,,,,,,,,,,,,
STD-DB10_2-001938,"설탕, 가루",S,국가표준식품성분표,,USDA('18),,당류,,"설탕, 가루",,,,,,,100g,389,0.23,0,0,0.01,99.77,97.81,0,1,0.06,0,2,2,0,0,0,0,0.019,0,0,0,,0,-,-,-,-,0,0,0,,0,-,-,0,0,-,-,-,-,-,-,-,-,0,-,-,-,,-,,,-,-,,-,0,,0,-,-,-,0,0,-,,,-,,,-,,,,,-,,-,,-,-,0,,,-,,,,,,,-,,,,,,,,,,,,,,,,,,,,,,-,,-,,,,,,,,-,,,,,,,,,,,,,,,,,,,,,,,,,
STD-DB10_2-001939,"설탕, 각설탕",S,국가표준식품성분표,,농진청('19),,당류,,"설탕, 각설탕",,,,,,,100g,387,0.1,0,0,0,99.95,99.5,0,1,0,0,0,0,0,0,0,0,0,0,0,0,,0,0,0,0,0,0,0,0,,0,0,0,0,0,0,0,0,0,0,0,0,0,0,0,0,0,,0,,,0,99.5,,0,0,,0,0,0,0,0,0,0,,,0,,,0,,,,,0,,0,,0,0,0,,,0,,,,,,,0,,,,,,,,,,,,,,,,,,,,,,0,,0,,,,,,,,0,,,,,,,,,,,,,,,,,,,,,,,,,
STD-DB10_2-001940,"설탕, 백설탕",S,국가표준식품성분표,,농진청('19),,당류,,"설탕, 백설탕",,,,,,,100g,386,0.2,0,0,0,99.8,99.7,0,6,0.13,0,1,2,0,0,0,0,0,0,0,0,,0,0,0,0,0,0,0,0,,0.096,0,0,0,0,0,0,0,0,0,0,0,0,0,0,0,0,,0,,,0,99.7,,0,0,,0,0,0,0,0,0,0,,,0,,,0,,,,,0,,0,,0,0,0,,,0,,,,,,,0,,,,,,,,,,,,,,,,,,,,,,0,,0,,,,,,,,0,,,,,,,,,,,,,,,,,,,,,,,,,
STD-DB10_2-001941,"설탕, 빙설탕",S,국가표준식품성분표,,JAPAN('20),,당류,,"설탕, 빙설탕",,,,,,,100g,394,0.1,0.1,(0),Tr,99.8,99.90000000000001,(0),1,0.2,Tr,Tr,2,(0),(0),-,(0),(0),(0),(0),(0),,-,-,-,-,-,(0),(0),(0),,(0),-,-,(0),(0),(0),(0),(0),-,-,-,-,(0),-,-,-,Tr,,0,,,(0),99.90000000000001,,Tr,-,,-,-,-,-,-,-,-,,,-,,,-,,,,,-,,-,,-,-,-,,,-,,,,,,,-,,,,,,,,,,,,,,,,,,,,,,-,,-,,,,,,,,-,,,,,,,,,,,,,,,,,,,,,,,,,
STD-DB10_2-001942,"설탕, 황설탕",S,국가표준식품성분표,,농진청('19),,당류,,"설탕, 황설탕",,,,,,,100g,386,0.2,0.03,0.01,0.08,99.66,98.29000000000001,0,10,0.16,0,8,2,0,0,0,0,0,0,0,0,,0,0,0,0,0,0,0,0,,0.192,0,0,0,0,0,0,0,0,0,0,0,0,0,0,0,0,,0,,,0,98.29000000000001,,0,0,,0,0,0,0,0,0,0,,,0,,,0,,,,,0,,0,,0,0,0,,,0,,,,,,,0,,,,,,,,,,,,,,,,,,,,,,0,,0,,,,,,,,0,,,,,,,,,,,,,,,,,,,,,,,,,
STD-DB10_2-001943,"설탕, 흑설탕",S,국가표준식품성분표,,농진청('19),,당류,,"설탕, 흑설탕",,,,,,,100g,380,1.7,0.12,0.02,0.2,97.97,92.84999999999999,0,48,0.6899999999999999,1,94,18,0,0,0,0,0,0,0,0,,0,0,0,0,0,0.023,0,0,,0.144,0,0,0,0,0,0,0,0,0,0,0,0,0,0,0,0,,0,,,0,92.84999999999999,,0,0,,0,0,0,0,0,0,0,,,0,,,0,,,,,0,,0,,0,0,0,,,0,,,,,,,0,,,,,,,,,,,,,,,,,,,,,,1,,0,,,,,,,,0,,,,,,,,,,,,,,,,,,,,,,,,,
STD-DB10_2-001944,"초코바, 쿠키 캐러멜",S,국가표준식품성분표,,농진청('18),,당류,,"초코바, 쿠키 캐러멜",,,,,,,100g,489,4.8,4.33,22.33,0.93,67.59999999999999,43.07,1.1,83,1.63,106,203,151,25,24,7,0.057,0.092,3.131,0.14,0,,12.66,0.09,2.362,0.769,1.42,0.066,0.29,52,,0.389,0,0,1.58,1.33,0,1.26,0,0.4,0,0,0,0,0,0,0,0,,0,,,4.29,32.33,,6.45,8.220000000000001,,16.98,0,5.13,0,0,0,0,,,1298.67,,,116.77,,,,,4.22,,50.68,,4.2,0,0,,,6654.03,,,,,,,34.3,,,,,,,,,,,,,,,,,,,,,,104,,229,,,,,,,,89,,,,,,,,,,,,,,,,,,,,,,,,,
STD-DB10_2-001945,"녹두 빈대떡, 가루",S,국가표준식품성분표,,식약('96),,두류,,"녹두 빈대떡, 가루",,,,,,,100g,347,9.9,20.7,1.2,4.8,63.4,-,-,55,4.2,514,1004,723,0,0,0,0.19,0.15,1.9,0,-,,-,-,-,-,-,-,-,-,,-,-,-,-,-,-,-,-,-,-,-,-,-,-,-,-,-,,-,,,-,-,,-,-,,-,-,-,-,-,-,-,,,-,,,-,,,,,-,,-,,-,-,-,,,-,,,,,,,-,,,,,,,,,,,,,,,,,,,,,,-,,-,,,,,,,,-,,,,,,,,,,,,,,,,,,,,,,,,,
STD-DB10_2-001946,"녹두 빈대떡가루, 반죽",S,국가표준식품성분표,,식약('96),,두류,,"녹두 빈대떡가루, 반죽",,,,,,,100g,98,75.59999999999999,6.2,0.6,0.6,17,-,-,23,1.3,88,210,15,3,0,37,0.15,0.03,0.6,6,-,,-,-,-,-,-,-,-,-,,-,-,-,-,-,-,-,-,-,-,-,-,-,-,-,-,-,,-,,,-,-,,-,-,,-,-,-,-,-,-,-,,,-,,,-,,,,,-,,-,,-,-,-,,,-,,,,,,,-,,,,,,,,,,,,,,,,,,,,,,-,,-,,,,,,,,-,,,,,,,,,,,,,,,,,,,,,,,,,
STD-DB10_2-001947,"녹두 국수, 말린것",S,국가표준식품성분표,,JAPAN('20),,두류,,"녹두 국수, 말린것",,,,,,,100g,344,11.8,0.2,0.4,0.1,87.5,0,4.1,20,0.5,10,13,14,(0),(0),(0),(0),(0),(0),(0),(0),,-,-,-,-,-,(0),(0),(0),,(0),-,-,(0),(0),(0),(0),(0),-,-,-,-,(0),-,-,-,0,,0,,,(0),0,,0,-,,-,-,-,-,-,-,-,,,-,,,-,,,,,-,,-,,-,-,-,,,-,,,,,,,-,,,,,,,,,,,,,,,,,,,,,,-,,-,,,,,,,,-,,,,,,,,,,,,,,,,,,,,,,,,,
STD-DB10_2-001948,"두유, 콩국물, 소금 0.3%",S,국가표준식품성분표,,농진청('16),,두류,,"두유, 콩국물, 소금 0.3%",,,,,,,100g,57,87.8,4.84,2.57,1.05,3.74,0.91,1.1,27,0.62,80,240,155,0,0,0,0.011,0.039,0.526,0.02,0,,0.35,0.01,0.146,0.38,0,-,0,37,,0.083,0,0,0.03,0.01,0,0.17,0.11,0,0,0,0,-,0,-,0,0,,0,,,0,0.91,,0,2.1,,3.9,0,0,0,0,0,0,,,1373.86,,,32.5,,,,,0,,237.85,,1.72,0,0,,,448.9,,,,,,,1.09,,,,,,,,,,,,,,,,,,,,,,172,,340,,,,,,,,169,,,,,,,,,,,,,,,,,,,,,,,,,
STD-DB10_2-001949,콩조림(콩자반),S,국가표준식품성분표,,식약('11),,두류,,콩조림(콩자반),,,,,,,100g,271,32.8,19.3,4.2,4.6,39.1,-,16.8,95,28.2,296,761,1067,3,0,31,0.43,0.25,2.8,0,-,,-,-,-,-,-,-,-,-,,-,-,-,-,-,-,-,-,-,-,-,-,-,-,-,-,-,,-,,,-,-,,-,-,,-,-,-,-,-,-,-,,,-,,,-,,,,,-,,-,,-,-,-,,,-,,,,,,,-,,,,,,,,,,,,,,,,,,,,,,-,,-,,,,,,,,-,,,,,,,,,,,,,,,,,,,,,,,,,
STD-DB10_2-001950,"때죽, 말린것",S,국가표준식품성분표,,농진청('91),,견과류 및 종실류,,"때죽, 말린것",,,,,,,100g,551,7.6,13.6,44.7,2.3,31.8,-,-,9,1.6,135,-,-,1,0,7,0.16,0.06,2.8,0,-,,-,-,-,-,-,-,-,-,,-,-,-,-,-,-,-,-,-,-,-,-,-,-,-,-,-,,-,,,-,-,,-,-,,-,-,-,-,-,-,-,,,-,,,-,,,,,-,,-,,-,-,-,,,-,,,,,,,-,,,,,,,,,,,,,,,,,,,,,,-,,-,,,,,,,,-,,,,,,,,,,,,,,,,,,,,,,,,,
STD-DB10_2-001951,"밤, 통조림",S,국가표준식품성분표,,농진청('22),,견과류 및 종실류,,"밤, 통조림",,,,,,,100g,214,46.6,0.76,0.19,0.07000000000000001,52.39,34.55,1.6,9,0.05,9,6,11,1,0,18,0,0.004,0.514,2.52,0,,0.05,0,0.21,0.304,0.44,0,0,5,,0,0,0,0.19,0,0,1.88,0,0,0,0,0,0,0,0,0,0.82,,0,,,0,33.01,,0.72,0.12,,0,0,0,0,0,0,0,,,71.34999999999999,,,5.69,,,,,0,,19.65,,0,0,0,,,18.41,,,,,,,0,,,,,,,,,,,,,,,,,,,,,,34,,62,,,,,,,,37,,,,,,,,,,,,,,,,,,,,,,,,,
STD-DB10_2-001952,잣죽,S,국가표준식품성분표,,농진청('18),,견과류 및 종실류,,잣죽,,,,,,,100g,64,87.09999999999999,1.45,3.06,0.53,7.9,0.12,3.1,3,0.24,31,33,160,0,0,0,0.079,0.036,0.394,0.03,0,,0.27,0.51,0.297,0.097,0.5,0.007,0,2,,0.144,0,0,0.27,0.26,0,0.08,0,0,0,0,0,0,0,0,0,0,,0,,,0,0.11,,0.01,2.24,,37.98,0,0,0,0,0,0,,,1361.2,,,17.25,,,,,0,,6.49,,20.76,0,0,,,794.85,,,,,,,1.29,,,,,,,,,,,,,,,,,,,,,,55,,91,,,,,,,,47,,,,,,,,,,,,,,,,,,,,,,,,,
STD-DB10_2-001953,"참깨 과자, 엿강정",S,국가표준식품성분표,,식약('96),,견과류 및 종실류,,"참깨 과자, 엿강정",,,,,,,100g,538,4.4,15,32.9,2.3,45.4,-,-,520,4.6,419,225,81,0,0,3,0.36,0.12,4.4,0,-,,-,-,-,-,-,-,-,-,,-,-,-,-,-,-,-,-,-,-,-,-,-,-,-,-,-,,-,,,-,-,,-,-,,-,-,-,-,-,-,-,,,-,,,-,,,,,-,,-,,-,-,-,,,-,,,,,,,-,,,,,,,,,,,,,,,,,,,,,,-,,-,,,,,,,,-,,,,,,,,,,,,,,,,,,,,,,,,,
STD-DB10_2-001954,참깨죽,S,국가표준식품성분표,,국('80),,견과류 및 종실류,,참깨죽,,,,,,,100g,38,91.59999999999999,1,1.2,0.3,5.9,-,-,17,1.3,25,23,120,-,-,-,0.02,0.02,0.4,0,-,,-,-,-,-,-,-,-,-,,-,-,-,-,-,-,-,-,-,-,-,-,-,-,-,-,-,,-,,,-,-,,-,-,,-,-,-,-,-,-,-,,,-,,,-,,,,,-,,-,,-,-,-,,,-,,,,,,,-,,,,,,,,,,,,,,,,,,,,,,-,,-,,,,,,,,-,,,,,,,,,,,,,,,,,,,,,,,,,
STD-DB10_2-001955,"갯나물, 칠면초, 생것",S,국가표준식품성분표,,농진청('98),,채소류,,"갯나물, 칠면초, 생것",,,,,,,100g,27,88.59999999999999,2.7,0.3,3.4,5,-,-,51,3.1,26,197,673,263,0,3150,0.1,0.35,1.1,36,-,,-,-,-,-,-,-,-,-,,-,-,-,-,-,-,-,-,-,-,-,-,-,-,-,-,-,,-,,,-,-,,-,-,,-,-,-,-,-,-,-,,,-,,,-,,,,,-,,-,,-,-,-,,,-,,,,,,,-,,,,,,,,,,,,,,,,,,,,,,-,,-,,,,,,,,-,,,,,,,,,,,,,,,,,,,,,,,,,
STD-DB10_2-001956,"국화꽃, 생것",S,국가표준식품성분표,,JAPAN('20),,채소류,,"국화꽃, 생것",,,,,,,100g,25,91.5,1.4,0,0.6,6.5,-,3.4,22,0.7,28,280,2,6,(0),67,0.10,0.11,0.5,11,(0),,-,-,-,-,-,0.08,(0),73,,0.20,-,-,4.7,4.6,0.1,0.3,0,-,-,-,-,11,-,-,-,-,,-,,,-,-,,-,-,,-,-,-,-,-,-,-,,,-,,,-,,,,,-,,-,,-,-,-,,,-,,,,,,,-,,,,,,,,,,,,,,,,,,,,,,(68),,(110),,,,,,,,(61),,,,,,,,,,,,,,,,,,,,,,,,,
STD-DB10_2-001957,"국화꽃, 데친것",S,국가표준식품성분표,,JAPAN('20),,채소류,,"국화꽃, 데친것",,,,,,,100g,21,92.90000000000001,1.0,0,0.4,5.7,-,2.9,16,0.5,20,140,1,5,(0),61,0.06,0.07000000000000001,0.2,5,(0),,-,-,-,-,-,0.04,(0),40,,0.15,-,-,4.2,4.1,0.1,0.3,0,-,-,-,-,10,-,-,-,-,,-,,,-,-,,-,-,,-,-,-,-,-,-,-,,,-,,,-,,,,,-,,-,,-,-,-,,,-,,,,,,,-,,,,,,,,,,,,,,,,,,,,,,(48),,(76),,,,,,,,(44),,,,,,,,,,,,,,,,,,,,,,,,,
STD-DB10_2-001958,"국화꽃, 말린것",S,국가표준식품성분표,,JAPAN('20),,채소류,,"국화꽃, 말린것",,,,,,,100g,283,9.5,11.6,0.2,5.2,73.5,-,29.6,160,11.0,250,2500,14,15,(0),180,0.73,0.89,3.8,10,(0),,-,-,-,-,-,0.6899999999999999,(0),370,,1.50,-,-,25.3,25.0,0.5,0.6,0.1,-,-,-,-,62,-,-,-,-,,-,,,-,-,,-,-,,-,-,-,-,-,-,-,,,-,,,-,,,,,-,,-,,-,-,-,,,-,,,,,,,-,,,,,,,,,,,,,,,,,,,,,,(560),,(890),,,,,,,,(510),,,,,,,,,,,,,,,,,,,,,,,,,
STD-DB10_2-001959,당근 주스,S,국가표준식품성분표,,농진청('15),,채소류,,당근 주스,,,,,,,100g,38,89,0.44,0.09,0.44,10.03,6.87,2.1,11,0.09,16,193,42,604,0,7251,0,0.035,0.35,5.64,0,,0.02,0,0.34,0.01,0,-,0,8,,0.3,0,0,0.18,0.18,0,0,0,0,0,0,0,0,0,0,0.37,1.28,,0,,,0,5.22,,0,0.07000000000000001,,0,0,0,0,0,0,0,,,67.98999999999999,,,0,,,,,0,,0,,0,0,0,,,0,,,,,,,0,,,,,,,,,,,,,,,,,,,,,,9,,16,,,,,,,,12,,,,,,,,,,,,,,,,,,,,,,,,,
STD-DB10_2-001960,"당근 주스, 캔",S,국가표준식품성분표,,USDA('18),,채소류,,"당근 주스, 캔",,,,,,,100g,40,88.87,0.95,0.15,0.75,9.279999999999999,3.91,0.8,24,0.46,42,292,66,775,0,9303,0.092,0.055,0.386,8.5,0,,0.027,0,-,-,-,0.217,0,4,,0.228,-,-,1.16,1.16,-,-,-,-,-,-,-,-,15.5,-,-,-,,-,,,-,-,,-,0.078,,0,-,-,-,0,0,-,,,-,,,-,,,,,-,,-,,-,-,0,,,-,,,,,,,-,,,,,,,,,,,,,,,,,,,,,,-,,-,,,,,,,,-,,,,,,,,,,,,,,,,,,,,,,,,,
STD-DB10_2-001961,"대나무순(죽순), 생것",S,국가표준식품성분표,,농진청('15),,채소류,,"대나무순(죽순), 생것",,,,,,,100g,24,91.59999999999999,3.48,0.22,0.93,3.77,1.11,2.8,14,0.39,66,468,0,1,0,14,0.043,0.165,0.271,8.029999999999999,0,,0.07000000000000001,0,0.235,0.036,1.65,-,0,32,,0.441,0,0,0.07000000000000001,0.07000000000000001,0,0,0,0,0,0,0,0,0,0,0,0.59,,0,,,0,0,,0.52,0.15,,0,0,0,0,0,0,0,,,101.98,,,0,,,,,0,,44.15,,0,0,0,,,0,,,,,,,0,,,,,,,,,,,,,,,,,,,,,,96,,154,,,,,,,,97,,,,,,,,,,,,,,,,,,,,,,,,,
STD-DB10_2-001962,"대나무순(죽순), 데친것",S,국가표준식품성분표,,농진청('93),,채소류,,"대나무순(죽순), 데친것",,,,,,,100g,30,90.09999999999999,3.2,0.3,0.9,5.5,-,-,9,0.9,83,855,6,0,0,3,0.08,0.15,0.3,8,-,,-,-,-,-,-,-,-,-,,-,-,-,-,-,-,-,-,-,-,-,-,-,-,-,-,-,,-,,,-,-,,-,-,,-,-,-,-,-,-,-,,,-,,,-,,,,,-,,-,,-,-,-,,,-,,,,,,,-,,,,,,,,,,,,,,,,,,,,,,-,,-,,,,,,,,-,,,,,,,,,,,,,,,,,,,,,,,,,
STD-DB10_2-001963,"대나무순(죽순), 삶은것",S,국가표준식품성분표,,농진청('15),,채소류,,"대나무순(죽순), 삶은것",,,,,,,100g,19,93.3,2.29,0.28,1.01,3.12,0.41,2.3,18,0.28,34,156,0,4,0,50,0.007,0.083,0.272,0,0,,0.07000000000000001,0,0.14,0.132,1.62,-,0,43,,0.209,0,0,0.5,0.43,0,0.7,0,0,0,0,0,0,0,0,0,0.27,,0,,,0,0.07000000000000001,,0.07000000000000001,0.19,,0,0,0,0,0,0,0,,,119.98,,,0,,,,,0,,72.48999999999999,,0,0,0,,,0,,,,,,,0,,,,,,,,,,,,,,,,,,,,,,57,,90,,,,,,,,56,,,,,,,,,,,,,,,,,,,,,,,,,
STD-DB10_2-001964,"대나무순(죽순), 삶아서 말린것",S,국가표준식품성분표,,농진청('15),,채소류,,"대나무순(죽순), 삶아서 말린것",,,,,,,100g,314,5.4,28.31,4.69,3.98,57.62,2.27,44.8,259,3.84,455,1372,11,10,0,125,0.073,2.7,1.944,0,0,,1.17,0,1.944,0,1.91,-,0,408,,0.873,0,0,2.3,2.2,0,0.95,0,0,0,0,0,0,0,0,0,1.33,,0,,,0,0.15,,0.79,3.31,,10.69,0,32.1,0,0,0,0,,,1945.58,,,0,,,,,0,,1239.18,,0,0,0,,,89.73999999999999,,,,,,,0,,,,,,,,,,,,,,,,,,,,,,1180,,2072,,,,,,,,1121,,,,,,,,,,,,,,,,,,,,,,,,,
STD-DB10_2-001965,"대나무순(죽순), 통조림",S,국가표준식품성분표,,JAPAN('20),,채소류,,"대나무순(죽순), 통조림",,,,,,,100g,22,92.8,2.7,0.2,0.3,4.0,(1.4),2.3,19,0.3,38,77,3,(0),(0),0,0.01,0.04,0.1,0,(0),,(0.05),-,-,-,0.8,0.02,(0),36,,0.10,-,-,1.1,1.0,0,0.8,0,-,-,-,-,1,-,-,-,(0.5),,(0),,,(0.2),(0),,(0.7),(0.09),,(0),-,-,-,(0),(0),-,,,(76),,,-,,,,,(0),,(14),,-,-,(0),,,-,,,,,,,-,,,,,,,,,,,,,,,,,,,,,,(81),,(120),,,,,,,,(64),,,,,,,,,,,,,,,,,,,,,,,,,
STD-DB10_2-001966,"들깻잎장아찌, 통조림",S,국가표준식품성분표,,식약('96),,채소류,,"들깻잎장아찌, 통조림",,,,,,,100g,76,77.7,4.7,1.7,5.5,10.4,-,-,166,4,42,166,1679,365,0,4377,0.09,0.15,0.7,0,-,,-,-,-,-,-,-,-,-,,-,-,-,-,-,-,-,-,-,-,-,-,-,-,-,-,-,,-,,,-,-,,-,-,,-,-,-,-,-,-,-,,,-,,,-,,,,,-,,-,,-,-,-,,,-,,,,,,,-,,,,,,,,,,,,,,,,,,,,,,-,,-,,,,,,,,-,,,,,,,,,,,,,,,,,,,,,,,,,
STD-DB10_2-001967,무국물,S,국가표준식품성분표,,농진청('20),,채소류,,무국물,,,,,,,100g,3,99.2,0.16,0,0.08,0.55,0.36,0,2,0.09,3,16,2,0,0,0,0,0,0,0.76,0,,0,0,0,0,0,0,0,3,,0,0,0,0,0,0,0,0,0,0,0,0,0,0,0,0,0.18,,0,,,0,0,,0.18,0,,0,0,0,0,0,0,0,,,0,,,0,,,,,0,,0,,0,0,0,,,0,,,,,,,0,,,,,,,,,,,,,,,,,,,,,,-,,2,,,,,,,,3,,,,,,,,,,,,,,,,,,,,,,,,,
STD-DB10_2-001968,"배암차즈기(곰보배추), 잎, 생것",S,국가표준식품성분표,,농진청('17),,채소류,,"배암차즈기(곰보배추), 잎, 생것",,,,,,,100g,25,92.2,1.73,0.62,0.97,4.5,1.44,2.1,88,2.5,31,391,7,22,0,261,0.146,0.191,0.9370000000000001,4.65,-,,0.04,0,0.068,0.87,1.47,-,-,58,,0,-,-,0,0,0,0,0,0,0,0,0,151.68,151.68,0,0,0,,1.05,,,0,0,,0.36,0.15,,0,0,0,1.05,0,0,0,,,34.05,,,0,,,,,0,,102.97,,0,0,0,,,3.93,,,,,,,0,,,,,,,,,,,,,,,,,,,,,,73,,116,,,,,,,,56,,,,,,,,,,,,,,,,,,,,,,,,,
STD-DB10_2-001969,"비트 피클, 통조림",S,국가표준식품성분표,,USDA('18),,채소류,,"비트 피클, 통조림",,,,,,,100g,65,81.88,0.8,0.08,0.96,16.28,11.05,0.8,11,0.41,17,115,149,2,0,29,0.01,0.048,0.251,2.3,0,,0.013,0,-,-,-,0.05,0,27,,0.137,-,-,0.06,0.06,-,-,-,-,-,-,-,-,0.3,-,-,-,,-,,,-,-,,-,0.045,,0,-,-,-,0,0,-,,,-,,,-,,,,,-,,-,,-,-,0,,,-,,,,,,,-,,,,,,,,,,,,,,,,,,,,,,15,,34,,,,,,,,24,,,,,,,,,,,,,,,,,,,,,,,,,
STD-DB10_2-001970,"사탕무, 생것",S,국가표준식품성분표,,농진청('98),,채소류,,"사탕무, 생것",,,,,,,100g,77,78.5,1.8,0,1,18.7,-,-,11,0.8,30,343,61,0,0,0,0.01,0.06,0.1,17,-,,-,-,-,-,-,-,-,-,,-,-,-,-,-,-,-,-,-,-,-,-,-,-,-,-,-,,-,,,-,-,,-,-,,-,-,-,-,-,-,-,,,-,,,-,,,,,-,,-,,-,-,-,,,-,,,,,,,-,,,,,,,,,,,,,,,,,,,,,,-,,-,,,,,,,,-,,,,,,,,,,,,,,,,,,,,,,,,,
STD-DB10_2-001971,"사탕수수, 생것",S,국가표준식품성분표,,농진청('04),,채소류,,"사탕수수, 생것",,,,,,,100g,77,77.3,1.1,0,0.7,20.9,-,-,26,0.9,10,328,10,0,0,0,0.14,0.03,0.9,0,-,,-,-,-,-,-,-,-,-,,-,-,-,-,-,-,-,-,-,-,-,-,-,-,-,-,-,,-,,,-,-,,-,-,,-,-,-,-,-,-,-,,,-,,,-,,,,,-,,-,,-,-,-,,,-,,,,,,,-,,,,,,,,,,,,,,,,,,,,,,-,,-,,,,,,,,-,,,,,,,,,,,,,,,,,,,,,,,,,
STD-DB10_2-001972,"생강, 편강, 당조림",S,국가표준식품성분표,,농진청('19),,채소류,,"생강, 편강, 당조림",,,,,,,100g,364,9.800000000000001,0.7,0.86,0.25,88.34999999999999,19.9,-,30,0.53,7,100,6,0,0,0,0.077,0,0.249,5.11,0,,0.02,0,0,0.249,0.17,0.996,0,7,,0.484,0,0,0.15,0.15,0,0,0,0,0,0,0,0,0,0,0,0,,0,,,0,19.9,,0,0.03,,0,0,0,0,0,0,0,,,18.75,,,0,,,,,0,,4.35,,0,0,0,,,6.59,,,,,,,0,,,,,,,,,,,,,,,,,,,,,,28,,35,,,,,,,,11,,,,,,,,,,,,,,,,,,,,,,,,,
STD-DB10_2-001973,"수리취(떡취), 생것",S,국가표준식품성분표,,농진청('89),,채소류,,"수리취(떡취), 생것",,,,,,,100g,64,79.09999999999999,3.9,0.2,2.1,14.7,-,-,46,3.2,21,-,-,49,0,587,0.03,0.19,0.2,18,-,,-,-,-,-,-,-,-,-,,-,-,-,-,-,-,-,-,-,-,-,-,-,-,-,-,-,,-,,,-,-,,-,-,,-,-,-,-,-,-,-,,,-,,,-,,,,,-,,-,,-,-,-,,,-,,,,,,,-,,,,,,,,,,,,,,,,,,,,,,-,,-,,,,,,,,-,,,,,,,,,,,,,,,,,,,,,,,,,
STD-DB10_2-001974,"순무, 전체, 생것",S,국가표준식품성분표,,농진청('14),,채소류,,"순무, 전체, 생것",,,,,,,100g,27,91.59999999999999,1.5,0.09,1.16,5.65,1.93,2.7,99,0.93,37,350,59,56,0,671,0.061,0.158,0.646,4.31,0,,0.02,0,0.044,0.602,0,-,0,55,,0.251,0,0,0.09,0.09,0,0,0,0,0,0,0,179.882,179.882,0,0,0.79,,0,,,0,0,,1.14,0.06,,0,0,0.6899999999999999,0,0,0,0,,,13.27,,,10.13,,,,,0.76,,31.9,,0,0,0,,,3.4,,,,,,,0,,,,,,,,,,,,,,,,,,,,,,49,,79,,,,,,,,41,,,,,,,,,,,,,,,,,,,,,,,,,
STD-DB10_2-001975,"아스파라거스, 통조림",S,국가표준식품성분표,,농진청('01),,채소류,,"아스파라거스, 통조림",,,,,,,100g,14,94.40000000000001,1.1,0.1,1.4,3,-,-,14,12,26,104,387,0,0,-,0.02,0.08,0.6,6,-,,-,-,-,-,-,-,-,-,,-,-,-,-,-,-,-,-,-,-,-,-,-,-,-,-,-,,-,,,-,-,,-,-,,-,-,-,-,-,-,-,,,-,,,-,,,,,-,,-,,-,-,-,,,-,,,,,,,-,,,,,,,,,,,,,,,,,,,,,,-,,-,,,,,,,,-,,,,,,,,,,,,,,,,,,,,,,,,,
STD-DB10_2-001976,알로에 음료,S,국가표준식품성분표,,농진청('16),,채소류,,알로에 음료,,,,,,,100g,40,88.8,0,0,0.11,11.09,9.210000000000001,0.7,58,0.11,1,13,20,0,0,0,0,0,0,6.7,0,,0,0,0,0,0,-,0,0,,0,0,0,0.01,0,0.01,0,0,0.01,0,0,0,0,0,0,0,1.19,,0,,,0,6.75,,1.27,0,,0,0,0,0,0,0,0,,,0.48,,,0,,,,,0,,0,,0,0,0,,,1.01,,,,,,,0,,,,,,,,,,,,,,,,,,,,,,0,,0,,,,,,,,0,,,,,,,,,,,,,,,,,,,,,,,,,
STD-DB10_2-001977,"양파링, 튀김옷, 냉동",S,국가표준식품성분표,,USDA('18),,채소류,,"양파링, 튀김옷, 냉동",,,,,,,100g,258,51.22,3.15,14.1,1,30.53,-,1.8,46,0.93,49,190,246,0,0,-,0.1,0.079,0.6929999999999999,4.6,0,,4.534,-,-,-,-,0.132,0,68,,0.24,-,-,-,-,-,-,-,-,-,-,-,-,-,-,-,-,,-,,,-,-,,-,8.438000000000001,,-,-,-,-,-,-,-,,,-,,,-,,,,,-,,-,,-,-,-,,,-,,,,,,,-,,,,,,,,,,,,,,,,,,,,,,116,,207,,,,,,,,126,,,,,,,,,,,,,,,,,,,,,,,,,
STD-DB10_2-001978,"양파링, 튀긴것(튀김옷)",S,국가표준식품성분표,,USDA('18),,채소류,,"양파링, 튀긴것(튀김옷)",,,,,,,100g,411,24.52,3.86,25.23,2.82,43.58,5.43,2.7,115,0.78,158,167,776,0,0,2,0.11,0.063,0.673,1.4,0,,4.194,0.164,-,-,-,0.133,0,42,,0.325,-,-,6.19,4.92,0.18,11.02,1.22,0.15,0,0.1,0.06,-,55.8,-,0,0.98,,0.45,,,0,3.56,,0.44,19.034,,81,42,7,-,0,0,4,,,11338,,,-,,,,,-,,577,,9,0,1,,,-,,,,,,,-,,,,,,,,,,,,,,,,,,,,,,-,,-,,,,,,,,-,,,,,,,,,,,,,,,,,,,,,,,,,
STD-DB10_2-001979,연근 조림,S,국가표준식품성분표,,식약('11),,채소류,,연근 조림,,,,,,,100g,261,34.3,2.1,1.3,2.1,60.2,-,4.3,23,5.4,27,100,668,1,0,13,0.12,0.15,1,0,-,,-,-,-,-,-,-,-,-,,-,-,-,-,-,-,-,-,-,-,-,-,-,-,-,-,-,,-,,,-,-,,-,-,,-,-,-,-,-,-,-,,,-,,,-,,,,,-,,-,,-,-,-,,,-,,,,,,,-,,,,,,,,,,,,,,,,,,,,,,-,,-,,,,,,,,-,,,,,,,,,,,,,,,,,,,,,,,,,
STD-DB10_2-001980,"전호, 생것",S,국가표준식품성분표,,농진청('99),,채소류,,"전호, 생것",,,,,,,100g,23,90.8,3.1,0.1,1.8,4.2,-,-,161,5.3,54,849,62,246,0,2957,0.13,0.17,0.8,73,-,,-,-,-,-,-,-,-,-,,-,-,-,-,-,-,-,-,-,-,-,-,-,-,-,-,-,,-,,,-,-,,-,-,,-,-,-,-,-,-,-,,,-,,,-,,,,,-,,-,,-,-,-,,,-,,,,,,,-,,,,,,,,,,,,,,,,,,,,,,-,,-,,,,,,,,-,,,,,,,,,,,,,,,,,,,,,,,,,
STD-DB10_2-001981,"참죽나물(가죽나물), 생것",S,국가표준식품성분표,,농진청('16),,채소류,,"참죽나물(가죽나물), 생것",,,,,,,100g,48,83.8,5.8,0.39,1.4,8.59,0.78,4.9,113,2.22,115,472,3,118,0,1422,0.377,0.3,0.681,-,0,,0.1,0,0.338,0.344,0,-,0,97,,1.245,0,0,0.83,0.8100000000000001,0.02,0.13,0,0,0,0,0,293.24,293.24,0,0,0.38,,0,,,0,0,,0.4,0.27,,0.67,0,0,0,0,0,1.52,,,101.76,,,0.47,,,,,0,,161.4,,0.46,0,0,,,4.69,,,,,,,0,,,,,,,,,,,,,,,,,,,,,,172,,256,,,,,,,,143,,,,,,,,,,,,,,,,,,,,,,,,,
STD-DB10_2-001982,"참죽나물(가죽나물), 데친것",S,국가표준식품성분표,,농진청('16),,채소류,,"참죽나물(가죽나물), 데친것",,,,,,,100g,46,84.90000000000001,5.39,0.51,1.08,8.1,0.57,5.9,107,1.33,103,350,2,183,0,2199,0.127,0.134,0.3,-,0,,0.11,0,0.055,0.246,0,-,0,122,,1.009,0,0,2.17,2.14,0.02,0.19,0,0,0,0,0,305.53,305.53,0,0,0.09,,0,,,0,0.3,,0.18,0.38,,0.68,0,0,0,0,0,1.82,,,121.8,,,0.63,,,,,0,,242.86,,0.53,0,0,,,5.6,,,,,,,0,,,,,,,,,,,,,,,,,,,,,,173,,264,,,,,,,,142,,,,,,,,,,,,,,,,,,,,,,,,,
STD-DB10_2-001983,"참죽나물, 말린것",S,국가표준식품성분표,,농진청('95),,채소류,,"참죽나물, 말린것",,,,,,,100g,280,8,27.9,1,6.1,57,-,-,946,2.1,485,944,37,3,0,37,0.65,1.49,3.3,39,-,,-,-,-,-,-,-,-,-,,-,-,-,-,-,-,-,-,-,-,-,-,-,-,-,-,-,,-,,,-,-,,-,-,,-,-,-,-,-,-,-,,,-,,,-,,,,,-,,-,,-,-,-,,,-,,,,,,,-,,,,,,,,,,,,,,,,,,,,,,-,,-,,,,,,,,-,,,,,,,,,,,,,,,,,,,,,,,,,
STD-DB10_2-001984,"참죽나물(가죽나물), 삶아서 말린것",S,국가표준식품성분표,,농진청('16),,채소류,,"참죽나물(가죽나물), 삶아서 말린것",,,,,,,100g,269,11.3,34.44,3.13,6.59,44.54,6.8,34.2,613,9.109999999999999,691,2054,11,934,0,11207,0.358,1.027,1.231,138.84,0,,0.68,0.03,0,1.231,0,-,0,664,,1.317,0,0,8.67,8.550000000000001,0,1.18,0,0,0,0,0,1117.67,1117.67,0,0,1.32,,0,,,0,2.58,,2.89,2.29,,6.26,0,0,4.22,0,0,19.39,,,886.6900000000001,,,4.7,,,,,8.92,,1327.82,,8.65,0,0,,,15.96,,,,,,,0,,,,,,,,,,,,,,,,,,,,,,1521,,2315,,,,,,,,1297,,,,,,,,,,,,,,,,,,,,,,,,,
STD-DB10_2-001985,"총각무, 전체, 생것",S,국가표준식품성분표,,농진청('14),,채소류,,"총각무, 전체, 생것",,,,,,,100g,22,92.5,1.38,0.07000000000000001,0.87,5.18,2.19,2.7,82,0.88,35,261,29,41,0,488,0.036,0.233,0.264,15.56,0,,0.02,0,-,-,0,-,0,16,,0,0,0,0.07000000000000001,0.07000000000000001,0,0,0,0,0,0,0,90.078,90.078,0,0,1.33,,0,,,0,0,,0.86,0.05,,0,0,0.49,0,0,0,0,,,6.22,,,6.81,,,,,0.36,,31.82,,0,0,0,,,1.61,,,,,,,0,,,,,,,,,,,,,,,,,,,,,,39,,61,,,,,,,,34,,,,,,,,,,,,,,,,,,,,,,,,,
STD-DB10_2-001986,토마토 음료,S,국가표준식품성분표,,농진청('15),,채소류,,토마토 음료,,,,,,,100g,41,88.40000000000001,0.4,0.02,0.26,10.92,8.4,1.3,4,0.11,8,97,27,8,0,90,0,0.015,0.931,11.32,0,,0.01,0,0,0.931,4.76,-,0,5,,0,0,0,0.19,0.19,0,0,0,0,0,0,0,0,0,0,0,1.63,,0,,,0,5.15,,1.62,0.01,,0,0,0,0,0,0,0,,,10.39,,,0,,,,,0,,0,,0,0,0,,,0,,,,,,,0,,,,,,,,,,,,,,,,,,,,,,7,,10,,,,,,,,7,,,,,,,,,,,,,,,,,,,,,,,,,
STD-DB10_2-001987,"토마토, 통조림",S,국가표준식품성분표,,JAPAN('20),,채소류,,"토마토, 통조림",,,,,,,100g,21,93.3,0.9,0.2,1.2,4.4,(3.6),1.3,9,0.4,26,240,4,48,(0),570,0.06,0.03,0.6,10,(0),,(0.03),-,-,-,-,0.10,(0),21,,0.22,-,-,1.2,1.2,0,0.2,0,-,-,-,-,5,-,-,(Tr),(1.8),,(0),,,(0),(Tr),,(1.8),(0.08),,(Tr),-,-,-,-,-,(0),,,(48),,,-,,,,,(0),,(7),,(0),(0),(0),,,-,,,,,,,-,,,,,,,,,,,,,,,,,,,,,,(22),,(31),,,,,,,,(25),,,,,,,,,,,,,,,,,,,,,,,,,
STD-DB10_2-001988,"할라페뇨, 통조림",S,국가표준식품성분표,,USDA('18),,채소류,,"할라페뇨, 통조림",,,,,,,100g,27,88.89,0.92,0.9399999999999999,4.51,4.74,2.14,2.6,23,1.88,18,193,1671,81,0,968,0.043,0.038,0.403,10,0,,0.097,0,-,-,-,0.19,0,14,,0.416,-,-,0.6899999999999999,0.6899999999999999,-,-,-,-,-,-,-,-,12.9,-,-,-,,-,,,-,-,,-,0.5670000000000001,,0,-,-,-,0,0,-,,,-,,,-,,,,,-,,-,,-,-,0,,,-,,,,,,,-,,,,,,,,,,,,,,,,,,,,,,35,,48,,,,,,,,30,,,,,,,,,,,,,,,,,,,,,,,,,
STD-DB10_2-001989,"호박, 국수호박, 생것",S,국가표준식품성분표,,농진청('10),,채소류,,"호박, 국수호박, 생것",,,,,,,100g,18,94.2,0.6,0.1,0.7,4.4,-,2,19,0.1,31,330,1,0,0,-,0.13,0.04,0.4,-,-,,-,-,-,-,-,-,-,-,,-,-,-,-,-,-,-,-,-,-,-,-,-,-,-,-,-,,-,,,-,-,,-,-,,-,-,-,-,-,-,-,,,-,,,-,,,,,-,,-,,-,-,-,,,-,,,,,,,-,,,,,,,,,,,,,,,,,,,,,,-,,-,,,,,,,,-,,,,,,,,,,,,,,,,,,,,,,,,,
STD-DB10_2-001990,"호박, 차요테, 초록색, 생것",S,국가표준식품성분표,,농진청('15),,채소류,,"호박, 차요테, 초록색, 생것",,,,,,,100g,21,94.3,0.59,0.46,0.28,4.37,2.32,-,23,0.22,18,136,0,0,0,3,0.066,0.01,0,6.79,-,,0.02,0,0,0,0.29,-,0,29,,0,-,-,0.01,0.01,0,0.02,0,0,0,0,0,11.68,11.68,0,0,1.18,,0,,,0,0.07000000000000001,,1.07,0.02,,0,0,0,0,0,0,0,,,8.039999999999999,,,0,,,,,0,,11.19,,0,0,0,,,0.7,,,,,,,0,,,,,,,,,,,,,,,,,,,,,,20,,44,,,,,,,,25,,,,,,,,,,,,,,,,,,,,,,,,,
STD-DB10_2-001991,"양송이버섯, 통조림",S,국가표준식품성분표,,농진청('15),,버섯류,,"양송이버섯, 통조림",,,,,,,100g,17,90.90000000000001,3.75,0.41,1.07,3.87,0,3.7,6,0.63,45,28,377,0,0,2,0,0.046,0.75,2.88,0,,0.04,0,0.652,0.098,0,-,0,5,,0,0,0,0,0,0,0,0,0,0,0,0,0,0,0,0,0,,0,,,0,0,,0,0.35,,0,0,0,0,0,0,0,,,331.26,,,0,,,,,0,,0,,0,0,0,,,15.7,,,,,,,0,,,,,,,,,,,,,,,,,,,,,,118,,217,,,,,,,,116,,,,,,,,,,,,,,,,,,,,,,,,,
STD-DB10_2-001992,감 주스,S,국가표준식품성분표,,농진청('99),,과일류,,감 주스,,,,,,,100g,41,88.59999999999999,0.1,0.1,0.2,11,-,-,8,-,9,87,6,11,0,128,0.01,0.01,0.3,1,-,,-,-,-,-,-,-,-,-,,-,-,-,-,-,-,-,-,-,-,-,-,-,-,-,-,-,,-,,,-,-,,-,-,,-,-,-,-,-,-,-,,,-,,,-,,,,,-,,-,,-,-,-,,,-,,,,,,,-,,,,,,,,,,,,,,,,,,,,,,-,,-,,,,,,,,-,,,,,,,,,,,,,,,,,,,,,,,,,
STD-DB10_2-001993,"구아바 주스, 과즙 음료(10%)",S,국가표준식품성분표,,JAPAN('20),,과일류,,"구아바 주스, 과즙 음료(10%)",,,,,,,100g,50,87.40000000000001,0.1,0.1,0.1,12.3,-,0.2,3,0.1,2,28,7,1,(0),10,0,0,0.1,9,(0),,-,-,-,-,-,0.01,(0),3,,0,-,-,Tr,Tr,0,0,0,-,-,-,-,-,-,-,-,-,,-,,,-,-,,-,-,,-,-,-,-,-,-,-,,,-,,,-,,,,,-,,-,,-,-,-,,,-,,,,,,,-,,,,,,,,,,,,,,,,,,,,,,-,,-,,,,,,,,-,,,,,,,,,,,,,,,,,,,,,,,,,
STD-DB10_2-001994,귤 음료,S,국가표준식품성분표,,농진청('20),,과일류,,귤 음료,,,,,,,100g,37,90.8,0.21,0.05,0.1,8.84,7.71,0,3,0,3,39,1,1,0,15,0.007,0.014,0,14.41,0,,0.03,0,0,0,0,0.006,0,11,,0.123,0,0,0.2,0.2,0,0,0,0,0,0,0,0,0,0,0,3.46,,0,,,0,1.63,,2.62,0.02,,0,0,0,0,0,0,0,,,7.05,,,4.2,,,,,0,,0,,0,0,0,,,7.3,,,,,,,0,,,,,,,,,,,,,,,,,,,,,,1,,2,,,,,,,,1,,,,,,,,,,,,,,,,,,,,,,,,,
STD-DB10_2-001995,귤 주스,S,국가표준식품성분표,,농진청('20),,과일류,,귤 주스,,,,,,,100g,37,89.7,0.46,0.08,0.21,9.58,8.640000000000001,0.6,7,0.18,10,117,1,4,0,48,0.054,0.027,0.115,2.53,0,,0.01,0,0.001,0.114,0,0.039,0,16,,0.396,0,0,0.21,0.21,0,0,0,0,0,0,0,0,0,0,0,3.62,,0,,,0,2.59,,2.43,0.03,,0,0,0,0,0,0,0,,,0,,,10.4,,,,,0,,4.51,,0,0,0,,,13.55,,,,,,,0,,,,,,,,,,,,,,,,,,,,,,7,,9,,,,,,,,5,,,,,,,,,,,,,,,,,,,,,,,,,
STD-DB10_2-001996,"귤, 통조림",S,국가표준식품성분표,,농진청('22),,과일류,,"귤, 통조림",,,,,,,100g,58,85.5,0.52,0.17,0.21,13.61,10.6,0.5,16,0.15,10,83,1,8,0,101,0.023,0.011,0.208,13.37,0,,0.01,0,0,0.208,0.11,0.016,0,11,,0.113,0,0,0.55,0.55,0,0,0,0,0,0,0,0,0,0,0,4.38,,0,,,0,2.27,,3.95,0.06,,0,0,0,0,0,0,0,,,11.96,,,16.27,,,,,0,,7.84,,0,0,0,,,19.84,,,,,,,0,,,,,,,,,,,,,,,,,,,,,,11,,18,,,,,,,,10,,,,,,,,,,,,,,,,,,,,,,,,,
STD-DB10_2-001997,"라임 주스, 천연과즙",S,국가표준식품성분표,,USDA('18),,과일류,,"라임 주스, 천연과즙",,,,,,,100g,25,90.79000000000001,0.42,0.07000000000000001,0.31,8.42,1.69,0.4,14,0.09,14,117,2,3,0,30,0.025,0.015,0.142,30,0,,0.008,0,-,-,-,0.038,0,10,,0.123,-,-,0.24,0.22,0,0,0,0.05,0,0,0,-,0.6,-,0,0.61,,0,,,0,0.48,,0.6,0.031,,0,-,-,-,0,0,-,,,-,,,-,,,,,-,,-,,-,-,0,,,-,,,,,,,-,,,,,,,,,,,,,,,,,,,,,,11,,16,,,,,,,,2,,,,,,,,,,,,,,,,,,,,,,,,,
STD-DB10_2-001998,"라임 주스, 캔",S,국가표준식품성분표,,USDA('18),,과일류,,"라임 주스, 캔",,,,,,,100g,21,92.52,0.25,0.23,0.31,6.69,1.37,0.4,12,0.23,10,75,16,1,0,10,0.033,0.003,0.163,6.4,0,,0.026,0,-,-,-,0.027,0,8,,0.066,-,-,0.12,0.12,-,-,-,-,-,-,-,-,0.5,-,-,-,,-,,,-,-,,-,0.08599999999999999,,0,-,-,-,0,0,-,,,-,,,-,,,,,-,,-,,-,-,0,,,-,,,,,,,-,,,,,,,,,,,,,,,,,,,,,,-,,-,,,,,,,,-,,,,,,,,,,,,,,,,,,,,,,,,,
STD-DB10_2-001999,"람부탄, 통조림",S,국가표준식품성분표,,USDA('18),,과일류,,"람부탄, 통조림",,,,,,,100g,82,78.04000000000001,0.65,0.21,0.23,20.87,-,0.9,22,0.35,9,42,11,0,0,2,0.013,0.022,1.352,4.9,-,,-,0,-,-,-,0.02,0,8,,0.018,-,-,-,-,-,-,-,-,-,-,-,-,-,-,-,-,,-,,,-,-,,-,-,,-,-,-,-,-,-,-,,,-,,,-,,,,,-,,-,,-,-,-,,,-,,,,,,,-,,,,,,,,,,,,,,,,,,,,,,-,,-,,,,,,,,-,,,,,,,,,,,,,,,,,,,,,,,,,
STD-DB10_2-002000,망고 음료,S,국가표준식품성분표,,농진청('16),,과일류,,망고 음료,,,,,,,100g,28,92.2,0.04,0.01,0.04,7.71,6.26,0,4,0.02,1,11,9,11,0,129,0,0.003,0,13.77,0,,0,0,0,0,0,-,0,0,,0.157,0,0,0.28,0.24,0,0.18,0,0.07000000000000001,0,0.04,0,0,0,0,0,3.54,,0,,,0,0.41,,2.31,0,,0,0,0,0,0,0,0,,,0.8100000000000001,,,0.64,,,,,0,,1.32,,0,0,0,,,1.16,,,,,,,0,,,,,,,,,,,,,,,,,,,,,,0,,0,,,,,,,,0,,,,,,,,,,,,,,,,,,,,,,,,,
STD-DB10_2-002001,머루 주스,S,국가표준식품성분표,,농진청('87),,과일류,,머루 주스,,,,,,,100g,81,77.3,0.3,0.2,0.4,21.8,-,-,4,0.6,63,-,-,-,-,-,0.01,0.01,0.3,7,-,,-,-,-,-,-,-,-,-,,-,-,-,-,-,-,-,-,-,-,-,-,-,-,-,-,-,,-,,,-,-,,-,-,,-,-,-,-,-,-,-,,,-,,,-,,,,,-,,-,,-,-,-,,,-,,,,,,,-,,,,,,,,,,,,,,,,,,,,,,-,,-,,,,,,,,-,,,,,,,,,,,,,,,,,,,,,,,,,
STD-DB10_2-002002,"무화과, 통조림",S,국가표준식품성분표,,JAPAN('20),,과일류,,"무화과, 통조림",,,,,,,100g,78,79.7,0.5,0.1,0.3,19.4,-,1.2,30,0.1,13,110,8,0,0,-,0.02,0.02,0.1,0,(0),,(0.02),-,-,-,-,0.05,(0),10,,0,-,-,0.2,0.2,0,0,0,-,-,-,-,(5),-,-,-,-,,-,,,-,-,,-,(0.07),,(0),-,-,-,(0),(0),-,,,(48),,,-,,,,,(0),,(0),,-,-,(0),,,-,,,,,,,-,,,,,,,,,,,,,,,,,,,,,,(15),,(21),,,,,,,,(14),,,,,,,,,,,,,,,,,,,,,,,,,
STD-DB10_2-002003,"배 음료, 캔",S,국가표준식품성분표,,농진청('16),,과일류,,"배 음료, 캔",,,,,,,100g,42,88.2,0,0,0.04,11.76,10.15,1,0,0,1,13,0,0,0,0,0,0.004,0,15.01,0,,0,0,0,0,0,-,0,0,,0,0,0,0.02,0.02,0,0,0,0.01,0,0,0,0,0,0,0,1.95,,0,,,0,6.39,,1.81,0,,0,0,0,0,0,0,0,,,0.39,,,0,,,,,0,,0,,0,0,0,,,0.61,,,,,,,0,,,,,,,,,,,,,,,,,,,,,,0,,1,,,,,,,,0,,,,,,,,,,,,,,,,,,,,,,,,,
STD-DB10_2-002004,"백향과(패션프루트) 주스, 천연과즙",S,국가표준식품성분표,,JAPAN('20),,과일류,,"백향과(패션프루트) 주스, 천연과즙",,,,,,,100g,67,82.0,0.8,0.4,0.6,16.2,(4.0),0,4,0.6,21,280,5,92,(0),1100,0.01,0.09,1.9,16,(0),,-,-,-,-,-,0.18,(0),86,,0.63,-,-,0.2,0.2,0,0,0,-,-,-,-,(1),-,-,-,(1.3),,(0),,,(0),(1.1),,(1.6),-,,-,-,-,-,-,-,-,,,-,,,-,,,,,-,,-,,-,-,-,,,-,,,,,,,-,,,,,,,,,,,,,,,,,,,,,,-,,-,,,,,,,,-,,,,,,,,,,,,,,,,,,,,,,,,,
STD-DB10_2-002005,"백향과(패션프루트) 주스, 황색과육",S,국가표준식품성분표,,USDA('18),,과일류,,"백향과(패션프루트) 주스, 황색과육",,,,,,,100g,60,84.20999999999999,0.67,0.18,0.49,14.45,14.25,0.2,4,0.36,25,278,6,44,0,525,0,0.101,2.24,18.2,0,,0.015,0,-,-,-,0.06,0,8,,-,-,-,0.01,0.01,-,-,-,-,-,-,-,-,0.4,-,-,-,,-,,,-,-,,-,0.128,,0,-,-,-,0,0,-,,,-,,,-,,,,,-,,-,,-,-,0,,,-,,,,,,,-,,,,,,,,,,,,,,,,,,,,,,-,,-,,,,,,,,-,,,,,,,,,,,,,,,,,,,,,,,,,
STD-DB10_2-002006,"백향과(패션프루트) 주스, 자색과육",S,국가표준식품성분표,,USDA('18),,과일류,,"백향과(패션프루트) 주스, 자색과육",,,,,,,100g,51,85.62,0.39,0.05,0.34,13.6,13.4,0.2,4,0.24,13,278,6,35,0,419,0,0.131,1.46,29.8,0,,0.004,0,-,-,-,0.05,0,7,,-,-,-,0.01,0.01,-,-,-,-,-,-,-,-,0.4,-,-,-,,-,,,-,-,,-,0.035,,0,-,-,-,0,0,-,,,-,,,-,,,,,-,,-,,-,-,0,,,-,,,,,,,-,,,,,,,,,,,,,,,,,,,,,,-,,-,,,,,,,,-,,,,,,,,,,,,,,,,,,,,,,,,,
STD-DB10_2-002007,"블루베리, 통조림",S,국가표준식품성분표,,USDA('18),,과일류,,"블루베리, 통조림",,,,,,,100g,88,76.78,0.65,0.33,0.17,22.06,20.46,1.6,5,0.33,10,40,3,2,0,22,0.034,0.053,0.113,1.1,0,,0.027,0,-,-,-,0.036,0,2,,0.089,-,-,0.38,0.38,-,-,-,-,-,-,-,-,6.4,-,-,-,,-,,,-,-,,-,0.191,,0,-,-,-,0,0,-,,,-,,,-,,,,,-,,-,,-,-,0,,,-,,,,,,,-,,,,,,,,,,,,,,,,,,,,,,27,,39,,,,,,,,20,,,,,,,,,,,,,,,,,,,,,,,,,
STD-DB10_2-002008,"비파, 통조림",S,국가표준식품성분표,,JAPAN('20),,과일류,,"비파, 통조림",,,,,,,100g,80,79.59999999999999,0.3,0.1,0.2,19.8,-,0.6,22,0.1,3,60,2,27,(0),320,0.01,0.01,0.2,Tr,(0),,(0.02),-,-,-,-,0.02,(0),9,,0,-,-,0.2,0.2,0,0,0,-,-,-,-,-,-,-,-,-,,-,,,-,-,,-,(0.05),,(0),-,-,-,(0),(0),-,,,(39),,,-,,,,,(0),,(7),,-,-,(0),,,-,,,,,,,-,,,,,,,,,,,,,,,,,,,,,,(14),,(18),,,,,,,,(10),,,,,,,,,,,,,,,,,,,,,,,,,
STD-DB10_2-002009,"사과, 통조림",S,국가표준식품성분표,,국('77),,과일류,,"사과, 통조림",,,,,,,100g,66,83.7,0.7,0.3,0.2,15.1,-,-,4,0.7,3,50,3,-,-,-,0.02,0.02,0.1,2,-,,-,-,-,-,-,-,-,-,,-,-,-,-,-,-,-,-,-,-,-,-,-,-,-,-,-,,-,,,-,-,,-,-,,-,-,-,-,-,-,-,,,-,,,-,,,,,-,,-,,-,-,-,,,-,,,,,,,-,,,,,,,,,,,,,,,,,,,,,,-,,-,,,,,,,,-,,,,,,,,,,,,,,,,,,,,,,,,,
STD-DB10_2-002010,사과 음료,S,국가표준식품성분표,,농진청('16),,과일류,,사과 음료,,,,,,,100g,38,90.59999999999999,0.03,0,0.03,9.359999999999999,7.05,0.1,2,0.01,1,8,15,0,0,0,0,0.001,0,21.2,0,,0,0,0,0,0,-,0,0,,0.06900000000000001,0,0,0.24,0.2,0,0.18,0,0.07000000000000001,0,0,0,0,0,0,0,2.45,,0,,,0,2.78,,1.82,0,,0,0,0,0,0,0,0,,,0.34,,,0,,,,,0,,0,,0,0,0,,,0.55,,,,,,,0,,,,,,,,,,,,,,,,,,,,,,0,,0,,,,,,,,0,,,,,,,,,,,,,,,,,,,,,,,,,
STD-DB10_2-002011,사과 주스,S,국가표준식품성분표,,농진청('18),,과일류,,사과 주스,,,,,,,100g,42,88.2,0.17,0.01,0.2,11.45,9.98,0.7,2,0,9,106,3,0,0,0,0.005,0,0.306,44.01,0,,0,0,0,0.306,0,0.038,0,0,,0.145,0,0,0.19,0.19,0,0,0,0,0,0,0,0,0,0,0,5.33,,0,,,0,1.96,,2.69,0,,0,0,0,0,0,0,0,,,2.96,,,0,,,,,0,,0,,0,0,0,,,1,,,,,,,0,,,,,,,,,,,,,,,,,,,,,,4,,3,,,,,,,,2,,,,,,,,,,,,,,,,,,,,,,,,,
STD-DB10_2-002012,"살구, 통조림",S,국가표준식품성분표,,USDA('18),,과일류,,"살구, 통조림",,,,,,,100g,48,86.62,0.63,0.04,0.37,12.34,10.74,1.6,12,0.3,20,165,4,84,0,1010,0.018,0.019,0.344,4.9,0,,0.003,0,-,-,-,0.054,0,2,,0.092,-,-,0.6,0.6,-,-,-,-,-,-,-,-,2.2,-,-,-,,-,,,-,-,,-,0.024,,0,-,-,-,0,0,-,,,-,,,-,,,,,-,,-,,-,-,0,,,-,,,,,,,-,,,,,,,,,,,,,,,,,,,,,,19,,37,,,,,,,,19,,,,,,,,,,,,,,,,,,,,,,,,,
STD-DB10_2-002013,"아세로라 주스, 과즙 음료(10%)",S,국가표준식품성분표,,JAPAN('20),,과일류,,"아세로라 주스, 과즙 음료(10%)",,,,,,,100g,42,89.40000000000001,0.1,0,Tr,10.5,-,0.2,1,0.1,2,13,1,3,0,35,Tr,Tr,Tr,120,(0),,-,-,-,-,-,0,0,5,,0.03,-,-,0.1,0.1,Tr,0.1,Tr,-,-,-,-,0,-,-,-,-,,-,,,-,-,,-,-,,-,-,-,-,-,-,-,,,-,,,-,,,,,-,,-,,-,-,-,,,-,,,,,,,-,,,,,,,,,,,,,,,,,,,,,,-,,-,,,,,,,,-,,,,,,,,,,,,,,,,,,,,,,,,,
STD-DB10_2-002014,오렌지 주스,S,국가표준식품성분표,,농진청('15),,과일류,,오렌지 주스,,,,,,,100g,36,89.59999999999999,0.58,0.04,0.34,9.49,6.88,0.2,22,0.07000000000000001,16,155,2,1,0,9,0.053,0.016,0.15,51.44,0,,0.01,0,0.039,0.111,0,-,0,27,,0.121,0,0,0.6899999999999999,0.6899999999999999,0,0,0,0,0,0,0,0,0,0,0,2.6,,0,,,0,1.29,,2.99,0.03,,0,0,0,0,0,0,0,,,10.79,,,6.12,,,,,0,,4.41,,0,0,0,,,3.41,,,,,,,0,,,,,,,,,,,,,,,,,,,,,,9,,14,,,,,,,,8,,,,,,,,,,,,,,,,,,,,,,,,,
STD-DB10_2-002015,"오렌지 음료, 캔",S,국가표준식품성분표,,농진청('16),,과일류,,"오렌지 음료, 캔",,,,,,,100g,41,88.5,0.06,0.01,0.03,11.4,9.58,0,2,0.01,1,14,10,12,0,138,0,0.004,0,15.65,0,,0,0,0,0,10.33,-,0,0,,0,0,0,0.23,0.19,0,0.17,0,0.07000000000000001,0,0,0,0,0,0,0,2.19,,0,,,0,5.17,,2.22,0,,0,0,0,0,0,0,0,,,1,,,0.39,,,,,0,,0,,0,0,0,,,1.15,,,,,,,0,,,,,,,,,,,,,,,,,,,,,,0,,0,,,,,,,,0,,,,,,,,,,,,,,,,,,,,,,,,,
STD-DB10_2-002016,"유자, 전체, 생것",S,국가표준식품성분표,,농진청('15),,과일류,,"유자, 전체, 생것",,,,,,,100g,49,86,0.93,0.09,0.44,12.59,4.1,3.7,36,0.16,15,187,3,1,0,8,0.07199999999999999,0.047,0.153,95.03,0,,0.02,0,0.025,0.128,2.79,0.059,0,15,,0.656,0,0,1.1,1.09,0,0.13,0,0,0,0,0,0,0,0,0,1.81,,0,,,0,0.49,,1.8,0.06,,0,0,0,0,0,0,0,,,28.84,,,6.26,,,,,0,,21.3,,0,0,0,,,5.74,,,,,,,0,,,,,,,,,,,,,,,,,,,,,,28,,37,,,,,,,,26,,,,,,,,,,,,,,,,,,,,,,,,,
STD-DB10_2-002017,"자몽(그레이프프루트) 주스, 가당, 캔",S,국가표준식품성분표,,USDA('18),,과일류,,"자몽(그레이프프루트) 주스, 가당, 캔",,,,,,,100g,46,87.38,0.58,0.09,0.82,11.13,11.03,0.1,8,0.36,11,162,2,0,0,3,0.04,0.023,0.319,26.9,0,,0.012,0,-,-,-,0.02,0,10,,0.13,-,-,0.04,0.04,-,-,-,-,-,-,-,-,0,-,-,-,,-,,,-,-,,-,0.033,,0,-,-,-,0,0,-,,,-,,,-,,,,,-,,-,,-,-,0,,,-,,,,,,,-,,,,,,,,,,,,,,,,,,,,,,-,,-,,,,,,,,-,,,,,,,,,,,,,,,,,,,,,,,,,
STD-DB10_2-002018,"자몽(그레이프프루트) 주스, 무가당, 캔",S,국가표준식품성분표,,USDA('18),,과일류,,"자몽(그레이프프루트) 주스, 무가당, 캔",,,,,,,100g,37,90.97,0.55,0.66,0.29,7.54,7.69,0.6,16,0.08,17,141,2,2,0,20,0.064,0.02,0.26,33.7,0,,0.082,-,-,-,-,0.037,0,14,,0.28,-,-,0.21,0.21,0,0,0,0,0,0,0,-,0,-,0.02,3.24,,0.02,,,0.02,1.29,,3.1,0.268,,0,-,-,-,0,0,-,,,-,,,-,,,,,-,,-,,-,-,0,,,-,,,,,,,-,,,,,,,,,,,,,,,,,,,,,,-,,-,,,,,,,,-,,,,,,,,,,,,,,,,,,,,,,,,,
STD-DB10_2-002019,"잭프루트, 통조림",S,국가표준식품성분표,,USDA('18),,과일류,,"잭프루트, 통조림",,,,,,,100g,92,75.28,0.36,0.14,0.28,23.94,-,0.9,44,0.29,6,96,11,0,0,-,0.033,0.036,0.677,0.5,-,,-,0,-,-,-,0.044,0,14,,0.07199999999999999,-,-,-,-,-,-,-,-,-,-,-,-,-,-,-,-,,-,,,-,-,,-,-,,-,-,-,-,-,-,-,,,-,,,-,,,,,-,,-,,-,-,-,,,-,,,,,,,-,,,,,,,,,,,,,,,,,,,,,,-,,-,,,,,,,,-,,,,,,,,,,,,,,,,,,,,,,,,,
STD-DB10_2-002020,"체리, 통조림, 고형물",S,국가표준식품성분표,,농진청('15),,과일류,,"체리, 통조림, 고형물",,,,,,,100g,134,66.40000000000001,0.18,0.02,0.19,33.21,22.59,2.1,75,0.15,0,-,7,0,0,0,0,0.007,0.021,0,0,,0.01,0,0.021,0,0,-,0,4,,0,0,0,0.14,0,0,0,0,0.45,0,0,0,0,0,0,0,4.81,,0,,,0,10.45,,7.33,0,,0,0,0,0,0,0,0,,,0,,,0,,,,,0,,0,,0,0,0,,,3.18,,,,,,,0,,,,,,,,,,,,,,,,,,,,,,8,,13,,,,,,,,7,,,,,,,,,,,,,,,,,,,,,,,,,
STD-DB10_2-002021,크랜베리 주스,S,국가표준식품성분표,,USDA('18),,과일류,,크랜베리 주스,,,,,,,100g,46,87.13,0.39,0.13,0.15,12.2,12.1,0.1,8,0.25,13,77,2,2,0,27,0.008999999999999999,0.018,0.091,9.300000000000001,0,,0.01,0,-,-,-,0.052,0,1,,-,-,-,1.2,1.2,-,-,-,-,-,-,-,-,5.1,-,-,-,,-,,,-,-,,-,0.093,,0,-,-,-,0,0,-,,,-,,,-,,,,,-,,-,,-,-,0,,,-,,,,,,,-,,,,,,,,,,,,,,,,,,,,,,-,,-,,,,,,,,-,,,,,,,,,,,,,,,,,,,,,,,,,
STD-DB10_2-002022,"크랜베리 주스, 칵테일",S,국가표준식품성분표,,USDA('18),,과일류,,"크랜베리 주스, 칵테일",,,,,,,100g,54,86.17,0,0.1,0.2,13.52,11.87,0,3,0.1,1,14,2,0,0,5,0,0,0.041,42.3,0,,0.008999999999999999,0,-,-,-,0,0,0,,0.052,-,-,0.22,0.22,-,-,-,-,-,-,-,-,1,-,0,4.97,,0.12,,,0,0,,6.79,0.078,,0,-,-,-,0,0,-,,,-,,,-,,,,,-,,-,,-,-,0,,,-,,,,,,,-,,,,,,,,,,,,,,,,,,,,,,-,,-,,,,,,,,-,,,,,,,,,,,,,,,,,,,,,,,,,
STD-DB10_2-002023,키위 주스,S,국가표준식품성분표,,농진청('15),,과일류,,키위 주스,,,,,,,100g,180,49.7,0.25,0,0.37,49.68,32.34,2,9,0.02,6,27,154,0,0,3,0,0.017,0.188,53.62,0,,0,0,0.181,0.007,0,-,0,0,,1.812,0,0,0,0,0,0,0,0,0,0,0,0,0,0,0,16.53,,6.71,,,0,0,,9.1,0,,0,0,0,0,0,0,0,,,0,,,0,,,,,0,,0,,0,0,0,,,0,,,,,,,0,,,,,,,,,,,,,,,,,,,,,,4,,17,,,,,,,,9,,,,,,,,,,,,,,,,,,,,,,,,,
STD-DB10_2-002024,"파인애플, 통조림, 고형물",S,국가표준식품성분표,,농진청('14),,과일류,,"파인애플, 통조림, 고형물",,,,,,,100g,78,80.3,0.31,0.04,0.17,19.18,15.81,1.7,8,0.17,4,74,1,0,0,0,0.045,0.048,0.133,7.91,0,,0.01,0,0.002,0.131,0,-,0,16,,0,0,0,0.01,0.01,0,0,0,0,0,0,0,0,0,0,0,2.98,,0,,,2.69,6.51,,3.63,0.02,,0,0,0,0,0,0,0,,,3.82,,,0.32,,,,,0,,8.56,,0,0,0,,,10.52,,,,,,,0,,,,,,,,,,,,,,,,,,,,,,14,,16,,,,,,,,10,,,,,,,,,,,,,,,,,,,,,,,,,
STD-DB10_2-002025,파인애플 주스,S,국가표준식품성분표,,농진청('14),,과일류,,파인애플 주스,,,,,,,100g,43,87.7,0.39,0.03,0.36,11.52,8.779999999999999,0,16,0.13,10,156,2,1,0,10,0.024,0.067,0.004,19.6,0,,0.01,0,0,0.004,0,-,0,9,,0,0,0,0.05,0.05,0,0.02,0,0,0,0,0,0,0,0,0,2.16,,0,,,0,4.32,,2.3,0.02,,0,0,0,0,0,0,0,,,5.9,,,0,,,,,0,,4.03,,0,0,0,,,6.38,,,,,,,0,,,,,,,,,,,,,,,,,,,,,,14,,14,,,,,,,,10,,,,,,,,,,,,,,,,,,,,,,,,,
STD-DB10_2-002026,"파인애플 주스, 캔",S,국가표준식품성분표,,USDA('18),,과일류,,"파인애플 주스, 캔",,,,,,,100g,53,86.37,0.36,0.12,0.28,12.87,9.98,0.2,13,0.31,8,130,2,0,0,3,0.058,0.021,0.199,10,0,,0.008,0,-,-,-,0.1,0,18,,0.056,-,-,0.02,0.02,-,-,-,-,-,-,-,-,0.3,-,0,3.81,,0,,,0,1.53,,4.65,0.056,,0,-,-,-,0,0,-,,,-,,,-,,,,,-,,-,,-,-,0,,,-,,,,,,,-,,,,,,,,,,,,,,,,,,,,,,-,,-,,,,,,,,-,,,,,,,,,,,,,,,,,,,,,,,,,
STD-DB10_2-002027,"포도, 통조림",S,국가표준식품성분표,,농진청('13),,과일류,,"포도, 통조림",,,,,,,100g,69,82.59999999999999,0.14,0.02,0.12,17.12,14.87,0.8,2,0.08,3,24,25,2,0,21,0,0.189,0.009000000000000001,0,0,,0.01,0,0.006,0.003,1.36,-,0,0,,0.2,0,0,0.07000000000000001,0.06,0,0.11,0,0,0,0.01,0,0,0,0,0,9.52,,0,,,0,0,,5.35,0.01,,0,0,0,0,0,0,0,,,6.9,,,0,,,,,0,,3.25,,0,0,0,,,2.06,,,,,,,0,,,,,,,,,,,,,,,,,,,,,,6,,6,,,,,,,,3,,,,,,,,,,,,,,,,,,,,,,,,,
STD-DB10_2-002028,포도 음료,S,국가표준식품성분표,,농진청('20),,과일류,,포도 음료,,,,,,,100g,29,92.59999999999999,0.05,0,0.03,7.31,6.43,0,1,0,0,0,8,0,0,0,0,0,0.029,0,0,,0,0,0.029,0,0,0,0,0,,0.056,0,0,0,0,0,0,0,0,0,0,0,0,0,0,0,4.08,,0,,,0,0,,2.35,0,,0,0,0,0,0,0,0,,,0,,,0,,,,,0,,0,,0,0,0,,,0,,,,,,,0,,,,,,,,,,,,,,,,,,,,,,0,,0,,,,,,,,0,,,,,,,,,,,,,,,,,,,,,,,,,
STD-DB10_2-002029,포도 주스,S,국가표준식품성분표,,농진청('16),,과일류,,포도 주스,,,,,,,100g,49,86.09999999999999,0.23,0,0.18,13.49,11.47,0,12,0.19,15,60,6,1,0,6,0.003,0.021,0.141,0,0,,0,0,0.014,0.127,0,-,0,0,,0,0,0,0.13,0.11,0,0.1,0,0.03,0,0,0,0,0,0,0,5.82,,0,,,0,0,,5.64,0,,0,0,0,0,0,0,0,,,0.93,,,0,,,,,0,,0.27,,0,0,0,,,0.66,,,,,,,0,,,,,,,,,,,,,,,,,,,,,,2,,3,,,,,,,,2,,,,,,,,,,,,,,,,,,,,,,,,,
STD-DB10_2-002030,"프루트샐러드, 통조림",S,국가표준식품성분표,,식약('96),,과일류,,"프루트샐러드, 통조림",,,,,,,100g,82,79.90000000000001,0.2,0.4,0.2,19.3,-,-,7,1,4,56,3,9,6,40,0.03,0.01,0.2,9,-,,-,-,-,-,-,-,-,-,,-,-,-,-,-,-,-,-,-,-,-,-,-,-,-,-,-,,-,,,-,-,,-,-,,-,-,-,-,-,-,-,,,-,,,-,,,,,-,,-,,-,-,-,,,-,,,,,,,-,,,,,,,,,,,,,,,,,,,,,,-,,-,,,,,,,,-,,,,,,,,,,,,,,,,,,,,,,,,,
STD-DB10_2-002031,"프루트칵테일, 통조림",S,국가표준식품성분표,,농진청('13),,과일류,,"프루트칵테일, 통조림",,,,,,,100g,75,81.09999999999999,0.19,0.03,0.16,18.52,18.9,1.2,6,0.31,3,66,1,3,0,34,0.024,0.08599999999999999,0.018,15.88,0,,0.01,0,0.008,0.01,0,-,0,15,,0.183,0,0,0.05,0.04,0,0.11,0,0,0,0,0,0,0,0,0,4.05,,0,,,0,10.55,,4.3,0.02,,0,0,0,0,0,0,0,,,4.43,,,0,,,,,0,,3.14,,0,0,0,,,5.03,,,,,,,0,,,,,,,,,,,,,,,,,,,,,,11,,10,,,,,,,,6,,,,,,,,,,,,,,,,,,,,,,,,,
STD-DB10_2-002032,"프루트펀치, 통조림",S,국가표준식품성분표,,USDA('18),,과일류,,"프루트펀치, 통조림",,,,,,,100g,48,87.97,0,0,0.05,11.97,11.29,0,8,0.09,3,25,10,0,0,0,0.022,0.023,0.021,0.4,0,,0,0,-,-,-,0.011,0,4,,0.014,-,-,0.02,0.02,-,-,-,-,-,-,-,-,0,-,-,-,,-,,,-,-,,-,0,,0,-,-,-,0,0,-,,,-,,,-,,,,,-,,-,,-,-,0,,,-,,,,,,,-,,,,,,,,,,,,,,,,,,,,,,-,,-,,,,,,,,-,,,,,,,,,,,,,,,,,,,,,,,,,
STD-DB10_2-002033,"닭고기, 전체, 튀긴것",S,국가표준식품성분표,,식약('96),,육류 및 그 제품,,"닭고기, 전체, 튀긴것",,,,,,,100g,274,51.1,23.9,17.1,1.8,6.1,-,-,25,1.6,201,247,377,39,39,0,0.13,0.13,6.2,0,-,,-,-,-,-,-,-,-,-,,-,-,-,-,-,-,-,-,-,-,-,-,-,-,-,-,-,,-,,,-,-,,-,-,,-,-,-,-,-,-,-,,,-,,,-,,,,,-,,-,,-,-,-,,,-,,,,,,,-,,,,,,,,,,,,,,,,,,,,,,-,,-,,,,,,,,-,,,,,,,,,,,,,,,,,,,,,,,,,
STD-DB10_2-002034,닭 육수,S,국가표준식품성분표,,농진청('00),,육류 및 그 제품,,닭 육수,,,,,,,100g,12,98,1.3,0.7,0.2,0,-,-,17,0.3,23,71,13,10,10,0,0.02,-,1.5,0,-,,-,-,-,-,-,-,-,-,,-,-,-,-,-,-,-,-,-,-,-,-,-,-,-,-,-,,-,,,-,-,,-,-,,-,-,-,-,-,-,-,,,-,,,-,,,,,-,,-,,-,-,-,,,-,,,,,,,-,,,,,,,,,,,,,,,,,,,,,,-,,-,,,,,,,,-,,,,,,,,,,,,,,,,,,,,,,,,,
STD-DB10_2-002035,닭뼈 육수,S,국가표준식품성분표,,JAPAN('20),,육류 및 그 제품,,닭뼈 육수,,,,,,,100g,7,98.59999999999999,0.9,0.4,0.2,Tr,-,(0),1,0.1,15,60,40,1,1,0,0.01,0.04,1.1,0.1,0,,0.11,-,-,-,0.5,0.02,0,2,,0.31,-,-,Tr,Tr,0,Tr,0,-,-,-,-,2,-,-,-,-,,-,,,-,-,,-,0.26,,2,1,0,0,Tr,Tr,0,,,58,,,8,,,,,1,,5,,1,1,Tr,,,160,,,,,,,-,,,,,,,,,,,,,,,,,,,,,,83,,32,,,,,,,,15,,,,,,,,,,,,,,,,,,,,,,,,,
STD-DB10_2-002036,양지국물,S,국가표준식품성분표,,농진청('03),,육류 및 그 제품,,양지국물,,,,,,,100g,4,98.8,1,0,0.2,0,-,-,2,0.5,24,66,26,0,0,0,0.01,0,0.4,0,-,,-,-,-,-,-,-,-,-,,-,-,-,-,-,-,-,-,-,-,-,-,-,-,-,-,-,,-,,,-,-,,-,-,,-,-,-,-,-,-,-,,,-,,,-,,,,,-,,-,,-,-,-,,,-,,,,,,,-,,,,,,,,,,,,,,,,,,,,,,-,,-,,,,,,,,-,,,,,,,,,,,,,,,,,,,,,,,,,
STD-DB10_2-002037,"우족국물, 중량3배물",S,국가표준식품성분표,,농진청('11),,육류 및 그 제품,,"우족국물, 중량3배물",,,,,,,100g,2,99.59999999999999,0.3,0.1,0,0,-,-,2,0,4,8,14,0,0,0,-,-,-,-,-,,-,-,-,-,-,-,-,-,,-,-,-,-,-,-,-,-,-,-,-,-,-,-,-,-,-,,-,,,-,-,,-,-,,-,-,-,-,-,-,-,,,-,,,-,,,,,-,,-,,-,-,-,,,-,,,,,,,-,,,,,,,,,,,,,,,,,,,,,,-,,-,,,,,,,,-,,,,,,,,,,,,,,,,,,,,,,,,,
STD-DB10_2-002038,잡뼈국물,S,국가표준식품성분표,,농진청('03),,육류 및 그 제품,,잡뼈국물,,,,,,,100g,28,94.5,4.3,1,0.2,0,-,-,2,1.6,4,24,61,0,0,0,0.01,0,0.5,0,-,,-,-,-,-,-,-,-,-,,-,-,-,-,-,-,-,-,-,-,-,-,-,-,-,-,-,,-,,,-,-,,-,-,,-,-,-,-,-,-,-,,,-,,,-,,,,,-,,-,,-,-,-,,,-,,,,,,,-,,,,,,,,,,,,,,,,,,,,,,-,,-,,,,,,,,-,,,,,,,,,,,,,,,,,,,,,,,,,
STD-DB10_2-002039,"칠면조고기, 생것",S,국가표준식품성분표,,USDA('18),,육류 및 그 제품,,"칠면조고기, 생것",,,,,,,100g,144,72.69,21.64,5.64,0.98,0.13,0.07000000000000001,0,11,0.86,183,224,112,17,17,0,0.048,0.185,7.631,0,0.3,,1.461,0.062,-,-,-,0.599,1.22,7,,0.8110000000000001,0,0.3,0.09,0.09,0,0.02,0,-,-,-,-,-,0,-,0,0,,0,,,0,0.07000000000000001,,0,3.292,,24,2,-,-,4,3,-,,,1075,,,-,,,,,-,,66,,7,6,2,,,-,,,,,,,-,,,,,,,,,,,,,,,,,,,,,,1036,,1471,,,,,,,,608,,,,,,,,,,,,,,,,,,,,,,,,,
STD-DB10_2-002040,"칠면조고기, 구운것",S,국가표준식품성분표,,USDA('18),,육류 및 그 제품,,"칠면조고기, 구운것",,,,,,,100g,189,63.52,28.55,7.39,1.18,0.06,0,0,14,1.09,223,239,103,12,12,0,0.045,0.281,9.573,0,0.4,,2.155,0.101,-,-,-,0.616,1.02,9,,0.948,0,0.4,0.07000000000000001,0.07000000000000001,0,0.04,0.02,-,-,-,-,-,0,-,-,-,,-,,,-,-,,-,4.766,,35,3,-,-,8,5,-,,,1841,,,-,,,,,-,,105,,14,10,8,,,-,,,,,,,-,,,,,,,,,,,,,,,,,,,,,,1427,,1925,,,,,,,,796,,,,,,,,,,,,,,,,,,,,,,,,,
STD-DB10_2-002041,"달걀, 난황액, 설탕첨가",S,국가표준식품성분표,,농진청('20),,난류,,"달걀, 난황액, 설탕첨가",,,,,,,100g,305,50.9,14.17,21.03,1.41,12.47,9.44,0,128,4.46,418,97,60,206,206,2,0.141,0.26,0.035,0,2.94,,7.78,0.1,0,0.035,34.63,0.336,0.88,133,,2.232,0,2.94,2.93,2.83,0,0.76,0,0.06,0,0,0,12.21,0,12.21,0,0,,0,,,0,9.44,,0,12.47,,51.7,0,17.78,0,13.94,130.96,0,,,3712.02,,,313.98,,,,,506.7,,85.95,,49.85,52.34,0,,,7016.41,,,,,,,46.78,,,,,,,,,,,,,,,,,,,,,,403,,1122,,,,,,,,700,,,,,,,,,,,,,,,,,,,,,,,,,
STD-DB10_2-002042,"달걀, 수란, 중탕",S,국가표준식품성분표,,JAPAN('20),,난류,,"달걀, 수란, 중탕",,,,,,,100g,145,74.90000000000001,12.3,11.7,0.9,0.2,-,(0),55,2.2,200,100,110,160,160,3,0.06,0.40,0.1,(0),0.9,,3.21,-,-,-,-,0.08,1.1,46,,1.45,-,-,1.1,1.0,Tr,0.6,0,-,-,-,-,13,-,-,-,-,,-,,,-,-,,-,6.03,,22,0,0,0,8,130,-,,,1500,,,-,,,,,170,,49,,19,17,0,,,-,,,,,,,-,,,,,,,,,,,,,,,,,,,,,,(410),,"(1,000)",,,,,,,,(610),,,,,,,,,,,,,,,,,,,,,,,,,
STD-DB10_2-002043,"가오리, 전기가오리, 생것",S,국가표준식품성분표,,수('09),,어패류 및 그 제품,,"가오리, 전기가오리, 생것",,,,,,,100g,64,84.3,13,1,1.7,0,-,-,67,1.2,167,-,-,3,3,-,0.02,0.12,1.6,0,-,,-,-,-,-,-,-,-,-,,-,-,-,-,-,-,-,-,-,-,-,-,-,-,-,-,-,,-,,,-,-,,-,-,,-,-,-,-,-,-,-,,,-,,,-,,,,,-,,-,,-,-,-,,,-,,,,,,,-,,,,,,,,,,,,,,,,,,,,,,-,,-,,,,,,,,-,,,,,,,,,,,,,,,,,,,,,,,,,
STD-DB10_2-002044,"고등어, 통조림",S,국가표준식품성분표,,농진청('19),,어패류 및 그 제품,,"고등어, 통조림",,,,,,,100g,103,79.8,15.6,4.46,1.8,0,0,0,124,0.71,209,284,305,20,20,0,0.147,0.167,5.554,0,0,,1.44,0.09,0.645,4.909,0,0.252,6.02,12,,0.401,0,0,1.05,1.05,0,0,0,0,0,0,0,4.13,4.13,0,0,0,,0,,,0,0,,0,2.66,,116.71,0,44.74,26.99,90.06999999999999,888.16,8.48,,,90.02,,,140.09,,,,,3.34,,52.9,,97.45,5.79,322.03,,,565.84,,,,,,,17.95,,,,,,,,,,,,,,,,,,,,,,645,,750,,,,,,,,468,,,,,,,,,,,,,,,,,,,,,,,,,
STD-DB10_2-002045,"꽁치, 통조림",S,국가표준식품성분표,,농진청('19),,어패류 및 그 제품,,"꽁치, 통조림",,,,,,,100g,113,78.8,13.12,6.76,1.27,0,0,0,125,0.62,166,174,262,9,9,0,0.114,0.09,5.13,0,0,,1.5,0.08,0.969,4.161,0,0.198,7.76,18,,0.435,0,0,0.55,0.55,0,0,0,0,0,0,0,0,0,0,0,0,,0,,,0,0,,0,4.66,,817.84,0,73.61,68.81,117.45,903.8,10.67,,,120.09,,,76.95,,,,,0,,77.59,,260.99,10.05,442.41,,,263.2,,,,,,,39.4,,,,,,,,,,,,,,,,,,,,,,691,,826,,,,,,,,545,,,,,,,,,,,,,,,,,,,,,,,,,
STD-DB10_2-002046,"다랑어, 가다랑어 육수, 농축",S,국가표준식품성분표,,농진청('22),,어패류 및 그 제품,,"다랑어, 가다랑어 육수, 농축",,,,,,,100g,54,78,1.98,0.01,8.92,11.08,10.79,0,9,0.25,52,82,4484,0,0,0,0,0.03,3.333,0,0,,0.01,0,3.333,0,0.78,0.031,0,17,,1.855,0,0,0,0,0,0,0,0,0,0,0,0,0,0,0,0,,0,,,0,10.79,,0,0,,0,0,0,0,0,0,0,,,0,,,0,,,,,0,,0,,0,0,0,,,0,,,,,,,0,,,,,,,,,,,,,,,,,,,,,,288,,71,,,,,,,,52,,,,,,,,,,,,,,,,,,,,,,,,,
STD-DB10_2-002047,"대구 튀김, 냉동",S,국가표준식품성분표,,수('82),,어패류 및 그 제품,,"대구 튀김, 냉동",,,,,,,100g,106,80.5,13.7,0.8,1.2,11.1,-,-,5,0.6,197,110,221,0,0,-,0.15,0.28,2.4,1,-,,-,-,-,-,-,-,-,-,,-,-,-,-,-,-,-,-,-,-,-,-,-,-,-,-,-,,-,,,-,-,,-,-,,-,-,-,-,-,-,-,,,-,,,-,,,,,-,,-,,-,-,-,,,-,,,,,,,-,,,,,,,,,,,,,,,,,,,,,,-,,-,,,,,,,,-,,,,,,,,,,,,,,,,,,,,,,,,,
STD-DB10_2-002048,"멸치 볶음, 멸치풋고추볶음",S,국가표준식품성분표,,식약('11),,어패류 및 그 제품,,"멸치 볶음, 멸치풋고추볶음",,,,,,,100g,262,42.1,23.3,11.2,6.4,17,-,2.2,561,35.5,598,407,1378,37,18,228,0.18,0.27,6.4,0,-,,-,-,-,-,-,-,-,-,,-,-,-,-,-,-,-,-,-,-,-,-,-,-,-,-,-,,-,,,-,-,,-,-,,-,-,-,-,-,-,-,,,-,,,-,,,,,-,,-,,-,-,-,,,-,,,,,,,-,,,,,,,,,,,,,,,,,,,,,,-,,-,,,,,,,,-,,,,,,,,,,,,,,,,,,,,,,,,,
STD-DB10_2-002049,"멸치 볶음, 잔멸치볶음",S,국가표준식품성분표,,식약('11),,어패류 및 그 제품,,"멸치 볶음, 잔멸치볶음",,,,,,,100g,342,22.3,31,12.6,7.8,26.2,-,0.7,628,36.1,734,372,1896,66,65,7,0.08,0.21,4.3,0,-,,-,-,-,-,-,-,-,-,,-,-,-,-,-,-,-,-,-,-,-,-,-,-,-,-,-,,-,,,-,-,,-,-,,-,-,-,-,-,-,-,,,-,,,-,,,,,-,,-,,-,-,-,,,-,,,,,,,-,,,,,,,,,,,,,,,,,,,,,,-,,-,,,,,,,,-,,,,,,,,,,,,,,,,,,,,,,,,,
STD-DB10_2-002050,멸치 육수,S,국가표준식품성분표,,농진청('19),,어패류 및 그 제품,,멸치 육수,,,,,,,100g,1,99.5,0.14,0.01,0.14,0.19,0,0,2,0.49,11,29,52,0,0,0,0,0.006,0.249,0,0,,0,0,0,0.249,0.12,0,0.45,0,,0,0,0,0,0,0,0,0,0,0,0,0,0,0,0,0,0,,0,,,0,0,,0,0,,0,0,0,0,0,0,0,,,0,,,0,,,,,0,,0,,0,0,0,,,0,,,,,,,0,,,,,,,,,,,,,,,,,,,,,,-,,-,,,,,,,,-,,,,,,,,,,,,,,,,,,,,,,,,,
STD-DB10_2-002051,"멸치 육수, 티백, 채소 포함",S,국가표준식품성분표,,농진청('19),,어패류 및 그 제품,,"멸치 육수, 티백, 채소 포함",,,,,,,100g,2,99.40000000000001,0.14,0.03,0.08,0.35,0.03,0,1,0.71,4,28,29,0,0,0,0,0.005,0.029,0,0,,0.02,0,0,0.029,0.14,0,0,0,,0.059,0,0,0,0,0,0,0,0,0,0,0,0,0,0,0,0.01,,0,,,0,0,,0.02,0,,0,0,0,0,0,0,0,,,0,,,0,,,,,0,,0,,0,0,0,,,0,,,,,,,0,,,,,,,,,,,,,,,,,,,,,,54,,3,,,,,,,,5,,,,,,,,,,,,,,,,,,,,,,,,,
STD-DB10_2-002052,"멸치, 통조림, 유지",S,국가표준식품성분표,,수('95),,어패류 및 그 제품,,"멸치, 통조림, 유지",,,,,,,100g,170,66.8,9.699999999999999,14.6,9.199999999999999,0,-,-,-,-,-,-,-,-,-,-,-,-,-,-,-,,-,-,-,-,-,-,-,-,,-,-,-,-,-,-,-,-,-,-,-,-,-,-,-,-,-,,-,,,-,-,,-,-,,-,-,-,-,-,-,-,,,-,,,-,,,,,-,,-,,-,-,-,,,-,,,,,,,-,,,,,,,,,,,,,,,,,,,,,,-,,-,,,,,,,,-,,,,,,,,,,,,,,,,,,,,,,,,,
STD-DB10_2-002053,"문절망둑, 장조림",S,국가표준식품성분표,,수('82),,어패류 및 그 제품,,"문절망둑, 장조림",,,,,,,100g,248,28.6,28.3,2.1,12,29,-,-,161,14,639,-,-,2,2,-,0.1,0.11,2.5,0,-,,-,-,-,-,-,-,-,-,,-,-,-,-,-,-,-,-,-,-,-,-,-,-,-,-,-,,-,,,-,-,,-,-,,-,-,-,-,-,-,-,,,-,,,-,,,,,-,,-,,-,-,-,,,-,,,,,,,-,,,,,,,,,,,,,,,,,,,,,,-,,-,,,,,,,,-,,,,,,,,,,,,,,,,,,,,,,,,,
STD-DB10_2-002054,"민어, 튀긴것(빵가루)",S,국가표준식품성분표,,USDA('18),,어패류 및 그 제품,,"민어, 튀긴것(빵가루)",,,,,,,100g,221,59.76,18.2,12.67,1.37,7.54,-,0.4,32,0.86,217,340,348,23,23,-,0.09,0.13,4.3,0,-,,3.476,-,-,-,-,0.26,2.1,45,,0.74,-,-,-,-,-,-,-,-,-,-,-,-,-,-,-,-,,-,,,-,-,,-,8.237,,79,-,-,-,79,89,-,,,-,,,-,,,,,-,,-,,-,-,113,,,-,,,,,,,-,,,,,,,,,,,,,,,,,,,,,,850,,1480,,,,,,,,847,,,,,,,,,,,,,,,,,,,,,,,,,
STD-DB10_2-002055,"방어, 통조림, 훈제",S,국가표준식품성분표,,수('82),,어패류 및 그 제품,,"방어, 통조림, 훈제",,,,,,,100g,312,42.4,27.2,22.4,7.5,0.5,-,-,34,1.4,131,-,-,0,0,-,0.05,0.09,6.6,-,-,,-,-,-,-,-,-,-,-,,-,-,-,-,-,-,-,-,-,-,-,-,-,-,-,-,-,,-,,,-,-,,-,-,,-,-,-,-,-,-,-,,,-,,,-,,,,,-,,-,,-,-,-,,,-,,,,,,,-,,,,,,,,,,,,,,,,,,,,,,-,,-,,,,,,,,-,,,,,,,,,,,,,,,,,,,,,,,,,
STD-DB10_2-002056,"복어, 국매리복, 생것",S,국가표준식품성분표,,수('09),,어패류 및 그 제품,,"복어, 국매리복, 생것",,,,,,,100g,91,77.40000000000001,20.7,0.3,1.4,0.2,-,-,8,2,198,-,-,-,-,-,-,-,-,-,-,,-,-,-,-,-,-,-,-,,-,-,-,-,-,-,-,-,-,-,-,-,-,-,-,-,-,,-,,,-,-,,-,-,,-,-,-,-,-,-,-,,,-,,,-,,,,,-,,-,,-,-,-,,,-,,,,,,,-,,,,,,,,,,,,,,,,,,,,,,-,,-,,,,,,,,-,,,,,,,,,,,,,,,,,,,,,,,,,
STD-DB10_2-002057,"빙어, 장조림",S,국가표준식품성분표,,수('82),,어패류 및 그 제품,,"빙어, 장조림",,,,,,,100g,261,29.5,26.7,5.1,11.7,27,-,-,893,10,554,-,-,3,3,-,0.1,0.2,1,0,-,,-,-,-,-,-,-,-,-,,-,-,-,-,-,-,-,-,-,-,-,-,-,-,-,-,-,,-,,,-,-,,-,-,,-,-,-,-,-,-,-,,,-,,,-,,,,,-,,-,,-,-,-,,,-,,,,,,,-,,,,,,,,,,,,,,,,,,,,,,-,,-,,,,,,,,-,,,,,,,,,,,,,,,,,,,,,,,,,
STD-DB10_2-002058,"송어, 통조림",S,국가표준식품성분표,,수('82),,어패류 및 그 제품,,"송어, 통조림",,,,,,,100g,152,70.8,18.2,8.800000000000001,2.2,0,-,-,27,30,209,300,750,0,0,-,0.05,0.13,-,-,-,,-,-,-,-,-,-,-,-,,-,-,-,-,-,-,-,-,-,-,-,-,-,-,-,-,-,,-,,,-,-,,-,-,,-,-,-,-,-,-,-,,,-,,,-,,,,,-,,-,,-,-,-,,,-,,,,,,,-,,,,,,,,,,,,,,,,,,,,,,-,,-,,,,,,,,-,,,,,,,,,,,,,,,,,,,,,,,,,
STD-DB10_2-002059,어묵 국물,S,국가표준식품성분표,,농진청('17),,어패류 및 그 제품,,어묵 국물,,,,,,,100g,3,99.09999999999999,0.09,0.15,0.21,0.4,0.26,-,1,0,3,11,66,0,0,0,0,0,0.272,0,0,,0.03,0,0.236,0.036,0,-,0.06,0,,0,0,0,0.01,0.01,0,0.02,0,0,0,0,0,0,0,0,0,0,,0,,,0,0.26,,0,0.11,,0,0,0,0,0,0,0,,,72.47,,,2.05,,,,,0,,8.529999999999999,,0,0,0,,,28.32,,,,,,,0,,,,,,,,,,,,,,,,,,,,,,13,,0,,,,,,,,0,,,,,,,,,,,,,,,,,,,,,,,,,
STD-DB10_2-002060,어묵국,S,국가표준식품성분표,,식약('11),,어패류 및 그 제품,,어묵국,,,,,,,100g,42,89.3,3.1,0.8,1.2,5.7,-,3.2,16,3.5,31,43,344,5,3,23,0.1,0.05,0.1,0,-,,-,-,-,-,-,-,-,-,,-,-,-,-,-,-,-,-,-,-,-,-,-,-,-,-,-,,-,,,-,-,,-,-,,-,-,-,-,-,-,-,,,-,,,-,,,,,-,,-,,-,-,-,,,-,,,,,,,-,,,,,,,,,,,,,,,,,,,,,,-,,-,,,,,,,,-,,,,,,,,,,,,,,,,,,,,,,,,,
STD-DB10_2-002061,"연어, 통조림",S,국가표준식품성분표,,농진청('19),,어패류 및 그 제품,,"연어, 통조림",,,,,,,100g,168,70.40000000000001,16.29,11.27,1.7,0.31,0,0,13,0.11,131,195,362,2,2,0,0.106,0.089,4.095,0,8.67,,1.39,0.16,0.802,3.293,0.38,0.287,2.06,17,,0.637,0,8.67,1.67,1.29,0,3.62,0.71,0,0,0,0,16.81,16.81,0,0,0,,0,,,0,0,,0,9.050000000000001,,132.98,0,20.47,10.56,24.2,228.47,1.75,,,3693.37,,,274.08,,,,,3.69,,664.4400000000001,,23.58,0,66.88,,,3863.79,,,,,,,7.42,,,,,,,,,,,,,,,,,,,,,,717,,1198,,,,,,,,791,,,,,,,,,,,,,,,,,,,,,,,,,
STD-DB10_2-002062,"전갱이, 생것",S,국가표준식품성분표,,수('09),,어패류 및 그 제품,,"전갱이, 생것",,,,,,,100g,133,72.59999999999999,20.7,4.8,1.8,0.1,-,0,24,0.9,208,-,-,6,6,-,0.14,0.2,5.3,1,-,,-,-,-,-,-,-,-,-,,-,-,-,-,-,-,-,-,-,-,-,-,-,-,-,-,-,,-,,,-,-,,-,-,,-,-,-,-,-,-,-,,,-,,,-,,,,,-,,-,,-,-,-,,,-,,,,,,,-,,,,,,,,,,,,,,,,,,,,,,-,,-,,,,,,,,-,,,,,,,,,,,,,,,,,,,,,,,,,
STD-DB10_2-002063,"전갱이, 삶은것",S,국가표준식품성분표,,JAPAN('20),,어패류 및 그 제품,,"전갱이, 삶은것",,,,,,,100g,136,70.3,22.4,5.9,1.3,0.1,-,(0),80,0.7,250,350,130,8,8,0,0.13,0.12,5.3,0,11.0,,1.45,-,-,-,5.2,0.25,5.9,5,,0.38,-,-,0.3,0.3,0,0,0,-,-,-,-,Tr,-,-,-,-,,-,,,-,-,,-,2.98,,100,5,48,0,130,710,-,,,41,,,-,,,,,78,,24,,10,6,390,,,-,,,,,,,-,,,,,,,,,,,,,,,,,,,,,,"(1,200)",,"(1,700)",,,,,,,,(990),,,,,,,,,,,,,,,,,,,,,,,,,
STD-DB10_2-002064,"전갱이, 구운것",S,국가표준식품성분표,,JAPAN('20),,어패류 및 그 제품,,"전갱이, 구운것",,,,,,,100g,157,65.3,25.9,6.4,1.8,0.1,-,(0),100,0.8,320,470,180,8,8,0,0.15,0.15,6.8,0,12.0,,1.57,-,-,-,5.3,0.27,7.1,5,,0.47,-,-,0.7,0.7,0,0,0,-,-,-,-,Tr,-,-,-,-,,-,,,-,-,,-,3.28,,100,7,49,0,140,820,-,,,47,,,-,,,,,88,,27,,11,8,430,,,-,,,,,,,-,,,,,,,,,,,,,,,,,,,,,,"(1,400)",,"(2,000)",,,,,,,,"(1,100)",,,,,,,,,,,,,,,,,,,,,,,,,
STD-DB10_2-002065,"전갱이, 냉동",S,국가표준식품성분표,,수('82),,어패류 및 그 제품,,"전갱이, 냉동",,,,,,,100g,119,-,20,3.5,-,0.3,-,-,11,-,-,-,-,12,12,-,0.05,0.09,0.2,0,-,,-,-,-,-,-,-,-,-,,-,-,-,-,-,-,-,-,-,-,-,-,-,-,-,-,-,,-,,,-,-,,-,-,,-,-,-,-,-,-,-,,,-,,,-,,,,,-,,-,,-,-,-,,,-,,,,,,,-,,,,,,,,,,,,,,,,,,,,,,-,,-,,,,,,,,-,,,,,,,,,,,,,,,,,,,,,,,,,
STD-DB10_2-002066,"전갱이, 소금에 절여 말린것",S,국가표준식품성분표,,수('09),,어패류 및 그 제품,,"전갱이, 소금에 절여 말린것",,,,,,,100g,262,38,46,6.9,8.4,0.7,-,-,62,3,294,-,-,0,0,-,0.03,0.15,7,0,-,,-,-,-,-,-,-,-,-,,-,-,-,-,-,-,-,-,-,-,-,-,-,-,-,-,-,,-,,,-,-,,-,-,,-,-,-,-,-,-,-,,,-,,,-,,,,,-,,-,,-,-,-,,,-,,,,,,,-,,,,,,,,,,,,,,,,,,,,,,-,,-,,,,,,,,-,,,,,,,,,,,,,,,,,,,,,,,,,
STD-DB10_2-002067,"전갱이, 조미반건조",S,국가표준식품성분표,,JAPAN('20),,어패류 및 그 제품,,"전갱이, 조미반건조",,,,,,,100g,150,68.40000000000001,20.2,8.800000000000001,2.5,0.1,-,(0),36,0.8,220,310,670,(Tr),Tr,Tr,0.10,0.15,3.7,(0),3,,2.35,-,-,-,4.5,0.31,6.3,6,,0.8100000000000001,-,-,0.7,0.7,0,Tr,0,-,-,-,-,(0),-,-,-,-,,-,,,-,-,,-,4.01,,140,-,89,0,130,950,-,,,67,,,-,,,,,98,,34,,12,17,400,,,-,,,,,,,-,,,,,,,,,,,,,,,,,,,,,,"(1,100)",,"(1,600)",,,,,,,,(890),,,,,,,,,,,,,,,,,,,,,,,,,
STD-DB10_2-002068,"전갱이, 통조림, 조미",S,국가표준식품성분표,,수('82),,어패류 및 그 제품,,"전갱이, 통조림, 조미",,,,,,,100g,131,63.1,14.7,0.1,4.2,17.9,-,-,28,8,85,160,900,0,0,-,0.05,0.26,1,-,-,,-,-,-,-,-,-,-,-,,-,-,-,-,-,-,-,-,-,-,-,-,-,-,-,-,-,,-,,,-,-,,-,-,,-,-,-,-,-,-,-,,,-,,,-,,,,,-,,-,,-,-,-,,,-,,,,,,,-,,,,,,,,,,,,,,,,,,,,,,-,,-,,,,,,,,-,,,,,,,,,,,,,,,,,,,,,,,,,
STD-DB10_2-002069,"전갱이 튀김, 냉동",S,국가표준식품성분표,,수('82),,어패류 및 그 제품,,"전갱이 튀김, 냉동",,,,,,,100g,144,-,16.1,2.3,-,14.8,-,-,23,-,-,-,-,1,1,-,0.13,0.06,-,1,-,,-,-,-,-,-,-,-,-,,-,-,-,-,-,-,-,-,-,-,-,-,-,-,-,-,-,,-,,,-,-,,-,-,,-,-,-,-,-,-,-,,,-,,,-,,,,,-,,-,,-,-,-,,,-,,,,,,,-,,,,,,,,,,,,,,,,,,,,,,-,,-,,,,,,,,-,,,,,,,,,,,,,,,,,,,,,,,,,
STD-DB10_2-002070,"전갱이, 어린것, 생것",S,국가표준식품성분표,,수('09),,어패류 및 그 제품,,"전갱이, 어린것, 생것",,,,,,,100g,99,76.7,19.9,1.5,1.6,0.3,-,-,29,1.2,187,-,-,3,3,-,0.13,0.1,6.1,1,-,,-,-,-,-,-,-,-,-,,-,-,-,-,-,-,-,-,-,-,-,-,-,-,-,-,-,,-,,,-,-,,-,-,,-,-,-,-,-,-,-,,,-,,,-,,,,,-,,-,,-,-,-,,,-,,,,,,,-,,,,,,,,,,,,,,,,,,,,,,-,,-,,,,,,,,-,,,,,,,,,,,,,,,,,,,,,,,,,
STD-DB10_2-002071,"전갱이, 갈전갱이, 생것",S,국가표준식품성분표,,수('09),,어패류 및 그 제품,,"전갱이, 갈전갱이, 생것",,,,,,,100g,111,76,19.6,3,1.3,0.1,-,-,49,1,216,-,-,15,15,-,0.26,0.18,4.6,1,-,,-,-,-,-,-,-,-,-,,-,-,-,-,-,-,-,-,-,-,-,-,-,-,-,-,-,,-,,,-,-,,-,-,,-,-,-,-,-,-,-,,,-,,,-,,,,,-,,-,,-,-,-,,,-,,,,,,,-,,,,,,,,,,,,,,,,,,,,,,-,,-,,,,,,,,-,,,,,,,,,,,,,,,,,,,,,,,,,
STD-DB10_2-002072,"전갱이, 줄전갱이, 생것",S,국가표준식품성분표,,수('09),,어패류 및 그 제품,,"전갱이, 줄전갱이, 생것",,,,,,,100g,112,73.2,24,1.1,1.6,0.1,-,-,53,1.7,191,-,-,5,5,-,0.14,0.2,7,1,-,,-,-,-,-,-,-,-,-,,-,-,-,-,-,-,-,-,-,-,-,-,-,-,-,-,-,,-,,,-,-,,-,-,,-,-,-,-,-,-,-,,,-,,,-,,,,,-,,-,,-,-,-,,,-,,,,,,,-,,,,,,,,,,,,,,,,,,,,,,-,,-,,,,,,,,-,,,,,,,,,,,,,,,,,,,,,,,,,
STD-DB10_2-002073,"전어, 생것",S,국가표준식품성분표,,수('09),,어패류 및 그 제품,,"전어, 생것",,,,,,,100g,107,75.7,19.2,2.7,2.2,0.2,-,0,141,1.2,311,-,-,0,0,-,0.02,0.29,6.1,0,-,,-,-,-,-,-,-,-,-,,-,-,-,-,-,-,-,-,-,-,-,-,-,-,-,-,-,,-,,,-,-,,-,-,,-,-,-,-,-,-,-,,,-,,,-,,,,,-,,-,,-,-,-,,,-,,,,,,,-,,,,,,,,,,,,,,,,,,,,,,-,,-,,,,,,,,-,,,,,,,,,,,,,,,,,,,,,,,,,
STD-DB10_2-002074,"전어, 젓갈",S,국가표준식품성분표,,수('09),,어패류 및 그 제품,,"전어, 젓갈",,,,,,,100g,124,62.8,15.3,6.7,14.7,0.5,-,-,466,8,322,-,-,0,0,-,0.02,0.18,4.1,0,-,,-,-,-,-,-,-,-,-,,-,-,-,-,-,-,-,-,-,-,-,-,-,-,-,-,-,,-,,,-,-,,-,-,,-,-,-,-,-,-,-,,,-,,,-,,,,,-,,-,,-,-,-,,,-,,,,,,,-,,,,,,,,,,,,,,,,,,,,,,-,,-,,,,,,,,-,,,,,,,,,,,,,,,,,,,,,,,,,
STD-DB10_2-002075,"정어리, 통조림",S,국가표준식품성분표,,수('82),,어패류 및 그 제품,,"정어리, 통조림",,,,,,,100g,122,72.09999999999999,19.3,4.8,3.5,0.3,-,-,241,8,235,259,651,0,0,-,0.04,0.13,9,0,-,,-,-,-,-,-,-,-,-,,-,-,-,-,-,-,-,-,-,-,-,-,-,-,-,-,-,,-,,,-,-,,-,-,,-,-,-,-,-,-,-,,,-,,,-,,,,,-,,-,,-,-,-,,,-,,,,,,,-,,,,,,,,,,,,,,,,,,,,,,-,,-,,,,,,,,-,,,,,,,,,,,,,,,,,,,,,,,,,
STD-DB10_2-002076,"가리비, 튀긴것(빵가루)",S,국가표준식품성분표,,USDA('18),,어패류 및 그 제품,,"가리비, 튀긴것(빵가루)",,,,,,,100g,216,58.44,18.07,10.94,1.83,10.13,-,-,42,0.82,236,333,464,-,-,-,0.042,0.11,1.505,2.3,-,,2.669,-,-,-,-,0.14,1.32,50,,0.2,-,-,-,-,-,-,-,-,-,-,-,-,-,-,-,-,,-,,,-,-,,-,7.354,,6,-,-,-,16,103,-,,,-,,,-,,,,,-,,-,,-,-,86,,,-,,,,,,,-,,,,,,,,,,,,,,,,,,,,,,1074,,1295,,,,,,,,800,,,,,,,,,,,,,,,,,,,,,,,,,
STD-DB10_2-002077,"가리비, 통조림",S,국가표준식품성분표,,수('82),,어패류 및 그 제품,,"가리비, 통조림",,,,,,,100g,107,71.8,21.6,0.3,1.9,4.4,-,-,45,1.4,112,250,500,0,0,0,0.02,0.15,-,-,-,,-,-,-,-,-,-,-,-,,-,-,-,-,-,-,-,-,-,-,-,-,-,-,-,-,-,,-,,,-,-,,-,-,,-,-,-,-,-,-,-,,,-,,,-,,,,,-,,-,,-,-,-,,,-,,,,,,,-,,,,,,,,,,,,,,,,,,,,,,-,,-,,,,,,,,-,,,,,,,,,,,,,,,,,,,,,,,,,
STD-DB10_2-002078,"가리비, 국자가리비, 생것",S,국가표준식품성분표,,JAPAN('20),,어패류 및 그 제품,,"가리비, 국자가리비, 생것",,,,,,,100g,55,84.90000000000001,10.8,0.8,2.0,1.5,-,(0),48,2.0,170,260,450,6,5,9,0,0.20,1.4,Tr,(0),,0.13,-,-,-,-,0.07000000000000001,13.0,14,,0.24,-,-,0.4,0.4,0,0,0,-,-,-,-,(0),-,-,-,-,,-,,,-,-,,-,0.28,,7,0,Tr,0,4,76,-,,,8,,,-,,,,,11,,8,,3,2,73,,,-,,,,,,,-,,,,,,,,,,,,,,,,,,,,,,(760),,(670),,,,,,,,(380),,,,,,,,,,,,,,,,,,,,,,,,,
STD-DB10_2-002079,"굴, 튀긴것(튀김옷)",S,국가표준식품성분표,,USDA('18),,어패류 및 그 제품,,"굴, 튀긴것(튀김옷)",,,,,,,100g,199,64.72,8.77,12.58,1.72,11.62,-,-,62,6.95,159,244,417,-,-,-,0.15,0.202,1.65,3.8,-,,3.197,-,-,-,-,0.064,15.63,43,,0.27,-,-,-,-,-,-,-,-,-,-,-,-,-,-,-,-,,-,,,-,-,,-,8.015000000000001,,57,-,-,-,48,218,-,,,-,,,-,,,,,-,,-,,-,-,202,,,-,,,,,,,-,,,,,,,,,,,,,,,,,,,,,,493,,638,,,,,,,,396,,,,,,,,,,,,,,,,,,,,,,,,,
STD-DB10_2-002080,"굴, 통조림",S,국가표준식품성분표,,국('77),,어패류 및 그 제품,,"굴, 통조림",,,,,,,100g,83,81.40000000000001,14.7,2.7,1.2,0,-,-,37,3.3,108,162,378,-,-,-,0.65,0.09,4.8,0,-,,-,-,-,-,-,-,-,-,,-,-,-,-,-,-,-,-,-,-,-,-,-,-,-,-,-,,-,,,-,-,,-,-,,-,-,-,-,-,-,-,,,-,,,-,,,,,-,,-,,-,-,-,,,-,,,,,,,-,,,,,,,,,,,,,,,,,,,,,,-,,-,,,,,,,,-,,,,,,,,,,,,,,,,,,,,,,,,,
STD-DB10_2-002081,"동죽, 생것",S,국가표준식품성분표,,수('09),,어패류 및 그 제품,,"동죽, 생것",,,,,,,100g,69,82.7,11.8,1.6,3,0.9,-,-,90,22.7,126,-,-,2,0,25,0.05,0.13,2.5,1,-,,-,-,-,-,-,-,-,-,,-,-,-,-,-,-,-,-,-,-,-,-,-,-,-,-,-,,-,,,-,-,,-,-,,-,-,-,-,-,-,-,,,-,,,-,,,,,-,,-,,-,-,-,,,-,,,,,,,-,,,,,,,,,,,,,,,,,,,,,,-,,-,,,,,,,,-,,,,,,,,,,,,,,,,,,,,,,,,,
STD-DB10_2-002082,"맛, 붉은맛(큰죽합), 생것",S,국가표준식품성분표,,수('09),,어패류 및 그 제품,,"맛, 붉은맛(큰죽합), 생것",,,,,,,100g,95,77.3,16.1,1.8,2.3,2.5,-,-,64,12.5,254,-,-,9,5,42,0.02,0.2,3,2,-,,-,-,-,-,-,-,-,-,,-,-,-,-,-,-,-,-,-,-,-,-,-,-,-,-,-,,-,,,-,-,,-,-,,-,-,-,-,-,-,-,,,-,,,-,,,,,-,,-,,-,-,-,,,-,,,,,,,-,,,,,,,,,,,,,,,,,,,,,,-,,-,,,,,,,,-,,,,,,,,,,,,,,,,,,,,,,,,,
STD-DB10_2-002083,"바지락, 장조림",S,국가표준식품성분표,,수('82),,어패류 및 그 제품,,"바지락, 장조림",,,,,,,100g,235,30.4,24.8,2.1,13.6,29.1,-,-,232,50,372,-,-,-,-,-,0.04,0.11,4.5,0,-,,-,-,-,-,-,-,-,-,,-,-,-,-,-,-,-,-,-,-,-,-,-,-,-,-,-,,-,,,-,-,,-,-,,-,-,-,-,-,-,-,,,-,,,-,,,,,-,,-,,-,-,-,,,-,,,,,,,-,,,,,,,,,,,,,,,,,,,,,,-,,-,,,,,,,,-,,,,,,,,,,,,,,,,,,,,,,,,,
STD-DB10_2-002084,"바지락, 통조림",S,국가표준식품성분표,,수('82),,어패류 및 그 제품,,"바지락, 통조림",,,,,,,100g,91,7.9,15.2,2.4,2.4,2.1,-,-,76,16,124,-,-,-,-,-,-,0.09,0.8,-,-,,-,-,-,-,-,-,-,-,,-,-,-,-,-,-,-,-,-,-,-,-,-,-,-,-,-,,-,,,-,-,,-,-,,-,-,-,-,-,-,-,,,-,,,-,,,,,-,,-,,-,-,-,,,-,,,,,,,-,,,,,,,,,,,,,,,,,,,,,,-,,-,,,,,,,,-,,,,,,,,,,,,,,,,,,,,,,,,,
STD-DB10_2-002085,"백합, 통조림, 조미",S,국가표준식품성분표,,수('82),,어패류 및 그 제품,,"백합, 통조림, 조미",,,,,,,100g,123,64.90000000000001,19.6,0.1,4.5,10.9,-,-,46,5.8,85,520,2100,-,-,-,0.02,0.04,-,-,-,,-,-,-,-,-,-,-,-,,-,-,-,-,-,-,-,-,-,-,-,-,-,-,-,-,-,,-,,,-,-,,-,-,,-,-,-,-,-,-,-,,,-,,,-,,,,,-,,-,,-,-,-,,,-,,,,,,,-,,,,,,,,,,,,,,,,,,,,,,-,,-,,,,,,,,-,,,,,,,,,,,,,,,,,,,,,,,,,
STD-DB10_2-002086,"소라, 통조림",S,국가표준식품성분표,,수('82),,어패류 및 그 제품,,"소라, 통조림",,,,,,,100g,123,64.90000000000001,19.6,0.1,4.5,10.9,-,-,49,7.6,89,-,-,-,-,-,0.02,0.04,-,0,-,,-,-,-,-,-,-,-,-,,-,-,-,-,-,-,-,-,-,-,-,-,-,-,-,-,-,,-,,,-,-,,-,-,,-,-,-,-,-,-,-,,,-,,,-,,,,,-,,-,,-,-,-,,,-,,,,,,,-,,,,,,,,,,,,,,,,,,,,,,-,,-,,,,,,,,-,,,,,,,,,,,,,,,,,,,,,,,,,
STD-DB10_2-002087,"전복, 둥근전복, 생것",S,국가표준식품성분표,,수('09),,어패류 및 그 제품,,"전복, 둥근전복, 생것",,,,,,,100g,85,78.40000000000001,14.3,0.7,2.1,4.5,-,-,52,2,118,-,-,0,0,tr,0.25,0.21,3.4,2,-,,-,-,-,-,-,-,-,-,,-,-,-,-,-,-,-,-,-,-,-,-,-,-,-,-,-,,-,,,-,-,,-,-,,-,-,-,-,-,-,-,,,-,,,-,,,,,-,,-,,-,-,-,,,-,,,,,,,-,,,,,,,,,,,,,,,,,,,,,,-,,-,,,,,,,,-,,,,,,,,,,,,,,,,,,,,,,,,,
STD-DB10_2-002088,"전복, 말전복, 생것",S,국가표준식품성분표,,수('09),,어패류 및 그 제품,,"전복, 말전복, 생것",,,,,,,100g,77,80.3,12.8,0.8,2.3,3.8,-,-,51,2,105,-,-,0,0,tr,0.23,0.25,2.6,2,-,,-,-,-,-,-,-,-,-,,-,-,-,-,-,-,-,-,-,-,-,-,-,-,-,-,-,,-,,,-,-,,-,-,,-,-,-,-,-,-,-,,,-,,,-,,,,,-,,-,,-,-,-,,,-,,,,,,,-,,,,,,,,,,,,,,,,,,,,,,-,,-,,,,,,,,-,,,,,,,,,,,,,,,,,,,,,,,,,
STD-DB10_2-002089,"전복, 북방전복, 생것",S,국가표준식품성분표,,수('09),,어패류 및 그 제품,,"전복, 북방전복, 생것",,,,,,,100g,91,77.2,15,0.7,2,5.1,-,-,49,2.4,141,-,-,0,0,tr,0.26,0.25,3.5,2,-,,-,-,-,-,-,-,-,-,,-,-,-,-,-,-,-,-,-,-,-,-,-,-,-,-,-,,-,,,-,-,,-,-,,-,-,-,-,-,-,-,,,-,,,-,,,,,-,,-,,-,-,-,,,-,,,,,,,-,,,,,,,,,,,,,,,,,,,,,,-,,-,,,,,,,,-,,,,,,,,,,,,,,,,,,,,,,,,,
STD-DB10_2-002090,"전복, 내장, 생것",S,국가표준식품성분표,,수('82),,어패류 및 그 제품,,"전복, 내장, 생것",,,,,,,100g,150,70.40000000000001,18.5,7.6,3.5,0,-,-,27,107.8,299,-,-,-,-,-,-,-,-,-,-,,-,-,-,-,-,-,-,-,,-,-,-,-,-,-,-,-,-,-,-,-,-,-,-,-,-,,-,,,-,-,,-,-,,-,-,-,-,-,-,-,,,-,,,-,,,,,-,,-,,-,-,-,,,-,,,,,,,-,,,,,,,,,,,,,,,,,,,,,,-,,-,,,,,,,,-,,,,,,,,,,,,,,,,,,,,,,,,,
STD-DB10_2-002091,"전복, 말린것",S,국가표준식품성분표,,수('82),,어패류 및 그 제품,,"전복, 말린것",,,,,,,100g,254,36,56,0.9,4.8,2.3,-,-,71,14.6,274,520,3000,0,0,0,0.5600000000000001,0.06,4.5,-,-,,-,-,-,-,-,-,-,-,,-,-,-,-,-,-,-,-,-,-,-,-,-,-,-,-,-,,-,,,-,-,,-,-,,-,-,-,-,-,-,-,,,-,,,-,,,,,-,,-,,-,-,-,,,-,,,,,,,-,,,,,,,,,,,,,,,,,,,,,,-,,-,,,,,,,,-,,,,,,,,,,,,,,,,,,,,,,,,,
STD-DB10_2-002092,"전복, 튀긴것",S,국가표준식품성분표,,USDA('18),,어패류 및 그 제품,,"전복, 튀긴것",,,,,,,100g,189,60.1,19.63,6.78,1.77,11.05,-,0,37,3.8,217,284,591,2,2,-,0.22,0.13,1.9,1.8,-,,1.646,-,-,-,-,0.15,0.6899999999999999,20,,2.87,-,-,-,-,-,-,-,-,-,-,-,-,-,-,-,-,,-,,,-,-,,-,4.417,,-,-,-,-,46,-,-,,,-,,,-,,,,,-,,-,,-,-,54,,,-,,,,,,,-,,,,,,,,,,,,,,,,,,,,,,1213,,1386,,,,,,,,854,,,,,,,,,,,,,,,,,,,,,,,,,
STD-DB10_2-002093,"전복, 통조림, 삶은것",S,국가표준식품성분표,,수('82),,어패류 및 그 제품,,"전복, 통조림, 삶은것",,,,,,,100g,96,74.40000000000001,16.3,0.2,1.8,7.3,-,-,24,3.6,65,130,600,0,0,0,0.04,0.04,1,-,-,,-,-,-,-,-,-,-,-,,-,-,-,-,-,-,-,-,-,-,-,-,-,-,-,-,-,,-,,,-,-,,-,-,,-,-,-,-,-,-,-,,,-,,,-,,,,,-,,-,,-,-,-,,,-,,,,,,,-,,,,,,,,,,,,,,,,,,,,,,-,,-,,,,,,,,-,,,,,,,,,,,,,,,,,,,,,,,,,
STD-DB10_2-002094,"전복, 젓갈",S,국가표준식품성분표,,수('82),,어패류 및 그 제품,,"전복, 젓갈",,,,,,,100g,96,66,12.2,4.8,16,1,-,-,223,56,91,240,2000,-,-,-,0.2,0.7,-,-,-,,-,-,-,-,-,-,-,-,,-,-,-,-,-,-,-,-,-,-,-,-,-,-,-,-,-,,-,,,-,-,,-,-,,-,-,-,-,-,-,-,,,-,,,-,,,,,-,,-,,-,-,-,,,-,,,,,,,-,,,,,,,,,,,,,,,,,,,,,,-,,-,,,,,,,,-,,,,,,,,,,,,,,,,,,,,,,,,,
STD-DB10_2-002095,"조개, 떡조개, 생것",S,국가표준식품성분표,,수('09),,어패류 및 그 제품,,"조개, 떡조개, 생것",,,,,,,100g,87,78.3,11.2,1,2.1,7.4,-,-,104,3.8,124,-,-,tr,tr,tr,0.04,0.28,1.9,2,-,,-,-,-,-,-,-,-,-,,-,-,-,-,-,-,-,-,-,-,-,-,-,-,-,-,-,,-,,,-,-,,-,-,,-,-,-,-,-,-,-,,,-,,,-,,,,,-,,-,,-,-,-,,,-,,,,,,,-,,,,,,,,,,,,,,,,,,,,,,-,,-,,,,,,,,-,,,,,,,,,,,,,,,,,,,,,,,,,
STD-DB10_2-002096,"새우 볶음, 말린것, 볶은것",S,국가표준식품성분표,,식약('11),,어패류 및 그 제품,,"새우 볶음, 말린것, 볶은것",,,,,,,100g,342,27.5,23.4,13.4,7.1,28.5,-,2.1,1567,41,433,364,981,46,0,550,0.03,0.2,3.9,0,-,,-,-,-,-,-,-,-,-,,-,-,-,-,-,-,-,-,-,-,-,-,-,-,-,-,-,,-,,,-,-,,-,-,,-,-,-,-,-,-,-,,,-,,,-,,,,,-,,-,,-,-,-,,,-,,,,,,,-,,,,,,,,,,,,,,,,,,,,,,-,,-,,,,,,,,-,,,,,,,,,,,,,,,,,,,,,,,,,
STD-DB10_2-002097,"새우 튀김용, 냉동",S,국가표준식품성분표,,JAPAN('20),,어패류 및 그 제품,,"새우 튀김용, 냉동",,,,,,,100g,139,66.3,10.2,1.9,1.3,20.3,-,-,42,1.5,90,95,340,Tr,Tr,-,0.04,0.07000000000000001,0.7,1,-,,-,-,-,-,3.1,-,-,-,,-,-,-,-,-,-,-,-,-,-,-,-,-,-,-,-,-,,-,,,-,-,,-,-,,-,-,-,-,-,-,-,,,-,,,-,,,,,-,,-,,-,-,-,,,-,,,,,,,-,,,,,,,,,,,,,,,,,,,,,,-,,-,,,,,,,,-,,,,,,,,,,,,,,,,,,,,,,,,,
STD-DB10_2-002098,"새우 튀김용, 튀긴것(빵가루)",S,국가표준식품성분표,,농진청('17),,어패류 및 그 제품,,"새우 튀김용, 튀긴것(빵가루)",,,,,,,100g,263,49.9,6.43,13.53,1.27,28.84,0.99,1.5,78,0.45,128,48,392,0,0,0,0,0.021,0.6889999999999999,0,0,,2.24,0.19,0,0.6889999999999999,0,-,0.15,13,,0,0,0,2.29,1.47,0.05,7.4,1.37,0.01,0.09,0.02,0,0,0,0,0,0.13,,0.74,,,0,0,,0.12,10.51,,33.05,0,0,0,0,26.11,0,,,6742.51,,,220.96,,,,,5.41,,785.5700000000001,,8.68,0,19.56,,,2653.09,,,,,,,7.42,,,,,,,,,,,,,,,,,,,,,,254,,468,,,,,,,,196,,,,,,,,,,,,,,,,,,,,,,,,,
STD-DB10_2-002099,"성게, 통조림",S,국가표준식품성분표,,국('77),,어패류 및 그 제품,,"성게, 통조림",,,,,,,100g,138,68.40000000000001,14,5.1,3.6,8.9,-,-,136,5,188,-,-,-,-,-,0.01,0.83,-,0,-,,-,-,-,-,-,-,-,-,,-,-,-,-,-,-,-,-,-,-,-,-,-,-,-,-,-,,-,,,-,-,,-,-,,-,-,-,-,-,-,-,,,-,,,-,,,,,-,,-,,-,-,-,,,-,,,,,,,-,,,,,,,,,,,,,,,,,,,,,,-,,-,,,,,,,,-,,,,,,,,,,,,,,,,,,,,,,,,,
STD-DB10_2-002100,오징어 튀김,S,국가표준식품성분표,,식약('11),,어패류 및 그 제품,,오징어 튀김,,,,,,,100g,308,44.3,11.9,18.1,1.3,24.3,-,0.7,25,3.1,176,132,360,2,1,6,0.07000000000000001,0.3,2.1,6,-,,-,-,-,-,-,-,-,-,,-,-,-,-,-,-,-,-,-,-,-,-,-,-,-,-,-,,-,,,-,-,,-,-,,-,-,-,-,-,-,-,,,-,,,-,,,,,-,,-,,-,-,-,,,-,,,,,,,-,,,,,,,,,,,,,,,,,,,,,,-,,-,,,,,,,,-,,,,,,,,,,,,,,,,,,,,,,,,,
STD-DB10_2-002101,오징어채 볶음,S,국가표준식품성분표,,식약('11),,어패류 및 그 제품,,오징어채 볶음,,,,,,,100g,278,32.3,18.6,4.2,3.5,41.4,-,1.5,27,8.6,191,199,1161,54,0,647,0.6,0.19,2.6,4,-,,-,-,-,-,-,-,-,-,,-,-,-,-,-,-,-,-,-,-,-,-,-,-,-,-,-,,-,,,-,-,,-,-,,-,-,-,-,-,-,-,,,-,,,-,,,,,-,,-,,-,-,-,,,-,,,,,,,-,,,,,,,,,,,,,,,,,,,,,,-,,-,,,,,,,,-,,,,,,,,,,,,,,,,,,,,,,,,,
STD-DB10_2-002102,"김, 김밥용김, 말린것",S,국가표준식품성분표,,농진청('19),,해조류,,"김, 김밥용김, 말린것",,,,,,,100g,182,2.4,38.46,2.82,10.13,46.19,0,45.6,184,8.48,532,2655,903,1291,0,15492,0.197,1.994,14.804,148.04,0,,0.83,0.01,9.335000000000001,5.469,1.79,0.988,71.88,1155,,1.215,0,0,2.61,2.61,0,0,0,0,0,0,0,1390.5,1390.5,0,0,0,,0,,,0,0,,0,1.59,,102.34,0,5.29,22.47,3.83,0,3.44,,,48.99,,,14.76,,,,,0,,2.79,,28.36,77.98999999999999,1190.85,,,67.23999999999999,,,,,,,1.88,,,,,,,,,,,,,,,,,,,,,,2047,,2362,,,,,,,,1432,,,,,,,,,,,,,,,,,,,,,,,,,
STD-DB10_2-002103,다시마 육수,S,국가표준식품성분표,,농진청('11),,해조류,,다시마 육수,,,,,,,100g,1,99.40000000000001,0.1,0,0.2,0.3,-,-,2,0,3,86,31,0,0,0,0.05,0.09,0.5,0,-,,-,-,-,-,-,-,-,-,,-,-,-,-,-,-,-,-,-,-,-,-,-,-,-,-,-,,-,,,-,-,,-,-,,-,-,-,-,-,-,-,,,-,,,-,,,,,-,,-,,-,-,-,,,-,,,,,,,-,,,,,,,,,,,,,,,,,,,,,,-,,-,,,,,,,,-,,,,,,,,,,,,,,,,,,,,,,,,,
STD-DB10_2-002104,"분유, 전지",S,국가표준식품성분표,,농진청('15),,우유 및 그 제품,,"분유, 전지",,,,,,,100g,509,2.7,25.46,27.32,5.45,39.07,38.63,0,977,0.13,770,1298,322,419,418,7,0.168,1.064,0.913,8.41,0,,18.02,1.02,0.047,0.866,11.37,-,1.98,41,,3.504,0,0,0.49,0.49,0,0,0,0,0,0,0,-,0,-,0,0,,0,,,38.63,0,,0,6.84,,20.29,0,0,0,11.27,0,0,,,632.97,,,0,,,,,55.84,,61.25,,11.75,48.05,7.22,,,5452.01,,,,,,,756.48,,,,,,,,,,,,,,,,,,,,,,435,,2257,,,,,,,,1241,,,,,,,,,,,,,,,,,,,,,,,,,
STD-DB10_2-002105,"치즈, 모차렐라",S,국가표준식품성분표,,농진청('20),,우유 및 그 제품,,"치즈, 모차렐라",,,,,,,100g,236,61.4,17.34,16.49,1.59,3.15,1.06,0,365,0.07000000000000001,273,50,243,137,135,26,0.025,0.153,0.241,0,0,,11.11,0.44,0,0.241,1.9,0.021,1.75,25,,0.142,0,0,0.22,0.21,0,0.07000000000000001,0.04,0,0,0,0,0,0,0,0,0,,0,,,1.06,0,,0,3.87,,18.29,0,0,5.28,12.87,0,1.28,,,369.18,,,82.04000000000001,,,,,0,,74.55,,0,18.27,6.55,,,2841.45,,,,,,,305.38,,,,,,,,,,,,,,,,,,,,,,379,,918,,,,,,,,682,,,,,,,,,,,,,,,,,,,,,,,,,
STD-DB10_2-002106,"커피크리머, 가루",S,국가표준식품성분표,,농진청('16),,우유 및 그 제품,,"커피크리머, 가루",,,,,,,100g,514,2.8,1.57,29.11,4.32,62.2,4.29,0,339,0.2,636,1195,21,0,0,0,0,0.016,0.31,0,0,,27.42,0,0,0.31,0,-,0,12,,0,0,0,0.21,0.2,0.01,0,0,0,0,0,0,-,0,-,0.02,0,,3.25,,,0,0,,1.02,0.01,,0,0,0,0,0,0,0,,,3.07,,,0,,,,,0,,0,,0,0,0,,,5.87,,,,,,,1.78,,,,,,,,,,,,,,,,,,,,,,18,,104,,,,,,,,112,,,,,,,,,,,,,,,,,,,,,,,,,
STD-DB10_2-002107,"커피크리머, 액상, 식물성지방",S,국가표준식품성분표,,JAPAN('20),,우유 및 그 제품,,"커피크리머, 액상, 식물성지방",,,,,,,100g,244,68.40000000000001,4.3,24.8,0.7,1.8,(1.8),(0),21,0.1,130,45,160,1,1,-,0,0.03,0,Tr,0,,5.70,-,-,-,0.3,0,0,2,,0.03,-,-,0,0,0,0,0,-,-,-,-,1,-,-,-,-,,(0),,,(1.8),-,,-,17.79,,0,0,0,0,0,0,-,,,470,,,-,,,,,0,,140,,0,0,0,,,-,,,,,,,-,,,,,,,,,,,,,,,,,,,,,,(81),,(420),,,,,,,,(180),,,,,,,,,,,,,,,,,,,,,,,,,
STD-DB10_2-002108,면실유,S,국가표준식품성분표,,JAPAN('20),,유지류,,면실유,,,,,,,100g,883,0,0,100,0,0,-,0,0,0,0,0,0,0,0,0,0,0,0,(0),(0),,21.06,-,-,-,-,(0),(0),(0),,(0),-,-,30.9,28.0,0.3,27.0,0.4,-,-,-,-,29,-,-,-,-,,-,,,-,-,,-,71.29000000000001,,110,0,68,0,0,0,-,,,54000,,,-,,,,,0,,340,,0,0,0,,,-,,,,,,,-,,,,,,,,,,,,,,,,,,,,,,-,,-,,,,,,,,-,,,,,,,,,,,,,,,,,,,,,,,,,
STD-DB10_2-002109,감잎차,S,국가표준식품성분표,,농진청('19),,차류,,감잎차,,,,,,,100g,0,99.90000000000001,0.02,0.03,0.11,0,0,0,0,0.57,1,22,0,0,0,0,0,0.003,0,0,0,,0,0,0,0,0.04,0.002,0,3,,0,0,0,0,0,0,0,0,0,0,0,0,0,0,0,0,0,,0,,,0,0,,0,0,,0,0,0,0,0,0,0,,,0,,,0,,,,,0,,0,,0,0,0,,,0,,,,,,,0,,,,,,,,,,,,,,,,,,,,,,37,,1,,,,,,,,1,,,,,,,,,,,,,,,,,,,,,,,,,
STD-DB10_2-002110,"결명자차, 말린것",S,국가표준식품성분표,,농진청('19),,차류,,"결명자차, 말린것",,,,,,,100g,390,6,19.07,6.57,4.6,63.78,2.77,50.9,596,5.65,543,1047,6,-,-,-,0,0.369,1.157,11.43,0,,1.41,0,1.094,0.063,0.3,0.092,0,129,,1.273,0,0,-,-,-,-,-,-,-,-,-,38.27,38.27,0,0,0.48,,0,,,0,2.29,,0,4.23,,16.74,0,0,0,0,0,0,,,2758.32,,,64.59,,,,,0,,127.86,,0,0,0,,,1244.64,,,,,,,0,,,,,,,,,,,,,,,,,,,,,,680,,1391,,,,,,,,689,,,,,,,,,,,,,,,,,,,,,,,,,
STD-DB10_2-002111,결명자차,S,국가표준식품성분표,,농진청('19),,차류,,결명자차,,,,,,,100g,0,99.90000000000001,0,0,0.01,0.04,0,0,1,0.01,1,3,0,0,0,0,0,0.003,0,0,0,,0,0,0,0,0,0,0,1,,0,0,0,0,0,0,0,0,0,0,0,0,0,0,0,0,0,,0,,,0,0,,0,0,,0,0,0,0,0,0,0,,,0,,,0,,,,,0,,0,,0,0,0,,,0,,,,,,,0,,,,,,,,,,,,,,,,,,,,,,0,,0,,,,,,,,0,,,,,,,,,,,,,,,,,,,,,,,,,
STD-DB10_2-002112,"계피차, 가루",S,국가표준식품성분표,,국('77),,차류,,"계피차, 가루",,,,,,,100g,357,9.1,0,1.4,0.5,89,-,-,0,2.3,14,745,5,-,-,-,1.49,0.37,3.5,0,-,,-,-,-,-,-,-,-,-,,-,-,-,-,-,-,-,-,-,-,-,-,-,-,-,-,-,,-,,,-,-,,-,-,,-,-,-,-,-,-,-,,,-,,,-,,,,,-,,-,,-,-,-,,,-,,,,,,,-,,,,,,,,,,,,,,,,,,,,,,-,,-,,,,,,,,-,,,,,,,,,,,,,,,,,,,,,,,,,
STD-DB10_2-002113,"구기자차, 말린것",S,국가표준식품성분표,,국('78),,차류,,"구기자차, 말린것",,,,,,,100g,384,12.5,14.6,10.7,5,57.2,-,-,49,14.7,259,2161,162,-,-,-,0.82,0.34,6.7,11,-,,-,-,-,-,-,-,-,-,,-,-,-,-,-,-,-,-,-,-,-,-,-,-,-,-,-,,-,,,-,-,,-,-,,-,-,-,-,-,-,-,,,-,,,-,,,,,-,,-,,-,-,-,,,-,,,,,,,-,,,,,,,,,,,,,,,,,,,,,,-,,-,,,,,,,,-,,,,,,,,,,,,,,,,,,,,,,,,,
STD-DB10_2-002114,구기자차,S,국가표준식품성분표,,농진청('19),,차류,,구기자차,,,,,,,100g,1,99.90000000000001,0,0,0.02,0.13,0.02,0,0,0,1,12,0,0,0,0,0,0.003,0,0,0,,0,0,0,0,0,0,0,2,,0,0,0,0,0,0,0,0,0,0,0,0,0,0,0,0,0.02,,0,,,0,0,,0,0,,0,0,0,0,0,0,0,,,0,,,0,,,,,0,,0,,0,0,0,,,0,,,,,,,0,,,,,,,,,,,,,,,,,,,,,,0,,0,,,,,,,,0,,,,,,,,,,,,,,,,,,,,,,,,,
STD-DB10_2-002115,"구절초차, 말린것",S,국가표준식품성분표,,농진청('09),,차류,,"구절초차, 말린것",,,,,,,100g,345,7.7,11.1,1.3,7.8,72.09999999999999,-,-,843,3.4,440,2897,46,6,0,69,0.85,0.8100000000000001,5.2,0,-,,-,-,-,-,-,-,-,-,,-,-,-,-,-,-,-,-,-,-,-,-,-,-,-,-,-,,-,,,-,-,,-,-,,-,-,-,-,-,-,-,,,-,,,-,,,,,-,,-,,-,-,-,,,-,,,,,,,-,,,,,,,,,,,,,,,,,,,,,,-,,-,,,,,,,,-,,,,,,,,,,,,,,,,,,,,,,,,,
STD-DB10_2-002116,"국화차, 말린것",S,국가표준식품성분표,,농진청('09),,차류,,"국화차, 말린것",,,,,,,100g,358,5.5,14.5,2.3,7.8,69.90000000000001,-,-,753,10.3,420,2734,54,21,0,250,0.86,0.99,4.1,0,-,,-,-,-,-,-,-,-,-,,-,-,-,-,-,-,-,-,-,-,-,-,-,-,-,-,-,,-,,,-,-,,-,-,,-,-,-,-,-,-,-,,,-,,,-,,,,,-,,-,,-,-,-,,,-,,,,,,,-,,,,,,,,,,,,,,,,,,,,,,-,,-,,,,,,,,-,,,,,,,,,,,,,,,,,,,,,,,,,
STD-DB10_2-002117,국화차,S,국가표준식품성분표,,농진청('19),,차류,,국화차,,,,,,,100g,0,100,0,0,0,0.03,0,0,0,0,0,13,0,0,0,0,0,0.003,0,0,0,,0,0,0,0,0,0,0,1,,0,0,0,0,0,0,0,0,0,0,0,0,0,0,0,0,0,,0,,,0,0,,0,0,,0,0,0,0,0,0,0,,,0,,,0,,,,,0,,0,,0,0,0,,,0,,,,,,,0,,,,,,,,,,,,,,,,,,,,,,0,,0,,,,,,,,0,,,,,,,,,,,,,,,,,,,,,,,,,
STD-DB10_2-002118,"녹차, 가루",S,국가표준식품성분표,,농진청('13),,차류,,"녹차, 가루",,,,,,,100g,379,2.8,22.37,2.47,5.45,66.91,-,40.4,717,8.42,279,1471,23,632,0,7579,0.929,2.18,2.404,0,0,,0.6,0,1.873,0.531,27.62,-,0,518,,2.044,0,0,25.81,25.62,0,1.87,0,0,0,0,0,2633.95,2633.95,0,-,-,,-,,,-,-,,-,1.77,,7.47,0,0,0,0,0,0,,,387.78,,,11.56,,,,,0,,1211.05,,0,0,0,,,142.52,,,,,,,0,,,,,,,,,,,,,,,,,,,,,,1141,,1899,,,,,,,,877,,,,,,,,,,,,,,,,,,,,,,,,,
STD-DB10_2-002119,"녹차, 말린것",S,국가표준식품성분표,,농진청('13),,차류,,"녹차, 말린것",,,,,,,100g,388,0.9,26.66,2.73,5.54,64.17,0,35.4,340,8.970000000000001,402,-,10,1139,0,13672,1.675,1.666,3.004,0,0,,0.66,0,2.377,0.627,10.41,-,0,1277,,0,0,0,18.58,18.32,0,2.58,0,0,0,0,0,1292.59,1292.59,0,0,0,,0,,,0,0,,0,1.95,,12.21,0,8.59,0,0,0,6.9,,,516.3200000000001,,,16.03,,,,,0,,1195.04,,2.75,0,0,,,176.46,,,,,,,0,,,,,,,,,,,,,,,,,,,,,,1108,,1810,,,,,,,,886,,,,,,,,,,,,,,,,,,,,,,,,,
STD-DB10_2-002120,"녹차, 인동녹차, 말린것",S,국가표준식품성분표,,농진청('98),,차류,,"녹차, 인동녹차, 말린것",,,,,,,100g,329,11.9,16.8,1,7,63.3,-,-,421,12.2,233,1989,26,1098,0,13176,1.3,3.23,4.8,67,-,,-,-,-,-,-,-,-,-,,-,-,-,-,-,-,-,-,-,-,-,-,-,-,-,-,-,,-,,,-,-,,-,-,,-,-,-,-,-,-,-,,,-,,,-,,,,,-,,-,,-,-,-,,,-,,,,,,,-,,,,,,,,,,,,,,,,,,,,,,-,,-,,,,,,,,-,,,,,,,,,,,,,,,,,,,,,,,,,
STD-DB10_2-002121,"녹차, 장군차, 말린것",S,국가표준식품성분표,,농진청('10),,차류,,"녹차, 장군차, 말린것",,,,,,,100g,361,5.7,28,1,5.4,59.9,-,-,403,9.5,466,2226,9,1605,0,19264,0.49,2.39,1.8,53,-,,-,-,-,-,-,-,-,-,,-,-,-,-,-,-,-,-,-,-,-,-,-,-,-,-,-,,-,,,-,-,,-,-,,-,-,-,-,-,-,-,,,-,,,-,,,,,-,,-,,-,-,-,,,-,,,,,,,-,,,,,,,,,,,,,,,,,,,,,,-,,-,,,,,,,,-,,,,,,,,,,,,,,,,,,,,,,,,,
STD-DB10_2-002122,녹차,S,국가표준식품성분표,,농진청('13),,차류,,녹차,,,,,,,100g,2,99.5,0.05,0,0.05,0.4,0,0,1,0.01,2,33,0,0,0,0,0.023,0.017,0.527,1.61,0,,0,0,-,-,0,-,0,11,,0,0,0,0.01,0,0,0.06,0,0,0,0,0,0,0,0,0,0,,0,,,0,0,,0,0,,0,0,0,0,0,0,0,,,0,,,0,,,,,0,,0,,0,0,0,,,0,,,,,,,0,,,,,,,,,,,,,,,,,,,,,,1,,0,,,,,,,,0,,,,,,,,,,,,,,,,,,,,,,,,,
STD-DB10_2-002123,"녹차, 현미",S,국가표준식품성분표,,농진청('14),,차류,,"녹차, 현미",,,,,,,100g,1,99.8,0.02,0,0.03,0.15,0,0,0,0.01,1,13,1,0,0,0,0,0.027,0.147,0.68,0,,0,0,0.031,0.116,0,-,0,12,,0,0,0,0.02,0.02,0,0,0,0,0,0,0,0,0,0,0,0,,0,,,0,0,,0,0,,0,0,0,0,0,0,0,,,0.46,,,0,,,,,0,,0,,0,0,0,,,0.6,,,,,,,0,,,,,,,,,,,,,,,,,,,,,,1,,0,,,,,,,,0,,,,,,,,,,,,,,,,,,,,,,,,,
STD-DB10_2-002124,"녹차라테, 가루",S,국가표준식품성분표,,농진청('18),,차류,,"녹차라테, 가루",,,,,,,100g,466,2.9,5.28,17.16,2.14,72.5,28.9,1.9,192,0.44,236,765,119,56,16,483,0.098,0.343,0.575,10.65,0,,12.37,0.06,0,0.575,5.42,0.114,0.52,69,,0.524,0,0,1.44,1.44,0,0,0,0,0,0,0,90.79000000000001,90.79000000000001,0,0,0,,0,,,0,27.89,,1.02,0.36,,0,0,0,0,0,0,0,,,45.56,,,0,,,,,0,,69.28,,0,0,0,,,224.58,,,,,,,44.77,,,,,,,,,,,,,,,,,,,,,,149,,465,,,,,,,,277,,,,,,,,,,,,,,,,,,,,,,,,,
STD-DB10_2-002125,"녹차라떼, 가루, 물에 탄것",S,국가표준식품성분표,,농진청('22),,차류,,"녹차라떼, 가루, 물에 탄것",,,,,,,100g,81,83.40000000000001,0.86,3.23,0.38,12.08,4.93,1.6,42,0.1,48,153,23,10,3,82,0.017,0.06,0.098,0.53,0,,2.24,0.01,0,0.098,0.53,0.006,0.03,12,,0.027,0,0,0.24,0.24,0,0,0,0,0,0,0,8.550000000000001,8.550000000000001,0,0,0,,0,,,0,4.75,,0.17,0.06,,0,0,0,0,0,0,0,,,9.74,,,0,,,,,0,,15.87,,0,0,0,,,33.92,,,,,,,7.63,,,,,,,,,,,,,,,,,,,,,,25,,85,,,,,,,,48,,,,,,,,,,,,,,,,,,,,,,,,,
STD-DB10_2-002126,다래나무순차,S,국가표준식품성분표,,농진청('09),,차류,,다래나무순차,,,,,,,100g,1,99.8,0.1,0,0,0.1,-,-,1,0.7,5,14,7,0,0,2,0.03,0,0.2,6,-,,-,-,-,-,-,-,-,-,,-,-,-,-,-,-,-,-,-,-,-,-,-,-,-,-,-,,-,,,-,-,,-,-,,-,-,-,-,-,-,-,,,-,,,-,,,,,-,,-,,-,-,-,,,-,,,,,,,-,,,,,,,,,,,,,,,,,,,,,,-,,-,,,,,,,,-,,,,,,,,,,,,,,,,,,,,,,,,,
STD-DB10_2-002127,대추차,S,국가표준식품성분표,,농진청('16),,차류,,대추차,,,,,,,100g,75,81.59999999999999,0.12,0.44,0.09,17.75,12.4,0.2,3,0.06,4,13,30,0,0,0,0.029,0.02,0.041,0.07000000000000001,0,,0.04,0,0,0.041,0,-,0,0,,0,0,0,0.08,0.07000000000000001,0,0.02,0.01,0.01,0.01,0,0.01,0,0,0,0.79,1.35,,0,,,0,9.74,,0.5,0.38,,0.61,0,0,0,0,0,0,,,197.09,,,4.39,,,,,0,,44.36,,0,0,0,,,134.63,,,,,,,0,,,,,,,,,,,,,,,,,,,,,,8,,11,,,,,,,,6,,,,,,,,,,,,,,,,,,,,,,,,,
STD-DB10_2-002128,도라지차,S,국가표준식품성분표,,농진청('00),,차류,,도라지차,,,,,,,100g,22,94.5,0.3,-,0.1,5.1,-,-,4,0.7,5,133,7,0,0,-,0.06,0.02,0.3,7,-,,-,-,-,-,-,-,-,-,,-,-,-,-,-,-,-,-,-,-,-,-,-,-,-,-,-,,-,,,-,-,,-,-,,-,-,-,-,-,-,-,,,-,,,-,,,,,-,,-,,-,-,-,,,-,,,,,,,-,,,,,,,,,,,,,,,,,,,,,,-,,-,,,,,,,,-,,,,,,,,,,,,,,,,,,,,,,,,,
STD-DB10_2-002129,"두충차, 가루",S,국가표준식품성분표,,농진청('03),,차류,,"두충차, 가루",,,,,,,100g,354,7.7,14.3,3.8,6.3,67.90000000000001,-,-,407,13.8,195,1313,31,-,-,-,0.17,0.59,2.8,12,-,,-,-,-,-,-,-,-,-,,-,-,-,-,-,-,-,-,-,-,-,-,-,-,-,-,-,,-,,,-,-,,-,-,,-,-,-,-,-,-,-,,,-,,,-,,,,,-,,-,,-,-,-,,,-,,,,,,,-,,,,,,,,,,,,,,,,,,,,,,-,,-,,,,,,,,-,,,,,,,,,,,,,,,,,,,,,,,,,
STD-DB10_2-002130,둥굴레차,S,국가표준식품성분표,,농진청('14),,차류,,둥굴레차,,,,,,,100g,1,99.7,0,0.01,0.02,0.27,0,0,1,0.02,0,5,0,0,0,0,0,0.035,0.541,0.52,0,,0,0,0.465,0.076,0,-,0,6,,0,0,0,0.01,0.01,0,0,0,0,0,0,0,0,0,0,0,0,,0,,,0,0,,0,0,,0,0,0,0,0,0,0,,,0.36,,,0,,,,,0,,0,,0,0,0,,,0.84,,,,,,,0,,,,,,,,,,,,,,,,,,,,,,0,,0,,,,,,,,0,,,,,,,,,,,,,,,,,,,,,,,,,
STD-DB10_2-002131,민들레차,S,국가표준식품성분표,,농진청('16),,차류,,민들레차,,,,,,,100g,0,99.90000000000001,0.01,0,0.04,0.05,0.05,0,2,0,0,19,1,0,0,0,0,0.003,0.024,0.03,0,,0,0,0,0.024,0,-,0,0,,0,0,0,0.02,0.01,0,0.01,0.01,0.02,0,0,0,0,0,0,0.02,0,,0,,,0,0.03,,0,0,,0,0,0,0,0,0,0,,,0.7,,,0,,,,,0,,0,,0,0,0,,,0.7,,,,,,,0,,,,,,,,,,,,,,,,,,,,,,0,,0,,,,,,,,0,,,,,,,,,,,,,,,,,,,,,,,,,
STD-DB10_2-002132,보리차,S,국가표준식품성분표,,농진청('16),,차류,,보리차,,,,,,,100g,0,99.90000000000001,0,0,0.03,0.07000000000000001,0,0,2,0,0,2,1,0,0,0,0,0,0.026,0,0,,0,0,0,0.026,0,-,0,8,,0,0,0,0,0,0,0,0,0.01,0,0,0,0,0,0,0,0,,0,,,0,0,,0,0,,0,0,0,0,0,0,0,,,0.31,,,0,,,,,0,,0,,0,0,0,,,0.41,,,,,,,0,,,,,,,,,,,,,,,,,,,,,,0,,0,,,,,,,,0,,,,,,,,,,,,,,,,,,,,,,,,,
STD-DB10_2-002133,보이차,S,국가표준식품성분표,,농진청('16),,차류,,보이차,,,,,,,100g,0,99.90000000000001,0.12,0,0.05,0,0.05,0,2,0,2,18,2,0,0,0,0,0.004,0.03,0.12,0,,0,0,0,0.03,0,-,0,0,,0,0,0,0.01,0.01,0,0,0.01,0.01,0,0.01,0,0,0,0,0.02,0,,0,,,0,0.03,,0,0,,0,0,0,0,0,0,0,,,0.93,,,0,,,,,0,,0,,0,0,0,,,0.78,,,,,,,0,,,,,,,,,,,,,,,,,,,,,,8,,1,,,,,,,,6,,,,,,,,,,,,,,,,,,,,,,,,,
STD-DB10_2-002134,사과차,S,국가표준식품성분표,,농진청('09),,차류,,사과차,,,,,,,100g,167,54.1,0.1,0,4.2,41.6,-,-,11,0.9,23,459,34,2,0,29,0.04,0.32,0.4,15,-,,-,-,-,-,-,-,-,-,,-,-,-,-,-,-,-,-,-,-,-,-,-,-,-,-,-,,-,,,-,-,,-,-,,-,-,-,-,-,-,-,,,-,,,-,,,,,-,,-,,-,-,-,,,-,,,,,,,-,,,,,,,,,,,,,,,,,,,,,,-,,-,,,,,,,,-,,,,,,,,,,,,,,,,,,,,,,,,,
STD-DB10_2-002135,"상지차, 말린것",S,국가표준식품성분표,,농진청('97),,차류,,"상지차, 말린것",,,,,,,100g,360,9.6,6,2.4,3.4,78.59999999999999,-,-,330,14.6,145,373,7,0,0,0,1.27,0.27,2.2,44,-,,-,-,-,-,-,-,-,-,,-,-,-,-,-,-,-,-,-,-,-,-,-,-,-,-,-,,-,,,-,-,,-,-,,-,-,-,-,-,-,-,,,-,,,-,,,,,-,,-,,-,-,-,,,-,,,,,,,-,,,,,,,,,,,,,,,,,,,,,,-,,-,,,,,,,,-,,,,,,,,,,,,,,,,,,,,,,,,,
STD-DB10_2-002136,"생강차, 가루",S,국가표준식품성분표,,식약('96),,차류,,"생강차, 가루",,,,,,,100g,353,8.800000000000001,0.1,0.2,0.2,90.7,-,-,4,0.6,27,70,57,0,0,0,0.01,0.01,0.2,0,-,,-,-,-,-,-,-,-,-,,-,-,-,-,-,-,-,-,-,-,-,-,-,-,-,-,-,,-,,,-,-,,-,-,,-,-,-,-,-,-,-,,,-,,,-,,,,,-,,-,,-,-,-,,,-,,,,,,,-,,,,,,,,,,,,,,,,,,,,,,-,,-,,,,,,,,-,,,,,,,,,,,,,,,,,,,,,,,,,
STD-DB10_2-002137,"쌍화차, 가루",S,국가표준식품성분표,,농진청('19),,차류,,"쌍화차, 가루",,,,,,,100g,411,1.2,1.64,3.81,0.76,92.61,42.6,-,29,0.29,31,123,237,0,0,0,0.888,0.141,0.985,0,0,,0.24,0,0,0.985,0.97,0.016,0,11,,2.036,0,0,0.6,0.5600000000000001,0,0.37,0,0,0,0,0,0,0,0,0,1.16,,0,,,0,40.24,,1.2,2.37,,3.15,0,1.95,0,0,0,0,,,885.92,,,28.75,,,,,0,,102.19,,0,0,0,,,1334.39,,,,,,,0,,,,,,,,,,,,,,,,,,,,,,66,,76,,,,,,,,42,,,,,,,,,,,,,,,,,,,,,,,,,
STD-DB10_2-002138,"쑥차, 말린것",S,국가표준식품성분표,,농진청('08),,차류,,"쑥차, 말린것",,,,,,,100g,338,8.199999999999999,26.3,0.8,8.300000000000001,56.4,-,-,754,27.5,470,3499,153,257,0,3079,1.12,1.36,3.6,24,-,,-,-,-,-,-,-,-,-,,-,-,-,-,-,-,-,-,-,-,-,-,-,-,-,-,-,,-,,,-,-,,-,-,,-,-,-,-,-,-,-,,,-,,,-,,,,,-,,-,,-,-,-,,,-,,,,,,,-,,,,,,,,,,,,,,,,,,,,,,-,,-,,,,,,,,-,,,,,,,,,,,,,,,,,,,,,,,,,
STD-DB10_2-002139,야콘차,S,국가표준식품성분표,,농진청('08),,차류,,야콘차,,,,,,,100g,98,74.2,0.6,0,1.2,24,-,-,15,0.4,48,550,33,1,0,11,0.08,0.22,0.6,11,-,,-,-,-,-,-,-,-,-,,-,-,-,-,-,-,-,-,-,-,-,-,-,-,-,-,-,,-,,,-,-,,-,-,,-,-,-,-,-,-,-,,,-,,,-,,,,,-,,-,,-,-,-,,,-,,,,,,,-,,,,,,,,,,,,,,,,,,,,,,-,,-,,,,,,,,-,,,,,,,,,,,,,,,,,,,,,,,,,
STD-DB10_2-002140,"오미자차, 말린것",S,국가표준식품성분표,,농진청('83),,차류,,"오미자차, 말린것",,,,,,,100g,371,12,16.3,7,3.9,60.8,-,-,766,10.5,204,104,11,-,-,-,0.3,0,15.5,0,-,,-,-,-,-,-,-,-,-,,-,-,-,-,-,-,-,-,-,-,-,-,-,-,-,-,-,,-,,,-,-,,-,-,,-,-,-,-,-,-,-,,,-,,,-,,,,,-,,-,,-,-,-,,,-,,,,,,,-,,,,,,,,,,,,,,,,,,,,,,-,,-,,,,,,,,-,,,,,,,,,,,,,,,,,,,,,,,,,
STD-DB10_2-002141,옥수수수염차,S,국가표준식품성분표,,농진청('20),,차류,,옥수수수염차,,,,,,,100g,1,99.59999999999999,0.08,0,0.06,0.22,0,0,0,0,1,0,4,0,0,0,0,0,0,2.09,0,,0,0,0,0,0,0,0,2,,0,0,0,0,0,0,0,0,0,0,0,0,0,0,0,0,0,,0,,,0,0,,0,0,,0,0,0,0,0,0,0,,,0,,,0,,,,,0,,0,,0,0,0,,,0,,,,,,,0,,,,,,,,,,,,,,,,,,,,,,0,,0,,,,,,,,0,,,,,,,,,,,,,,,,,,,,,,,,,
STD-DB10_2-002142,우롱차,S,국가표준식품성분표,,농진청('19),,차류,,우롱차,,,,,,,100g,0,99.90000000000001,0,0,0.07000000000000001,0.07000000000000001,0,0,1,0,2,14,0,0,0,0,0,0.002,0,0,0,,0,0,0,0,0,0,0,1,,0,0,0,0,0,0,0,0,0,0,0,0,0,0,0,0,0,,0,,,0,0,,0,0,,0,0,0,0,0,0,0,,,0,,,0,,,,,0,,0,,0,0,0,,,0,,,,,,,0,,,,,,,,,,,,,,,,,,,,,,0,,0,,,,,,,,0,,,,,,,,,,,,,,,,,,,,,,,,,
STD-DB10_2-002143,"우롱차, 캔",S,국가표준식품성분표,,농진청('03),,차류,,"우롱차, 캔",,,,,,,100g,0,99.8,0,0,0.1,0.1,-,-,1,0.3,1,6,13,0,-,0,0.01,0,0.1,0,-,,-,-,-,-,-,-,-,-,,-,-,-,-,-,-,-,-,-,-,-,-,-,-,-,-,-,,-,,,-,-,,-,-,,-,-,-,-,-,-,-,,,-,,,-,,,,,-,,-,,-,-,-,,,-,,,,,,,-,,,,,,,,,,,,,,,,,,,,,,-,,-,,,,,,,,-,,,,,,,,,,,,,,,,,,,,,,,,,
STD-DB10_2-002144,유자차,S,국가표준식품성분표,,농진청('19),,차류,,유자차,,,,,,,100g,30,92.40000000000001,0.04,0.01,0.07000000000000001,7.51,6.51,0.8,0,0.03,0,0,7,0,0,0,0,0,0,3.32,0,,0,0,0,0,0,0,0,0,,0,0,0,0,0,0,0,0,0,0,0,0,0,0,0,0,1.7,,0,,,0,2.86,,1.95,0,,0,0,0,0,0,0,0,,,0,,,0,,,,,0,,0,,0,0,0,,,0,,,,,,,0,,,,,,,,,,,,,,,,,,,,,,2,,1,,,,,,,,2,,,,,,,,,,,,,,,,,,,,,,,,,
STD-DB10_2-002145,"유자차, 고형물 포함",S,국가표준식품성분표,,농진청('16),,차류,,"유자차, 고형물 포함",,,,,,,100g,73,81.8,0.03,0.01,0.11,18.08,13.61,1.6,7,0.01,2,27,6,0,0,0,0.047,0,0.037,9.15,0,,0,0,0,0.037,0,0,0,0,,0,0,0,0.13,0.13,0,0.01,0,0,0,0,0,0,0,0,0,2.92,,0,,,0,9.289999999999999,,1.39,0.01,,0,0,0,0,0,0,0,,,3.29,,,0.59,,,,,0,,1.68,,0,0,0,,,1.89,,,,,,,0,,,,,,,,,,,,,,,,,,,,,,4,,5,,,,,,,,3,,,,,,,,,,,,,,,,,,,,,,,,,
STD-DB10_2-002146,"율무차, 가루",S,국가표준식품성분표,,농진청('19),,차류,,"율무차, 가루",,,,,,,100g,463,2.8,8.57,17.17,2.94,68.56,23.46,-,50,1.28,237,585,616,0,0,0,0,0.217,0.916,0,0,,7.94,0.09,0.457,0.459,3.59,0.082,0,31,,8.81,0,0,1.4,1.22,0,1.49,0.39,0.06,0,0.17,0.07000000000000001,0,0,0,0,0.1,,0,,,0,12.81,,10.55,7.05,,30.38,0,2.72,0,0,0,0,,,3106.55,,,78.14,,,,,3.03,,305.65,,5.48,0,0,,,3501.12,,,,,,,10.6,,,,,,,,,,,,,,,,,,,,,,305,,571,,,,,,,,318,,,,,,,,,,,,,,,,,,,,,,,,,
STD-DB10_2-002147,"인삼차, 과립차, 가루",S,국가표준식품성분표,,농진청('19),,차류,,"인삼차, 과립차, 가루",,,,,,,100g,397,1.4,0.89,0.78,0.37,96.52,82.5,0,17,0.59,31,206,9,0,0,0,0.099,0.111,0.894,0,0,,0.01,0,0.274,0.62,0,0.102,0,12,,0,0,0,0.03,0.03,0,0,0,0,0,0,0,0,0,0,0,0,,0,,,0,0,,82.5,0.02,,0,0,0,0,0,0,0,,,11.86,,,0,,,,,0,,2.16,,0,0,0,,,2.54,,,,,,,0,,,,,,,,,,,,,,,,,,,,,,16,,16,,,,,,,,11,,,,,,,,,,,,,,,,,,,,,,,,,
STD-DB10_2-002148,"치커리차, 말린것",S,국가표준식품성분표,,농진청('95),,차류,,"치커리차, 말린것",,,,,,,100g,369,3.8,7.3,0.2,4.1,84.59999999999999,-,-,22,14.4,183,1807,175,-,-,-,1.43,3.25,1.8,97,-,,-,-,-,-,-,-,-,-,,-,-,-,-,-,-,-,-,-,-,-,-,-,-,-,-,-,,-,,,-,-,,-,-,,-,-,-,-,-,-,-,,,-,,,-,,,,,-,,-,,-,-,-,,,-,,,,,,,-,,,,,,,,,,,,,,,,,,,,,,-,,-,,,,,,,,-,,,,,,,,,,,,,,,,,,,,,,,,,
STD-DB10_2-002149,카모마일차,S,국가표준식품성분표,,USDA('18),,차류,,카모마일차,,,,,,,100g,1,99.7,0,0,0.01,0.2,0,0,2,0.08,0,9,1,1,0,12,0.01,0.004,0,0,0,,0.002,0,-,-,-,0,0,1,,0.011,-,-,0,0,-,-,-,-,-,-,-,-,0,-,-,-,,-,,,-,-,,-,0.006,,0,-,-,-,0,0,-,,,-,,,-,,,,,-,,-,,-,-,0,,,-,,,,,,,-,,,,,,,,,,,,,,,,,,,,,,-,,-,,,,,,,,-,,,,,,,,,,,,,,,,,,,,,,,,,
STD-DB10_2-002150,"커피, 아메리카노(2샷)",S,국가표준식품성분표,,농진청('17),,차류,,"커피, 아메리카노(2샷)",,,,,,,100g,2,99.40000000000001,0.02,0.02,0.09,0.48,0.01,0,1,0,2,47,0,0,0,0,0,0.03,0.111,0,0,,0.01,0,0.111,0,0,-,0,1,,0.005,0,0,0,0,0,0,0,0,0,0,0,0,0,0,0,0.01,,0,,,0,0,,0,0.01,,0,0,0,0,0,0,0,,,5.65,,,0.07000000000000001,,,,,0,,0.21,,0,0,0,,,1.07,,,,,,,0,,,,,,,,,,,,,,,,,,,,,,2,,1,,,,,,,,0,,,,,,,,,,,,,,,,,,,,,,,,,
STD-DB10_2-002151,"커피, 에스프레소",S,국가표준식품성분표,,농진청('17),,차류,,"커피, 에스프레소",,,,,,,100g,22,93.90000000000001,0.2,0.22,0.79,4.93,0.04,0,7,0,19,443,1,0,0,0,0,0.275,1.039,0,0,,0.05,0,1.039,0,0,-,0,5,,0.047,0,0,0.02,0,0.03,0,0,0,0,0,0,0,0,0,0,0.04,,0,,,0,0,,0,0.07000000000000001,,0,0,0,0,0,0,0,,,52.76,,,0.62,,,,,0,,1.99,,0,0,0,,,9.970000000000001,,,,,,,0,,,,,,,,,,,,,,,,,,,,,,20,,13,,,,,,,,4,,,,,,,,,,,,,,,,,,,,,,,,,
STD-DB10_2-002152,"커피, 원두",S,국가표준식품성분표,,JAPAN('20),,차류,,"커피, 원두",,,,,,,100g,4,98.59999999999999,0.2,Tr,0.2,0.7,(0),-,2,Tr,7,65,1,0,0,0,0,0.01,0.8,0,0,,(0.01),-,-,-,1.7,0,0,0,,0,-,-,0,0,0,0,0,-,-,-,-,0,-,-,(0),(0),,(0),,,(0),(0),,(0),(0.01),,(0),-,-,-,-,-,(0),,,(9),,,-,,,,,(0),,(Tr),,(0),(0),-,,,-,,,,,,,-,,,,,,,,,,,,,,,,,,,,,,(6.7),,(8.3),,,,,,,,(3.3),,,,,,,,,,,,,,,,,,,,,,,,,
STD-DB10_2-002153,"커피, 캔",S,국가표준식품성분표,,농진청('15),,차류,,"커피, 캔",,,,,,,100g,38,90.5,0.8100000000000001,0.12,0.23,8.34,7.06,1,24,0.05,21,69,37,0,0,0,0.008999999999999999,0.034,0.216,0,0,,0.09,0,0.216,0,1.95,-,0,0,,0.382,0,0,0.01,0,0,0.05,0,0,0,0,0.04,-,0,-,0,1.73,,0,,,0.9,2.17,,2.26,0.02,,0,0,0,0,0,0,0,,,2.96,,,0,,,,,0,,0,,0,0,0,,,21.45,,,,,,,0,,,,,,,,,,,,,,,,,,,,,,17,,68,,,,,,,,33,,,,,,,,,,,,,,,,,,,,,,,,,
STD-DB10_2-002154,"커피, 커피가루, 디카페인",S,국가표준식품성분표,,USDA('18),,차류,,"커피, 커피가루, 디카페인",,,,,,,100g,351,3.2,11.6,0.2,9,76,0,0,140,3.8,286,3501,23,0,0,0,0,1.36,28.075,0,0,,0.101,0,-,-,-,0,0,0,,0.097,-,-,0,0,-,-,-,-,-,-,-,-,1.9,-,-,-,,-,,,-,-,,-,0.122,,0,-,-,-,0,0,-,,,-,,,-,,,,,-,,-,,-,-,0,,,-,,,,,,,-,,,,,,,,,,,,,,,,,,,,,,421,,456,,,,,,,,164,,,,,,,,,,,,,,,,,,,,,,,,,
STD-DB10_2-002155,헛개 음료,S,국가표준식품성분표,,농진청('16),,차류,,헛개 음료,,,,,,,100g,1,99.7,0,0,0.04,0.26,0.05,0,1,0.01,0,7,7,0,0,0,0,0.001,0,3.12,0,,0,0,0,0,0,-,0,0,,0,0,0,0.01,0,0,0.04,0,0.02,0,0,0,0,0,0,0,0,,0,,,0,0.05,,0,0,,0,0,0,0,0,0,0,,,0,,,0,,,,,0,,0,,0,0,0,,,0.71,,,,,,,0,,,,,,,,,,,,,,,,,,,,,,-,,-,,,,,,,,-,,,,,,,,,,,,,,,,,,,,,,,,,
STD-DB10_2-002156,"홍삼차, 가루",S,국가표준식품성분표,,식약('96),,차류,,"홍삼차, 가루",,,,,,,100g,382,1.7,1.3,0.7,0.5,95.8,-,-,2,0.5,27,156,25,0,0,0,0.04,0.12,2.5,0,-,,-,-,-,-,-,-,-,-,,-,-,-,-,-,-,-,-,-,-,-,-,-,-,-,-,-,,-,,,-,-,,-,-,,-,-,-,-,-,-,-,,,-,,,-,,,,,-,,-,,-,-,-,,,-,,,,,,,-,,,,,,,,,,,,,,,,,,,,,,-,,-,,,,,,,,-,,,,,,,,,,,,,,,,,,,,,,,,,
STD-DB10_2-002157,홍삼 음료,S,국가표준식품성분표,,농진청('19),,차류,,홍삼 음료,,,,,,,100g,40,90.09999999999999,0.28,0.24,0.16,9.27,6.32,0,4,0.2,7,51,4,0,0,0,0.277,0.02,0.391,1.31,0,,0,0,0.182,0.209,0,0.002,0,0,,0.102,0,0,0,0,0,0,0,0,0,0,0,0,0,0,0,2.52,,0,,,0,1.28,,2.52,0,,0,0,0,0,0,0,0,,,1.41,,,0,,,,,0,,0,,0,0,0,,,1.21,,,,,,,0,,,,,,,,,,,,,,,,,,,,,,4,,2,,,,,,,,1,,,,,,,,,,,,,,,,,,,,,,,,,
STD-DB10_2-002158,홍차,S,국가표준식품성분표,,농진청('17),,차류,,홍차,,,,,,,100g,2,99.40000000000001,0.23,0.04,0.07000000000000001,0.26,0.03,0,1,0,3,38,1,0,0,0,0,0.075,0.1,0.36,0,,0,0,-,-,0.35,-,0,8,,0,0,0,0,0,0,0,0,0,0,0,0,0,0,0,0,0.02,,0,,,0,0.01,,0,0,,0,0,0,0,0,0,0,,,1.04,,,0,,,,,0,,0,,0,0,0,,,0.73,,,,,,,0,,,,,,,,,,,,,,,,,,,,,,25,,0,,,,,,,,9,,,,,,,,,,,,,,,,,,,,,,,,,
STD-DB10_2-002159,"홍차, 레몬, 가루",S,국가표준식품성분표,,농진청('19),,차류,,"홍차, 레몬, 가루",,,,,,,100g,398,0.2,0.18,0.05,0.37,99.19,94.73,0,7,0,4,131,48,0,0,0,0,0.008,0.115,0,0,,0.03,0,-,-,0,0,0,0,,0,0,0,0,0,0,0,0,0,0,0,0,0,0,0,0,0.37,,0,,,0,93.98999999999999,,0.36,0,,0,0,0,0,0,0,0,,,0,,,0,,,,,0,,0,,0,0,0,,,0,,,,,,,0,,,,,,,,,,,,,,,,,,,,,,23,,3,,,,,,,,1,,,,,,,,,,,,,,,,,,,,,,,,,
STD-DB10_2-002160,"홍차, 복숭아, 가루",S,국가표준식품성분표,,농진청('19),,차류,,"홍차, 복숭아, 가루",,,,,,,100g,397,0.9,0.32,0.05,0.32,98.45999999999999,94.93000000000001,0,10,0,2,164,41,0,0,0,0,0,0.114,13.17,0,,0,0,-,-,0,0,0,0,,0,0,0,0,0,0,0,0,0,0,0,0,0,0,0,0,0.89,,0,,,0,92.95999999999999,,1.08,0,,0,0,0,0,0,0,0,,,1.72,,,0,,,,,0,,0,,0,0,0,,,1.32,,,,,,,0,,,,,,,,,,,,,,,,,,,,,,5,,4,,,,,,,,3,,,,,,,,,,,,,,,,,,,,,,,,,
STD-DB10_2-002161,"홍차, 밀크티, 캔",S,국가표준식품성분표,,농진청('20),,차류,,"홍차, 밀크티, 캔",,,,,,,100g,35,91.7,0.62,0.6,0.2,6.85,5.75,0,22,0.14,25,52,14,2,2,0,0,0.047,0.304,0,0,,0.42,0,0,0.304,0.43,0,0,5,,0.066,0,0,0,0,0,0,0,0,0,0,0,0,0,0,0,0,,0,,,0.43,5.32,,0,0.08,,0,0,0,0,0,0,0,,,0,,,0,,,,,0,,0,,0,0,0,,,79.04000000000001,,,,,,,0,,,,,,,,,,,,,,,,,,,,,,9,,49,,,,,,,,27,,,,,,,,,,,,,,,,,,,,,,,,,
STD-DB10_2-002162,매실 음료,S,국가표준식품성분표,,농진청('19),,음료류,,매실 음료,,,,,,,100g,44,88.90000000000001,0.06,0.01,0,11.02,9.85,0.1,1,0.03,1,9,4,0,0,1,0.089,0,0.06900000000000001,8.99,0,,0,0,0.06900000000000001,0,0,0.001,0,2,,0.095,0,0,0,0,0,0,0,0,0,0,0,0,0,0,0,3.72,,0,,,0,2.99,,3.13,0,,0,0,0,0,0,0,0,,,1.05,,,0,,,,,0,,0,,0,0,0,,,0.79,,,,,,,0,,,,,,,,,,,,,,,,,,,,,,21,,0,,,,,,,,0,,,,,,,,,,,,,,,,,,,,,,,,,
STD-DB10_2-002163,"식초 음료, 석류",S,국가표준식품성분표,,농진청('22),,음료류,,"식초 음료, 석류",,,,,,,100g,93,76.7,0.2,0.08,0.2,22.82,21.95,0,8,0.03,16,110,2,0,0,0,0.024,0,0,0,0,,0,0,0,0,0.39,0.028,0,0,,0.073,0,0,0,0,0,0,0,0,0,0,0,0,0,0,0,9.550000000000001,,0.36,,,0,1.4,,10.64,0,,0,0,0,0,0,0,0,,,0,,,0,,,,,0,,0,,0,0,0,,,1.15,,,,,,,0,,,,,,,,,,,,,,,,,,,,,,0,,1,,,,,,,,0,,,,,,,,,,,,,,,,,,,,,,,,,
STD-DB10_2-002164,"식초 음료, 흑초",S,국가표준식품성분표,,농진청('22),,음료류,,"식초 음료, 흑초",,,,,,,100g,25,93.5,1.11,0.01,0.31,5.03,4.12,0,4,0.45,50,52,6,0,0,0,0.036,0.034,0,0,0,,0,0,0,0,0.4,0.143,0,0,,0.235,0,0,0,0,0,0,0,0,0,0,0,0,0,0,0,0,,0,,,0,0,,4.12,0,,0,0,0,0,0,0,0,,,0.84,,,0,,,,,0,,0,,0,0,0,,,1.52,,,,,,,0,,,,,,,,,,,,,,,,,,,,,,44,,56,,,,,,,,36,,,,,,,,,,,,,,,,,,,,,,,,,
STD-DB10_2-002165,쌀 음료,S,국가표준식품성분표,,농진청('22),,음료류,,쌀 음료,,,,,,,100g,55,87.40000000000001,0.14,0.9,0.07000000000000001,11.52,5.74,0,5,0,17,34,2,0,0,0,0.006,0.001,0.29,14.06,0,,0.48,0,0.29,0,0.22,0,0,4,,0,0,0,-,-,-,-,-,-,-,-,-,0,0,0,0,0.83,,0,,,0,2.85,,2.06,0.01,,0,0,0,0,0,0,0,,,2.92,,,0,,,,,0,,0,,0,0,0,,,2.19,,,,,,,0,,,,,,,,,,,,,,,,,,,,,,2,,5,,,,,,,,3,,,,,,,,,,,,,,,,,,,,,,,,,
STD-DB10_2-002166,"이온 음료, 레몬향",S,국가표준식품성분표,,농진청('16),,음료류,,"이온 음료, 레몬향",,,,,,,100g,37,90.7,0,0,0.14,9.16,5.62,0,0,0,18,22,44,0,0,0,0,0.002,0,4.44,0,,0,0,0,0,0,-,0,0,,0,0,0,0.01,0,0,0.02,0,0.01,0,0,0,0,0,0,0,0.43,,0,,,0,4.31,,0.88,0,,0,0,0,0,0,0,0,,,0.16,,,0,,,,,0,,0,,0,0,0,,,0.28,,,,,,,0,,,,,,,,,,,,,,,,,,,,,,0,,0,,,,,,,,0,,,,,,,,,,,,,,,,,,,,,,,,,
STD-DB10_2-002167,"젖산 음료, 복숭아맛",S,국가표준식품성분표,,농진청('16),,음료류,,"젖산 음료, 복숭아맛",,,,,,,100g,36,90.8,0.21,0.01,0.13,8.85,7.32,1.8,11,0.02,7,14,39,1,0,6,0,0.003,0.099,24.38,0,,0,0,0.005,0.094,0,-,0,0,,0,0,0,0.05,0.04,0,0.02,0,0.01,0,0,0,0,0,0,0,3.93,,0.27,,,0.22,0,,2.9,0,,0,0,0,0,0,0,0,,,0.6899999999999999,,,0,,,,,0,,0,,0,0,0,,,1.68,,,,,,,0,,,,,,,,,,,,,,,,,,,,,,4,,19,,,,,,,,9,,,,,,,,,,,,,,,,,,,,,,,,,
STD-DB10_2-002168,채소 주스,S,국가표준식품성분표,,농진청('16),,음료류,,채소 주스,,,,,,,100g,39,89.5,0.86,0.05,0.93,8.66,7.13,0.5,20,0.31,30,330,54,219,0,2627,0.024,0.07099999999999999,0.204,3.37,0,,0.01,0,0,0.204,0,-,0,10,,0.368,0,0,0.55,0.49,0.04,0.2,0.09,0.07000000000000001,0,0.04,0,0,0,0,0,1.91,,0,,,0,3.13,,2.09,0.03,,0,0,0,0,0,0,0,,,25.56,,,0.39,,,,,0,,4.11,,0,0,0,,,1.83,,,,,,,0,,,,,,,,,,,,,,,,,,,,,,15,,21,,,,,,,,14,,,,,,,,,,,,,,,,,,,,,,,,,
STD-DB10_2-002169,"채소 주스, 녹즙",S,국가표준식품성분표,,농진청('16),,음료류,,"채소 주스, 녹즙",,,,,,,100g,28,92.5,0.99,0.11,0.73,5.67,1.88,1.2,95,0.24,25,165,27,107,0,1278,0.053,0.083,0.044,3.26,0,,0.02,0,0.002,0.042,0,-,0,14,,0.142,0,0,0.16,0.15,0.01,0,0.01,0.01,0.01,0.01,0.01,157.63,157.63,0,0,0.96,,0,,,0,0,,0.92,0.08,,0,0,0,0,0,0,0.65,,,28.5,,,5.81,,,,,0.22,,44.14,,0,0,0,,,1.78,,,,,,,0,,,,,,,,,,,,,,,,,,,,,,35,,52,,,,,,,,32,,,,,,,,,,,,,,,,,,,,,,,,,
STD-DB10_2-002170,"탄산 음료, 레몬소다",S,국가표준식품성분표,,농진청('16),,음료류,,"탄산 음료, 레몬소다",,,,,,,100g,44,89.09999999999999,0,0,0.02,10.88,9.19,0,3,0.01,2,10,2,0,0,0,0,0.001,0,0.17,0,,0,0,0,0,0,-,0,0,,0,0,0,0.24,0.2,0,0.18,0,0.07000000000000001,0,0.04,0,0,0,0,0,5.32,,0,,,0,0.24,,3.63,0,,0,0,0,0,0,0,0,,,0.39,,,0,,,,,0,,0,,0,0,0,,,0.41,,,,,,,0,,,,,,,,,,,,,,,,,,,,,,0,,0,,,,,,,,0,,,,,,,,,,,,,,,,,,,,,,,,,
STD-DB10_2-002171,"탄산 음료, 보리소다",S,국가표준식품성분표,,농진청('16),,음료류,,"탄산 음료, 보리소다",,,,,,,100g,47,88.2,0,0,0.03,11.77,9.73,0,2,0,0,3,12,0,0,0,0.271,0.39,0.407,41.54,0,,0,0,0,0.407,0,-,0,0,,0,0,0,0,0,0,0,0,0.01,0,0,0,0,0,0,0,2.64,,0,,,0,5.1,,1.99,0,,0,0,0,0,0,0,0,,,0.26,,,0,,,,,0,,0,,0,0,0,,,0.36,,,,,,,0,,,,,,,,,,,,,,,,,,,,,,0,,0,,,,,,,,0,,,,,,,,,,,,,,,,,,,,,,,,,
STD-DB10_2-002172,"탄산 음료, 비타민 함유",S,국가표준식품성분표,,농진청('22),,음료류,,"탄산 음료, 비타민 함유",,,,,,,100g,37,90.7,0.03,0.02,0.05,9.17,7.34,0,6,0.03,0,8,33,0,0,0,0,0.8120000000000001,3.149,101.16,0,,0,0,0,3.149,0,1.399,0,0,,0,0,0,0,0,0,0,0,0,0,0,0,0,0,0,0,3.16,,0,,,0,1.73,,2.45,0,,0,0,0,0,0,0,0,,,2.06,,,0,,,,,0,,0,,0,0,0,,,1.75,,,,,,,0,,,,,,,,,,,,,,,,,,,,,,0,,0,,,,,,,,0,,,,,,,,,,,,,,,,,,,,,,,,,
STD-DB10_2-002173,"탄산 음료, 사이다",S,국가표준식품성분표,,농진청('16),,음료류,,"탄산 음료, 사이다",,,,,,,100g,40,90,0,0,0.02,9.98,8.81,0,2,0.01,0,0,1,0,0,0,0,0,0,0,0,,0,0,0,0,0,-,0,0,,0.183,0,0,0.02,0,0,0,0,0.07000000000000001,0,0,0,0,0,0,0,3.4,,0,,,0,2.7,,2.71,0,,0,0,0,0,0,0,0,,,0.65,,,0,,,,,0,,0,,0,0,0,,,1.25,,,,,,,0,,,,,,,,,,,,,,,,,,,,,,0,,0,,,,,,,,0,,,,,,,,,,,,,,,,,,,,,,,,,
STD-DB10_2-002174,"탄산 음료, 소다수",S,국가표준식품성분표,,USDA('18),,음료류,,"탄산 음료, 소다수",,,,,,,100g,0,99.90000000000001,0,0,0.1,0,0,0,5,0.01,0,2,21,0,0,0,0,0,0,0,0,,0,0,-,-,-,0,0,0,,0,-,-,0,0,-,-,-,-,-,-,-,-,0,-,-,-,,-,,,-,-,,-,0,,0,-,-,-,0,0,-,,,-,,,-,,,,,-,,-,,-,-,0,,,-,,,,,,,-,,,,,,,,,,,,,,,,,,,,,,0,,0,,,,,,,,0,,,,,,,,,,,,,,,,,,,,,,,,,
STD-DB10_2-002175,"탄산 음료, 오렌지소다",S,국가표준식품성분표,,농진청('16),,음료류,,"탄산 음료, 오렌지소다",,,,,,,100g,48,87.90000000000001,0,0,0.02,12.08,10.66,0,2,0,0,1,3,0,0,0,0,0,0,0,0,,0,0,0,0,0,-,0,0,,0.092,0,0,0,0,0,0,0,0.01,0,0,0,0,0,0,0,6.14,,0,,,0,0.32,,4.2,0,,0,0,0,0,0,0,0,,,0.38,,,0,,,,,0,,0,,0,0,0,,,0.5600000000000001,,,,,,,0,,,,,,,,,,,,,,,,,,,,,,0,,0,,,,,,,,0,,,,,,,,,,,,,,,,,,,,,,,,,
STD-DB10_2-002176,"탄산 음료, 요구르트소다",S,국가표준식품성분표,,농진청('16),,음료류,,"탄산 음료, 요구르트소다",,,,,,,100g,47,88.2,0,0,0.06,11.74,9.42,0,9,0,12,12,4,0,0,0,0,0.018,0,0,0,,0,0,0,0,0,-,0,0,,0,0,0,0,0,0,0,0,0.01,0,0,0,0,0,0,0,4.1,,0,,,0,2.14,,3.18,0,,0,0,0,0,0,0,0,,,0.46,,,0,,,,,0,,0,,0,0,0,,,0.63,,,,,,,0,,,,,,,,,,,,,,,,,,,,,,0,,0,,,,,,,,0,,,,,,,,,,,,,,,,,,,,,,,,,
STD-DB10_2-002177,"탄산 음료, 저칼로리콜라",S,국가표준식품성분표,,USDA('18),,음료류,,"탄산 음료, 저칼로리콜라",,,,,,,100g,2,99.54000000000001,0.11,0.03,0.03,0.29,0,0,3,0.11,9,8,8,0,0,0,0.005,0.023,0,0,0,,0,0,-,-,-,0,0,0,,0,-,-,0,0,-,-,-,-,-,-,-,-,0,-,-,-,,-,,,-,0,,-,0,,0,-,-,-,0,0,-,,,-,,,-,,,,,-,,-,,-,-,0,,,-,,,,,,,-,,,,,,,,,,,,,,,,,,,,,,-,,-,,,,,,,,-,,,,,,,,,,,,,,,,,,,,,,,,,
STD-DB10_2-002178,"탄산 음료, 진저에일",S,국가표준식품성분표,,USDA('18),,음료류,,"탄산 음료, 진저에일",,,,,,,100g,34,91.23,0,0,0.01,8.76,8.9,0,3,0.18,0,1,7,0,0,0,0,0,0,0,0,,0,0,-,-,-,0,0,0,,0,-,-,0,0,-,-,-,-,-,-,-,-,0,-,-,3.7,,-,,,-,1.9,,3.1,0,,0,-,-,-,0,0,-,,,-,,,-,,,,,-,,-,,-,-,0,,,-,,,,,,,-,,,,,,,,,,,,,,,,,,,,,,-,,-,,,,,,,,-,,,,,,,,,,,,,,,,,,,,,,,,,
STD-DB10_2-002179,"탄산 음료, 카페인 함유",S,국가표준식품성분표,,농진청('22),,음료류,,"탄산 음료, 카페인 함유",,,,,,,100g,38,90.40000000000001,0.34,0.03,0.03,9.15,9.130000000000001,0,0,0,0,1,23,0,0,0,0,0.157,6.793,14.7,0,,0.01,0,0,6.793,0,1.341,0,0,,0.136,0,0,0,0,0,0,0,0,0,0,0,0,0,0,0,5.91,,0,,,0,0,,3.22,0.01,,0,0,0,0,0,0,0,,,3.49,,,0,,,,,0,,0,,0,0,0,,,8.43,,,,,,,0,,,,,,,,,,,,,,,,,,,,,,0,,3,,,,,,,,3,,,,,,,,,,,,,,,,,,,,,,,,,
STD-DB10_2-002180,"탄산 음료, 콜라",S,국가표준식품성분표,,농진청('16),,음료류,,"탄산 음료, 콜라",,,,,,,100g,38,90.5,0,0,0.04,9.460000000000001,9.029999999999999,0,1,0.02,16,2,2,0,0,0,0,0,0,0,0,,0,0,0,0,0,-,0,0,,0.317,0,0,0,0,0,0,0,0.01,0,0,0,0,0,0,0,4.05,,0,,,0,1.76,,3.22,0,,0,0,0,0,0,0,0,,,0.43,,,0,,,,,0,,0,,0,0,0,,,0.6,,,,,,,0,,,,,,,,,,,,,,,,,,,,,,0,,0,,,,,,,,0,,,,,,,,,,,,,,,,,,,,,,,,,
STD-DB10_2-002181,"탄산 음료, 파인애플소다",S,국가표준식품성분표,,농진청('03),,음료류,,"탄산 음료, 파인애플소다",,,,,,,100g,45,88.5,0,0.1,0.1,11.3,-,-,2,0.1,2,1,7,0,-,0,0.02,0.01,0.1,0,-,,-,-,-,-,-,-,-,-,,-,-,-,-,-,-,-,-,-,-,-,-,-,-,-,-,-,,-,,,-,-,,-,-,,-,-,-,-,-,-,-,,,-,,,-,,,,,-,,-,,-,-,-,,,-,,,,,,,-,,,,,,,,,,,,,,,,,,,,,,-,,-,,,,,,,,-,,,,,,,,,,,,,,,,,,,,,,,,,
STD-DB10_2-002182,"탄산 음료, 포도소다",S,국가표준식품성분표,,농진청('16),,음료류,,"탄산 음료, 포도소다",,,,,,,100g,52,86.90000000000001,0,0,0.03,13.07,11.17,0,0,0,0,10,0,0,0,0,0,0,0,0,0,,0,0,0,0,0,-,0,0,,0,0,0,0,0,0,0,0,0.01,0,0.02,0,0,0,0,0,6.51,,0.24,,,0,0,,4.42,0,,0,0,0,0,0,0,0,,,0.33,,,0,,,,,0,,0,,0,0,0,,,0.33,,,,,,,0,,,,,,,,,,,,,,,,,,,,,,0,,0,,,,,,,,0,,,,,,,,,,,,,,,,,,,,,,,,,
STD-DB10_2-002183,"혼합 음료, 꿀 함유",S,국가표준식품성분표,,농진청('20),,음료류,,"혼합 음료, 꿀 함유",,,,,,,100g,42,89.5,0.01,0,0,10.47,9.83,0,0,0,0,0,2,0,0,0,0,0,0,4.01,0,,0,0,0,0,0,0,0,0,,0,0,0,0,0,0,0,0,0,0,0,0,0,0,0,0,6.18,,0,,,0,0,,3.65,0,,0,0,0,0,0,0,0,,,0,,,0,,,,,0,,0,,0,0,0,,,0,,,,,,,0,,,,,,,,,,,,,,,,,,,,,,0,,0,,,,,,,,0,,,,,,,,,,,,,,,,,,,,,,,,,
STD-DB10_2-002184,"혼합 음료, 비타민C 함유",S,국가표준식품성분표,,농진청('15),,음료류,,"혼합 음료, 비타민C 함유",,,,,,,100g,56,86,0,0.01,0.1,13.89,5.69,1.3,0,0,0,8,30,0,0,0,0,1.623,-,500,0,,0.01,0,-,-,0,-,0,0,,0.294,0,0,0,0,0,0,0,0,0,0,0,0,0,0,0,0.66,,0.26,,,0,0,,4.76,0,,0,0,0,0,0,0,0,,,0,,,0,,,,,0,,0,,0,0,0,,,0.96,,,,,,,0,,,,,,,,,,,,,,,,,,,,,,0,,0,,,,,,,,0,,,,,,,,,,,,,,,,,,,,,,,,,
STD-DB10_2-002185,"혼합 음료, 타우린 함유",S,국가표준식품성분표,,농진청('22),,음료류,,"혼합 음료, 타우린 함유",,,,,,,100g,41,89.8,1.65,0.03,0.02,8.539999999999999,8.18,0,0,0,0,1,20,0,0,0,5.295,3.72,22.858,0,0,,0.01,0,0,22.858,0,3.844,0,0,,0.122,0,0,0,0,0,0,0,0,0,0,0,0,0,0,0,4.76,,0,,,0,0.24,,3.18,0.02,,0,0,0,0,0,0,0,,,4.25,,,1.14,,,,,0,,0,,0,0,0,,,11.26,,,,,,,0,,,,,,,,,,,,,,,,,,,,,,0,,1,,,,,,,,0,,,,,,,,,,,,,,,,,,,,,,,,,
STD-DB10_2-002186,"간장, 절임소스",S,국가표준식품성분표,,농진청('23),,조미료류,,"간장, 절임소스",,,,,,,100g,125,63.5,1.89,0.05,5.29,29.28,26.58,0,6,0.15,25,113,2003,0,0,0,0,0.011,1.878,0,0,,0,0,1.637,0.241,0.79,0.039,0,4,,0.178,0,0,0,0,0,0,0,0,0,0,0,0,0,0,0,0.89,,0,,,0,24.86,,0.84,0,,0,1.01,0,0,0,0,0,,,0.59,,,0,,,,,0,,0,,0,0,0,,,0.85,,,,,,,0,,,,,,,,,,,,,,,,,,,,,,59,,114,,,,,,,,61,,,,,,,,,,,,,,,,,,,,,,,,,
STD-DB10_2-002187,"고기 소스, 통조림",S,국가표준식품성분표,,JAPAN('20),,조미료류,,"고기 소스, 통조림",,,,,,,100g,96,78.8,3.8,5.0,2.3,10.1,(8.4),-,17,0.8,47,250,610,5,5,-,0.14,0.05,1.4,6,-,,-,-,-,-,-,-,-,-,,-,-,-,-,-,-,-,-,-,-,-,-,-,-,-,-,(3.6),,(0),,,(0),(1.7),,(3.1),-,,-,-,-,-,-,-,-,,,-,,,-,,,,,-,,-,,-,-,-,,,-,,,,,,,-,,,,,,,,,,,,,,,,,,,,,,-,,-,,,,,,,,-,,,,,,,,,,,,,,,,,,,,,,,,,
STD-DB10_2-002188,굴 소스,S,국가표준식품성분표,,농진청('20),,조미료류,,굴 소스,,,,,,,100g,117,58.3,2.07,0.05,12.43,27.14,20.64,0.2,12,0.26,56,138,4608,1,1,0,0.008999999999999999,0.013,0.952,0,0,,0.02,0,0.701,0.251,0.19,0.011,0.47,13,,0.243,0,0,0.01,0.01,0,0,0,0,0,0,0,0,0,0,0,0,,0,,,0,20.64,,0,0.02,,0,0,0,0,0,3.47,0,,,4.99,,,3.38,,,,,0,,0,,0.52,0,5.93,,,3.16,,,,,,,0,,,,,,,,,,,,,,,,,,,,,,453,,51,,,,,,,,32,,,,,,,,,,,,,,,,,,,,,,,,,
STD-DB10_2-002189,데리야끼 소스,S,국가표준식품성분표,,농진청('22),,조미료류,,데리야끼 소스,,,,,,,100g,152,56.4,1.82,0.1,5.59,36.07,26.34,0.4,15,0.53,39,120,2044,0,0,0,0.023,0.034,0.5639999999999999,0,0,,0.01,0,-,-,1.7,0.113,0,5,,0.277,0,0,0,0,0,0,0,0,0,0,0,0,0,0,0,8.84,,0,,,0,11.06,,6.45,0.01,,0,0,0,0,0,0,0,,,3.73,,,0,,,,,0,,0,,0,0,0,,,4.51,,,,,,,0,,,,,,,,,,,,,,,,,,,,,,121,,105,,,,,,,,71,,,,,,,,,,,,,,,,,,,,,,,,,
STD-DB10_2-002190,라면 건더기 스프,S,국가표준식품성분표,,농진청('21),,조미료류,,라면 건더기 스프,,,,,,,100g,327,9.699999999999999,20.38,1.34,10.26,58.35,21.08,26.1,411,5.58,295,798,2527,393,0,4715,0.123,0.422,5.135,1.39,0,,0.41,0.04,3.089,2.046,3.56,0.126,1.55,88,,0.572,0,0,3.27,3.22,0,0.31,0.06,0.06,0,0,0,375.81,375.81,0,0,2.04,,0.66,,,0,4.09,,14.29,0.89,,4.44,0,0,4.53,0,15.05,0,,,352.69,,,20.15,,,,,0,,163.14,,135.7,2.55,98.68000000000001,,,83.33,,,,,,,0,,,,,,,,,,,,,,,,,,,,,,914,,1483,,,,,,,,761,,,,,,,,,,,,,,,,,,,,,,,,,
STD-DB10_2-002191,"라면 건더기 스프, 용기라면",S,국가표준식품성분표,,농진청('21),,조미료류,,"라면 건더기 스프, 용기라면",,,,,,,100g,335,10.1,13.54,1.47,7.99,66.88,22.62,17.8,243,2.49,238,986,1911,250,0,3001,0.522,0.444,5.817,5.28,0,,0.45,0.05,3.614,2.203,5.03,0.149,0.31,210,,0.237,0,0,3.38,3.02,0.11,2.57,0.95,0.04,0,0,0,241.88,241.88,0,0,4.71,,1.76,,,0,3.51,,12.64,0.74,,4.98,0,0,0,0,17.09,1.98,,,354.89,,,27.3,,,,,0,,160.35,,0,0,8.81,,,148.04,,,,,,,3.98,,,,,,,,,,,,,,,,,,,,,,530,,916,,,,,,,,472,,,,,,,,,,,,,,,,,,,,,,,,,
STD-DB10_2-002192,"라면 건더기 스프, 짜장라면",S,국가표준식품성분표,,농진청('21),,조미료류,,"라면 건더기 스프, 짜장라면",,,,,,,100g,360,10,20.92,4.6,5.69,58.77,31.17,11.6,183,10.39,281,1006,1075,92,0,1109,0.298,0.128,3.714,1.39,0,,1.96,0.05,1.559,2.155,1.97,0.017,0,85,,0.394,0,0,0.48,0.43,0.02,0.13,0.05,0.05,0.14,0,0,45.88,45.88,0,0,2.36,,0.3,,,0,3.05,,25.46,2.11,,8.19,0,0,0,0,0,0,,,573.0599999999999,,,36.64,,,,,1.62,,50.65,,0,0,0,,,1437.08,,,,,,,9.31,,,,,,,,,,,,,,,,,,,,,,894,,1530,,,,,,,,819,,,,,,,,,,,,,,,,,,,,,,,,,
STD-DB10_2-002193,라면 스프,S,국가표준식품성분표,,농진청('21),,조미료류,,라면 스프,,,,,,,100g,255,3.7,14.82,2.53,35.72,43.19,12.45,2.7,57,1.01,238,511,13212,197,0,2360,1.661,0.208,2.575,0,0,,0.72,0.04,0,2.575,5.84,0.025,0.14,60,,1.658,0,0,3.27,2.78,0.09,4.18,0.61,0.04,0.03,0.27,0,18.63,18.63,0,0,0,,0.28,,,0,10.09,,2.09,1.7,,9.449999999999999,0,0,0,0,2.46,0,,,713.75,,,41.3,,,,,0.6,,75.73999999999999,,3.34,0,2.31,,,818.97,,,,,,,24.38,,,,,,,,,,,,,,,,,,,,,,913,,437,,,,,,,,269,,,,,,,,,,,,,,,,,,,,,,,,,
STD-DB10_2-002194,"라면 스프, 용기라면",S,국가표준식품성분표,,농진청('21),,조미료류,,"라면 스프, 용기라면",,,,,,,100g,273,4.1,14.51,3.53,32,45.86,12.5,2.8,56,0.89,167,401,12041,183,0,2194,1.667,0.227,2.259,0,0,,0.87,0.06,0,2.259,3.09,0.037,0.04,65,,0.79,0,0,3.67,3.03,0.13,5.42,0.32,0.04,0.07000000000000001,0.06,0,13.73,13.73,0,0,0,,0.87,,,0,7.25,,4.39,2.1,,18.34,0,0,0,0,0,0,,,803.21,,,53.11,,,,,1.17,,104.35,,3.54,0,0,,,1085.84,,,,,,,32.55,,,,,,,,,,,,,,,,,,,,,,1644,,395,,,,,,,,188,,,,,,,,,,,,,,,,,,,,,,,,,
STD-DB10_2-002195,"라면 스프, 짜장라면",S,국가표준식품성분표,,농진청('21),,조미료류,,"라면 스프, 짜장라면",,,,,,,100g,350,3.5,13.28,5.68,16.13,61.41,21.71,2.3,29,0.68,181,263,6138,4,0,44,1.701,0.056,2.755,0,0,,1.68,0.07000000000000001,0,2.755,1.52,0.012,0,24,,1.242,0,0,0.75,0.53,0.09,1.3,0.43,0.06,0.3,0.5,0,0,0,0,0,1.01,,0.29,,,0,18.41,,2.01,3.59,,29.41,0,0,0,0,0,1.42,,,1510.28,,,93.89,,,,,0,,139.04,,13.84,2.18,0,,,1737.5,,,,,,,25.5,,,,,,,,,,,,,,,,,,,,,,431,,397,,,,,,,,274,,,,,,,,,,,,,,,,,,,,,,,,,
STD-DB10_2-002196,"마라 육수, 농축",S,국가표준식품성분표,,농진청('23),,조미료류,,"마라 육수, 농축",,,,,,,100g,415,33.9,5.15,39.24,11.27,10.4,3.23,5.3,44,1.48,84,355,4615,59,0,705,0.209,0.103,5.075,0,0,,6.15,0.29,4.209,0.866,2.2,0.182,0,22,,0.323,0,0,4.06,2.53,0.23,12.6,5,0,0,0,0,17.62,17.62,0,0,0.66,,0,,,0,2.15,,0.42,31.44,,75.31,176.99,1.97,0,0,0,0,,,19705.87,,,549.15,,,,,18.64,,2184.06,,15.85,0,0,,,8665.18,,,,,,,12.67,,,,,,,,,,,,,,,,,,,,,,110,,123,,,,,,,,61,,,,,,,,,,,,,,,,,,,,,,,,,
STD-DB10_2-002197,마라 육수,S,국가표준식품성분표,,농진청('23),,조미료류,,마라 육수,,,,,,,100g,65,91,0.61,6.47,0.96,0.97,0.27,0.4,6,0.15,8,33,394,5,0,56,0.025,0.008999999999999999,0.622,0,0,,1.01,0.05,0.51,0.112,0.18,0.015,0,2,,0.032,0,0,0.63,0.4,0.04,1.89,0.8,0,0,0,0,1.57,1.57,0,0,0.05,,0,,,0,0.2,,0.02,5.21,,11.12,29.21,0.36,0,0,0,0,,,3248.88,,,91.34,,,,,3.1,,358.81,,2.6,0,0,,,1454.23,,,,,,,2.28,,,,,,,,,,,,,,,,,,,,,,12,,13,,,,,,,,6,,,,,,,,,,,,,,,,,,,,,,,,,
STD-DB10_2-002198,머스타드 소스,S,국가표준식품성분표,,농진청('22),,조미료류,,머스타드 소스,,,,,,,100g,69,83.09999999999999,4.1,3,3.36,6.39,0.73,4.8,60,1.43,123,156,1230,3,0,40,0.211,0.017,0.163,0,0,,0.18,0.01,0,0.163,1.87,0,0.12,7,,0.099,0,0,0.8,0.43,0,3.64,0.19,0,0,0,0,0,0,0,0,0.24,,0,,,0,0,,0.49,2.52,,275.65,0,64.81999999999999,7.44,0,0,2.33,,,303.78,,,43.34,,,,,0,,262.1,,9.710000000000001,0,0,,,673.59,,,,,,,2.05,,,,,,,,,,,,,,,,,,,,,,279,,300,,,,,,,,160,,,,,,,,,,,,,,,,,,,,,,,,,
STD-DB10_2-002199,"머스타드 소스, 씨겨자",S,국가표준식품성분표,,농진청('23),,조미료류,,"머스타드 소스, 씨겨자",,,,,,,100g,138,68.2,7.68,6.88,5.79,11.44,2.43,9,133,2.35,242,247,1953,3,0,33,0.383,0.054,0.239,0,0,,0.48,0.01,0,0.239,5.06,0.04,0.04,24,,0.578,0,0,1.62,1.33,0,2.9,0.08,0,0,0,0,4.72,4.72,0,0,0.85,,0,,,0,0,,1.58,5.99,,680.96,0,100.58,42.82,0,0,13.98,,,1493.66,,,142.56,,,,,3.71,,824.89,,75.38,0,0,,,1148.75,,,,,,,2.06,,,,,,,,,,,,,,,,,,,,,,446,,625,,,,,,,,327,,,,,,,,,,,,,,,,,,,,,,,,,
STD-DB10_2-002200,바비큐 소스,S,국가표준식품성분표,,농진청('19),,조미료류,,바비큐 소스,,,,,,,100g,143,61.3,1.38,0.54,3.69,33.08,25.97,0,20,0.38,26,265,1568,37,10,329,0.024,0.024,0.294,5.19,0,,0.07000000000000001,0,0,0.294,7.81,0.027,0,38,,0.211,0,0,0.46,0.36,0,0.49,0,0.18,0,0,0,2.81,2.81,0,0,8.18,,0,,,0,9.960000000000001,,7.83,0.29,,0.67,0,0,0,0,0,0,,,183.13,,,5,,,,,0,,26.12,,0,0,0,,,71.31999999999999,,,,,,,0,,,,,,,,,,,,,,,,,,,,,,25,,34,,,,,,,,18,,,,,,,,,,,,,,,,,,,,,,,,,
STD-DB10_2-002201,발사믹 소스,S,국가표준식품성분표,,농진청('22),,조미료류,,발사믹 소스,,,,,,,100g,182,53.8,0.67,0.02,0.62,44.86,37.03,0,23,1.15,31,221,56,0,0,0,0,0.003,0,0,0,,0.01,0,0,0,1.91,-,0,4,,0,0,0,0,0,0,0,0,0,0,0,0,0,0,0,0,19.84,,0,,,0,0,,17.19,0,,0,0,0,0,0,0,0,,,1.85,,,0,,,,,0,,0,,0,0,0,,,2.6,,,,,,,0,,,,,,,,,,,,,,,,,,,,,,5,,7,,,,,,,,3,,,,,,,,,,,,,,,,,,,,,,,,,
STD-DB10_2-002202,"샐러드 드레싱, 사우전드아일랜드",S,국가표준식품성분표,,농진청('19),,조미료류,,"샐러드 드레싱, 사우전드아일랜드",,,,,,,100g,287,55.8,1,23.23,1.49,18.44,10.79,0,10,0.28,11,58,571,20,11,106,0,0.008,0.203,0,0,,3.63,0.28,0.126,0.077,0.35,0.032,0,11,,0.055,0,0,6.26,4.3,0,19.6,0,0,0,0,0,10.83,10.83,0,0,2.02,,0,,,0,5.97,,2.8,18.12,,57.69,0,1.58,0,0,0,0,,,11522.88,,,303.76,,,,,9.119999999999999,,1418.84,,12.11,0,0,,,4770.93,,,,,,,9.609999999999999,,,,,,,,,,,,,,,,,,,,,,9,,16,,,,,,,,6,,,,,,,,,,,,,,,,,,,,,,,,,
STD-DB10_2-002203,"샐러드 드레싱, 오리엔탈",S,국가표준식품성분표,,농진청('23),,조미료류,,"샐러드 드레싱, 오리엔탈",,,,,,,100g,189,60.2,2.75,8.73,3.55,24.79,23.55,0,21,0.52,48,125,1389,0,0,0,0.068,0.04,0,0,0,,1.27,0.01,0,0,1.42,0.022,0.06,18,,0,0,0,0.85,0.58,0,2.63,0,0,0,0,0,0,0,0,0,4.99,,0,,,0,8.210000000000001,,10.34,7.45,,17.33,4.44,0,0,0,0,0,,,4459.78,,,58.39,,,,,0,,60.45,,1.01,0,0,,,2839.39,,,,,,,0,,,,,,,,,,,,,,,,,,,,,,84,,127,,,,,,,,87,,,,,,,,,,,,,,,,,,,,,,,,,
STD-DB10_2-002204,"샐러드 드레싱, 이탈리안",S,국가표준식품성분표,,농진청('19),,조미료류,,"샐러드 드레싱, 이탈리안",,,,,,,100g,155,70.7,0.33,9.539999999999999,2.55,16.92,9.44,0,12,0.14,9,54,926,1,0,13,0,0.005,0.364,0.23,0,,0.75,0.11,0.364,0,0,0.051,0,0,,0.04,0,0,14.14,12.15,0,19.86,0,0,0,0,0.71,7.05,7.05,0,0,3.56,,0,,,0,2.44,,3.44,8.18,,156.24,0,11.91,1.82,0,0,0.9,,,1571.06,,,269.88,,,,,2.3,,596.47,,9.699999999999999,0,0,,,5528.8,,,,,,,8.869999999999999,,,,,,,,,,,,,,,,,,,,,,8,,8,,,,,,,,2,,,,,,,,,,,,,,,,,,,,,,,,,
STD-DB10_2-002205,"샐러드 드레싱, 코울슬로",S,국가표준식품성분표,,농진청('22),,조미료류,,"샐러드 드레싱, 코울슬로",,,,,,,100g,486,35.9,0.47,47.46,1.85,14.32,12.8,0,7,0.17,16,30,752,17,17,4,0.036,0.017,0,0,0,,6.84,0.41,0,0,0,0,0.1,4,,0.066,0,0,11.47,8.42,0,28.68,5.94,0,0,0,0,70.44,70.44,0,0,2.65,,0,,,0,7.21,,2.95,39.37,,51.39,151.38,4.25,0,2.13,6.39,2.13,,,22931.92,,,709.11,,,,,0,,3103.09,,22.06,2.13,2.13,,,12273.54,,,,,,,13.95,,,,,,,,,,,,,,,,,,,,,,8,,20,,,,,,,,19,,,,,,,,,,,,,,,,,,,,,,,,,
STD-DB10_2-002206,"샐러드 드레싱, 프렌치",S,국가표준식품성분표,,USDA('18),,조미료류,,"샐러드 드레싱, 프렌치",,,,,,,100g,419,39.34,0.87,39.07,1.92,18.79,17.43,2.4,27,0.32,25,108,661,19,0,232,0.038,0.063,0.234,0,0,,6.093,0.081,-,-,-,0.043,0.14,0,,-,-,-,5,5,-,-,-,-,-,-,-,-,121.4,-,0,6.15,,0,,,0.73,4,,6.56,31.862,,190,98,3,-,0,0,0,,,19954,,,-,,,,,-,,2782,,16,1,1,,,-,,,,,,,-,,,,,,,,,,,,,,,,,,,,,,-,,-,,,,,,,,-,,,,,,,,,,,,,,,,,,,,,,,,,
STD-DB10_2-002207,수끼 소스,S,국가표준식품성분표,,농진청('22),,조미료류,,수끼 소스,,,,,,,100g,109,68.7,2.61,1.19,5.47,22.07,17.36,1.3,9,0.3,53,101,2125,26,0,309,0.075,0.018,0.709,0,0,,0.13,0.01,-,-,1.66,-,0,4,,0.144,0,0,0.98,0.88,0.02,0.93,0.13,0,0,0,0,0,0,0,0,6.12,,0,,,0,5.76,,5.49,0.58,,1.68,0,0,0,0,0,0,,,326.98,,,9.93,,,,,0,,15.86,,0,0,0,,,222.67,,,,,,,0,,,,,,,,,,,,,,,,,,,,,,909,,44,,,,,,,,28,,,,,,,,,,,,,,,,,,,,,,,,,
STD-DB10_2-002208,"수끼 소스, 된장",S,국가표준식품성분표,,농진청('22),,조미료류,,"수끼 소스, 된장",,,,,,,100g,190,51.5,2.46,1.92,3.29,40.84,14.87,1.9,24,0.34,58,97,1281,8,0,98,0.121,0.016,0.535,0,0,,0.49,0.03,-,-,1.65,-,0,5,,0.901,0,0,0.71,0.47,0.05,1.92,0.67,0,0,0,0,0,0,0,0,0.99,,7.86,,,0,4.95,,1.08,0.9399999999999999,,3.02,0,0,0,0,0,0,,,536.89,,,19.32,,,,,0,,66.09,,0,0,0,,,303.31,,,,,,,13.47,,,,,,,,,,,,,,,,,,,,,,78,,135,,,,,,,,84,,,,,,,,,,,,,,,,,,,,,,,,,
STD-DB10_2-002209,"수끼 소스, 토마토",S,국가표준식품성분표,,농진청('22),,조미료류,,"수끼 소스, 토마토",,,,,,,100g,117,66.2,1.53,0.27,4.86,27.16,13.85,0.6,11,0.39,20,121,1919,24,0,283,0.14,0.022,1.009,0,0,,0.06,0,-,-,2.22,-,0,3,,0.129,0,0,0.9399999999999999,0.87,0.04,0.52,0.14,0,0,0,0,0,0,0,0,2.44,,0.46,,,0,6.74,,4.2,0.16,,0,0,0,0,0,0,0,,,94.73,,,3.25,,,,,0,,11.04,,0,0,0,,,53.48,,,,,,,0,,,,,,,,,,,,,,,,,,,,,,27,,49,,,,,,,,30,,,,,,,,,,,,,,,,,,,,,,,,,
STD-DB10_2-002210,스리라차 소스,S,국가표준식품성분표,,농진청('23),,조미료류,,스리라차 소스,,,,,,,100g,77,77.2,1.59,0.63,4.4,16.22,13.67,2.1,15,0.57,42,345,1519,20,0,234,0,0.062,5.514,14.17,0,,0.11,0,5.251,0.263,0.89,0.292,0,29,,0.124,0,0,2.82,2.75,0.1,0.28,0,0,0,0,0,8.41,8.41,0,0,7.16,,0,,,0,0,,6.51,0.37,,0,0,0,0,0,0,0,,,286.91,,,6.17,,,,,0,,33.39,,0,0,0,,,40.86,,,,,,,0,,,,,,,,,,,,,,,,,,,,,,39,,51,,,,,,,,27,,,,,,,,,,,,,,,,,,,,,,,,,
STD-DB10_2-002211,"스파게티 소스, 크림, 병조림",S,국가표준식품성분표,,농진청('22),,조미료류,,"스파게티 소스, 크림, 병조림",,,,,,,100g,188,72.8,2.41,17.23,1.62,5.95,1.8,0.6,74,0.13,116,66,545,15,14,6,0.039,0.054,0.58,0,0,,9.68,0.41,-,-,1.33,0.024,0.11,3,,0.1,0,0,0.57,0.51,0.07000000000000001,0.23,0.11,0,0,0,0,1.72,1.72,0,0,0,,0.14,,,0.9399999999999999,0.72,,0,3.69,,7.57,0,1.94,3.32,11.31,2.02,0,,,361.65,,,86.16,,,,,4.33,,59.68,,6.5,15.07,5.44,,,2766,,,,,,,276.66,,,,,,,,,,,,,,,,,,,,,,56,,148,,,,,,,,90,,,,,,,,,,,,,,,,,,,,,,,,,
STD-DB10_2-002212,"스파게티 소스, 토마토, 병조림",S,국가표준식품성분표,,농진청('22),,조미료류,,"스파게티 소스, 토마토, 병조림",,,,,,,100g,73,82.59999999999999,1.52,2.46,2.17,11.2,6.1,2.7,35,0.61,31,316,577,39,0,468,0.08400000000000001,0.033,0.502,2.45,0,,0.31,0.02,0,0.502,0,0.014,0,10,,0.016,0,0,1.35,1.24,0.02,0.9399999999999999,0.03,0.03,0,0,0,9.31,9.31,0,0,2.36,,0,,,0,1.77,,1.98,1.85,,9.84,0,0,0,0,0,0,,,988.25,,,24.1,,,,,0,,59.93,,0,0,0,,,763.71,,,,,,,0,,,,,,,,,,,,,,,,,,,,,,27,,36,,,,,,,,17,,,,,,,,,,,,,,,,,,,,,,,,,
STD-DB10_2-002213,양념닭 소스,S,국가표준식품성분표,,농진청('22),,조미료류,,양념닭 소스,,,,,,,100g,200,48.1,1.26,0.24,2.13,48.27,25.42,0.5,10,0.23,18,131,773,47,4,511,0.057,0.016,0.474,0,0,,0.03,0,0,0.474,1.31,0.024,0,4,,0.724,0,0,0.83,0.82,0,0,0.12,0,0,0,0,0,0,0,0,5.7,,10.95,,,0,4.61,,4.16,0.08,,0,0,0,0,0,0,0,,,56.2,,,0.8,,,,,0,,6.75,,0,0,0,,,20.31,,,,,,,0,,,,,,,,,,,,,,,,,,,,,,19,,25,,,,,,,,16,,,,,,,,,,,,,,,,,,,,,,,,,
STD-DB10_2-002214,"올스파이스, 가루",S,국가표준식품성분표,,JAPAN('20),,조미료류,,"올스파이스, 가루",,,,,,,100g,364,9.199999999999999,5.6,5.6,4.4,75.2,-,-,710,4.7,110,1300,53,0,0,31,0,0.05,2.9,(0),(0),,(1.64),-,-,-,-,-,0,(0),,-,-,-,-,-,-,-,-,-,-,-,-,-,-,-,-,-,,-,,,-,-,,-,(1.95),,(0),-,-,-,(0),(0),-,,,"(1,500)",,,-,,,,,(0),,(45),,-,-,(0),,,-,,,,,,,-,,,,,,,,,,,,,,,,,,,,,,-,,-,,,,,,,,-,,,,,,,,,,,,,,,,,,,,,,,,,
STD-DB10_2-002215,우동 건더기 스프,S,국가표준식품성분표,,농진청('22),,조미료류,,우동 건더기 스프,,,,,,,100g,514,4,9.32,28.57,3.13,55.03,5.27,13.1,90,0.66,113,315,1035,159,0,1906,0,0.185,4.316,0,0,,14.42,0.05,3.854,0.462,1.45,0.034,1.53,72,,0,0,0,2.87,2.48,0,2.24,0.23,0.51,0,0,0,52.94,52.94,0,0,1.13,,0,,,0,3.27,,0.88,14.23,,46.33,0,7.59,0,2.6,13.37,0,,,2947.06,,,189.22,,,,,4.74,,102.12,,8.09,3.33,53.52,,,10797.2,,,,,,,9.94,,,,,,,,,,,,,,,,,,,,,,567,,543,,,,,,,,303,,,,,,,,,,,,,,,,,,,,,,,,,
STD-DB10_2-002216,"우동 건더기 스프, 삶은것",S,국가표준식품성분표,,농진청('22),,조미료류,,"우동 건더기 스프, 삶은것",,,,,,,100g,195,63.4,3.6,10.4,0.91,21.67,1.5,4.2,32,0.25,39,76,308,83,0,1000,0,0.038,2.048,0,0,,5.06,0.02,2.048,0,0.31,0.015,0.25,35,,0,0,0,1.06,0.9399999999999999,0,0.67,0,0.16,0,0,0,35.73,35.73,0,0,0.28,,0,,,0,0.95,,0.28,5.01,,14.4,0,3.78,0,0,5.69,0,,,1043.38,,,67.5,,,,,2.38,,37.17,,3.42,2.56,21.85,,,3784.71,,,,,,,3.78,,,,,,,,,,,,,,,,,,,,,,187,,210,,,,,,,,124,,,,,,,,,,,,,,,,,,,,,,,,,
STD-DB10_2-002217,우스터 소스,S,국가표준식품성분표,,농진청('22),,조미료류,,우스터 소스,,,,,,,100g,62,78.90000000000001,0.47,0.06,5.62,14.91,14.89,0,72,0.5600000000000001,9,176,1971,3,0,31,0.067,0.08699999999999999,0.795,0,0,,0.01,0,-,-,2.77,0,0,2,,0.159,0,0,0.22,0.22,0,0,0,0,0,0,0,0,0,0,0,7.83,,0,,,0,1.2,,5.87,0.01,,0,0,0,0,0,0,0,,,5.72,,,0.35,,,,,0,,0.73,,0,0,0,,,7.68,,,,,,,1.1,,,,,,,,,,,,,,,,,,,,,,5,,8,,,,,,,,6,,,,,,,,,,,,,,,,,,,,,,,,,
STD-DB10_2-002218,"짜장 소스, 가루",S,국가표준식품성분표,,농진청('19),,조미료류,,"짜장 소스, 가루",,,,,,,100g,351,4,10.51,4.33,13.7,67.42,10.23,0,76,1.12,133,297,5251,0,0,3,0.38,0.05,0.621,0,0,,1.33,0.03,0,0.621,0.51,0.046,0,49,,0.875,0,0,1.42,1.29,0.09,0.39,0.11,0.13,0.19,0.27,0,0,0,0,0,0.15,,1.21,,,0,6.56,,2.3,2.54,,10.06,0,1.04,0,0,0,0,,,1319.96,,,37.2,,,,,0.52,,100.73,,0,0,0,,,1064.87,,,,,,,4.41,,,,,,,,,,,,,,,,,,,,,,316,,385,,,,,,,,205,,,,,,,,,,,,,,,,,,,,,,,,,
STD-DB10_2-002219,"짜장 소스, 레토르트",S,국가표준식품성분표,,농진청('14),,조미료류,,"짜장 소스, 레토르트",,,,,,,100g,93,79.09999999999999,2.42,3.22,1.76,13.5,0,1.4,110,0.33,48,147,539,0,0,0,0.082,0.539,2.667,0,0,,0.41,0.04,2.472,0.195,0,-,0,78,,0,0,0,1.04,0.92,0,0.5600000000000001,0.08,0.2,0,0,0,-,0,-,0,0,,0,,,0,0,,0,2.63,,8.550000000000001,0,0,0,0,0,0,,,1667.56,,,34.15,,,,,0,,38.92,,0,0,0,,,870.54,,,,,,,2.73,,,,,,,,,,,,,,,,,,,,,,80,,116,,,,,,,,57,,,,,,,,,,,,,,,,,,,,,,,,,
STD-DB10_2-002220,"짜장 소스, 춘장",S,국가표준식품성분표,,농진청('14),,조미료류,,"짜장 소스, 춘장",,,,,,,100g,206,44,11.8,4.16,9.58,30.46,8.06,7.9,54,1.78,156,384,3399,0,0,0,0.104,0.981,1.144,0,0,,0.67,0,-,-,0,-,0,221,,0,0,0,0.87,0.54,0.17,1.92,0.64,0.05,0.3,0,0,-,0,-,0,0.54,,0,,,0,0,,7.52,3.31,,9.859999999999999,0,0,0,0,0,0,,,2148.04,,,58.62,,,,,0,,292.27,,0,0,0,,,793.08,,,,,,,1.54,,,,,,,,,,,,,,,,,,,,,,392,,716,,,,,,,,357,,,,,,,,,,,,,,,,,,,,,,,,,
STD-DB10_2-002221,청국장,S,국가표준식품성분표,,농진청('22),,조미료류,,청국장,,,,,,,100g,217,51.6,20.79,9.609999999999999,5.19,12.8,1.86,8.800000000000001,137,4.63,410,965,1135,7,0,87,0.096,0.182,1.314,0,0,,1.45,0.02,-,-,4.66,0.138,0,202,,-,0,0,2.23,0.8100000000000001,0.43,10.13,6.29,0,0,0,0,7.1,7.1,0,0.25,1.61,,0,,,0,0,,0,8.09,,18.41,0,0,0,0,0,0,,,5179.96,,,138.83,,,,,4.96,,787.83,,5.47,0,0,,,1944.45,,,,,,,3.19,,,,,,,,,,,,,,,,,,,,,,880,,1492,,,,,,,,971,,,,,,,,,,,,,,,,,,,,,,,,,
STD-DB10_2-002222,"청국장, 가루",S,국가표준식품성분표,,농진청('22),,조미료류,,"청국장, 가루",,,,,,,100g,459,5,41.83,21.61,4.79,26.81,0.66,17.3,241,7.96,751,1928,12,1,0,9,0.143,0.41,0.497,0,0,,3.16,0.03,-,-,4.82,0.142,0,374,,-,0,0,3.91,1.74,0.84,14.96,8.57,0,0,0,0,23.98,23.98,0,0.24,0.29,,0,,,0,0.13,,0,17.24,,37.62,0,0,0,0,0,0,,,10964.46,,,289.48,,,,,10.53,,1762.85,,10.41,0,0,,,4142.58,,,,,,,7.11,,,,,,,,,,,,,,,,,,,,,,1853,,3315,,,,,,,,2098,,,,,,,,,,,,,,,,,,,,,,,,,
STD-DB10_2-002223,"청국장, 찌개용",S,국가표준식품성분표,,농진청('16),,조미료류,,"청국장, 찌개용",,,,,,,100g,136,64,10.93,5.88,8.77,10.39,1.54,7.3,81,1.75,184,460,3083,7,0,87,0.08799999999999999,0.373,1.247,12.37,0,,0.96,0.01,0.014,1.233,0,-,0,227,,11.497,0,0,0.89,0.53,0.09,2.71,0.77,0.04,0.03,0.02,0.01,-,0,-,0.25,0.13,,0.85,,,0,0,,0.32,4.66,,10.24,0,6,0,0,4.72,0,,,2954.05,,,83.20999999999999,,,,,2.66,,493.46,,2.76,1.18,2.58,,,1087.21,,,,,,,3.6,,,,,,,,,,,,,,,,,,,,,,467,,1511,,,,,,,,450,,,,,,,,,,,,,,,,,,,,,,,,,
STD-DB10_2-002224,칠리 소스,S,국가표준식품성분표,,JAPAN('20),,조미료류,,칠리 소스,,,,,,,100g,112,67.3,1.8,0.1,3.9,26.3,-,1.9,27,0.9,32,500,1200,42,(0),500,0.07000000000000001,0.07000000000000001,1.5,0,(0),,(0.02),-,-,-,-,0.15,(Tr),5,,0.32,-,-,2.3,2.1,0.3,0.2,0,-,-,-,-,5,-,-,-,-,,-,,,-,-,,-,(0.04),,(0),-,-,-,-,(0),(0),,,(24),,,-,,,,,-,,(3),,(0),(0),-,,,-,,,,,,,-,,,,,,,,,,,,,,,,,,,,,,(44),,(57),,,,,,,,(41),,,,,,,,,,,,,,,,,,,,,,,,,
STD-DB10_2-002225,"칠리 소스, 단맛",S,국가표준식품성분표,,농진청('19),,조미료류,,"칠리 소스, 단맛",,,,,,,100g,181,51.5,0.44,0.1,3.4,44.61,30.41,1.9,5,0.82,10,63,733,24,0,283,0.051,0.022,0.112,0.21,0,,0.02,0,-,-,0.2,0.039,0,4,,0.379,0,0,0.28,0.28,0,0,0,0,0,0,0,4.21,4.21,0,0,6.31,,0,,,0,18.11,,5.99,0.04,,0,0,0,0,0,0,0,,,40.76,,,0,,,,,0,,0,,0,0,0,,,0,,,,,,,0,,,,,,,,,,,,,,,,,,,,,,32,,17,,,,,,,,10,,,,,,,,,,,,,,,,,,,,,,,,,
STD-DB10_2-002226,"카레 소스, 가루",S,국가표준식품성분표,,농진청('19),,조미료류,,"카레 소스, 가루",,,,,,,100g,425,5.2,8.380000000000001,18.69,12.03,55.76,6.66,0,84,2.02,119,514,4059,3,0,38,1.159,0.104,1.342,0,0,,10.34,1.5,0.252,1.09,0.91,0.073,0,50,,1.128,0,0,2.41,1.96,0,0,0,1.51,0,0,0,0,0,0,0,0.37,,0,,,0,5.28,,1.01,5.76,,17.86,0,2.51,0,0,0,0,,,1256.96,,,137.07,,,,,3.45,,65.98999999999999,,9.84,0,0,,,4185.08,,,,,,,1424.07,,,,,,,,,,,,,,,,,,,,,,1481,,374,,,,,,,,212,,,,,,,,,,,,,,,,,,,,,,,,,
STD-DB10_2-002227,"카레 소스, 레토르트",S,국가표준식품성분표,,농진청('16),,조미료류,,"카레 소스, 레토르트",,,,,,,100g,72,82.7,2.47,1.89,1.55,11.39,7.41,2.8,14,0.43,37,158,482,26,19,81,0,0.046,-,0.17,0,,0.39,0.08,-,-,0,-,0,4,,0.116,0,0,0.24,0.16,0,0.2,0,0.19,0,0,0,-,0,-,0,0,,1.35,,,0,0,,6.07,1.34,,20.42,0,0,0,0,0,0,,,293.59,,,45.66,,,,,0,,123.17,,2.05,0,0,,,836.12,,,,,,,65.06999999999999,,,,,,,,,,,,,,,,,,,,,,113,,132,,,,,,,,87,,,,,,,,,,,,,,,,,,,,,,,,,
STD-DB10_2-002228,탕수육 소스,S,국가표준식품성분표,,농진청('23),,조미료류,,탕수육 소스,,,,,,,100g,130,66.5,0.37,0.16,1.22,31.73,23.18,1.2,5,0.06,6,27,488,0,0,0,0.023,0.007,0.368,0,0,,0.01,0,0.099,0.269,0.62,0.008999999999999999,0,3,,0,0,0,0,0,0,0,0,0,0,0,0,0,0,0,0,8.09,,0,,,0,7.33,,7.76,0,,0,0,0,0,0,0,0,,,1.61,,,0,,,,,0,,0,,0,0,0,,,1.77,,,,,,,0,,,,,,,,,,,,,,,,,,,,,,10,,22,,,,,,,,9,,,,,,,,,,,,,,,,,,,,,,,,,
STD-DB10_2-002229,토마토 소스,S,국가표준식품성분표,,JAPAN('20),,조미료류,,토마토 소스,,,,,,,100g,41,87.09999999999999,2.0,0.2,2.2,8.5,(5.3),1.1,18,0.9,42,340,240,40,(0),480,0.09,0.08,1.3,(Tr),(0),,(0.03),-,-,-,-,0.12,Tr,3,,0.24,-,-,2.3,2.1,0.1,1.0,0.3,-,-,-,-,8,-,-,(0),(2.5),,(0),,,(0),(0.1),,(2.7),(0.08),,(Tr),-,-,-,-,(0),(0),,,(48),,,-,,,,,-,,(7),,(0),(0),-,,,-,,,,,,,-,,,,,,,,,,,,,,,,,,,,,,(48),,(63),,,,,,,,(45),,,,,,,,,,,,,,,,,,,,,,,,,
STD-DB10_2-002230,팟타이 소스,S,국가표준식품성분표,,농진청('23),,조미료류,,팟타이 소스,,,,,,,100g,87,74.3,0.91,0.39,4.33,20.03,16.27,0,13,0.13,51,56,1744,11,0,134,0.095,0.024,1.063,0,0,,0.05,0,1.063,0,0.8,0.016,0,6,,0.302,0,0,0.26,0.26,0,0.04,0,0,0,0,0,0,0,0,0,3.27,,0,,,0,9.539999999999999,,3.46,0.29,,7.61,0,0,0,0,0,0,,,38.02,,,0.35,,,,,0,,1.44,,0,0,0,,,243.42,,,,,,,0,,,,,,,,,,,,,,,,,,,,,,28,,7,,,,,,,,5,,,,,,,,,,,,,,,,,,,,,,,,,
STD-DB10_2-002231,포크커틀릿 소스,S,국가표준식품성분표,,농진청('16),,조미료류,,포크커틀릿 소스,,,,,,,100g,133,62.1,0.6,0.02,4.74,32.54,22.31,0,12,0.21,14,161,1713,14,0,165,0.013,0.07099999999999999,0,0.6,0,,0.01,0,0,0,0,-,0,0,,0,0,0,0.38,0.27,0,0.06,0.03,0.34,0,0,0,-,0,-,0,8.76,,6.25,,,0,0,,7.3,0.01,,0,0,0,0,0,0,0,,,8.85,,,0.82,,,,,0,,2.56,,0,0,0,,,1.85,,,,,,,0,,,,,,,,,,,,,,,,,,,,,,103,,30,,,,,,,,12,,,,,,,,,,,,,,,,,,,,,,,,,
STD-DB10_2-002232,핫 소스,S,국가표준식품성분표,,농진청('19),,조미료류,,핫 소스,,,,,,,100g,47,86.3,1.44,0.63,2.85,8.800000000000001,5.72,0,17,0.52,34,273,989,71,0,849,0.075,0.08699999999999999,0.237,26.56,0,,0.17,0,0,0.237,1.47,0.113,0,20,,0.158,0,0,1.76,1.76,0,0,0,0,0,0,0,0,0,0,0,2.93,,0,,,0,0,,2.79,0.45,,0,0,0,0,0,0,0,,,297.69,,,8.57,,,,,0,,41.29,,0,0,0,,,98.73,,,,,,,0,,,,,,,,,,,,,,,,,,,,,,42,,53,,,,,,,,33,,,,,,,,,,,,,,,,,,,,,,,,,
STD-DB10_2-002233,허니머스타드 소스,S,국가표준식품성분표,,농진청('22),,조미료류,,허니머스타드 소스,,,,,,,100g,338,45.1,1.24,25.15,1.95,26.55,21.03,0.3,20,0.36,33,58,662,58,8,600,0.092,1.649,0.05,0,0,,3.84,0.25,0,0.05,1.56,-,0.06,3,,0.259,0,0,7.21,4.01,0.78,25.88,7.21,0.02,0,0,0,20.67,20.67,0,0,9.609999999999999,,0,,,0,5.27,,6.15,19.85,,130.85,0,14.63,0,0,0,0,,,12321.72,,,352.26,,,,,10.65,,1545.86,,15.23,0,0,,,5239.22,,,,,,,10.62,,,,,,,,,,,,,,,,,,,,,,41,,62,,,,,,,,39,,,,,,,,,,,,,,,,,,,,,,,,,
STD-DB10_2-002234,"김말이튀김, 냉동",S,국가표준식품성분표,,농진청('22),,조리가공식품류,,"김말이튀김, 냉동",,,,,,,100g,168,62.4,1.89,4.54,1.21,29.95,1.81,1.2,104,1.1,49,73,428,39,0,473,0.037,0.058,0.507,0,0,,0.74,0.06,0.409,0.098,0.53,-,0.5600000000000001,23,,0.234,0,0,1.79,0.51,2.16,1.81,0.67,0,0,0,0,15.6,15.6,0,0,0.21,,0.26,,,0,1.18,,0.17,3.29,,15.09,0,2,0,0,0,0,,,1952.09,,,61.55,,,,,1.69,,204.51,,3.01,2.07,19.7,,,1027.77,,,,,,,4.13,,,,,,,,,,,,,,,,,,,,,,76,,106,,,,,,,,60,,,,,,,,,,,,,,,,,,,,,,,,,
STD-DB10_2-002235,"라면, 조리전",S,국가표준식품성분표,,농진청('21),,조리가공식품류,,"라면, 조리전",,,,,,,100g,416,7,8.6,12.6,4.73,67.12,2.49,2.3,203,0.62,102,241,1472,20,0,238,0.13,1.113,0.85,0,0,,6.03,0.1,0.507,0.343,0.93,0.013,0.05,18,,0.294,0,0,1.82,1.42,0.12,1.09,0.55,0.65,0.47,0.67,0.23,4.75,4.75,0,0,0.2,,0.68,,,0,1.17,,0.44,6.22,,21.88,0,3.46,0,0,0,0,,,1491.97,,,91.78,,,,,2.18,,43.7,,6.09,0,1.23,,,4532.5,,,,,,,16.86,,,,,,,,,,,,,,,,,,,,,,355,,514,,,,,,,,212,,,,,,,,,,,,,,,,,,,,,,,,,
STD-DB10_2-002236,"라면, 조리후",S,국가표준식품성분표,,농진청('21),,조리가공식품류,,"라면, 조리후",,,,,,,100g,101,77.5,2.18,3.03,1.14,16.17,0.52,1.8,48,0.09,25,55,368,4,0,51,0.054,0.343,0.18,0,0,,1.4,0.04,0.08,0.1,0.41,0,0,7,,0,0,0,0.31,0.23,0.04,0.2,0.13,0.1,0.13,0.15,0.01,0,0,0,0,0,,0.17,,,0,0.25,,0.1,1.45,,6.03,0,0.63,0,0,0,0,,,357.48,,,21.75,,,,,0,,10.82,,1.55,0,0.47,,,1048.86,,,,,,,4.37,,,,,,,,,,,,,,,,,,,,,,81,,94,,,,,,,,35,,,,,,,,,,,,,,,,,,,,,,,,,
STD-DB10_2-002237,"라면, 국물, 조리후",S,국가표준식품성분표,,농진청('14),,조리가공식품류,,"라면, 국물, 조리후",,,,,,,100g,19,95.40000000000001,0.44,0.96,1.17,2.08,0,0.8,5,0.08,10,56,380,10,0,119,0.068,0.125,0.048,0,0,,0.45,0.01,0.041,0.007,0,-,1.21,3,,0,0,0,0.3,0.19,0.16,0,0.06,0.05,0.27,0,0,-,0,-,0,0,,0,,,0,0,,0,0.46,,1.68,0,0,0,0,0,0,,,115.84,,,6.84,,,,,0,,4.32,,0,0,0,,,324.98,,,,,,,1.41,,,,,,,,,,,,,,,,,,,,,,28,,20,,,,,,,,12,,,,,,,,,,,,,,,,,,,,,,,,,
STD-DB10_2-002238,"라면, 면, 조리후",S,국가표준식품성분표,,농진청('14),,조리가공식품류,,"라면, 면, 조리후",,,,,,,100g,174,60.9,3.89,4.37,1.06,29.79,0,3.8,97,0.21,47,55,278,1,0,15,0.056,0.372,0.197,0,0,,2.01,0.04,0.197,0,0,-,0.18,8,,0,0,0,0.46,0.32,0.04,0.28,0.18,0.24,0.2,0.28,0.08,-,0,-,0,0,,0,,,0,0,,0,2.13,,8.15,0,0,0,0,0,0,,,594.14,,,30,,,,,0,,17.81,,0,0,0,,,1472.74,,,,,,,4.18,,,,,,,,,,,,,,,,,,,,,,130,,244,,,,,,,,113,,,,,,,,,,,,,,,,,,,,,,,,,
STD-DB10_2-002239,"라면, 비빔라면, 조리후",S,국가표준식품성분표,,농진청('16),,조리가공식품류,,"라면, 비빔라면, 조리후",,,,,,,100g,189,58.8,3.38,5.67,1.14,31.01,1.81,2.3,8,0.33,38,47,375,17,0,205,0.136,0.024,0.248,0,0,,2.51,0.03,0.014,0.234,0,-,0,4,,0,0,0,0.57,0.51,0.01,0.12,0.01,0.13,0.12,0.08,0.05,-,0,-,0,0,,0,,,0,1.81,,0,2.88,,16.41,0,0,0,0,0,0,,,829.4,,,45.14,,,,,0,,39.62,,2.5,0,0,,,1931.84,,,,,,,8.06,,,,,,,,,,,,,,,,,,,,,,129,,221,,,,,,,,124,,,,,,,,,,,,,,,,,,,,,,,,,
STD-DB10_2-002240,"라면, 짜장라면, 조리전",S,국가표준식품성분표,,농진청('21),,조리가공식품류,,"라면, 짜장라면, 조리전",,,,,,,100g,428,7.2,8.17,13.61,2.76,68.23999999999999,4.49,2.4,181,0.74,99,162,813,4,0,44,0.142,0.965,1.14,0,0,,5.56,0.08,0.325,0.8149999999999999,0.53,0.016,0,7,,0.39,0,0,1.15,0.88,0.09,1.03,0.29,0.3,0.39,0.29,0.06,4.89,4.89,0,0.38,0.19,,1.02,,,0,2.1,,0.8,6.93,,35.07,0,3.66,0,0,0,0,,,1748.18,,,128.94,,,,,2.27,,140.52,,6.43,0,0,,,4835.56,,,,,,,16.64,,,,,,,,,,,,,,,,,,,,,,288,,500,,,,,,,,188,,,,,,,,,,,,,,,,,,,,,,,,,
STD-DB10_2-002241,"만두, 고기 만두, 냉동",S,국가표준식품성분표,,농진청('23),,조리가공식품류,,"만두, 고기 만두, 냉동",,,,,,,100g,223,55.1,8.81,9.83,1.43,24.78,2.19,1.9,60,2.27,99,240,285,10,0,125,0.266,0.03,0.636,0,0,,3.03,0.06,0.19,0.446,0.82,0.025,0.1,46,,0.329,0,0,0.18,0.14,0.03,0.25,0,0,0,0,0,10.6,8.23,2.37,0,0.25,,0.83,,,0,0.91,,0.2,5.95,,69.15000000000001,2.58,0,0.91,6.48,0.86,8.84,,,1727.19,,,226.55,,,,,0,,100.13,,57.77,10.7,0,,,3543.16,,,,,,,27.94,,,,,,,,,,,,,,,,,,,,,,308,,479,,,,,,,,288,,,,,,,,,,,,,,,,,,,,,,,,,
STD-DB10_2-002242,"만두, 군만두",S,국가표준식품성분표,,농진청('22),,조리가공식품류,,"만두, 군만두",,,,,,,100g,297,44.4,9.73,16.03,1.46,28.41,2.1,2.4,45,1.03,130,314,349,30,2,333,0.4,0.078,0.989,0,0,,4.02,0.14,0.203,0.786,1.53,0.018,0.14,31,,0.446,0,0,1.8,1.15,0.2,4.58,1.43,0.11,0.37,0,0,7.34,4.54,2.79,0,0.4,,0.53,,,0,0.77,,0.39,9.859999999999999,,93.34999999999999,0,3.02,1.66,7.5,1.67,8.529999999999999,,,4311.63,,,293.88,,,,,2.85,,411.3,,57.09,10.44,0,,,4463.59,,,,,,,41.33,,,,,,,,,,,,,,,,,,,,,,434,,644,,,,,,,,387,,,,,,,,,,,,,,,,,,,,,,,,,
STD-DB10_2-002243,"만두, 김치 만두, 냉동",S,국가표준식품성분표,,농진청('15),,조리가공식품류,,"만두, 김치 만두, 냉동",,,,,,,100g,190,59.5,8.130000000000001,7.11,1.96,23.28,2.6,3.9,74,2.47,98,233,423,23,2,247,0.163,0.06900000000000001,0.508,0,0,,2.41,0.03,0.21,0.298,1.37,0.032,0.11,43,,0.49,0,0,0.66,0.5600000000000001,0.06,0.67,0.1,0,0,0,0,20.31,12.66,7.65,0,0.57,,0.85,,,0,0.5600000000000001,,0.62,3.9,,48.04,0,3.13,0,3.17,0,7.76,,,1166.27,,,189.1,,,,,16.17,,84.31,,33.74,5.67,0,,,2226.14,,,,,,,17.1,,,,,,,,,,,,,,,,,,,,,,328,,507,,,,,,,,279,,,,,,,,,,,,,,,,,,,,,,,,,
STD-DB10_2-002244,"만두, 물만두",S,국가표준식품성분표,,농진청('22),,조리가공식품류,,"만두, 물만두",,,,,,,100g,155,69,6.97,6.8,0.83,16.42,1.55,1.3,26,1.22,68,120,220,19,2,203,0.217,0.055,0.573,0,0,,2.09,0.04,0.136,0.437,0.68,0.01,0.1,19,,0.399,0,0,0.26,0.26,0,0,0,0,0,0,0,13.57,10.65,2.92,0,0.35,,0.41,,,0,0.49,,0.3,3.56,,46.41,0,1.67,0,5.33,0,4.69,,,952.77,,,177.6,,,,,0,,52.93,,31.07,5.82,0,,,2158.94,,,,,,,24.87,,,,,,,,,,,,,,,,,,,,,,298,,455,,,,,,,,271,,,,,,,,,,,,,,,,,,,,,,,,,
STD-DB10_2-002245,"메밀 냉면 육수, 인스턴트",S,국가표준식품성분표,,농진청('14),,조리가공식품류,,"메밀 냉면 육수, 인스턴트",,,,,,,100g,174,40.7,0.83,0.05,15.84,42.58,30.94,0.3,7,0.07000000000000001,8,115,5935,0,0,0,0,0.251,0,0,0,,0.03,0,0,0,0,-,0.74,0,,0,0,0,0.01,0.01,0,0.02,0,0,0,0,0,-,0,-,0,17.16,,0,,,0,3.24,,10.54,0.02,,0,0,0,0,0,0,0,,,1.59,,,0.86,,,,,0,,0,,0,0,0,,,19.68,,,,,,,2.05,,,,,,,,,,,,,,,,,,,,,,26,,15,,,,,,,,8,,,,,,,,,,,,,,,,,,,,,,,,,
STD-DB10_2-002246,"볶음밥, 새우 볶음밥",S,국가표준식품성분표,,농진청('22),,조리가공식품류,,"볶음밥, 새우 볶음밥",,,,,,,100g,165,61.8,3.84,3.35,1.03,29.98,1.78,1,12,0.21,50,49,370,13,3,116,0.02,0.031,0.273,0,0,,0.48,0.03,0.1,0.173,1.81,0.016,0.07000000000000001,11,,0.073,0,0,0.82,0.6,0.06,1.47,0.4,0.11,0,0.04,0,18.04,18.04,0,0,0.26,,0.31,,,0,0.87,,0.34,2.19,,17.84,0,3.69,0,0,3.88,0,,,852.97,,,73.31,,,,,0.83,,153.98,,2.8,0,2.1,,,1061.47,,,,,,,4.87,,,,,,,,,,,,,,,,,,,,,,136,,257,,,,,,,,150,,,,,,,,,,,,,,,,,,,,,,,,,
STD-DB10_2-002247,"사골국, 인스턴트",S,국가표준식품성분표,,농진청('22),,조리가공식품류,,"사골국, 인스턴트",,,,,,,100g,12,97,1.76,0.38,0.53,0.35,0,0,2,0,6,5,212,0,0,0,0,0.008,0.294,0,0,,0.13,0.02,0,0.294,0.49,0,0.07000000000000001,2,,0.169,0,0,0,0,0,0,0,0,0,0,0,0,0,0,0,0,,0,,,0,0,,0,0.15,,0.45,0,0,0,0,0,0,,,6.54,,,5,,,,,0,,2.02,,0,0,0,,,123,,,,,,,11.5,,,,,,,,,,,,,,,,,,,,,,265,,41,,,,,,,,19,,,,,,,,,,,,,,,,,,,,,,,,,
STD-DB10_2-002248,"샌드위치, 닭고기",S,국가표준식품성분표,,USDA('18),,조리가공식품류,,"샌드위치, 닭고기",,,,,,,100g,250,48.94,16.28,11.19,2.7,20.89,3.64,1.4,58,1.77,185,245,753,3,2,12,0.23,0.3,7.72,0.8,0.1,,2.123,0.03,-,-,-,0.383,0.13,56,,1.2,-,-,2.41,2.41,-,-,-,-,-,-,-,-,8.5,-,0,0.97,,0.73,,,0,1.15,,0.79,7.657999999999999,,108,9,2,-,3,3,0,,,2884,,,-,,,,,-,,197,,6,8,3,,,-,,,,,,,-,,,,,,,,,,,,,,,,,,,,,,-,,-,,,,,,,,-,,,,,,,,,,,,,,,,,,,,,,,,,
STD-DB10_2-002249,"샌드위치, 생선",S,국가표준식품성분표,,USDA('18),,조리가공식품류,,"샌드위치, 생선",,,,,,,100g,257,48.44,10.29,12.45,2.13,26.69,3.53,1,37,1.5,116,206,602,5,1,44,0.21,0.14,2.15,1.8,0.2,,1.949,0.08,-,-,-,0.07000000000000001,0.68,66,,0.37,-,-,0.55,0.55,-,-,-,-,-,-,-,-,13.6,-,0,1.47,,0.87,,,0,0,,1.2,8.852,,55,23,3,-,3,64,1,,,5561,,,-,,,,,-,,489,,5,2,29,,,-,,,,,,,-,,,,,,,,,,,,,,,,,,,,,,-,,-,,,,,,,,-,,,,,,,,,,,,,,,,,,,,,,,,,
STD-DB10_2-002250,"샌드위치, 소고기",S,국가표준식품성분표,,USDA('18),,조리가공식품류,,"샌드위치, 소고기",,,,,,,100g,244,49.91,15.17,10.3,2.41,22.21,3.84,1.3,55,2.64,200,224,653,2,2,0,0.217,0.287,4.343,0,0,,3.399,0.389,-,-,-,0.215,0.96,60,,-,-,-,0.43,0.43,-,-,-,-,-,-,-,-,2.8,-,0,1.5,,1,,,0,0,,1.34,5.749000000000001,,34,7,0,-,8,0,0,,,1465,,,-,,,,,-,,152,,2,10,5,,,-,,,,,,,-,,,,,,,,,,,,,,,,,,,,,,-,,-,,,,,,,,-,,,,,,,,,,,,,,,,,,,,,,,,,
STD-DB10_2-002251,"샌드위치, 햄, 치즈, 채소",S,국가표준식품성분표,,농진청('17),,조리가공식품류,,"샌드위치, 햄, 치즈, 채소",,,,,,,100g,214,57.4,8.66,10.38,2,21.55,4.67,5.5,78,0.5600000000000001,165,187,532,37,24,150,0.373,0.103,1.306,7.31,0,,3.1,0.19,0.184,1.122,0,-,0.19,19,,0.373,0,0,0.98,0.72,0.02,1.9,0.42,0.11,0.18,0.14,0,8.56,-,-,0,2.12,,0.8100000000000001,,,0,0,,1.74,4.24,,18.71,0,0,2.43,4.2,0,1.18,,,1899.14,,,98.52,,,,,2.39,,274.46,,0,2.71,3.63,,,1822.51,,,,,,,94.12,,,,,,,,,,,,,,,,,,,,,,224,,464,,,,,,,,253,,,,,,,,,,,,,,,,,,,,,,,,,
STD-DB10_2-002252,"스파게티, 미트소스 스파게티, 냉동",S,국가표준식품성분표,,USDA('18),,조리가공식품류,,"스파게티, 미트소스 스파게티, 냉동",,,,,,,100g,90,77.81999999999999,5.05,1.01,0.88,15.24,2.6,1.8,18,1.25,49,144,238,9,0,104,0.122,1.333,0.177,5.4,0,,0.35,-,-,-,-,0.07000000000000001,0.06,72,,0.07099999999999999,-,-,0.5,0.5,-,-,-,-,-,-,-,-,0.7,-,-,-,,-,,,-,-,,-,0.65,,0,-,0,-,0,0,-,,,-,,,-,,,,,-,,-,,0,-,0,,,-,,,,,,,-,,,,,,,,,,,,,,,,,,,,,,215,,440,,,,,,,,240,,,,,,,,,,,,,,,,,,,,,,,,,
STD-DB10_2-002253,"스프, 소고기 스프, 가루",S,국가표준식품성분표,,농진청('22),,조리가공식품류,,"스프, 소고기 스프, 가루",,,,,,,100g,387,3.7,9.08,7.39,8.68,71.17,27.02,3.1,44,0.77,135,326,3313,14,5,111,2.667,0.277,0.852,0,0,,4.27,0.06,0,0.852,5.47,0.08799999999999999,0.19,19,,0.99,0,0,1.13,0.8100000000000001,0.21,0.38,0.19,0.48,0.64,0.12,0,0,0,0,0,0,,6.25,,,6.8,6.42,,7.55,2.55,,10.19,0,0,0,0,0,0,,,729.79,,,50.43,,,,,1.47,,33.82,,0,0,0,,,1680.8,,,,,,,33.02,,,,,,,,,,,,,,,,,,,,,,417,,587,,,,,,,,312,,,,,,,,,,,,,,,,,,,,,,,,,
STD-DB10_2-002254,"스프, 양송이 스프, 가루",S,국가표준식품성분표,,농진청('22),,조리가공식품류,,"스프, 양송이 스프, 가루",,,,,,,100g,387,3.8,7.88,6.36,7.38,74.62,23.13,3.8,68,0.6,157,443,2565,10,8,15,0.259,0.365,0.615,0,0,,3.73,0.06,0,0.615,9.65,0.1,0.2,31,,1.35,0,0,0.98,0.6899999999999999,0.17,0.3,0.14,0.46,0.58,0.12,0,0,0,0,0,0,,0.8100000000000001,,,7.85,5.74,,8.74,2.32,,8.07,0,3.11,0,0,0,0,,,697.83,,,45.38,,,,,1.82,,32.51,,1.62,1.23,0,,,1495.52,,,,,,,35.77,,,,,,,,,,,,,,,,,,,,,,381,,506,,,,,,,,275,,,,,,,,,,,,,,,,,,,,,,,,,
STD-DB10_2-002255,"스프, 옥수수 스프, 가루",S,국가표준식품성분표,,농진청('22),,조리가공식품류,,"스프, 옥수수 스프, 가루",,,,,,,100g,420,3,7.48,11.93,6.92,70.67,25.15,4.2,152,0.91,174,388,2380,30,26,43,0.377,0.182,0.587,0,0,,6.52,0.12,0,0.587,5.23,0.074,0,54,,0.928,0,0,1.37,0.93,0.12,1.06,0.22,0.84,0.37,0.51,0,0,0,0,0,0,,0.62,,,12.07,12.23,,0.24,4.19,,12.83,0,2.42,0,0,0,0,,,1284.24,,,82.01000000000001,,,,,2.32,,57.61,,0,2.22,0,,,2655.01,,,,,,,78.27,,,,,,,,,,,,,,,,,,,,,,652,,563,,,,,,,,230,,,,,,,,,,,,,,,,,,,,,,,,,
STD-DB10_2-002256,"스프, 크림 스프, 가루",S,국가표준식품성분표,,농진청('22),,조리가공식품류,,"스프, 크림 스프, 가루",,,,,,,100g,430,2.2,7.44,13.4,6.98,70,12.49,2.1,65,0.4,143,322,2811,56,53,33,0.189,0.255,0.333,0,0,,8.31,0.32,0,0.333,5.17,0.075,0.2,26,,1.45,0,0,1.02,0.77,0.17,0.34,0,0.35,0.48,0.08,0,0,0,0,0,0,,1.01,,,6.92,4.56,,0,3.88,,10.98,0,2.16,2.26,8.77,0,0,,,752.88,,,96.34,,,,,3.35,,68.98,,5.13,7.92,3.85,,,2668.2,,,,,,,230.08,,,,,,,,,,,,,,,,,,,,,,261,,571,,,,,,,,299,,,,,,,,,,,,,,,,,,,,,,,,,
STD-DB10_2-002257,"피자, 불고기 피자, 냉동, 전자레인지 조리",S,국가표준식품성분표,,농진청('22),,조리가공식품류,,"피자, 불고기 피자, 냉동, 전자레인지 조리",,,,,,,100g,269,42.7,13.46,9.789999999999999,2.21,31.84,4.25,1.7,221,0.67,201,162,534,42,36,78,0.799,0.109,0.461,0.95,0,,4.59,0.2,0.107,0.354,0.99,-,0.37,21,,0.384,0,0,1.14,0.84,0.11,1.48,0.46,0.16,0.53,0.05,0,3.28,-,-,0,1.61,,0.88,,,0,0.6,,1.16,3.83,,19.33,0,2.63,1.42,5.78,0,1.33,,,1294.93,,,117.06,,,,,2.6,,115.58,,9.539999999999999,4.56,2.18,,,2070.4,,,,,,,119.88,,,,,,,,,,,,,,,,,,,,,,356,,1048,,,,,,,,582,,,,,,,,,,,,,,,,,,,,,,,,,
STD-DB10_2-002258,"피자, 콤비네이션 피자, 냉동, 전자레인지 조리",S,국가표준식품성분표,,농진청('22),,조리가공식품류,,"피자, 콤비네이션 피자, 냉동, 전자레인지 조리",,,,,,,100g,282,39.5,13.98,9.75,2.15,34.65,3.78,3.1,215,0.61,186,123,548,26,22,41,0.122,0.121,0.446,0.6,0,,4.89,0.19,0.108,0.338,0.91,-,0.44,23,,0.419,0,0,0.8100000000000001,0.51,0.11,1.63,0.68,0.12,0.51,0.04,0,3.02,-,-,0,1.25,,0.9399999999999999,,,0,0.54,,1.06,3.83,,14.88,0,3.92,1.46,6.4,0,0.68,,,1375.37,,,105.34,,,,,2.76,,152.66,,5.9,5.19,2.52,,,1980.21,,,,,,,125.32,,,,,,,,,,,,,,,,,,,,,,506,,1094,,,,,,,,610,,,,,,,,,,,,,,,,,,,,,,,,,
STD-DB10_2-002259,"핫도그, 냉동",S,국가표준식품성분표,,농진청('16),,조리가공식품류,,"핫도그, 냉동",,,,,,,100g,267,44.5,8.09,10.55,1.89,34.97,7.02,3,95,0.85,165,124,454,13,12,10,0.068,0.115,1.027,1.98,0,,4.46,0.08,0.098,0.929,0,-,0.17,16,,0,0,0,0.27,0.2,0.05,0.11,0.03,0.06,0.29,0,0.03,-,0,-,0,0,,0,,,0,7.02,,0,5.53,,52.91,0,3.4,0,4.2,7.66,5.21,,,1452.27,,,217.47,,,,,24.39,,112.31,,26.03,10.19,0,,,3310.07,,,,,,,32.83,,,,,,,,,,,,,,,,,,,,,,308,,503,,,,,,,,307,,,,,,,,,,,,,,,,,,,,,,,,,
STD-DB10_2-002260,"햄버거, 소고기패티",S,국가표준식품성분표,,농진청('16),,조리가공식품류,,"햄버거, 소고기패티",,,,,,,100g,271,41.3,11.94,8.94,2.06,35.76,6.59,-,30,1.19,134,234,594,27,0,326,0.107,0.092,1.635,0.53,0,,4.21,0.33,0.243,1.392,0,-,0,31,,0,0,0,0.6,0.5,0.07000000000000001,0.08,0,0.2,0,0.2,0,-,0,-,0,2.74,,0,,,0,1.95,,1.9,3.99,,20.4,0,7.84,1.82,4.28,0,1.29,,,652.84,,,96.76000000000001,,,,,1.41,,50.85,,0,4.28,1.7,,,2916.26,,,,,,,265.49,,,,,,,,,,,,,,,,,,,,,,459,,1223,,,,,,,,301,,,,,,,,,,,,,,,,,,,,,,,,,
STD-DB10_2-002261,"달팽이, 통조림",S,국가표준식품성분표,,JAPAN('20),,기타,,"달팽이, 통조림",,,,,,,100g,75,79.90000000000001,16.5,1.0,1.8,0.8,-,(0),400,3.9,130,5,260,0,0,-,0,0.09,0,0,0,,0.07000000000000001,-,-,-,-,0,0.6,1,,0,-,-,0.6,0.6,0,0,0,-,-,-,-,5,-,-,-,-,,-,,,-,-,,-,0.27,,9,0,0,0,5,0,-,,,63,,,-,,,,,57,,13,,48,5,13,,,-,,,,,,,-,,,,,,,,,,,,,,,,,,,,,,"(1,200)",,"(1,000)",,,,,,,,(590),,,,,,,,,,,,,,,,,,,,,,,,,
